file_id,branch_id,direction,n_points,monotonicity,overlap_fraction
"D4.2__Fig 1__IV_data__IV_BS16_C1S1_Vpp_7p500_FRQ_11_AVG_100_Vgain_2E3_Igain_1E5_Rb_0E0_Rser_0E0_____Temp_2.740E-1K_MEASres_1p4E1_Thu,May2,2019_82950PM",0,up,2525,0.9996038034865293,
"D4.2__Fig 1__IV_data__IV_BS16_C1S1_Vpp_7p500_FRQ_11_AVG_100_Vgain_2E3_Igain_1E5_Rb_0E0_Rser_0E0_____Temp_2.740E-1K_MEASres_1p4E1_Thu,May2,2019_82950PM",1,down,5023,0.9998008761449622,0.9955821986856521
"D4.2__Fig 1__IV_data__IV_BS16_C1S1_Vpp_7p500_FRQ_11_AVG_100_Vgain_2E3_Igain_1E5_Rb_0E0_Rser_0E0_____Temp_2.740E-1K_MEASres_1p4E1_Thu,May2,2019_82950PM",2,up,2452,1.0,
D4.2__Fig 2__SQUID_data__IVB_BS30_A1S1_I_coil_+-0.3mA_fine_284mK_191103__IVB__T_1p40K[-0.000000750],0,up,2521,0.9992063492063492,
D4.2__Fig 2__SQUID_data__IVB_BS30_A1S1_I_coil_+-0.3mA_fine_284mK_191103__IVB__T_1p40K[-0.000000750],1,down,5000,0.9995999199839968,0.9869575456043934
D4.2__Fig 2__SQUID_data__IVB_BS30_A1S1_I_coil_+-0.3mA_fine_284mK_191103__IVB__T_1p40K[-0.000000750],2,up,2479,1.0,
D4.2__Fig 2__SQUID_data__IVB_BS30_A1S1_I_coil_+-0.3mA_fine_284mK_191103__IVB__T_1p40K[-0.000001500],0,up,2521,0.9992063492063492,
D4.2__Fig 2__SQUID_data__IVB_BS30_A1S1_I_coil_+-0.3mA_fine_284mK_191103__IVB__T_1p40K[-0.000001500],1,down,5000,0.9995999199839968,0.9870177459329544
D4.2__Fig 2__SQUID_data__IVB_BS30_A1S1_I_coil_+-0.3mA_fine_284mK_191103__IVB__T_1p40K[-0.000001500],2,up,2479,1.0,
D4.2__Fig 2__SQUID_data__IVB_BS30_A1S1_I_coil_+-0.3mA_fine_284mK_191103__IVB__T_1p40K[-0.000002250],0,up,2521,0.9992063492063492,
D4.2__Fig 2__SQUID_data__IVB_BS30_A1S1_I_coil_+-0.3mA_fine_284mK_191103__IVB__T_1p40K[-0.000002250],1,down,5001,0.9996,0.9871022932604889
D4.2__Fig 2__SQUID_data__IVB_BS30_A1S1_I_coil_+-0.3mA_fine_284mK_191103__IVB__T_1p40K[-0.000002250],2,up,2478,1.0,
D4.2__Fig 2__SQUID_data__IVB_BS30_A1S1_I_coil_+-0.3mA_fine_284mK_191103__IVB__T_1p40K[-0.000003000],0,up,2521,0.9988095238095238,
D4.2__Fig 2__SQUID_data__IVB_BS30_A1S1_I_coil_+-0.3mA_fine_284mK_191103__IVB__T_1p40K[-0.000003000],1,down,5000,0.9997999599919984,0.9870178722203095
D4.2__Fig 2__SQUID_data__IVB_BS30_A1S1_I_coil_+-0.3mA_fine_284mK_191103__IVB__T_1p40K[-0.000003000],2,up,2479,1.0,
D4.2__Fig 2__SQUID_data__IVB_BS30_A1S1_I_coil_+-0.3mA_fine_284mK_191103__IVB__T_1p40K[-0.000003750],0,up,2521,0.9988095238095238,
D4.2__Fig 2__SQUID_data__IVB_BS30_A1S1_I_coil_+-0.3mA_fine_284mK_191103__IVB__T_1p40K[-0.000003750],1,down,5000,0.9995999199839968,0.9870513502386585
D4.2__Fig 2__SQUID_data__IVB_BS30_A1S1_I_coil_+-0.3mA_fine_284mK_191103__IVB__T_1p40K[-0.000003750],2,up,2479,1.0,
D4.2__Fig 2__SQUID_data__IVB_BS30_A1S1_I_coil_+-0.3mA_fine_284mK_191103__IVB__T_1p40K[-0.000004500],0,up,2521,0.9996031746031746,
D4.2__Fig 2__SQUID_data__IVB_BS30_A1S1_I_coil_+-0.3mA_fine_284mK_191103__IVB__T_1p40K[-0.000004500],1,down,5000,0.9995999199839968,0.9870867766650456
D4.2__Fig 2__SQUID_data__IVB_BS30_A1S1_I_coil_+-0.3mA_fine_284mK_191103__IVB__T_1p40K[-0.000004500],2,up,2479,1.0,
D4.2__Fig 2__SQUID_data__IVB_BS30_A1S1_I_coil_+-0.3mA_fine_284mK_191103__IVB__T_1p40K[-0.000005250],0,up,2520,0.999206034140532,
D4.2__Fig 2__SQUID_data__IVB_BS30_A1S1_I_coil_+-0.3mA_fine_284mK_191103__IVB__T_1p40K[-0.000005250],1,down,5001,0.9998,0.9871659438951198
D4.2__Fig 2__SQUID_data__IVB_BS30_A1S1_I_coil_+-0.3mA_fine_284mK_191103__IVB__T_1p40K[-0.000005250],2,up,2479,1.0,
D4.2__Fig 2__SQUID_data__IVB_BS30_A1S1_I_coil_+-0.3mA_fine_284mK_191103__IVB__T_1p40K[-0.000006000],0,up,2520,0.999603017070266,
D4.2__Fig 2__SQUID_data__IVB_BS30_A1S1_I_coil_+-0.3mA_fine_284mK_191103__IVB__T_1p40K[-0.000006000],1,down,5001,0.9994,0.9870867893887288
D4.2__Fig 2__SQUID_data__IVB_BS30_A1S1_I_coil_+-0.3mA_fine_284mK_191103__IVB__T_1p40K[-0.000006000],2,up,2479,1.0,
D4.2__Fig 2__SQUID_data__IVB_BS30_A1S1_I_coil_+-0.3mA_fine_284mK_191103__IVB__T_1p40K[-0.000006750],0,up,2521,0.9988095238095238,
D4.2__Fig 2__SQUID_data__IVB_BS30_A1S1_I_coil_+-0.3mA_fine_284mK_191103__IVB__T_1p40K[-0.000006750],1,down,5000,0.9993998799759952,0.9871343605021176
D4.2__Fig 2__SQUID_data__IVB_BS30_A1S1_I_coil_+-0.3mA_fine_284mK_191103__IVB__T_1p40K[-0.000006750],2,up,2479,1.0,
D4.2__Fig 2__SQUID_data__IVB_BS30_A1S1_I_coil_+-0.3mA_fine_284mK_191103__IVB__T_1p40K[-0.000007500],0,up,2521,0.9992063492063492,
D4.2__Fig 2__SQUID_data__IVB_BS30_A1S1_I_coil_+-0.3mA_fine_284mK_191103__IVB__T_1p40K[-0.000007500],1,down,5000,0.9995999199839968,0.9871111728753058
D4.2__Fig 2__SQUID_data__IVB_BS30_A1S1_I_coil_+-0.3mA_fine_284mK_191103__IVB__T_1p40K[-0.000007500],2,up,2479,1.0,
D4.2__Fig 2__SQUID_data__IVB_BS30_A1S1_I_coil_+-0.3mA_fine_284mK_191103__IVB__T_1p40K[-0.000008250],0,up,2521,0.9992063492063492,
D4.2__Fig 2__SQUID_data__IVB_BS30_A1S1_I_coil_+-0.3mA_fine_284mK_191103__IVB__T_1p40K[-0.000008250],1,down,5000,0.9995999199839968,0.9870576130136001
D4.2__Fig 2__SQUID_data__IVB_BS30_A1S1_I_coil_+-0.3mA_fine_284mK_191103__IVB__T_1p40K[-0.000008250],2,up,2479,1.0,
D4.2__Fig 2__SQUID_data__IVB_BS30_A1S1_I_coil_+-0.3mA_fine_284mK_191103__IVB__T_1p40K[-0.000009000],0,up,2521,0.9992063492063492,
D4.2__Fig 2__SQUID_data__IVB_BS30_A1S1_I_coil_+-0.3mA_fine_284mK_191103__IVB__T_1p40K[-0.000009000],1,down,5000,0.9993998799759952,0.987086615228048
D4.2__Fig 2__SQUID_data__IVB_BS30_A1S1_I_coil_+-0.3mA_fine_284mK_191103__IVB__T_1p40K[-0.000009000],2,up,2479,1.0,
D4.2__Fig 2__SQUID_data__IVB_BS30_A1S1_I_coil_+-0.3mA_fine_284mK_191103__IVB__T_1p40K[-0.000009750],0,up,2521,0.9992063492063492,
D4.2__Fig 2__SQUID_data__IVB_BS30_A1S1_I_coil_+-0.3mA_fine_284mK_191103__IVB__T_1p40K[-0.000009750],1,down,5000,0.9995999199839968,0.9871601742530429
D4.2__Fig 2__SQUID_data__IVB_BS30_A1S1_I_coil_+-0.3mA_fine_284mK_191103__IVB__T_1p40K[-0.000009750],2,up,2479,1.0,
D4.2__Fig 2__SQUID_data__IVB_BS30_A1S1_I_coil_+-0.3mA_fine_284mK_191103__IVB__T_1p40K[-0.000010500],0,up,2521,0.9992063492063492,
D4.2__Fig 2__SQUID_data__IVB_BS30_A1S1_I_coil_+-0.3mA_fine_284mK_191103__IVB__T_1p40K[-0.000010500],1,down,5000,0.9993998799759952,0.9872319165686142
D4.2__Fig 2__SQUID_data__IVB_BS30_A1S1_I_coil_+-0.3mA_fine_284mK_191103__IVB__T_1p40K[-0.000010500],2,up,2479,1.0,
D4.2__Fig 2__SQUID_data__IVB_BS30_A1S1_I_coil_+-0.3mA_fine_284mK_191103__IVB__T_1p40K[-0.000011250],0,up,2520,0.999603017070266,
D4.2__Fig 2__SQUID_data__IVB_BS30_A1S1_I_coil_+-0.3mA_fine_284mK_191103__IVB__T_1p40K[-0.000011250],1,down,5001,0.9996,0.9871244323063
D4.2__Fig 2__SQUID_data__IVB_BS30_A1S1_I_coil_+-0.3mA_fine_284mK_191103__IVB__T_1p40K[-0.000011250],2,up,2479,1.0,
D4.2__Fig 2__SQUID_data__IVB_BS30_A1S1_I_coil_+-0.3mA_fine_284mK_191103__IVB__T_1p40K[-0.000012000],0,up,2520,0.999206034140532,
D4.2__Fig 2__SQUID_data__IVB_BS30_A1S1_I_coil_+-0.3mA_fine_284mK_191103__IVB__T_1p40K[-0.000012000],1,down,5001,0.9996,0.987192620297812
D4.2__Fig 2__SQUID_data__IVB_BS30_A1S1_I_coil_+-0.3mA_fine_284mK_191103__IVB__T_1p40K[-0.000012000],2,up,2479,1.0,
D4.2__Fig 2__SQUID_data__IVB_BS30_A1S1_I_coil_+-0.3mA_fine_284mK_191103__IVB__T_1p40K[-0.000012750],0,up,2521,0.9996031746031746,
D4.2__Fig 2__SQUID_data__IVB_BS30_A1S1_I_coil_+-0.3mA_fine_284mK_191103__IVB__T_1p40K[-0.000012750],1,down,5000,0.9995999199839968,0.987182297278364
D4.2__Fig 2__SQUID_data__IVB_BS30_A1S1_I_coil_+-0.3mA_fine_284mK_191103__IVB__T_1p40K[-0.000012750],2,up,2479,1.0,
D4.2__Fig 2__SQUID_data__IVB_BS30_A1S1_I_coil_+-0.3mA_fine_284mK_191103__IVB__T_1p40K[-0.000013500],0,up,2521,0.9996031746031746,
D4.2__Fig 2__SQUID_data__IVB_BS30_A1S1_I_coil_+-0.3mA_fine_284mK_191103__IVB__T_1p40K[-0.000013500],1,down,5000,0.9995999199839968,0.9871086083798121
D4.2__Fig 2__SQUID_data__IVB_BS30_A1S1_I_coil_+-0.3mA_fine_284mK_191103__IVB__T_1p40K[-0.000013500],2,up,2479,1.0,
D4.2__Fig 2__SQUID_data__IVB_BS30_A1S1_I_coil_+-0.3mA_fine_284mK_191103__IVB__T_1p40K[-0.000014250],0,up,2522,0.9988099960333201,
D4.2__Fig 2__SQUID_data__IVB_BS30_A1S1_I_coil_+-0.3mA_fine_284mK_191103__IVB__T_1p40K[-0.000014250],1,down,4999,0.9997999199679872,0.9870973050172359
D4.2__Fig 2__SQUID_data__IVB_BS30_A1S1_I_coil_+-0.3mA_fine_284mK_191103__IVB__T_1p40K[-0.000014250],2,up,2479,1.0,
D4.2__Fig 2__SQUID_data__IVB_BS30_A1S1_I_coil_+-0.3mA_fine_284mK_191103__IVB__T_1p40K[-0.000015000],0,up,2521,0.9996031746031746,
D4.2__Fig 2__SQUID_data__IVB_BS30_A1S1_I_coil_+-0.3mA_fine_284mK_191103__IVB__T_1p40K[-0.000015000],1,down,5000,0.9995999199839968,0.9871533194349628
D4.2__Fig 2__SQUID_data__IVB_BS30_A1S1_I_coil_+-0.3mA_fine_284mK_191103__IVB__T_1p40K[-0.000015000],2,up,2479,1.0,
D4.2__Fig 2__SQUID_data__IVB_BS30_A1S1_I_coil_+-0.3mA_fine_284mK_191103__IVB__T_1p40K[-0.000015750],0,up,2521,0.9988095238095238,
D4.2__Fig 2__SQUID_data__IVB_BS30_A1S1_I_coil_+-0.3mA_fine_284mK_191103__IVB__T_1p40K[-0.000015750],1,down,5000,0.9995999199839968,0.9871063113646227
D4.2__Fig 2__SQUID_data__IVB_BS30_A1S1_I_coil_+-0.3mA_fine_284mK_191103__IVB__T_1p40K[-0.000015750],2,up,2479,1.0,
D4.2__Fig 2__SQUID_data__IVB_BS30_A1S1_I_coil_+-0.3mA_fine_284mK_191103__IVB__T_1p40K[-0.000016500],0,up,2520,0.999603017070266,
D4.2__Fig 2__SQUID_data__IVB_BS30_A1S1_I_coil_+-0.3mA_fine_284mK_191103__IVB__T_1p40K[-0.000016500],1,down,5001,0.9994,0.9871424132894585
D4.2__Fig 2__SQUID_data__IVB_BS30_A1S1_I_coil_+-0.3mA_fine_284mK_191103__IVB__T_1p40K[-0.000016500],2,up,2479,1.0,
D4.2__Fig 2__SQUID_data__IVB_BS30_A1S1_I_coil_+-0.3mA_fine_284mK_191103__IVB__T_1p40K[-0.000017250],0,up,2520,0.999206034140532,
D4.2__Fig 2__SQUID_data__IVB_BS30_A1S1_I_coil_+-0.3mA_fine_284mK_191103__IVB__T_1p40K[-0.000017250],1,down,5001,0.9996,0.9871468269387748
D4.2__Fig 2__SQUID_data__IVB_BS30_A1S1_I_coil_+-0.3mA_fine_284mK_191103__IVB__T_1p40K[-0.000017250],2,up,2479,1.0,
D4.2__Fig 2__SQUID_data__IVB_BS30_A1S1_I_coil_+-0.3mA_fine_284mK_191103__IVB__T_1p40K[-0.000018000],0,up,2521,0.9992063492063492,
D4.2__Fig 2__SQUID_data__IVB_BS30_A1S1_I_coil_+-0.3mA_fine_284mK_191103__IVB__T_1p40K[-0.000018000],1,down,5000,0.9993998799759952,0.9871914193043616
D4.2__Fig 2__SQUID_data__IVB_BS30_A1S1_I_coil_+-0.3mA_fine_284mK_191103__IVB__T_1p40K[-0.000018000],2,up,2479,1.0,
D4.2__Fig 2__SQUID_data__IVB_BS30_A1S1_I_coil_+-0.3mA_fine_284mK_191103__IVB__T_1p40K[-0.000018750],0,up,2521,0.9996031746031746,
D4.2__Fig 2__SQUID_data__IVB_BS30_A1S1_I_coil_+-0.3mA_fine_284mK_191103__IVB__T_1p40K[-0.000018750],1,down,5000,0.9997999599919984,0.9870647164710421
D4.2__Fig 2__SQUID_data__IVB_BS30_A1S1_I_coil_+-0.3mA_fine_284mK_191103__IVB__T_1p40K[-0.000018750],2,up,2479,1.0,
D4.2__Fig 2__SQUID_data__IVB_BS30_A1S1_I_coil_+-0.3mA_fine_284mK_191103__IVB__T_1p40K[-0.000019500],0,up,2520,0.999206034140532,
D4.2__Fig 2__SQUID_data__IVB_BS30_A1S1_I_coil_+-0.3mA_fine_284mK_191103__IVB__T_1p40K[-0.000019500],1,down,5002,0.9996000799840032,0.9872090826481387
D4.2__Fig 2__SQUID_data__IVB_BS30_A1S1_I_coil_+-0.3mA_fine_284mK_191103__IVB__T_1p40K[-0.000019500],2,up,2478,1.0,
D4.2__Fig 2__SQUID_data__IVB_BS30_A1S1_I_coil_+-0.3mA_fine_284mK_191103__IVB__T_1p40K[-0.000020250],0,up,2521,0.9988095238095238,
D4.2__Fig 2__SQUID_data__IVB_BS30_A1S1_I_coil_+-0.3mA_fine_284mK_191103__IVB__T_1p40K[-0.000020250],1,down,5000,0.9995999199839968,0.9870507896968909
D4.2__Fig 2__SQUID_data__IVB_BS30_A1S1_I_coil_+-0.3mA_fine_284mK_191103__IVB__T_1p40K[-0.000020250],2,up,2479,1.0,
D4.2__Fig 2__SQUID_data__IVB_BS30_A1S1_I_coil_+-0.3mA_fine_284mK_191103__IVB__T_1p40K[-0.000021000],0,up,2521,0.9992063492063492,
D4.2__Fig 2__SQUID_data__IVB_BS30_A1S1_I_coil_+-0.3mA_fine_284mK_191103__IVB__T_1p40K[-0.000021000],1,down,5000,0.9995999199839968,0.9870708475397791
D4.2__Fig 2__SQUID_data__IVB_BS30_A1S1_I_coil_+-0.3mA_fine_284mK_191103__IVB__T_1p40K[-0.000021000],2,up,2479,1.0,
D4.2__Fig 2__SQUID_data__IVB_BS30_A1S1_I_coil_+-0.3mA_fine_284mK_191103__IVB__T_1p40K[-0.000021750],0,up,2521,0.9992063492063492,
D4.2__Fig 2__SQUID_data__IVB_BS30_A1S1_I_coil_+-0.3mA_fine_284mK_191103__IVB__T_1p40K[-0.000021750],1,down,5000,0.9997999599919984,0.9871195494857709
D4.2__Fig 2__SQUID_data__IVB_BS30_A1S1_I_coil_+-0.3mA_fine_284mK_191103__IVB__T_1p40K[-0.000021750],2,up,2479,1.0,
D4.2__Fig 2__SQUID_data__IVB_BS30_A1S1_I_coil_+-0.3mA_fine_284mK_191103__IVB__T_1p40K[-0.000022500],0,up,2521,0.9988095238095238,
D4.2__Fig 2__SQUID_data__IVB_BS30_A1S1_I_coil_+-0.3mA_fine_284mK_191103__IVB__T_1p40K[-0.000022500],1,down,5001,0.9992,0.9871420979135541
D4.2__Fig 2__SQUID_data__IVB_BS30_A1S1_I_coil_+-0.3mA_fine_284mK_191103__IVB__T_1p40K[-0.000022500],2,up,2478,1.0,
D4.2__Fig 2__SQUID_data__IVB_BS30_A1S1_I_coil_+-0.3mA_fine_284mK_191103__IVB__T_1p40K[-0.000023250],0,up,2521,0.9988095238095238,
D4.2__Fig 2__SQUID_data__IVB_BS30_A1S1_I_coil_+-0.3mA_fine_284mK_191103__IVB__T_1p40K[-0.000023250],1,down,5000,0.9995999199839968,0.9871308779060247
D4.2__Fig 2__SQUID_data__IVB_BS30_A1S1_I_coil_+-0.3mA_fine_284mK_191103__IVB__T_1p40K[-0.000023250],2,up,2479,1.0,
D4.2__Fig 2__SQUID_data__IVB_BS30_A1S1_I_coil_+-0.3mA_fine_284mK_191103__IVB__T_1p40K[-0.000024000],0,up,2521,0.9992063492063492,
D4.2__Fig 2__SQUID_data__IVB_BS30_A1S1_I_coil_+-0.3mA_fine_284mK_191103__IVB__T_1p40K[-0.000024000],1,down,5000,0.9995999199839968,0.9871979763694724
D4.2__Fig 2__SQUID_data__IVB_BS30_A1S1_I_coil_+-0.3mA_fine_284mK_191103__IVB__T_1p40K[-0.000024000],2,up,2479,1.0,
D4.2__Fig 2__SQUID_data__IVB_BS30_A1S1_I_coil_+-0.3mA_fine_284mK_191103__IVB__T_1p40K[-0.000024750],0,up,2521,0.9988095238095238,
D4.2__Fig 2__SQUID_data__IVB_BS30_A1S1_I_coil_+-0.3mA_fine_284mK_191103__IVB__T_1p40K[-0.000024750],1,down,5000,0.9997999599919984,0.9871489386762043
D4.2__Fig 2__SQUID_data__IVB_BS30_A1S1_I_coil_+-0.3mA_fine_284mK_191103__IVB__T_1p40K[-0.000024750],2,up,2479,1.0,
D4.2__Fig 2__SQUID_data__IVB_BS30_A1S1_I_coil_+-0.3mA_fine_284mK_191103__IVB__T_1p40K[-0.000025500],0,up,2521,0.9992063492063492,
D4.2__Fig 2__SQUID_data__IVB_BS30_A1S1_I_coil_+-0.3mA_fine_284mK_191103__IVB__T_1p40K[-0.000025500],1,down,5000,0.9997999599919984,0.9871662855148922
D4.2__Fig 2__SQUID_data__IVB_BS30_A1S1_I_coil_+-0.3mA_fine_284mK_191103__IVB__T_1p40K[-0.000025500],2,up,2479,1.0,
D4.2__Fig 2__SQUID_data__IVB_BS30_A1S1_I_coil_+-0.3mA_fine_284mK_191103__IVB__T_1p40K[-0.000026250],0,up,2521,0.9988095238095238,
D4.2__Fig 2__SQUID_data__IVB_BS30_A1S1_I_coil_+-0.3mA_fine_284mK_191103__IVB__T_1p40K[-0.000026250],1,down,5001,0.9992,0.9870951366266735
D4.2__Fig 2__SQUID_data__IVB_BS30_A1S1_I_coil_+-0.3mA_fine_284mK_191103__IVB__T_1p40K[-0.000026250],2,up,2478,1.0,
D4.2__Fig 2__SQUID_data__IVB_BS30_A1S1_I_coil_+-0.3mA_fine_284mK_191103__IVB__T_1p40K[-0.000027000],0,up,2521,0.9988095238095238,
D4.2__Fig 2__SQUID_data__IVB_BS30_A1S1_I_coil_+-0.3mA_fine_284mK_191103__IVB__T_1p40K[-0.000027000],1,down,5000,0.9995999199839968,0.9870280481650419
D4.2__Fig 2__SQUID_data__IVB_BS30_A1S1_I_coil_+-0.3mA_fine_284mK_191103__IVB__T_1p40K[-0.000027000],2,up,2479,1.0,
D4.2__Fig 2__SQUID_data__IVB_BS30_A1S1_I_coil_+-0.3mA_fine_284mK_191103__IVB__T_1p40K[-0.000027750],0,up,2521,0.9992063492063492,
D4.2__Fig 2__SQUID_data__IVB_BS30_A1S1_I_coil_+-0.3mA_fine_284mK_191103__IVB__T_1p40K[-0.000027750],1,down,5000,0.9995999199839968,0.9870284542657419
D4.2__Fig 2__SQUID_data__IVB_BS30_A1S1_I_coil_+-0.3mA_fine_284mK_191103__IVB__T_1p40K[-0.000027750],2,up,2479,1.0,
D4.2__Fig 2__SQUID_data__IVB_BS30_A1S1_I_coil_+-0.3mA_fine_284mK_191103__IVB__T_1p40K[-0.000028500],0,up,2521,0.9988095238095238,
D4.2__Fig 2__SQUID_data__IVB_BS30_A1S1_I_coil_+-0.3mA_fine_284mK_191103__IVB__T_1p40K[-0.000028500],1,down,5000,0.9995999199839968,0.987100031507521
D4.2__Fig 2__SQUID_data__IVB_BS30_A1S1_I_coil_+-0.3mA_fine_284mK_191103__IVB__T_1p40K[-0.000028500],2,up,2479,1.0,
D4.2__Fig 2__SQUID_data__IVB_BS30_A1S1_I_coil_+-0.3mA_fine_284mK_191103__IVB__T_1p40K[-0.000029250],0,up,2521,0.9992063492063492,
D4.2__Fig 2__SQUID_data__IVB_BS30_A1S1_I_coil_+-0.3mA_fine_284mK_191103__IVB__T_1p40K[-0.000029250],1,down,5000,0.9995999199839968,0.9871531438953539
D4.2__Fig 2__SQUID_data__IVB_BS30_A1S1_I_coil_+-0.3mA_fine_284mK_191103__IVB__T_1p40K[-0.000029250],2,up,2479,1.0,
D4.2__Fig 2__SQUID_data__IVB_BS30_A1S1_I_coil_+-0.3mA_fine_284mK_191103__IVB__T_1p40K[-0.000030000],0,up,2521,0.9992063492063492,
D4.2__Fig 2__SQUID_data__IVB_BS30_A1S1_I_coil_+-0.3mA_fine_284mK_191103__IVB__T_1p40K[-0.000030000],1,down,5000,0.9997999599919984,0.9870795917549078
D4.2__Fig 2__SQUID_data__IVB_BS30_A1S1_I_coil_+-0.3mA_fine_284mK_191103__IVB__T_1p40K[-0.000030000],2,up,2479,1.0,
D4.2__Fig 2__SQUID_data__IVB_BS30_A1S1_I_coil_+-0.3mA_fine_284mK_191103__IVB__T_1p40K[-0.000030750],0,up,2521,0.9992063492063492,
D4.2__Fig 2__SQUID_data__IVB_BS30_A1S1_I_coil_+-0.3mA_fine_284mK_191103__IVB__T_1p40K[-0.000030750],1,down,5000,0.9995999199839968,0.9870955684444115
D4.2__Fig 2__SQUID_data__IVB_BS30_A1S1_I_coil_+-0.3mA_fine_284mK_191103__IVB__T_1p40K[-0.000030750],2,up,2479,1.0,
D4.2__Fig 2__SQUID_data__IVB_BS30_A1S1_I_coil_+-0.3mA_fine_284mK_191103__IVB__T_1p40K[-0.000031500],0,up,2521,0.9988095238095238,
D4.2__Fig 2__SQUID_data__IVB_BS30_A1S1_I_coil_+-0.3mA_fine_284mK_191103__IVB__T_1p40K[-0.000031500],1,down,5000,0.9995999199839968,0.9871582835747373
D4.2__Fig 2__SQUID_data__IVB_BS30_A1S1_I_coil_+-0.3mA_fine_284mK_191103__IVB__T_1p40K[-0.000031500],2,up,2479,1.0,
D4.2__Fig 2__SQUID_data__IVB_BS30_A1S1_I_coil_+-0.3mA_fine_284mK_191103__IVB__T_1p40K[-0.000032250],0,up,2521,0.9992063492063492,
D4.2__Fig 2__SQUID_data__IVB_BS30_A1S1_I_coil_+-0.3mA_fine_284mK_191103__IVB__T_1p40K[-0.000032250],1,down,5001,0.9994,0.9871093564270692
D4.2__Fig 2__SQUID_data__IVB_BS30_A1S1_I_coil_+-0.3mA_fine_284mK_191103__IVB__T_1p40K[-0.000032250],2,up,2478,1.0,
D4.2__Fig 2__SQUID_data__IVB_BS30_A1S1_I_coil_+-0.3mA_fine_284mK_191103__IVB__T_1p40K[-0.000033000],0,up,2521,0.9992063492063492,
D4.2__Fig 2__SQUID_data__IVB_BS30_A1S1_I_coil_+-0.3mA_fine_284mK_191103__IVB__T_1p40K[-0.000033000],1,down,5000,0.9997999599919984,0.9871310834336277
D4.2__Fig 2__SQUID_data__IVB_BS30_A1S1_I_coil_+-0.3mA_fine_284mK_191103__IVB__T_1p40K[-0.000033000],2,up,2479,1.0,
D4.2__Fig 2__SQUID_data__IVB_BS30_A1S1_I_coil_+-0.3mA_fine_284mK_191103__IVB__T_1p40K[-0.000033750],0,up,2521,0.9992063492063492,
D4.2__Fig 2__SQUID_data__IVB_BS30_A1S1_I_coil_+-0.3mA_fine_284mK_191103__IVB__T_1p40K[-0.000033750],1,down,5000,0.9997999599919984,0.987128907258393
D4.2__Fig 2__SQUID_data__IVB_BS30_A1S1_I_coil_+-0.3mA_fine_284mK_191103__IVB__T_1p40K[-0.000033750],2,up,2479,1.0,
D4.2__Fig 2__SQUID_data__IVB_BS30_A1S1_I_coil_+-0.3mA_fine_284mK_191103__IVB__T_1p40K[-0.000034500],0,up,2521,0.9992063492063492,
D4.2__Fig 2__SQUID_data__IVB_BS30_A1S1_I_coil_+-0.3mA_fine_284mK_191103__IVB__T_1p40K[-0.000034500],1,down,5000,0.9995999199839968,0.9871559690355532
D4.2__Fig 2__SQUID_data__IVB_BS30_A1S1_I_coil_+-0.3mA_fine_284mK_191103__IVB__T_1p40K[-0.000034500],2,up,2479,1.0,
D4.2__Fig 2__SQUID_data__IVB_BS30_A1S1_I_coil_+-0.3mA_fine_284mK_191103__IVB__T_1p40K[-0.000035250],0,up,2521,0.9988095238095238,
D4.2__Fig 2__SQUID_data__IVB_BS30_A1S1_I_coil_+-0.3mA_fine_284mK_191103__IVB__T_1p40K[-0.000035250],1,down,5000,0.9993998799759952,0.9870958104985078
D4.2__Fig 2__SQUID_data__IVB_BS30_A1S1_I_coil_+-0.3mA_fine_284mK_191103__IVB__T_1p40K[-0.000035250],2,up,2479,1.0,
D4.2__Fig 2__SQUID_data__IVB_BS30_A1S1_I_coil_+-0.3mA_fine_284mK_191103__IVB__T_1p40K[-0.000036000],0,up,2521,0.9996031746031746,
D4.2__Fig 2__SQUID_data__IVB_BS30_A1S1_I_coil_+-0.3mA_fine_284mK_191103__IVB__T_1p40K[-0.000036000],1,down,5001,0.9994,0.9871351833958877
D4.2__Fig 2__SQUID_data__IVB_BS30_A1S1_I_coil_+-0.3mA_fine_284mK_191103__IVB__T_1p40K[-0.000036000],2,up,2478,1.0,
D4.2__Fig 2__SQUID_data__IVB_BS30_A1S1_I_coil_+-0.3mA_fine_284mK_191103__IVB__T_1p40K[-0.000036750],0,up,2521,0.9992063492063492,
D4.2__Fig 2__SQUID_data__IVB_BS30_A1S1_I_coil_+-0.3mA_fine_284mK_191103__IVB__T_1p40K[-0.000036750],1,down,5000,0.9995999199839968,0.9871700534613331
D4.2__Fig 2__SQUID_data__IVB_BS30_A1S1_I_coil_+-0.3mA_fine_284mK_191103__IVB__T_1p40K[-0.000036750],2,up,2479,1.0,
D4.2__Fig 2__SQUID_data__IVB_BS30_A1S1_I_coil_+-0.3mA_fine_284mK_191103__IVB__T_1p40K[-0.000037500],0,up,2521,0.9992063492063492,
D4.2__Fig 2__SQUID_data__IVB_BS30_A1S1_I_coil_+-0.3mA_fine_284mK_191103__IVB__T_1p40K[-0.000037500],1,down,5000,0.9997999599919984,0.9871598299209735
D4.2__Fig 2__SQUID_data__IVB_BS30_A1S1_I_coil_+-0.3mA_fine_284mK_191103__IVB__T_1p40K[-0.000037500],2,up,2479,1.0,
D4.2__Fig 2__SQUID_data__IVB_BS30_A1S1_I_coil_+-0.3mA_fine_284mK_191103__IVB__T_1p40K[-0.000038250],0,up,2521,0.9988095238095238,
D4.2__Fig 2__SQUID_data__IVB_BS30_A1S1_I_coil_+-0.3mA_fine_284mK_191103__IVB__T_1p40K[-0.000038250],1,down,5001,0.9998,0.9871401842870462
D4.2__Fig 2__SQUID_data__IVB_BS30_A1S1_I_coil_+-0.3mA_fine_284mK_191103__IVB__T_1p40K[-0.000038250],2,up,2478,1.0,
D4.2__Fig 2__SQUID_data__IVB_BS30_A1S1_I_coil_+-0.3mA_fine_284mK_191103__IVB__T_1p40K[-0.000039000],0,up,2520,0.999206034140532,
D4.2__Fig 2__SQUID_data__IVB_BS30_A1S1_I_coil_+-0.3mA_fine_284mK_191103__IVB__T_1p40K[-0.000039000],1,down,5000,0.9995999199839968,0.9871699122124357
D4.2__Fig 2__SQUID_data__IVB_BS30_A1S1_I_coil_+-0.3mA_fine_284mK_191103__IVB__T_1p40K[-0.000039000],2,up,2480,1.0,
D4.2__Fig 2__SQUID_data__IVB_BS30_A1S1_I_coil_+-0.3mA_fine_284mK_191103__IVB__T_1p40K[-0.000039750],0,up,2521,0.9992063492063492,
D4.2__Fig 2__SQUID_data__IVB_BS30_A1S1_I_coil_+-0.3mA_fine_284mK_191103__IVB__T_1p40K[-0.000039750],1,down,5000,0.9995999199839968,0.9871316696432273
D4.2__Fig 2__SQUID_data__IVB_BS30_A1S1_I_coil_+-0.3mA_fine_284mK_191103__IVB__T_1p40K[-0.000039750],2,up,2479,1.0,
D4.2__Fig 2__SQUID_data__IVB_BS30_A1S1_I_coil_+-0.3mA_fine_284mK_191103__IVB__T_1p40K[-0.000040500],0,up,2521,0.9992063492063492,
D4.2__Fig 2__SQUID_data__IVB_BS30_A1S1_I_coil_+-0.3mA_fine_284mK_191103__IVB__T_1p40K[-0.000040500],1,down,5000,0.9995999199839968,0.9871877099517796
D4.2__Fig 2__SQUID_data__IVB_BS30_A1S1_I_coil_+-0.3mA_fine_284mK_191103__IVB__T_1p40K[-0.000040500],2,up,2479,1.0,
D4.2__Fig 2__SQUID_data__IVB_BS30_A1S1_I_coil_+-0.3mA_fine_284mK_191103__IVB__T_1p40K[-0.000041250],0,up,2521,0.9992063492063492,
D4.2__Fig 2__SQUID_data__IVB_BS30_A1S1_I_coil_+-0.3mA_fine_284mK_191103__IVB__T_1p40K[-0.000041250],1,down,5000,0.9993998799759952,0.9871693894125061
D4.2__Fig 2__SQUID_data__IVB_BS30_A1S1_I_coil_+-0.3mA_fine_284mK_191103__IVB__T_1p40K[-0.000041250],2,up,2479,1.0,
D4.2__Fig 2__SQUID_data__IVB_BS30_A1S1_I_coil_+-0.3mA_fine_284mK_191103__IVB__T_1p40K[-0.000042000],0,up,2521,0.9996031746031746,
D4.2__Fig 2__SQUID_data__IVB_BS30_A1S1_I_coil_+-0.3mA_fine_284mK_191103__IVB__T_1p40K[-0.000042000],1,down,5000,0.9995999199839968,0.9871001770895517
D4.2__Fig 2__SQUID_data__IVB_BS30_A1S1_I_coil_+-0.3mA_fine_284mK_191103__IVB__T_1p40K[-0.000042000],2,up,2479,1.0,
D4.2__Fig 2__SQUID_data__IVB_BS30_A1S1_I_coil_+-0.3mA_fine_284mK_191103__IVB__T_1p40K[-0.000042750],0,up,2521,0.9992063492063492,
D4.2__Fig 2__SQUID_data__IVB_BS30_A1S1_I_coil_+-0.3mA_fine_284mK_191103__IVB__T_1p40K[-0.000042750],1,down,5000,0.9995999199839968,0.9872112763675628
D4.2__Fig 2__SQUID_data__IVB_BS30_A1S1_I_coil_+-0.3mA_fine_284mK_191103__IVB__T_1p40K[-0.000042750],2,up,2479,1.0,
D4.2__Fig 2__SQUID_data__IVB_BS30_A1S1_I_coil_+-0.3mA_fine_284mK_191103__IVB__T_1p40K[-0.000043500],0,up,2521,0.9992063492063492,
D4.2__Fig 2__SQUID_data__IVB_BS30_A1S1_I_coil_+-0.3mA_fine_284mK_191103__IVB__T_1p40K[-0.000043500],1,down,5001,0.9994,0.9871713028505995
D4.2__Fig 2__SQUID_data__IVB_BS30_A1S1_I_coil_+-0.3mA_fine_284mK_191103__IVB__T_1p40K[-0.000043500],2,up,2478,1.0,
D4.2__Fig 2__SQUID_data__IVB_BS30_A1S1_I_coil_+-0.3mA_fine_284mK_191103__IVB__T_1p40K[-0.000044250],0,up,2521,0.9996031746031746,
D4.2__Fig 2__SQUID_data__IVB_BS30_A1S1_I_coil_+-0.3mA_fine_284mK_191103__IVB__T_1p40K[-0.000044250],1,down,5000,0.9997999599919984,0.9872276511043415
D4.2__Fig 2__SQUID_data__IVB_BS30_A1S1_I_coil_+-0.3mA_fine_284mK_191103__IVB__T_1p40K[-0.000044250],2,up,2479,1.0,
D4.2__Fig 2__SQUID_data__IVB_BS30_A1S1_I_coil_+-0.3mA_fine_284mK_191103__IVB__T_1p40K[-0.000045000],0,up,2521,0.9992063492063492,
D4.2__Fig 2__SQUID_data__IVB_BS30_A1S1_I_coil_+-0.3mA_fine_284mK_191103__IVB__T_1p40K[-0.000045000],1,down,5000,0.9997999599919984,0.9871515679565417
D4.2__Fig 2__SQUID_data__IVB_BS30_A1S1_I_coil_+-0.3mA_fine_284mK_191103__IVB__T_1p40K[-0.000045000],2,up,2479,1.0,
D4.2__Fig 2__SQUID_data__IVB_BS30_A1S1_I_coil_+-0.3mA_fine_284mK_191103__IVB__T_1p40K[-0.000045750],0,up,2521,0.9992063492063492,
D4.2__Fig 2__SQUID_data__IVB_BS30_A1S1_I_coil_+-0.3mA_fine_284mK_191103__IVB__T_1p40K[-0.000045750],1,down,5000,0.9993998799759952,0.987155885616417
D4.2__Fig 2__SQUID_data__IVB_BS30_A1S1_I_coil_+-0.3mA_fine_284mK_191103__IVB__T_1p40K[-0.000045750],2,up,2479,1.0,
D4.2__Fig 2__SQUID_data__IVB_BS30_A1S1_I_coil_+-0.3mA_fine_284mK_191103__IVB__T_1p40K[-0.000046500],0,up,2521,0.9988095238095238,
D4.2__Fig 2__SQUID_data__IVB_BS30_A1S1_I_coil_+-0.3mA_fine_284mK_191103__IVB__T_1p40K[-0.000046500],1,down,5001,0.9994,0.9872410290899306
D4.2__Fig 2__SQUID_data__IVB_BS30_A1S1_I_coil_+-0.3mA_fine_284mK_191103__IVB__T_1p40K[-0.000046500],2,up,2478,1.0,
D4.2__Fig 2__SQUID_data__IVB_BS30_A1S1_I_coil_+-0.3mA_fine_284mK_191103__IVB__T_1p40K[-0.000047250],0,up,2521,0.9992063492063492,
D4.2__Fig 2__SQUID_data__IVB_BS30_A1S1_I_coil_+-0.3mA_fine_284mK_191103__IVB__T_1p40K[-0.000047250],1,down,5001,0.9996,0.9872405707794649
D4.2__Fig 2__SQUID_data__IVB_BS30_A1S1_I_coil_+-0.3mA_fine_284mK_191103__IVB__T_1p40K[-0.000047250],2,up,2478,1.0,
D4.2__Fig 2__SQUID_data__IVB_BS30_A1S1_I_coil_+-0.3mA_fine_284mK_191103__IVB__T_1p40K[-0.000048000],0,up,2521,0.9992063492063492,
D4.2__Fig 2__SQUID_data__IVB_BS30_A1S1_I_coil_+-0.3mA_fine_284mK_191103__IVB__T_1p40K[-0.000048000],1,down,5001,0.9994,0.9872182881723457
D4.2__Fig 2__SQUID_data__IVB_BS30_A1S1_I_coil_+-0.3mA_fine_284mK_191103__IVB__T_1p40K[-0.000048000],2,up,2478,1.0,
D4.2__Fig 2__SQUID_data__IVB_BS30_A1S1_I_coil_+-0.3mA_fine_284mK_191103__IVB__T_1p40K[-0.000048750],0,up,2521,0.9988095238095238,
D4.2__Fig 2__SQUID_data__IVB_BS30_A1S1_I_coil_+-0.3mA_fine_284mK_191103__IVB__T_1p40K[-0.000048750],1,down,5000,0.9995999199839968,0.9872471044043211
D4.2__Fig 2__SQUID_data__IVB_BS30_A1S1_I_coil_+-0.3mA_fine_284mK_191103__IVB__T_1p40K[-0.000048750],2,up,2479,1.0,
D4.2__Fig 2__SQUID_data__IVB_BS30_A1S1_I_coil_+-0.3mA_fine_284mK_191103__IVB__T_1p40K[-0.000049500],0,up,2520,0.999206034140532,
D4.2__Fig 2__SQUID_data__IVB_BS30_A1S1_I_coil_+-0.3mA_fine_284mK_191103__IVB__T_1p40K[-0.000049500],1,down,5001,0.9998,0.9872768172466247
D4.2__Fig 2__SQUID_data__IVB_BS30_A1S1_I_coil_+-0.3mA_fine_284mK_191103__IVB__T_1p40K[-0.000049500],2,up,2479,1.0,
D4.2__Fig 2__SQUID_data__IVB_BS30_A1S1_I_coil_+-0.3mA_fine_284mK_191103__IVB__T_1p40K[-0.000050250],0,up,2521,0.9992063492063492,
D4.2__Fig 2__SQUID_data__IVB_BS30_A1S1_I_coil_+-0.3mA_fine_284mK_191103__IVB__T_1p40K[-0.000050250],1,down,5000,0.9995999199839968,0.9871578736944611
D4.2__Fig 2__SQUID_data__IVB_BS30_A1S1_I_coil_+-0.3mA_fine_284mK_191103__IVB__T_1p40K[-0.000050250],2,up,2479,1.0,
D4.2__Fig 2__SQUID_data__IVB_BS30_A1S1_I_coil_+-0.3mA_fine_284mK_191103__IVB__T_1p40K[-0.000051000],0,up,2521,0.9992063492063492,
D4.2__Fig 2__SQUID_data__IVB_BS30_A1S1_I_coil_+-0.3mA_fine_284mK_191103__IVB__T_1p40K[-0.000051000],1,down,5000,0.9995999199839968,0.9872715706737016
D4.2__Fig 2__SQUID_data__IVB_BS30_A1S1_I_coil_+-0.3mA_fine_284mK_191103__IVB__T_1p40K[-0.000051000],2,up,2479,0.9995964487489911,
D4.2__Fig 2__SQUID_data__IVB_BS30_A1S1_I_coil_+-0.3mA_fine_284mK_191103__IVB__T_1p40K[-0.000051750],0,up,2521,0.9988095238095238,
D4.2__Fig 2__SQUID_data__IVB_BS30_A1S1_I_coil_+-0.3mA_fine_284mK_191103__IVB__T_1p40K[-0.000051750],1,down,5000,0.9995999199839968,0.9872202947328945
D4.2__Fig 2__SQUID_data__IVB_BS30_A1S1_I_coil_+-0.3mA_fine_284mK_191103__IVB__T_1p40K[-0.000051750],2,up,2479,1.0,
D4.2__Fig 2__SQUID_data__IVB_BS30_A1S1_I_coil_+-0.3mA_fine_284mK_191103__IVB__T_1p40K[-0.000052500],0,up,2521,0.9992063492063492,
D4.2__Fig 2__SQUID_data__IVB_BS30_A1S1_I_coil_+-0.3mA_fine_284mK_191103__IVB__T_1p40K[-0.000052500],1,down,5000,0.9993998799759952,0.9871889116647484
D4.2__Fig 2__SQUID_data__IVB_BS30_A1S1_I_coil_+-0.3mA_fine_284mK_191103__IVB__T_1p40K[-0.000052500],2,up,2479,1.0,
D4.2__Fig 2__SQUID_data__IVB_BS30_A1S1_I_coil_+-0.3mA_fine_284mK_191103__IVB__T_1p40K[-0.000053250],0,up,2521,0.9988095238095238,
D4.2__Fig 2__SQUID_data__IVB_BS30_A1S1_I_coil_+-0.3mA_fine_284mK_191103__IVB__T_1p40K[-0.000053250],1,down,5000,0.9995999199839968,0.9871871032486343
D4.2__Fig 2__SQUID_data__IVB_BS30_A1S1_I_coil_+-0.3mA_fine_284mK_191103__IVB__T_1p40K[-0.000053250],2,up,2479,1.0,
D4.2__Fig 2__SQUID_data__IVB_BS30_A1S1_I_coil_+-0.3mA_fine_284mK_191103__IVB__T_1p40K[-0.000054000],0,up,2521,0.9992063492063492,
D4.2__Fig 2__SQUID_data__IVB_BS30_A1S1_I_coil_+-0.3mA_fine_284mK_191103__IVB__T_1p40K[-0.000054000],1,down,5000,0.9995999199839968,0.9871250952317612
D4.2__Fig 2__SQUID_data__IVB_BS30_A1S1_I_coil_+-0.3mA_fine_284mK_191103__IVB__T_1p40K[-0.000054000],2,up,2479,1.0,
D4.2__Fig 2__SQUID_data__IVB_BS30_A1S1_I_coil_+-0.3mA_fine_284mK_191103__IVB__T_1p40K[-0.000054750],0,up,2521,0.9992063492063492,
D4.2__Fig 2__SQUID_data__IVB_BS30_A1S1_I_coil_+-0.3mA_fine_284mK_191103__IVB__T_1p40K[-0.000054750],1,down,5000,0.9997999599919984,0.9870819944595595
D4.2__Fig 2__SQUID_data__IVB_BS30_A1S1_I_coil_+-0.3mA_fine_284mK_191103__IVB__T_1p40K[-0.000054750],2,up,2479,1.0,
D4.2__Fig 2__SQUID_data__IVB_BS30_A1S1_I_coil_+-0.3mA_fine_284mK_191103__IVB__T_1p40K[-0.000055500],0,up,2521,0.9996031746031746,
D4.2__Fig 2__SQUID_data__IVB_BS30_A1S1_I_coil_+-0.3mA_fine_284mK_191103__IVB__T_1p40K[-0.000055500],1,down,5001,0.9996,0.9871137489345301
D4.2__Fig 2__SQUID_data__IVB_BS30_A1S1_I_coil_+-0.3mA_fine_284mK_191103__IVB__T_1p40K[-0.000055500],2,up,2478,1.0,
D4.2__Fig 2__SQUID_data__IVB_BS30_A1S1_I_coil_+-0.3mA_fine_284mK_191103__IVB__T_1p40K[-0.000056250],0,up,2521,0.9996031746031746,
D4.2__Fig 2__SQUID_data__IVB_BS30_A1S1_I_coil_+-0.3mA_fine_284mK_191103__IVB__T_1p40K[-0.000056250],1,down,5000,0.9995999199839968,0.9872409854768004
D4.2__Fig 2__SQUID_data__IVB_BS30_A1S1_I_coil_+-0.3mA_fine_284mK_191103__IVB__T_1p40K[-0.000056250],2,up,2479,1.0,
D4.2__Fig 2__SQUID_data__IVB_BS30_A1S1_I_coil_+-0.3mA_fine_284mK_191103__IVB__T_1p40K[-0.000057000],0,up,2521,0.9988095238095238,
D4.2__Fig 2__SQUID_data__IVB_BS30_A1S1_I_coil_+-0.3mA_fine_284mK_191103__IVB__T_1p40K[-0.000057000],1,down,5001,0.9996,0.9872473128042333
D4.2__Fig 2__SQUID_data__IVB_BS30_A1S1_I_coil_+-0.3mA_fine_284mK_191103__IVB__T_1p40K[-0.000057000],2,up,2478,1.0,
D4.2__Fig 2__SQUID_data__IVB_BS30_A1S1_I_coil_+-0.3mA_fine_284mK_191103__IVB__T_1p40K[-0.000057750],0,up,2521,0.9988095238095238,
D4.2__Fig 2__SQUID_data__IVB_BS30_A1S1_I_coil_+-0.3mA_fine_284mK_191103__IVB__T_1p40K[-0.000057750],1,down,5000,0.9995999199839968,0.9871913687401476
D4.2__Fig 2__SQUID_data__IVB_BS30_A1S1_I_coil_+-0.3mA_fine_284mK_191103__IVB__T_1p40K[-0.000057750],2,up,2479,1.0,
D4.2__Fig 2__SQUID_data__IVB_BS30_A1S1_I_coil_+-0.3mA_fine_284mK_191103__IVB__T_1p40K[-0.000058500],0,up,2521,0.9988095238095238,
D4.2__Fig 2__SQUID_data__IVB_BS30_A1S1_I_coil_+-0.3mA_fine_284mK_191103__IVB__T_1p40K[-0.000058500],1,down,5000,0.9997999599919984,0.9871783835844475
D4.2__Fig 2__SQUID_data__IVB_BS30_A1S1_I_coil_+-0.3mA_fine_284mK_191103__IVB__T_1p40K[-0.000058500],2,up,2479,1.0,
D4.2__Fig 2__SQUID_data__IVB_BS30_A1S1_I_coil_+-0.3mA_fine_284mK_191103__IVB__T_1p40K[-0.000059250],0,up,2521,0.9988095238095238,
D4.2__Fig 2__SQUID_data__IVB_BS30_A1S1_I_coil_+-0.3mA_fine_284mK_191103__IVB__T_1p40K[-0.000059250],1,down,5000,0.9995999199839968,0.9871091909485388
D4.2__Fig 2__SQUID_data__IVB_BS30_A1S1_I_coil_+-0.3mA_fine_284mK_191103__IVB__T_1p40K[-0.000059250],2,up,2479,1.0,
D4.2__Fig 2__SQUID_data__IVB_BS30_A1S1_I_coil_+-0.3mA_fine_284mK_191103__IVB__T_1p40K[-0.000060000],0,up,2521,0.9992063492063492,
D4.2__Fig 2__SQUID_data__IVB_BS30_A1S1_I_coil_+-0.3mA_fine_284mK_191103__IVB__T_1p40K[-0.000060000],1,down,5000,0.9995999199839968,0.9871730721183991
D4.2__Fig 2__SQUID_data__IVB_BS30_A1S1_I_coil_+-0.3mA_fine_284mK_191103__IVB__T_1p40K[-0.000060000],2,up,2479,1.0,
D4.2__Fig 2__SQUID_data__IVB_BS30_A1S1_I_coil_+-0.3mA_fine_284mK_191103__IVB__T_1p40K[-0.000060750],0,up,2521,0.9992063492063492,
D4.2__Fig 2__SQUID_data__IVB_BS30_A1S1_I_coil_+-0.3mA_fine_284mK_191103__IVB__T_1p40K[-0.000060750],1,down,5001,0.9994,0.9871736360180908
D4.2__Fig 2__SQUID_data__IVB_BS30_A1S1_I_coil_+-0.3mA_fine_284mK_191103__IVB__T_1p40K[-0.000060750],2,up,2478,1.0,
D4.2__Fig 2__SQUID_data__IVB_BS30_A1S1_I_coil_+-0.3mA_fine_284mK_191103__IVB__T_1p40K[-0.000061500],0,up,2521,0.9992063492063492,
D4.2__Fig 2__SQUID_data__IVB_BS30_A1S1_I_coil_+-0.3mA_fine_284mK_191103__IVB__T_1p40K[-0.000061500],1,down,5000,0.9997999599919984,0.9871115590089725
D4.2__Fig 2__SQUID_data__IVB_BS30_A1S1_I_coil_+-0.3mA_fine_284mK_191103__IVB__T_1p40K[-0.000061500],2,up,2479,1.0,
D4.2__Fig 2__SQUID_data__IVB_BS30_A1S1_I_coil_+-0.3mA_fine_284mK_191103__IVB__T_1p40K[-0.000062250],0,up,2521,0.9992063492063492,
D4.2__Fig 2__SQUID_data__IVB_BS30_A1S1_I_coil_+-0.3mA_fine_284mK_191103__IVB__T_1p40K[-0.000062250],1,down,5000,0.9997999599919984,0.9872092410713114
D4.2__Fig 2__SQUID_data__IVB_BS30_A1S1_I_coil_+-0.3mA_fine_284mK_191103__IVB__T_1p40K[-0.000062250],2,up,2479,1.0,
D4.2__Fig 2__SQUID_data__IVB_BS30_A1S1_I_coil_+-0.3mA_fine_284mK_191103__IVB__T_1p40K[-0.000063000],0,up,2521,0.9996031746031746,
D4.2__Fig 2__SQUID_data__IVB_BS30_A1S1_I_coil_+-0.3mA_fine_284mK_191103__IVB__T_1p40K[-0.000063000],1,down,5000,0.9993998799759952,0.9871581878212095
D4.2__Fig 2__SQUID_data__IVB_BS30_A1S1_I_coil_+-0.3mA_fine_284mK_191103__IVB__T_1p40K[-0.000063000],2,up,2479,1.0,
D4.2__Fig 2__SQUID_data__IVB_BS30_A1S1_I_coil_+-0.3mA_fine_284mK_191103__IVB__T_1p40K[-0.000063750],0,up,2521,0.9988095238095238,
D4.2__Fig 2__SQUID_data__IVB_BS30_A1S1_I_coil_+-0.3mA_fine_284mK_191103__IVB__T_1p40K[-0.000063750],1,down,5000,0.9995999199839968,0.9871200539326601
D4.2__Fig 2__SQUID_data__IVB_BS30_A1S1_I_coil_+-0.3mA_fine_284mK_191103__IVB__T_1p40K[-0.000063750],2,up,2479,1.0,
D4.2__Fig 2__SQUID_data__IVB_BS30_A1S1_I_coil_+-0.3mA_fine_284mK_191103__IVB__T_1p40K[-0.000064500],0,up,2520,0.999206034140532,
D4.2__Fig 2__SQUID_data__IVB_BS30_A1S1_I_coil_+-0.3mA_fine_284mK_191103__IVB__T_1p40K[-0.000064500],1,down,5001,0.9996,0.9872786518329653
D4.2__Fig 2__SQUID_data__IVB_BS30_A1S1_I_coil_+-0.3mA_fine_284mK_191103__IVB__T_1p40K[-0.000064500],2,up,2479,1.0,
D4.2__Fig 2__SQUID_data__IVB_BS30_A1S1_I_coil_+-0.3mA_fine_284mK_191103__IVB__T_1p40K[-0.000065250],0,up,2521,0.9988095238095238,
D4.2__Fig 2__SQUID_data__IVB_BS30_A1S1_I_coil_+-0.3mA_fine_284mK_191103__IVB__T_1p40K[-0.000065250],1,down,5000,0.9995999199839968,0.987232025070841
D4.2__Fig 2__SQUID_data__IVB_BS30_A1S1_I_coil_+-0.3mA_fine_284mK_191103__IVB__T_1p40K[-0.000065250],2,up,2479,1.0,
D4.2__Fig 2__SQUID_data__IVB_BS30_A1S1_I_coil_+-0.3mA_fine_284mK_191103__IVB__T_1p40K[-0.000066000],0,up,2521,0.9992063492063492,
D4.2__Fig 2__SQUID_data__IVB_BS30_A1S1_I_coil_+-0.3mA_fine_284mK_191103__IVB__T_1p40K[-0.000066000],1,down,5000,0.9995999199839968,0.9871602216888594
D4.2__Fig 2__SQUID_data__IVB_BS30_A1S1_I_coil_+-0.3mA_fine_284mK_191103__IVB__T_1p40K[-0.000066000],2,up,2479,1.0,
D4.2__Fig 2__SQUID_data__IVB_BS30_A1S1_I_coil_+-0.3mA_fine_284mK_191103__IVB__T_1p40K[-0.000066750],0,up,2521,0.9992063492063492,
D4.2__Fig 2__SQUID_data__IVB_BS30_A1S1_I_coil_+-0.3mA_fine_284mK_191103__IVB__T_1p40K[-0.000066750],1,down,5000,0.9993998799759952,0.9872180998228586
D4.2__Fig 2__SQUID_data__IVB_BS30_A1S1_I_coil_+-0.3mA_fine_284mK_191103__IVB__T_1p40K[-0.000066750],2,up,2479,1.0,
D4.2__Fig 2__SQUID_data__IVB_BS30_A1S1_I_coil_+-0.3mA_fine_284mK_191103__IVB__T_1p40K[-0.000067500],0,up,2521,0.9992063492063492,
D4.2__Fig 2__SQUID_data__IVB_BS30_A1S1_I_coil_+-0.3mA_fine_284mK_191103__IVB__T_1p40K[-0.000067500],1,down,5000,0.9995999199839968,0.9871560642354701
D4.2__Fig 2__SQUID_data__IVB_BS30_A1S1_I_coil_+-0.3mA_fine_284mK_191103__IVB__T_1p40K[-0.000067500],2,up,2479,1.0,
D4.2__Fig 2__SQUID_data__IVB_BS30_A1S1_I_coil_+-0.3mA_fine_284mK_191103__IVB__T_1p40K[-0.000068250],0,up,2521,0.9992063492063492,
D4.2__Fig 2__SQUID_data__IVB_BS30_A1S1_I_coil_+-0.3mA_fine_284mK_191103__IVB__T_1p40K[-0.000068250],1,down,5000,0.9995999199839968,0.9871696423786838
D4.2__Fig 2__SQUID_data__IVB_BS30_A1S1_I_coil_+-0.3mA_fine_284mK_191103__IVB__T_1p40K[-0.000068250],2,up,2479,1.0,
D4.2__Fig 2__SQUID_data__IVB_BS30_A1S1_I_coil_+-0.3mA_fine_284mK_191103__IVB__T_1p40K[-0.000069000],0,up,2521,0.9992063492063492,
D4.2__Fig 2__SQUID_data__IVB_BS30_A1S1_I_coil_+-0.3mA_fine_284mK_191103__IVB__T_1p40K[-0.000069000],1,down,5000,0.9995999199839968,0.9871581467926902
D4.2__Fig 2__SQUID_data__IVB_BS30_A1S1_I_coil_+-0.3mA_fine_284mK_191103__IVB__T_1p40K[-0.000069000],2,up,2479,1.0,
D4.2__Fig 2__SQUID_data__IVB_BS30_A1S1_I_coil_+-0.3mA_fine_284mK_191103__IVB__T_1p40K[-0.000069750],0,up,2521,0.9996031746031746,
D4.2__Fig 2__SQUID_data__IVB_BS30_A1S1_I_coil_+-0.3mA_fine_284mK_191103__IVB__T_1p40K[-0.000069750],1,down,5000,0.9997999599919984,0.9871384620079194
D4.2__Fig 2__SQUID_data__IVB_BS30_A1S1_I_coil_+-0.3mA_fine_284mK_191103__IVB__T_1p40K[-0.000069750],2,up,2479,1.0,
D4.2__Fig 2__SQUID_data__IVB_BS30_A1S1_I_coil_+-0.3mA_fine_284mK_191103__IVB__T_1p40K[-0.000070500],0,up,2521,0.9992063492063492,
D4.2__Fig 2__SQUID_data__IVB_BS30_A1S1_I_coil_+-0.3mA_fine_284mK_191103__IVB__T_1p40K[-0.000070500],1,down,5000,0.9995999199839968,0.9870751944444541
D4.2__Fig 2__SQUID_data__IVB_BS30_A1S1_I_coil_+-0.3mA_fine_284mK_191103__IVB__T_1p40K[-0.000070500],2,up,2479,1.0,
D4.2__Fig 2__SQUID_data__IVB_BS30_A1S1_I_coil_+-0.3mA_fine_284mK_191103__IVB__T_1p40K[-0.000071250],0,up,2521,0.9996031746031746,
D4.2__Fig 2__SQUID_data__IVB_BS30_A1S1_I_coil_+-0.3mA_fine_284mK_191103__IVB__T_1p40K[-0.000071250],1,down,5000,0.9997999599919984,0.9872567463950965
D4.2__Fig 2__SQUID_data__IVB_BS30_A1S1_I_coil_+-0.3mA_fine_284mK_191103__IVB__T_1p40K[-0.000071250],2,up,2479,1.0,
D4.2__Fig 2__SQUID_data__IVB_BS30_A1S1_I_coil_+-0.3mA_fine_284mK_191103__IVB__T_1p40K[-0.000072000],0,up,2521,0.9988095238095238,
D4.2__Fig 2__SQUID_data__IVB_BS30_A1S1_I_coil_+-0.3mA_fine_284mK_191103__IVB__T_1p40K[-0.000072000],1,down,5000,0.9993998799759952,0.9871826655534597
D4.2__Fig 2__SQUID_data__IVB_BS30_A1S1_I_coil_+-0.3mA_fine_284mK_191103__IVB__T_1p40K[-0.000072000],2,up,2479,1.0,
D4.2__Fig 2__SQUID_data__IVB_BS30_A1S1_I_coil_+-0.3mA_fine_284mK_191103__IVB__T_1p40K[-0.000072750],0,up,2520,0.999206034140532,
D4.2__Fig 2__SQUID_data__IVB_BS30_A1S1_I_coil_+-0.3mA_fine_284mK_191103__IVB__T_1p40K[-0.000072750],1,down,5002,0.9994001199760048,0.987159954291383
D4.2__Fig 2__SQUID_data__IVB_BS30_A1S1_I_coil_+-0.3mA_fine_284mK_191103__IVB__T_1p40K[-0.000072750],2,up,2478,1.0,
D4.2__Fig 2__SQUID_data__IVB_BS30_A1S1_I_coil_+-0.3mA_fine_284mK_191103__IVB__T_1p40K[-0.000073500],0,up,2521,0.9988095238095238,
D4.2__Fig 2__SQUID_data__IVB_BS30_A1S1_I_coil_+-0.3mA_fine_284mK_191103__IVB__T_1p40K[-0.000073500],1,down,5000,0.9995999199839968,0.9871959725087361
D4.2__Fig 2__SQUID_data__IVB_BS30_A1S1_I_coil_+-0.3mA_fine_284mK_191103__IVB__T_1p40K[-0.000073500],2,up,2479,1.0,
D4.2__Fig 2__SQUID_data__IVB_BS30_A1S1_I_coil_+-0.3mA_fine_284mK_191103__IVB__T_1p40K[-0.000074250],0,up,2521,0.9992063492063492,
D4.2__Fig 2__SQUID_data__IVB_BS30_A1S1_I_coil_+-0.3mA_fine_284mK_191103__IVB__T_1p40K[-0.000074250],1,down,5000,0.9995999199839968,0.9871936229577852
D4.2__Fig 2__SQUID_data__IVB_BS30_A1S1_I_coil_+-0.3mA_fine_284mK_191103__IVB__T_1p40K[-0.000074250],2,up,2479,1.0,
D4.2__Fig 2__SQUID_data__IVB_BS30_A1S1_I_coil_+-0.3mA_fine_284mK_191103__IVB__T_1p40K[-0.000075000],0,up,2521,0.9984126984126984,
D4.2__Fig 2__SQUID_data__IVB_BS30_A1S1_I_coil_+-0.3mA_fine_284mK_191103__IVB__T_1p40K[-0.000075000],1,down,5001,0.9996,0.9871382593713759
D4.2__Fig 2__SQUID_data__IVB_BS30_A1S1_I_coil_+-0.3mA_fine_284mK_191103__IVB__T_1p40K[-0.000075000],2,up,2478,1.0,
D4.2__Fig 2__SQUID_data__IVB_BS30_A1S1_I_coil_+-0.3mA_fine_284mK_191103__IVB__T_1p40K[-0.000075750],0,up,2521,0.9992063492063492,
D4.2__Fig 2__SQUID_data__IVB_BS30_A1S1_I_coil_+-0.3mA_fine_284mK_191103__IVB__T_1p40K[-0.000075750],1,down,5000,0.9997999599919984,0.9870955891076327
D4.2__Fig 2__SQUID_data__IVB_BS30_A1S1_I_coil_+-0.3mA_fine_284mK_191103__IVB__T_1p40K[-0.000075750],2,up,2479,1.0,
D4.2__Fig 2__SQUID_data__IVB_BS30_A1S1_I_coil_+-0.3mA_fine_284mK_191103__IVB__T_1p40K[-0.000076500],0,up,2521,0.9992063492063492,
D4.2__Fig 2__SQUID_data__IVB_BS30_A1S1_I_coil_+-0.3mA_fine_284mK_191103__IVB__T_1p40K[-0.000076500],1,down,5000,0.9995999199839968,0.9871062960888759
D4.2__Fig 2__SQUID_data__IVB_BS30_A1S1_I_coil_+-0.3mA_fine_284mK_191103__IVB__T_1p40K[-0.000076500],2,up,2479,1.0,
D4.2__Fig 2__SQUID_data__IVB_BS30_A1S1_I_coil_+-0.3mA_fine_284mK_191103__IVB__T_1p40K[-0.000077250],0,up,2521,0.9996031746031746,
D4.2__Fig 2__SQUID_data__IVB_BS30_A1S1_I_coil_+-0.3mA_fine_284mK_191103__IVB__T_1p40K[-0.000077250],1,down,5000,0.9995999199839968,0.987236491044229
D4.2__Fig 2__SQUID_data__IVB_BS30_A1S1_I_coil_+-0.3mA_fine_284mK_191103__IVB__T_1p40K[-0.000077250],2,up,2479,1.0,
D4.2__Fig 2__SQUID_data__IVB_BS30_A1S1_I_coil_+-0.3mA_fine_284mK_191103__IVB__T_1p40K[-0.000078000],0,up,2521,0.9988095238095238,
D4.2__Fig 2__SQUID_data__IVB_BS30_A1S1_I_coil_+-0.3mA_fine_284mK_191103__IVB__T_1p40K[-0.000078000],1,down,5001,0.9994,0.9872560452507879
D4.2__Fig 2__SQUID_data__IVB_BS30_A1S1_I_coil_+-0.3mA_fine_284mK_191103__IVB__T_1p40K[-0.000078000],2,up,2478,1.0,
D4.2__Fig 2__SQUID_data__IVB_BS30_A1S1_I_coil_+-0.3mA_fine_284mK_191103__IVB__T_1p40K[-0.000078750],0,up,2521,0.9992063492063492,
D4.2__Fig 2__SQUID_data__IVB_BS30_A1S1_I_coil_+-0.3mA_fine_284mK_191103__IVB__T_1p40K[-0.000078750],1,down,5001,0.9996,0.9872364706407015
D4.2__Fig 2__SQUID_data__IVB_BS30_A1S1_I_coil_+-0.3mA_fine_284mK_191103__IVB__T_1p40K[-0.000078750],2,up,2478,1.0,
D4.2__Fig 2__SQUID_data__IVB_BS30_A1S1_I_coil_+-0.3mA_fine_284mK_191103__IVB__T_1p40K[-0.000079500],0,up,2521,0.9992063492063492,
D4.2__Fig 2__SQUID_data__IVB_BS30_A1S1_I_coil_+-0.3mA_fine_284mK_191103__IVB__T_1p40K[-0.000079500],1,down,5000,0.9995999199839968,0.9871759765786197
D4.2__Fig 2__SQUID_data__IVB_BS30_A1S1_I_coil_+-0.3mA_fine_284mK_191103__IVB__T_1p40K[-0.000079500],2,up,2479,1.0,
D4.2__Fig 2__SQUID_data__IVB_BS30_A1S1_I_coil_+-0.3mA_fine_284mK_191103__IVB__T_1p40K[-0.000080250],0,up,2520,0.999603017070266,
D4.2__Fig 2__SQUID_data__IVB_BS30_A1S1_I_coil_+-0.3mA_fine_284mK_191103__IVB__T_1p40K[-0.000080250],1,down,5001,0.9998,0.9871649403816251
D4.2__Fig 2__SQUID_data__IVB_BS30_A1S1_I_coil_+-0.3mA_fine_284mK_191103__IVB__T_1p40K[-0.000080250],2,up,2479,1.0,
D4.2__Fig 2__SQUID_data__IVB_BS30_A1S1_I_coil_+-0.3mA_fine_284mK_191103__IVB__T_1p40K[-0.000081000],0,up,2521,0.9988095238095238,
D4.2__Fig 2__SQUID_data__IVB_BS30_A1S1_I_coil_+-0.3mA_fine_284mK_191103__IVB__T_1p40K[-0.000081000],1,down,5001,0.9992,0.9871376963410835
D4.2__Fig 2__SQUID_data__IVB_BS30_A1S1_I_coil_+-0.3mA_fine_284mK_191103__IVB__T_1p40K[-0.000081000],2,up,2478,1.0,
D4.2__Fig 2__SQUID_data__IVB_BS30_A1S1_I_coil_+-0.3mA_fine_284mK_191103__IVB__T_1p40K[-0.000081750],0,up,2521,0.9992063492063492,
D4.2__Fig 2__SQUID_data__IVB_BS30_A1S1_I_coil_+-0.3mA_fine_284mK_191103__IVB__T_1p40K[-0.000081750],1,down,5000,0.9995999199839968,0.9871451706394452
D4.2__Fig 2__SQUID_data__IVB_BS30_A1S1_I_coil_+-0.3mA_fine_284mK_191103__IVB__T_1p40K[-0.000081750],2,up,2479,1.0,
D4.2__Fig 2__SQUID_data__IVB_BS30_A1S1_I_coil_+-0.3mA_fine_284mK_191103__IVB__T_1p40K[-0.000082500],0,up,2521,0.9988095238095238,
D4.2__Fig 2__SQUID_data__IVB_BS30_A1S1_I_coil_+-0.3mA_fine_284mK_191103__IVB__T_1p40K[-0.000082500],1,down,5000,0.9995999199839968,0.9870685446391367
D4.2__Fig 2__SQUID_data__IVB_BS30_A1S1_I_coil_+-0.3mA_fine_284mK_191103__IVB__T_1p40K[-0.000082500],2,up,2479,1.0,
D4.2__Fig 2__SQUID_data__IVB_BS30_A1S1_I_coil_+-0.3mA_fine_284mK_191103__IVB__T_1p40K[-0.000083250],0,up,2521,0.9988095238095238,
D4.2__Fig 2__SQUID_data__IVB_BS30_A1S1_I_coil_+-0.3mA_fine_284mK_191103__IVB__T_1p40K[-0.000083250],1,down,5000,0.9997999599919984,0.9871759428952341
D4.2__Fig 2__SQUID_data__IVB_BS30_A1S1_I_coil_+-0.3mA_fine_284mK_191103__IVB__T_1p40K[-0.000083250],2,up,2479,1.0,
D4.2__Fig 2__SQUID_data__IVB_BS30_A1S1_I_coil_+-0.3mA_fine_284mK_191103__IVB__T_1p40K[-0.000084000],0,up,2520,0.999206034140532,
D4.2__Fig 2__SQUID_data__IVB_BS30_A1S1_I_coil_+-0.3mA_fine_284mK_191103__IVB__T_1p40K[-0.000084000],1,down,5001,0.9994,0.98725677446467
D4.2__Fig 2__SQUID_data__IVB_BS30_A1S1_I_coil_+-0.3mA_fine_284mK_191103__IVB__T_1p40K[-0.000084000],2,up,2479,1.0,
D4.2__Fig 2__SQUID_data__IVB_BS30_A1S1_I_coil_+-0.3mA_fine_284mK_191103__IVB__T_1p40K[-0.000084750],0,up,2521,0.9992063492063492,
D4.2__Fig 2__SQUID_data__IVB_BS30_A1S1_I_coil_+-0.3mA_fine_284mK_191103__IVB__T_1p40K[-0.000084750],1,down,5001,0.9998,0.9871603876248596
D4.2__Fig 2__SQUID_data__IVB_BS30_A1S1_I_coil_+-0.3mA_fine_284mK_191103__IVB__T_1p40K[-0.000084750],2,up,2478,1.0,
D4.2__Fig 2__SQUID_data__IVB_BS30_A1S1_I_coil_+-0.3mA_fine_284mK_191103__IVB__T_1p40K[-0.000085500],0,up,2520,0.999603017070266,
D4.2__Fig 2__SQUID_data__IVB_BS30_A1S1_I_coil_+-0.3mA_fine_284mK_191103__IVB__T_1p40K[-0.000085500],1,down,5001,0.9994,0.9872742226729168
D4.2__Fig 2__SQUID_data__IVB_BS30_A1S1_I_coil_+-0.3mA_fine_284mK_191103__IVB__T_1p40K[-0.000085500],2,up,2479,1.0,
D4.2__Fig 2__SQUID_data__IVB_BS30_A1S1_I_coil_+-0.3mA_fine_284mK_191103__IVB__T_1p40K[-0.000086250],0,up,2520,0.999603017070266,
D4.2__Fig 2__SQUID_data__IVB_BS30_A1S1_I_coil_+-0.3mA_fine_284mK_191103__IVB__T_1p40K[-0.000086250],1,down,5001,0.9994,0.9872630115760891
D4.2__Fig 2__SQUID_data__IVB_BS30_A1S1_I_coil_+-0.3mA_fine_284mK_191103__IVB__T_1p40K[-0.000086250],2,up,2479,1.0,
D4.2__Fig 2__SQUID_data__IVB_BS30_A1S1_I_coil_+-0.3mA_fine_284mK_191103__IVB__T_1p40K[-0.000087000],0,up,2521,0.9992063492063492,
D4.2__Fig 2__SQUID_data__IVB_BS30_A1S1_I_coil_+-0.3mA_fine_284mK_191103__IVB__T_1p40K[-0.000087000],1,down,5000,0.9995999199839968,0.9871222099973399
D4.2__Fig 2__SQUID_data__IVB_BS30_A1S1_I_coil_+-0.3mA_fine_284mK_191103__IVB__T_1p40K[-0.000087000],2,up,2479,1.0,
D4.2__Fig 2__SQUID_data__IVB_BS30_A1S1_I_coil_+-0.3mA_fine_284mK_191103__IVB__T_1p40K[-0.000087750],0,up,2521,0.9988095238095238,
D4.2__Fig 2__SQUID_data__IVB_BS30_A1S1_I_coil_+-0.3mA_fine_284mK_191103__IVB__T_1p40K[-0.000087750],1,down,5001,0.9994,0.9872763731288859
D4.2__Fig 2__SQUID_data__IVB_BS30_A1S1_I_coil_+-0.3mA_fine_284mK_191103__IVB__T_1p40K[-0.000087750],2,up,2478,1.0,
D4.2__Fig 2__SQUID_data__IVB_BS30_A1S1_I_coil_+-0.3mA_fine_284mK_191103__IVB__T_1p40K[-0.000088500],0,up,2521,0.9988095238095238,
D4.2__Fig 2__SQUID_data__IVB_BS30_A1S1_I_coil_+-0.3mA_fine_284mK_191103__IVB__T_1p40K[-0.000088500],1,down,5000,0.9993998799759952,0.9871554849987684
D4.2__Fig 2__SQUID_data__IVB_BS30_A1S1_I_coil_+-0.3mA_fine_284mK_191103__IVB__T_1p40K[-0.000088500],2,up,2479,1.0,
D4.2__Fig 2__SQUID_data__IVB_BS30_A1S1_I_coil_+-0.3mA_fine_284mK_191103__IVB__T_1p40K[-0.000089250],0,up,2520,0.999603017070266,
D4.2__Fig 2__SQUID_data__IVB_BS30_A1S1_I_coil_+-0.3mA_fine_284mK_191103__IVB__T_1p40K[-0.000089250],1,down,5001,0.9998,0.9872227494067317
D4.2__Fig 2__SQUID_data__IVB_BS30_A1S1_I_coil_+-0.3mA_fine_284mK_191103__IVB__T_1p40K[-0.000089250],2,up,2479,1.0,
D4.2__Fig 2__SQUID_data__IVB_BS30_A1S1_I_coil_+-0.3mA_fine_284mK_191103__IVB__T_1p40K[-0.000090000],0,up,2520,0.999603017070266,
D4.2__Fig 2__SQUID_data__IVB_BS30_A1S1_I_coil_+-0.3mA_fine_284mK_191103__IVB__T_1p40K[-0.000090000],1,down,5001,0.9998,0.9871555934046161
D4.2__Fig 2__SQUID_data__IVB_BS30_A1S1_I_coil_+-0.3mA_fine_284mK_191103__IVB__T_1p40K[-0.000090000],2,up,2479,1.0,
D4.2__Fig 2__SQUID_data__IVB_BS30_A1S1_I_coil_+-0.3mA_fine_284mK_191103__IVB__T_1p40K[-0.000090750],0,up,2521,0.9992063492063492,
D4.2__Fig 2__SQUID_data__IVB_BS30_A1S1_I_coil_+-0.3mA_fine_284mK_191103__IVB__T_1p40K[-0.000090750],1,down,5000,0.9993998799759952,0.9872075344217148
D4.2__Fig 2__SQUID_data__IVB_BS30_A1S1_I_coil_+-0.3mA_fine_284mK_191103__IVB__T_1p40K[-0.000090750],2,up,2479,1.0,
D4.2__Fig 2__SQUID_data__IVB_BS30_A1S1_I_coil_+-0.3mA_fine_284mK_191103__IVB__T_1p40K[-0.000091500],0,up,2521,0.9992063492063492,
D4.2__Fig 2__SQUID_data__IVB_BS30_A1S1_I_coil_+-0.3mA_fine_284mK_191103__IVB__T_1p40K[-0.000091500],1,down,5000,1.0,0.9871868189961236
D4.2__Fig 2__SQUID_data__IVB_BS30_A1S1_I_coil_+-0.3mA_fine_284mK_191103__IVB__T_1p40K[-0.000091500],2,up,2479,1.0,
D4.2__Fig 2__SQUID_data__IVB_BS30_A1S1_I_coil_+-0.3mA_fine_284mK_191103__IVB__T_1p40K[-0.000092250],0,up,2521,0.9984126984126984,
D4.2__Fig 2__SQUID_data__IVB_BS30_A1S1_I_coil_+-0.3mA_fine_284mK_191103__IVB__T_1p40K[-0.000092250],1,down,5001,0.9996,0.9871848941206977
D4.2__Fig 2__SQUID_data__IVB_BS30_A1S1_I_coil_+-0.3mA_fine_284mK_191103__IVB__T_1p40K[-0.000092250],2,up,2478,1.0,
D4.2__Fig 2__SQUID_data__IVB_BS30_A1S1_I_coil_+-0.3mA_fine_284mK_191103__IVB__T_1p40K[-0.000093000],0,up,2521,0.9992063492063492,
D4.2__Fig 2__SQUID_data__IVB_BS30_A1S1_I_coil_+-0.3mA_fine_284mK_191103__IVB__T_1p40K[-0.000093000],1,down,5000,0.9995999199839968,0.9871024305223289
D4.2__Fig 2__SQUID_data__IVB_BS30_A1S1_I_coil_+-0.3mA_fine_284mK_191103__IVB__T_1p40K[-0.000093000],2,up,2479,1.0,
D4.2__Fig 2__SQUID_data__IVB_BS30_A1S1_I_coil_+-0.3mA_fine_284mK_191103__IVB__T_1p40K[-0.000093750],0,up,2521,0.9988095238095238,
D4.2__Fig 2__SQUID_data__IVB_BS30_A1S1_I_coil_+-0.3mA_fine_284mK_191103__IVB__T_1p40K[-0.000093750],1,down,5000,0.9997999599919984,0.9872613578018516
D4.2__Fig 2__SQUID_data__IVB_BS30_A1S1_I_coil_+-0.3mA_fine_284mK_191103__IVB__T_1p40K[-0.000093750],2,up,2479,1.0,
D4.2__Fig 2__SQUID_data__IVB_BS30_A1S1_I_coil_+-0.3mA_fine_284mK_191103__IVB__T_1p40K[-0.000094500],0,up,2521,0.9992063492063492,
D4.2__Fig 2__SQUID_data__IVB_BS30_A1S1_I_coil_+-0.3mA_fine_284mK_191103__IVB__T_1p40K[-0.000094500],1,down,5000,0.9995999199839968,0.987140685795569
D4.2__Fig 2__SQUID_data__IVB_BS30_A1S1_I_coil_+-0.3mA_fine_284mK_191103__IVB__T_1p40K[-0.000094500],2,up,2479,1.0,
D4.2__Fig 2__SQUID_data__IVB_BS30_A1S1_I_coil_+-0.3mA_fine_284mK_191103__IVB__T_1p40K[-0.000095250],0,up,2521,0.9992063492063492,
D4.2__Fig 2__SQUID_data__IVB_BS30_A1S1_I_coil_+-0.3mA_fine_284mK_191103__IVB__T_1p40K[-0.000095250],1,down,5000,0.9995999199839968,0.9870931305589659
D4.2__Fig 2__SQUID_data__IVB_BS30_A1S1_I_coil_+-0.3mA_fine_284mK_191103__IVB__T_1p40K[-0.000095250],2,up,2479,1.0,
D4.2__Fig 2__SQUID_data__IVB_BS30_A1S1_I_coil_+-0.3mA_fine_284mK_191103__IVB__T_1p40K[-0.000096000],0,up,2521,0.9988095238095238,
D4.2__Fig 2__SQUID_data__IVB_BS30_A1S1_I_coil_+-0.3mA_fine_284mK_191103__IVB__T_1p40K[-0.000096000],1,down,5000,0.9997999599919984,0.9872569896800315
D4.2__Fig 2__SQUID_data__IVB_BS30_A1S1_I_coil_+-0.3mA_fine_284mK_191103__IVB__T_1p40K[-0.000096000],2,up,2479,1.0,
D4.2__Fig 2__SQUID_data__IVB_BS30_A1S1_I_coil_+-0.3mA_fine_284mK_191103__IVB__T_1p40K[-0.000096750],0,up,2521,0.9988095238095238,
D4.2__Fig 2__SQUID_data__IVB_BS30_A1S1_I_coil_+-0.3mA_fine_284mK_191103__IVB__T_1p40K[-0.000096750],1,down,5000,0.9995999199839968,0.9872229742471926
D4.2__Fig 2__SQUID_data__IVB_BS30_A1S1_I_coil_+-0.3mA_fine_284mK_191103__IVB__T_1p40K[-0.000096750],2,up,2479,1.0,
D4.2__Fig 2__SQUID_data__IVB_BS30_A1S1_I_coil_+-0.3mA_fine_284mK_191103__IVB__T_1p40K[-0.000097500],0,up,2521,0.9988095238095238,
D4.2__Fig 2__SQUID_data__IVB_BS30_A1S1_I_coil_+-0.3mA_fine_284mK_191103__IVB__T_1p40K[-0.000097500],1,down,5000,0.9995999199839968,0.9871535696851992
D4.2__Fig 2__SQUID_data__IVB_BS30_A1S1_I_coil_+-0.3mA_fine_284mK_191103__IVB__T_1p40K[-0.000097500],2,up,2479,1.0,
D4.2__Fig 2__SQUID_data__IVB_BS30_A1S1_I_coil_+-0.3mA_fine_284mK_191103__IVB__T_1p40K[-0.000098250],0,up,2520,0.999206034140532,
D4.2__Fig 2__SQUID_data__IVB_BS30_A1S1_I_coil_+-0.3mA_fine_284mK_191103__IVB__T_1p40K[-0.000098250],1,down,5001,0.9996,0.987240411286382
D4.2__Fig 2__SQUID_data__IVB_BS30_A1S1_I_coil_+-0.3mA_fine_284mK_191103__IVB__T_1p40K[-0.000098250],2,up,2479,1.0,
D4.2__Fig 2__SQUID_data__IVB_BS30_A1S1_I_coil_+-0.3mA_fine_284mK_191103__IVB__T_1p40K[-0.000099000],0,up,2521,0.9988095238095238,
D4.2__Fig 2__SQUID_data__IVB_BS30_A1S1_I_coil_+-0.3mA_fine_284mK_191103__IVB__T_1p40K[-0.000099000],1,down,5000,0.9995999199839968,0.9872251980092364
D4.2__Fig 2__SQUID_data__IVB_BS30_A1S1_I_coil_+-0.3mA_fine_284mK_191103__IVB__T_1p40K[-0.000099000],2,up,2479,1.0,
D4.2__Fig 2__SQUID_data__IVB_BS30_A1S1_I_coil_+-0.3mA_fine_284mK_191103__IVB__T_1p40K[-0.000099750],0,up,2521,0.9996031746031746,
D4.2__Fig 2__SQUID_data__IVB_BS30_A1S1_I_coil_+-0.3mA_fine_284mK_191103__IVB__T_1p40K[-0.000099750],1,down,5000,0.9995999199839968,0.9871495989986729
D4.2__Fig 2__SQUID_data__IVB_BS30_A1S1_I_coil_+-0.3mA_fine_284mK_191103__IVB__T_1p40K[-0.000099750],2,up,2479,1.0,
D4.2__Fig 2__SQUID_data__IVB_BS30_A1S1_I_coil_+-0.3mA_fine_284mK_191103__IVB__T_1p40K[-0.000100500],0,up,2521,0.9992063492063492,
D4.2__Fig 2__SQUID_data__IVB_BS30_A1S1_I_coil_+-0.3mA_fine_284mK_191103__IVB__T_1p40K[-0.000100500],1,down,5001,0.9996,0.9871757911796016
D4.2__Fig 2__SQUID_data__IVB_BS30_A1S1_I_coil_+-0.3mA_fine_284mK_191103__IVB__T_1p40K[-0.000100500],2,up,2478,1.0,
D4.2__Fig 2__SQUID_data__IVB_BS30_A1S1_I_coil_+-0.3mA_fine_284mK_191103__IVB__T_1p40K[-0.000101250],0,up,2520,0.999206034140532,
D4.2__Fig 2__SQUID_data__IVB_BS30_A1S1_I_coil_+-0.3mA_fine_284mK_191103__IVB__T_1p40K[-0.000101250],1,down,5001,0.9996,0.9873388361207517
D4.2__Fig 2__SQUID_data__IVB_BS30_A1S1_I_coil_+-0.3mA_fine_284mK_191103__IVB__T_1p40K[-0.000101250],2,up,2479,1.0,
D4.2__Fig 2__SQUID_data__IVB_BS30_A1S1_I_coil_+-0.3mA_fine_284mK_191103__IVB__T_1p40K[-0.000102000],0,up,2521,0.9992063492063492,
D4.2__Fig 2__SQUID_data__IVB_BS30_A1S1_I_coil_+-0.3mA_fine_284mK_191103__IVB__T_1p40K[-0.000102000],1,down,5000,0.9995999199839968,0.9872723874857767
D4.2__Fig 2__SQUID_data__IVB_BS30_A1S1_I_coil_+-0.3mA_fine_284mK_191103__IVB__T_1p40K[-0.000102000],2,up,2479,1.0,
D4.2__Fig 2__SQUID_data__IVB_BS30_A1S1_I_coil_+-0.3mA_fine_284mK_191103__IVB__T_1p40K[-0.000102750],0,up,2521,0.9992063492063492,
D4.2__Fig 2__SQUID_data__IVB_BS30_A1S1_I_coil_+-0.3mA_fine_284mK_191103__IVB__T_1p40K[-0.000102750],1,down,5000,0.9995999199839968,0.9872517138433722
D4.2__Fig 2__SQUID_data__IVB_BS30_A1S1_I_coil_+-0.3mA_fine_284mK_191103__IVB__T_1p40K[-0.000102750],2,up,2479,1.0,
D4.2__Fig 2__SQUID_data__IVB_BS30_A1S1_I_coil_+-0.3mA_fine_284mK_191103__IVB__T_1p40K[-0.000103500],0,up,2520,0.999603017070266,
D4.2__Fig 2__SQUID_data__IVB_BS30_A1S1_I_coil_+-0.3mA_fine_284mK_191103__IVB__T_1p40K[-0.000103500],1,down,5001,0.9996,0.9872829004785619
D4.2__Fig 2__SQUID_data__IVB_BS30_A1S1_I_coil_+-0.3mA_fine_284mK_191103__IVB__T_1p40K[-0.000103500],2,up,2479,1.0,
D4.2__Fig 2__SQUID_data__IVB_BS30_A1S1_I_coil_+-0.3mA_fine_284mK_191103__IVB__T_1p40K[-0.000104250],0,up,2521,0.9988095238095238,
D4.2__Fig 2__SQUID_data__IVB_BS30_A1S1_I_coil_+-0.3mA_fine_284mK_191103__IVB__T_1p40K[-0.000104250],1,down,5000,0.9995999199839968,0.9872491391848338
D4.2__Fig 2__SQUID_data__IVB_BS30_A1S1_I_coil_+-0.3mA_fine_284mK_191103__IVB__T_1p40K[-0.000104250],2,up,2479,1.0,
D4.2__Fig 2__SQUID_data__IVB_BS30_A1S1_I_coil_+-0.3mA_fine_284mK_191103__IVB__T_1p40K[-0.000105000],0,up,2521,0.9992063492063492,
D4.2__Fig 2__SQUID_data__IVB_BS30_A1S1_I_coil_+-0.3mA_fine_284mK_191103__IVB__T_1p40K[-0.000105000],1,down,5000,0.9997999599919984,0.9872408722368691
D4.2__Fig 2__SQUID_data__IVB_BS30_A1S1_I_coil_+-0.3mA_fine_284mK_191103__IVB__T_1p40K[-0.000105000],2,up,2479,1.0,
D4.2__Fig 2__SQUID_data__IVB_BS30_A1S1_I_coil_+-0.3mA_fine_284mK_191103__IVB__T_1p40K[-0.000105750],0,up,2521,0.9996031746031746,
D4.2__Fig 2__SQUID_data__IVB_BS30_A1S1_I_coil_+-0.3mA_fine_284mK_191103__IVB__T_1p40K[-0.000105750],1,down,5000,0.9995999199839968,0.9871826650662773
D4.2__Fig 2__SQUID_data__IVB_BS30_A1S1_I_coil_+-0.3mA_fine_284mK_191103__IVB__T_1p40K[-0.000105750],2,up,2479,1.0,
D4.2__Fig 2__SQUID_data__IVB_BS30_A1S1_I_coil_+-0.3mA_fine_284mK_191103__IVB__T_1p40K[-0.000106500],0,up,2521,0.9992063492063492,
D4.2__Fig 2__SQUID_data__IVB_BS30_A1S1_I_coil_+-0.3mA_fine_284mK_191103__IVB__T_1p40K[-0.000106500],1,down,5000,0.9997999599919984,0.9872358145886353
D4.2__Fig 2__SQUID_data__IVB_BS30_A1S1_I_coil_+-0.3mA_fine_284mK_191103__IVB__T_1p40K[-0.000106500],2,up,2479,1.0,
D4.2__Fig 2__SQUID_data__IVB_BS30_A1S1_I_coil_+-0.3mA_fine_284mK_191103__IVB__T_1p40K[-0.000107250],0,up,2521,0.9988095238095238,
D4.2__Fig 2__SQUID_data__IVB_BS30_A1S1_I_coil_+-0.3mA_fine_284mK_191103__IVB__T_1p40K[-0.000107250],1,down,5000,0.9995999199839968,0.9871578733823626
D4.2__Fig 2__SQUID_data__IVB_BS30_A1S1_I_coil_+-0.3mA_fine_284mK_191103__IVB__T_1p40K[-0.000107250],2,up,2479,1.0,
D4.2__Fig 2__SQUID_data__IVB_BS30_A1S1_I_coil_+-0.3mA_fine_284mK_191103__IVB__T_1p40K[-0.000108000],0,up,2521,0.9988095238095238,
D4.2__Fig 2__SQUID_data__IVB_BS30_A1S1_I_coil_+-0.3mA_fine_284mK_191103__IVB__T_1p40K[-0.000108000],1,down,5000,0.9995999199839968,0.9871662827838855
D4.2__Fig 2__SQUID_data__IVB_BS30_A1S1_I_coil_+-0.3mA_fine_284mK_191103__IVB__T_1p40K[-0.000108000],2,up,2479,1.0,
D4.2__Fig 2__SQUID_data__IVB_BS30_A1S1_I_coil_+-0.3mA_fine_284mK_191103__IVB__T_1p40K[-0.000108750],0,up,2520,0.999603017070266,
D4.2__Fig 2__SQUID_data__IVB_BS30_A1S1_I_coil_+-0.3mA_fine_284mK_191103__IVB__T_1p40K[-0.000108750],1,down,5001,0.9996,0.9871496345833232
D4.2__Fig 2__SQUID_data__IVB_BS30_A1S1_I_coil_+-0.3mA_fine_284mK_191103__IVB__T_1p40K[-0.000108750],2,up,2479,1.0,
D4.2__Fig 2__SQUID_data__IVB_BS30_A1S1_I_coil_+-0.3mA_fine_284mK_191103__IVB__T_1p40K[-0.000109500],0,up,2521,0.9992063492063492,
D4.2__Fig 2__SQUID_data__IVB_BS30_A1S1_I_coil_+-0.3mA_fine_284mK_191103__IVB__T_1p40K[-0.000109500],1,down,5001,0.9996,0.9872025553997336
D4.2__Fig 2__SQUID_data__IVB_BS30_A1S1_I_coil_+-0.3mA_fine_284mK_191103__IVB__T_1p40K[-0.000109500],2,up,2478,1.0,
D4.2__Fig 2__SQUID_data__IVB_BS30_A1S1_I_coil_+-0.3mA_fine_284mK_191103__IVB__T_1p40K[-0.000110250],0,up,2521,0.9992063492063492,
D4.2__Fig 2__SQUID_data__IVB_BS30_A1S1_I_coil_+-0.3mA_fine_284mK_191103__IVB__T_1p40K[-0.000110250],1,down,5001,0.9992,0.987300728375224
D4.2__Fig 2__SQUID_data__IVB_BS30_A1S1_I_coil_+-0.3mA_fine_284mK_191103__IVB__T_1p40K[-0.000110250],2,up,2478,1.0,
D4.2__Fig 2__SQUID_data__IVB_BS30_A1S1_I_coil_+-0.3mA_fine_284mK_191103__IVB__T_1p40K[-0.000111000],0,up,2521,0.9996031746031746,
D4.2__Fig 2__SQUID_data__IVB_BS30_A1S1_I_coil_+-0.3mA_fine_284mK_191103__IVB__T_1p40K[-0.000111000],1,down,5001,0.9994,0.9872366132877349
D4.2__Fig 2__SQUID_data__IVB_BS30_A1S1_I_coil_+-0.3mA_fine_284mK_191103__IVB__T_1p40K[-0.000111000],2,up,2478,1.0,
D4.2__Fig 2__SQUID_data__IVB_BS30_A1S1_I_coil_+-0.3mA_fine_284mK_191103__IVB__T_1p40K[-0.000111750],0,up,2521,0.9992063492063492,
D4.2__Fig 2__SQUID_data__IVB_BS30_A1S1_I_coil_+-0.3mA_fine_284mK_191103__IVB__T_1p40K[-0.000111750],1,down,5000,0.9995999199839968,0.9872133095925949
D4.2__Fig 2__SQUID_data__IVB_BS30_A1S1_I_coil_+-0.3mA_fine_284mK_191103__IVB__T_1p40K[-0.000111750],2,up,2479,1.0,
D4.2__Fig 2__SQUID_data__IVB_BS30_A1S1_I_coil_+-0.3mA_fine_284mK_191103__IVB__T_1p40K[-0.000112500],0,up,2521,0.9992063492063492,
D4.2__Fig 2__SQUID_data__IVB_BS30_A1S1_I_coil_+-0.3mA_fine_284mK_191103__IVB__T_1p40K[-0.000112500],1,down,5000,0.9997999599919984,0.9872520621061767
D4.2__Fig 2__SQUID_data__IVB_BS30_A1S1_I_coil_+-0.3mA_fine_284mK_191103__IVB__T_1p40K[-0.000112500],2,up,2479,1.0,
D4.2__Fig 2__SQUID_data__IVB_BS30_A1S1_I_coil_+-0.3mA_fine_284mK_191103__IVB__T_1p40K[-0.000113250],0,up,2521,0.9992063492063492,
D4.2__Fig 2__SQUID_data__IVB_BS30_A1S1_I_coil_+-0.3mA_fine_284mK_191103__IVB__T_1p40K[-0.000113250],1,down,5000,0.9995999199839968,0.987211976850459
D4.2__Fig 2__SQUID_data__IVB_BS30_A1S1_I_coil_+-0.3mA_fine_284mK_191103__IVB__T_1p40K[-0.000113250],2,up,2479,1.0,
D4.2__Fig 2__SQUID_data__IVB_BS30_A1S1_I_coil_+-0.3mA_fine_284mK_191103__IVB__T_1p40K[-0.000114000],0,up,2521,0.9992063492063492,
D4.2__Fig 2__SQUID_data__IVB_BS30_A1S1_I_coil_+-0.3mA_fine_284mK_191103__IVB__T_1p40K[-0.000114000],1,down,5001,0.9996,0.9872203511181777
D4.2__Fig 2__SQUID_data__IVB_BS30_A1S1_I_coil_+-0.3mA_fine_284mK_191103__IVB__T_1p40K[-0.000114000],2,up,2478,1.0,
D4.2__Fig 2__SQUID_data__IVB_BS30_A1S1_I_coil_+-0.3mA_fine_284mK_191103__IVB__T_1p40K[-0.000114750],0,up,2521,0.9988095238095238,
D4.2__Fig 2__SQUID_data__IVB_BS30_A1S1_I_coil_+-0.3mA_fine_284mK_191103__IVB__T_1p40K[-0.000114750],1,down,5000,0.9997999599919984,0.9871736498595798
D4.2__Fig 2__SQUID_data__IVB_BS30_A1S1_I_coil_+-0.3mA_fine_284mK_191103__IVB__T_1p40K[-0.000114750],2,up,2479,1.0,
D4.2__Fig 2__SQUID_data__IVB_BS30_A1S1_I_coil_+-0.3mA_fine_284mK_191103__IVB__T_1p40K[-0.000115500],0,up,2520,0.999206034140532,
D4.2__Fig 2__SQUID_data__IVB_BS30_A1S1_I_coil_+-0.3mA_fine_284mK_191103__IVB__T_1p40K[-0.000115500],1,down,5001,0.9996,0.9872500485482306
D4.2__Fig 2__SQUID_data__IVB_BS30_A1S1_I_coil_+-0.3mA_fine_284mK_191103__IVB__T_1p40K[-0.000115500],2,up,2479,1.0,
D4.2__Fig 2__SQUID_data__IVB_BS30_A1S1_I_coil_+-0.3mA_fine_284mK_191103__IVB__T_1p40K[-0.000116250],0,up,2520,0.999603017070266,
D4.2__Fig 2__SQUID_data__IVB_BS30_A1S1_I_coil_+-0.3mA_fine_284mK_191103__IVB__T_1p40K[-0.000116250],1,down,5001,0.9996,0.9872525524495546
D4.2__Fig 2__SQUID_data__IVB_BS30_A1S1_I_coil_+-0.3mA_fine_284mK_191103__IVB__T_1p40K[-0.000116250],2,up,2479,1.0,
D4.2__Fig 2__SQUID_data__IVB_BS30_A1S1_I_coil_+-0.3mA_fine_284mK_191103__IVB__T_1p40K[-0.000117000],0,up,2520,0.999603017070266,
D4.2__Fig 2__SQUID_data__IVB_BS30_A1S1_I_coil_+-0.3mA_fine_284mK_191103__IVB__T_1p40K[-0.000117000],1,down,5000,1.0,0.9872589887559539
D4.2__Fig 2__SQUID_data__IVB_BS30_A1S1_I_coil_+-0.3mA_fine_284mK_191103__IVB__T_1p40K[-0.000117000],2,up,2480,1.0,
D4.2__Fig 2__SQUID_data__IVB_BS30_A1S1_I_coil_+-0.3mA_fine_284mK_191103__IVB__T_1p40K[-0.000117750],0,up,2521,0.9988095238095238,
D4.2__Fig 2__SQUID_data__IVB_BS30_A1S1_I_coil_+-0.3mA_fine_284mK_191103__IVB__T_1p40K[-0.000117750],1,down,5000,0.9995999199839968,0.9872300512944504
D4.2__Fig 2__SQUID_data__IVB_BS30_A1S1_I_coil_+-0.3mA_fine_284mK_191103__IVB__T_1p40K[-0.000117750],2,up,2479,1.0,
D4.2__Fig 2__SQUID_data__IVB_BS30_A1S1_I_coil_+-0.3mA_fine_284mK_191103__IVB__T_1p40K[-0.000118500],0,up,2521,0.9988095238095238,
D4.2__Fig 2__SQUID_data__IVB_BS30_A1S1_I_coil_+-0.3mA_fine_284mK_191103__IVB__T_1p40K[-0.000118500],1,down,5000,0.9993998799759952,0.9872544781623657
D4.2__Fig 2__SQUID_data__IVB_BS30_A1S1_I_coil_+-0.3mA_fine_284mK_191103__IVB__T_1p40K[-0.000118500],2,up,2479,1.0,
D4.2__Fig 2__SQUID_data__IVB_BS30_A1S1_I_coil_+-0.3mA_fine_284mK_191103__IVB__T_1p40K[-0.000119250],0,up,2520,0.999603017070266,
D4.2__Fig 2__SQUID_data__IVB_BS30_A1S1_I_coil_+-0.3mA_fine_284mK_191103__IVB__T_1p40K[-0.000119250],1,down,5000,0.9997999599919984,0.9871719911931971
D4.2__Fig 2__SQUID_data__IVB_BS30_A1S1_I_coil_+-0.3mA_fine_284mK_191103__IVB__T_1p40K[-0.000119250],2,up,2480,1.0,
D4.2__Fig 2__SQUID_data__IVB_BS30_A1S1_I_coil_+-0.3mA_fine_284mK_191103__IVB__T_1p40K[-0.000120000],0,up,2521,0.9992063492063492,
D4.2__Fig 2__SQUID_data__IVB_BS30_A1S1_I_coil_+-0.3mA_fine_284mK_191103__IVB__T_1p40K[-0.000120000],1,down,5000,0.9997999599919984,0.9871937026851987
D4.2__Fig 2__SQUID_data__IVB_BS30_A1S1_I_coil_+-0.3mA_fine_284mK_191103__IVB__T_1p40K[-0.000120000],2,up,2479,1.0,
D4.2__Fig 2__SQUID_data__IVB_BS30_A1S1_I_coil_+-0.3mA_fine_284mK_191103__IVB__T_1p40K[-0.000120750],0,up,2521,0.9992063492063492,
D4.2__Fig 2__SQUID_data__IVB_BS30_A1S1_I_coil_+-0.3mA_fine_284mK_191103__IVB__T_1p40K[-0.000120750],1,down,5001,0.9996,0.9871984928471481
D4.2__Fig 2__SQUID_data__IVB_BS30_A1S1_I_coil_+-0.3mA_fine_284mK_191103__IVB__T_1p40K[-0.000120750],2,up,2478,1.0,
D4.2__Fig 2__SQUID_data__IVB_BS30_A1S1_I_coil_+-0.3mA_fine_284mK_191103__IVB__T_1p40K[-0.000121500],0,up,2521,0.9992063492063492,
D4.2__Fig 2__SQUID_data__IVB_BS30_A1S1_I_coil_+-0.3mA_fine_284mK_191103__IVB__T_1p40K[-0.000121500],1,down,5000,0.9993998799759952,0.9872163635017587
D4.2__Fig 2__SQUID_data__IVB_BS30_A1S1_I_coil_+-0.3mA_fine_284mK_191103__IVB__T_1p40K[-0.000121500],2,up,2479,0.9995964487489911,
D4.2__Fig 2__SQUID_data__IVB_BS30_A1S1_I_coil_+-0.3mA_fine_284mK_191103__IVB__T_1p40K[-0.000122250],0,up,2522,0.9992066640222134,
D4.2__Fig 2__SQUID_data__IVB_BS30_A1S1_I_coil_+-0.3mA_fine_284mK_191103__IVB__T_1p40K[-0.000122250],1,down,4999,0.9995998399359743,0.9871335353411431
D4.2__Fig 2__SQUID_data__IVB_BS30_A1S1_I_coil_+-0.3mA_fine_284mK_191103__IVB__T_1p40K[-0.000122250],2,up,2479,1.0,
D4.2__Fig 2__SQUID_data__IVB_BS30_A1S1_I_coil_+-0.3mA_fine_284mK_191103__IVB__T_1p40K[-0.000123000],0,up,2520,0.999603017070266,
D4.2__Fig 2__SQUID_data__IVB_BS30_A1S1_I_coil_+-0.3mA_fine_284mK_191103__IVB__T_1p40K[-0.000123000],1,down,5001,0.9996,0.9871719859310022
D4.2__Fig 2__SQUID_data__IVB_BS30_A1S1_I_coil_+-0.3mA_fine_284mK_191103__IVB__T_1p40K[-0.000123000],2,up,2479,1.0,
D4.2__Fig 2__SQUID_data__IVB_BS30_A1S1_I_coil_+-0.3mA_fine_284mK_191103__IVB__T_1p40K[-0.000123750],0,up,2521,0.9996031746031746,
D4.2__Fig 2__SQUID_data__IVB_BS30_A1S1_I_coil_+-0.3mA_fine_284mK_191103__IVB__T_1p40K[-0.000123750],1,down,5000,0.9995999199839968,0.9870938724531114
D4.2__Fig 2__SQUID_data__IVB_BS30_A1S1_I_coil_+-0.3mA_fine_284mK_191103__IVB__T_1p40K[-0.000123750],2,up,2479,1.0,
D4.2__Fig 2__SQUID_data__IVB_BS30_A1S1_I_coil_+-0.3mA_fine_284mK_191103__IVB__T_1p40K[-0.000124500],0,up,2521,0.9996031746031746,
D4.2__Fig 2__SQUID_data__IVB_BS30_A1S1_I_coil_+-0.3mA_fine_284mK_191103__IVB__T_1p40K[-0.000124500],1,down,5001,0.9994,0.9871738891235257
D4.2__Fig 2__SQUID_data__IVB_BS30_A1S1_I_coil_+-0.3mA_fine_284mK_191103__IVB__T_1p40K[-0.000124500],2,up,2478,1.0,
D4.2__Fig 2__SQUID_data__IVB_BS30_A1S1_I_coil_+-0.3mA_fine_284mK_191103__IVB__T_1p40K[-0.000125250],0,up,2521,0.9992063492063492,
D4.2__Fig 2__SQUID_data__IVB_BS30_A1S1_I_coil_+-0.3mA_fine_284mK_191103__IVB__T_1p40K[-0.000125250],1,down,5000,0.9997999599919984,0.9872141389222535
D4.2__Fig 2__SQUID_data__IVB_BS30_A1S1_I_coil_+-0.3mA_fine_284mK_191103__IVB__T_1p40K[-0.000125250],2,up,2479,1.0,
D4.2__Fig 2__SQUID_data__IVB_BS30_A1S1_I_coil_+-0.3mA_fine_284mK_191103__IVB__T_1p40K[-0.000126000],0,up,2521,0.9988095238095238,
D4.2__Fig 2__SQUID_data__IVB_BS30_A1S1_I_coil_+-0.3mA_fine_284mK_191103__IVB__T_1p40K[-0.000126000],1,down,5000,0.9995999199839968,0.9871897133679618
D4.2__Fig 2__SQUID_data__IVB_BS30_A1S1_I_coil_+-0.3mA_fine_284mK_191103__IVB__T_1p40K[-0.000126000],2,up,2479,1.0,
D4.2__Fig 2__SQUID_data__IVB_BS30_A1S1_I_coil_+-0.3mA_fine_284mK_191103__IVB__T_1p40K[-0.000126750],0,up,2521,0.9984126984126984,
D4.2__Fig 2__SQUID_data__IVB_BS30_A1S1_I_coil_+-0.3mA_fine_284mK_191103__IVB__T_1p40K[-0.000126750],1,down,5001,0.9996,0.9872138550650437
D4.2__Fig 2__SQUID_data__IVB_BS30_A1S1_I_coil_+-0.3mA_fine_284mK_191103__IVB__T_1p40K[-0.000126750],2,up,2478,1.0,
D4.2__Fig 2__SQUID_data__IVB_BS30_A1S1_I_coil_+-0.3mA_fine_284mK_191103__IVB__T_1p40K[-0.000127500],0,up,2521,0.9992063492063492,
D4.2__Fig 2__SQUID_data__IVB_BS30_A1S1_I_coil_+-0.3mA_fine_284mK_191103__IVB__T_1p40K[-0.000127500],1,down,5000,0.9995999199839968,0.9871240475163777
D4.2__Fig 2__SQUID_data__IVB_BS30_A1S1_I_coil_+-0.3mA_fine_284mK_191103__IVB__T_1p40K[-0.000127500],2,up,2479,1.0,
D4.2__Fig 2__SQUID_data__IVB_BS30_A1S1_I_coil_+-0.3mA_fine_284mK_191103__IVB__T_1p40K[-0.000128250],0,up,2521,0.9992063492063492,
D4.2__Fig 2__SQUID_data__IVB_BS30_A1S1_I_coil_+-0.3mA_fine_284mK_191103__IVB__T_1p40K[-0.000128250],1,down,5000,0.9995999199839968,0.9872248867649464
D4.2__Fig 2__SQUID_data__IVB_BS30_A1S1_I_coil_+-0.3mA_fine_284mK_191103__IVB__T_1p40K[-0.000128250],2,up,2479,1.0,
D4.2__Fig 2__SQUID_data__IVB_BS30_A1S1_I_coil_+-0.3mA_fine_284mK_191103__IVB__T_1p40K[-0.000129000],0,up,2520,0.9988090512107979,
D4.2__Fig 2__SQUID_data__IVB_BS30_A1S1_I_coil_+-0.3mA_fine_284mK_191103__IVB__T_1p40K[-0.000129000],1,down,5001,0.9994,0.9872806762637074
D4.2__Fig 2__SQUID_data__IVB_BS30_A1S1_I_coil_+-0.3mA_fine_284mK_191103__IVB__T_1p40K[-0.000129000],2,up,2479,1.0,
D4.2__Fig 2__SQUID_data__IVB_BS30_A1S1_I_coil_+-0.3mA_fine_284mK_191103__IVB__T_1p40K[-0.000129750],0,up,2521,0.9992063492063492,
D4.2__Fig 2__SQUID_data__IVB_BS30_A1S1_I_coil_+-0.3mA_fine_284mK_191103__IVB__T_1p40K[-0.000129750],1,down,5000,0.9995999199839968,0.9873053418081931
D4.2__Fig 2__SQUID_data__IVB_BS30_A1S1_I_coil_+-0.3mA_fine_284mK_191103__IVB__T_1p40K[-0.000129750],2,up,2479,1.0,
D4.2__Fig 2__SQUID_data__IVB_BS30_A1S1_I_coil_+-0.3mA_fine_284mK_191103__IVB__T_1p40K[-0.000130500],0,up,2521,0.9988095238095238,
D4.2__Fig 2__SQUID_data__IVB_BS30_A1S1_I_coil_+-0.3mA_fine_284mK_191103__IVB__T_1p40K[-0.000130500],1,down,5000,0.9995999199839968,0.9872746600623656
D4.2__Fig 2__SQUID_data__IVB_BS30_A1S1_I_coil_+-0.3mA_fine_284mK_191103__IVB__T_1p40K[-0.000130500],2,up,2479,1.0,
D4.2__Fig 2__SQUID_data__IVB_BS30_A1S1_I_coil_+-0.3mA_fine_284mK_191103__IVB__T_1p40K[-0.000131250],0,up,2521,0.9992063492063492,
D4.2__Fig 2__SQUID_data__IVB_BS30_A1S1_I_coil_+-0.3mA_fine_284mK_191103__IVB__T_1p40K[-0.000131250],1,down,5000,0.9995999199839968,0.9872744222936789
D4.2__Fig 2__SQUID_data__IVB_BS30_A1S1_I_coil_+-0.3mA_fine_284mK_191103__IVB__T_1p40K[-0.000131250],2,up,2479,1.0,
D4.2__Fig 2__SQUID_data__IVB_BS30_A1S1_I_coil_+-0.3mA_fine_284mK_191103__IVB__T_1p40K[-0.000132000],0,up,2521,0.9992063492063492,
D4.2__Fig 2__SQUID_data__IVB_BS30_A1S1_I_coil_+-0.3mA_fine_284mK_191103__IVB__T_1p40K[-0.000132000],1,down,5000,0.9995999199839968,0.987272295440137
D4.2__Fig 2__SQUID_data__IVB_BS30_A1S1_I_coil_+-0.3mA_fine_284mK_191103__IVB__T_1p40K[-0.000132000],2,up,2479,1.0,
D4.2__Fig 2__SQUID_data__IVB_BS30_A1S1_I_coil_+-0.3mA_fine_284mK_191103__IVB__T_1p40K[-0.000132750],0,up,2521,0.9996031746031746,
D4.2__Fig 2__SQUID_data__IVB_BS30_A1S1_I_coil_+-0.3mA_fine_284mK_191103__IVB__T_1p40K[-0.000132750],1,down,5001,0.9994,0.9872097297370873
D4.2__Fig 2__SQUID_data__IVB_BS30_A1S1_I_coil_+-0.3mA_fine_284mK_191103__IVB__T_1p40K[-0.000132750],2,up,2478,1.0,
D4.2__Fig 2__SQUID_data__IVB_BS30_A1S1_I_coil_+-0.3mA_fine_284mK_191103__IVB__T_1p40K[-0.000133500],0,up,2521,0.9996031746031746,
D4.2__Fig 2__SQUID_data__IVB_BS30_A1S1_I_coil_+-0.3mA_fine_284mK_191103__IVB__T_1p40K[-0.000133500],1,down,5000,0.9997999599919984,0.9872651434744827
D4.2__Fig 2__SQUID_data__IVB_BS30_A1S1_I_coil_+-0.3mA_fine_284mK_191103__IVB__T_1p40K[-0.000133500],2,up,2479,1.0,
D4.2__Fig 2__SQUID_data__IVB_BS30_A1S1_I_coil_+-0.3mA_fine_284mK_191103__IVB__T_1p40K[-0.000134250],0,up,2521,0.9988095238095238,
D4.2__Fig 2__SQUID_data__IVB_BS30_A1S1_I_coil_+-0.3mA_fine_284mK_191103__IVB__T_1p40K[-0.000134250],1,down,5000,0.9995999199839968,0.9871653929835957
D4.2__Fig 2__SQUID_data__IVB_BS30_A1S1_I_coil_+-0.3mA_fine_284mK_191103__IVB__T_1p40K[-0.000134250],2,up,2479,1.0,
D4.2__Fig 2__SQUID_data__IVB_BS30_A1S1_I_coil_+-0.3mA_fine_284mK_191103__IVB__T_1p40K[-0.000135000],0,up,2521,0.9992063492063492,
D4.2__Fig 2__SQUID_data__IVB_BS30_A1S1_I_coil_+-0.3mA_fine_284mK_191103__IVB__T_1p40K[-0.000135000],1,down,5000,0.9993998799759952,0.987294115247434
D4.2__Fig 2__SQUID_data__IVB_BS30_A1S1_I_coil_+-0.3mA_fine_284mK_191103__IVB__T_1p40K[-0.000135000],2,up,2479,1.0,
D4.2__Fig 2__SQUID_data__IVB_BS30_A1S1_I_coil_+-0.3mA_fine_284mK_191103__IVB__T_1p40K[-0.000135750],0,up,2521,0.9992063492063492,
D4.2__Fig 2__SQUID_data__IVB_BS30_A1S1_I_coil_+-0.3mA_fine_284mK_191103__IVB__T_1p40K[-0.000135750],1,down,5000,0.9997999599919984,0.9872584066614924
D4.2__Fig 2__SQUID_data__IVB_BS30_A1S1_I_coil_+-0.3mA_fine_284mK_191103__IVB__T_1p40K[-0.000135750],2,up,2479,1.0,
D4.2__Fig 2__SQUID_data__IVB_BS30_A1S1_I_coil_+-0.3mA_fine_284mK_191103__IVB__T_1p40K[-0.000136500],0,up,2521,0.9988095238095238,
D4.2__Fig 2__SQUID_data__IVB_BS30_A1S1_I_coil_+-0.3mA_fine_284mK_191103__IVB__T_1p40K[-0.000136500],1,down,5000,0.9997999599919984,0.9871880810269466
D4.2__Fig 2__SQUID_data__IVB_BS30_A1S1_I_coil_+-0.3mA_fine_284mK_191103__IVB__T_1p40K[-0.000136500],2,up,2479,1.0,
D4.2__Fig 2__SQUID_data__IVB_BS30_A1S1_I_coil_+-0.3mA_fine_284mK_191103__IVB__T_1p40K[-0.000137250],0,up,2521,0.9992063492063492,
D4.2__Fig 2__SQUID_data__IVB_BS30_A1S1_I_coil_+-0.3mA_fine_284mK_191103__IVB__T_1p40K[-0.000137250],1,down,5000,0.9995999199839968,0.9872343624665999
D4.2__Fig 2__SQUID_data__IVB_BS30_A1S1_I_coil_+-0.3mA_fine_284mK_191103__IVB__T_1p40K[-0.000137250],2,up,2479,1.0,
D4.2__Fig 2__SQUID_data__IVB_BS30_A1S1_I_coil_+-0.3mA_fine_284mK_191103__IVB__T_1p40K[-0.000138000],0,up,2521,0.9992063492063492,
D4.2__Fig 2__SQUID_data__IVB_BS30_A1S1_I_coil_+-0.3mA_fine_284mK_191103__IVB__T_1p40K[-0.000138000],1,down,5000,0.9995999199839968,0.9872833958188831
D4.2__Fig 2__SQUID_data__IVB_BS30_A1S1_I_coil_+-0.3mA_fine_284mK_191103__IVB__T_1p40K[-0.000138000],2,up,2479,1.0,
D4.2__Fig 2__SQUID_data__IVB_BS30_A1S1_I_coil_+-0.3mA_fine_284mK_191103__IVB__T_1p40K[-0.000138750],0,up,2520,0.999206034140532,
D4.2__Fig 2__SQUID_data__IVB_BS30_A1S1_I_coil_+-0.3mA_fine_284mK_191103__IVB__T_1p40K[-0.000138750],1,down,5001,0.9994,0.9872568320752304
D4.2__Fig 2__SQUID_data__IVB_BS30_A1S1_I_coil_+-0.3mA_fine_284mK_191103__IVB__T_1p40K[-0.000138750],2,up,2479,1.0,
D4.2__Fig 2__SQUID_data__IVB_BS30_A1S1_I_coil_+-0.3mA_fine_284mK_191103__IVB__T_1p40K[-0.000139500],0,up,2521,0.9992063492063492,
D4.2__Fig 2__SQUID_data__IVB_BS30_A1S1_I_coil_+-0.3mA_fine_284mK_191103__IVB__T_1p40K[-0.000139500],1,down,5001,0.9994,0.9871736340046036
D4.2__Fig 2__SQUID_data__IVB_BS30_A1S1_I_coil_+-0.3mA_fine_284mK_191103__IVB__T_1p40K[-0.000139500],2,up,2478,1.0,
D4.2__Fig 2__SQUID_data__IVB_BS30_A1S1_I_coil_+-0.3mA_fine_284mK_191103__IVB__T_1p40K[-0.000140250],0,up,2520,0.999603017070266,
D4.2__Fig 2__SQUID_data__IVB_BS30_A1S1_I_coil_+-0.3mA_fine_284mK_191103__IVB__T_1p40K[-0.000140250],1,down,5001,0.9996,0.9872544509996403
D4.2__Fig 2__SQUID_data__IVB_BS30_A1S1_I_coil_+-0.3mA_fine_284mK_191103__IVB__T_1p40K[-0.000140250],2,up,2479,1.0,
D4.2__Fig 2__SQUID_data__IVB_BS30_A1S1_I_coil_+-0.3mA_fine_284mK_191103__IVB__T_1p40K[-0.000141000],0,up,2521,0.9992063492063492,
D4.2__Fig 2__SQUID_data__IVB_BS30_A1S1_I_coil_+-0.3mA_fine_284mK_191103__IVB__T_1p40K[-0.000141000],1,down,5000,0.9995999199839968,0.9872294735597309
D4.2__Fig 2__SQUID_data__IVB_BS30_A1S1_I_coil_+-0.3mA_fine_284mK_191103__IVB__T_1p40K[-0.000141000],2,up,2479,1.0,
D4.2__Fig 2__SQUID_data__IVB_BS30_A1S1_I_coil_+-0.3mA_fine_284mK_191103__IVB__T_1p40K[-0.000141750],0,up,2521,0.9992063492063492,
D4.2__Fig 2__SQUID_data__IVB_BS30_A1S1_I_coil_+-0.3mA_fine_284mK_191103__IVB__T_1p40K[-0.000141750],1,down,5000,0.9997999599919984,0.9872569288112483
D4.2__Fig 2__SQUID_data__IVB_BS30_A1S1_I_coil_+-0.3mA_fine_284mK_191103__IVB__T_1p40K[-0.000141750],2,up,2479,1.0,
D4.2__Fig 2__SQUID_data__IVB_BS30_A1S1_I_coil_+-0.3mA_fine_284mK_191103__IVB__T_1p40K[-0.000142500],0,up,2521,0.9992063492063492,
D4.2__Fig 2__SQUID_data__IVB_BS30_A1S1_I_coil_+-0.3mA_fine_284mK_191103__IVB__T_1p40K[-0.000142500],1,down,5000,0.9995999199839968,0.9872916928212997
D4.2__Fig 2__SQUID_data__IVB_BS30_A1S1_I_coil_+-0.3mA_fine_284mK_191103__IVB__T_1p40K[-0.000142500],2,up,2479,1.0,
D4.2__Fig 2__SQUID_data__IVB_BS30_A1S1_I_coil_+-0.3mA_fine_284mK_191103__IVB__T_1p40K[-0.000143250],0,up,2521,0.9988095238095238,
D4.2__Fig 2__SQUID_data__IVB_BS30_A1S1_I_coil_+-0.3mA_fine_284mK_191103__IVB__T_1p40K[-0.000143250],1,down,5000,0.9997999599919984,0.987205248890098
D4.2__Fig 2__SQUID_data__IVB_BS30_A1S1_I_coil_+-0.3mA_fine_284mK_191103__IVB__T_1p40K[-0.000143250],2,up,2479,1.0,
D4.2__Fig 2__SQUID_data__IVB_BS30_A1S1_I_coil_+-0.3mA_fine_284mK_191103__IVB__T_1p40K[-0.000144000],0,up,2521,0.9992063492063492,
D4.2__Fig 2__SQUID_data__IVB_BS30_A1S1_I_coil_+-0.3mA_fine_284mK_191103__IVB__T_1p40K[-0.000144000],1,down,5000,0.9995999199839968,0.9871718188676221
D4.2__Fig 2__SQUID_data__IVB_BS30_A1S1_I_coil_+-0.3mA_fine_284mK_191103__IVB__T_1p40K[-0.000144000],2,up,2479,1.0,
D4.2__Fig 2__SQUID_data__IVB_BS30_A1S1_I_coil_+-0.3mA_fine_284mK_191103__IVB__T_1p40K[-0.000144750],0,up,2521,0.9988095238095238,
D4.2__Fig 2__SQUID_data__IVB_BS30_A1S1_I_coil_+-0.3mA_fine_284mK_191103__IVB__T_1p40K[-0.000144750],1,down,5000,0.9995999199839968,0.9872189108620525
D4.2__Fig 2__SQUID_data__IVB_BS30_A1S1_I_coil_+-0.3mA_fine_284mK_191103__IVB__T_1p40K[-0.000144750],2,up,2479,1.0,
D4.2__Fig 2__SQUID_data__IVB_BS30_A1S1_I_coil_+-0.3mA_fine_284mK_191103__IVB__T_1p40K[-0.000145500],0,up,2522,0.9992066640222134,
D4.2__Fig 2__SQUID_data__IVB_BS30_A1S1_I_coil_+-0.3mA_fine_284mK_191103__IVB__T_1p40K[-0.000145500],1,down,4999,0.9995998399359743,0.9871977265073516
D4.2__Fig 2__SQUID_data__IVB_BS30_A1S1_I_coil_+-0.3mA_fine_284mK_191103__IVB__T_1p40K[-0.000145500],2,up,2479,1.0,
D4.2__Fig 2__SQUID_data__IVB_BS30_A1S1_I_coil_+-0.3mA_fine_284mK_191103__IVB__T_1p40K[-0.000146250],0,up,2521,0.9988095238095238,
D4.2__Fig 2__SQUID_data__IVB_BS30_A1S1_I_coil_+-0.3mA_fine_284mK_191103__IVB__T_1p40K[-0.000146250],1,down,5000,0.9995999199839968,0.9872120098530051
D4.2__Fig 2__SQUID_data__IVB_BS30_A1S1_I_coil_+-0.3mA_fine_284mK_191103__IVB__T_1p40K[-0.000146250],2,up,2479,1.0,
D4.2__Fig 2__SQUID_data__IVB_BS30_A1S1_I_coil_+-0.3mA_fine_284mK_191103__IVB__T_1p40K[-0.000147000],0,up,2521,0.9992063492063492,
D4.2__Fig 2__SQUID_data__IVB_BS30_A1S1_I_coil_+-0.3mA_fine_284mK_191103__IVB__T_1p40K[-0.000147000],1,down,5000,0.9995999199839968,0.9871913178431827
D4.2__Fig 2__SQUID_data__IVB_BS30_A1S1_I_coil_+-0.3mA_fine_284mK_191103__IVB__T_1p40K[-0.000147000],2,up,2479,1.0,
D4.2__Fig 2__SQUID_data__IVB_BS30_A1S1_I_coil_+-0.3mA_fine_284mK_191103__IVB__T_1p40K[-0.000147750],0,up,2521,0.9992063492063492,
D4.2__Fig 2__SQUID_data__IVB_BS30_A1S1_I_coil_+-0.3mA_fine_284mK_191103__IVB__T_1p40K[-0.000147750],1,down,5000,0.9997999599919984,0.9870845475127145
D4.2__Fig 2__SQUID_data__IVB_BS30_A1S1_I_coil_+-0.3mA_fine_284mK_191103__IVB__T_1p40K[-0.000147750],2,up,2479,1.0,
D4.2__Fig 2__SQUID_data__IVB_BS30_A1S1_I_coil_+-0.3mA_fine_284mK_191103__IVB__T_1p40K[-0.000148500],0,up,2521,0.9996031746031746,
D4.2__Fig 2__SQUID_data__IVB_BS30_A1S1_I_coil_+-0.3mA_fine_284mK_191103__IVB__T_1p40K[-0.000148500],1,down,5000,0.9995999199839968,0.987155692407936
D4.2__Fig 2__SQUID_data__IVB_BS30_A1S1_I_coil_+-0.3mA_fine_284mK_191103__IVB__T_1p40K[-0.000148500],2,up,2479,1.0,
D4.2__Fig 2__SQUID_data__IVB_BS30_A1S1_I_coil_+-0.3mA_fine_284mK_191103__IVB__T_1p40K[-0.000149250],0,up,2521,0.9984126984126984,
D4.2__Fig 2__SQUID_data__IVB_BS30_A1S1_I_coil_+-0.3mA_fine_284mK_191103__IVB__T_1p40K[-0.000149250],1,down,5000,0.9995999199839968,0.9872724492579941
D4.2__Fig 2__SQUID_data__IVB_BS30_A1S1_I_coil_+-0.3mA_fine_284mK_191103__IVB__T_1p40K[-0.000149250],2,up,2479,1.0,
D4.2__Fig 2__SQUID_data__IVB_BS30_A1S1_I_coil_+-0.3mA_fine_284mK_191103__IVB__T_1p40K[-0.000150000],0,up,2521,0.9992063492063492,
D4.2__Fig 2__SQUID_data__IVB_BS30_A1S1_I_coil_+-0.3mA_fine_284mK_191103__IVB__T_1p40K[-0.000150000],1,down,5000,0.9995999199839968,0.9871611306614523
D4.2__Fig 2__SQUID_data__IVB_BS30_A1S1_I_coil_+-0.3mA_fine_284mK_191103__IVB__T_1p40K[-0.000150000],2,up,2479,1.0,
D4.2__Fig 2__SQUID_data__IVB_BS30_A1S1_I_coil_+-0.3mA_fine_284mK_191103__IVB__T_1p40K[-0.000150750],0,up,2521,0.9992063492063492,
D4.2__Fig 2__SQUID_data__IVB_BS30_A1S1_I_coil_+-0.3mA_fine_284mK_191103__IVB__T_1p40K[-0.000150750],1,down,5000,0.9995999199839968,0.9871697282528198
D4.2__Fig 2__SQUID_data__IVB_BS30_A1S1_I_coil_+-0.3mA_fine_284mK_191103__IVB__T_1p40K[-0.000150750],2,up,2479,1.0,
D4.2__Fig 2__SQUID_data__IVB_BS30_A1S1_I_coil_+-0.3mA_fine_284mK_191103__IVB__T_1p40K[-0.000151500],0,up,2521,0.9988095238095238,
D4.2__Fig 2__SQUID_data__IVB_BS30_A1S1_I_coil_+-0.3mA_fine_284mK_191103__IVB__T_1p40K[-0.000151500],1,down,5000,0.9995999199839968,0.9872589642405648
D4.2__Fig 2__SQUID_data__IVB_BS30_A1S1_I_coil_+-0.3mA_fine_284mK_191103__IVB__T_1p40K[-0.000151500],2,up,2479,1.0,
D4.2__Fig 2__SQUID_data__IVB_BS30_A1S1_I_coil_+-0.3mA_fine_284mK_191103__IVB__T_1p40K[-0.000152250],0,up,2520,0.999603017070266,
D4.2__Fig 2__SQUID_data__IVB_BS30_A1S1_I_coil_+-0.3mA_fine_284mK_191103__IVB__T_1p40K[-0.000152250],1,down,5001,0.9996,0.9872697446294149
D4.2__Fig 2__SQUID_data__IVB_BS30_A1S1_I_coil_+-0.3mA_fine_284mK_191103__IVB__T_1p40K[-0.000152250],2,up,2479,0.9995964487489911,
D4.2__Fig 2__SQUID_data__IVB_BS30_A1S1_I_coil_+-0.3mA_fine_284mK_191103__IVB__T_1p40K[-0.000153000],0,up,2521,0.9992063492063492,
D4.2__Fig 2__SQUID_data__IVB_BS30_A1S1_I_coil_+-0.3mA_fine_284mK_191103__IVB__T_1p40K[-0.000153000],1,down,5000,0.9997999599919984,0.9872297587906541
D4.2__Fig 2__SQUID_data__IVB_BS30_A1S1_I_coil_+-0.3mA_fine_284mK_191103__IVB__T_1p40K[-0.000153000],2,up,2479,1.0,
D4.2__Fig 2__SQUID_data__IVB_BS30_A1S1_I_coil_+-0.3mA_fine_284mK_191103__IVB__T_1p40K[-0.000153750],0,up,2521,0.9996031746031746,
D4.2__Fig 2__SQUID_data__IVB_BS30_A1S1_I_coil_+-0.3mA_fine_284mK_191103__IVB__T_1p40K[-0.000153750],1,down,5000,0.9993998799759952,0.987258867383432
D4.2__Fig 2__SQUID_data__IVB_BS30_A1S1_I_coil_+-0.3mA_fine_284mK_191103__IVB__T_1p40K[-0.000153750],2,up,2479,1.0,
D4.2__Fig 2__SQUID_data__IVB_BS30_A1S1_I_coil_+-0.3mA_fine_284mK_191103__IVB__T_1p40K[-0.000154500],0,up,2521,0.9996031746031746,
D4.2__Fig 2__SQUID_data__IVB_BS30_A1S1_I_coil_+-0.3mA_fine_284mK_191103__IVB__T_1p40K[-0.000154500],1,down,5000,0.9995999199839968,0.9872948575800936
D4.2__Fig 2__SQUID_data__IVB_BS30_A1S1_I_coil_+-0.3mA_fine_284mK_191103__IVB__T_1p40K[-0.000154500],2,up,2479,1.0,
D4.2__Fig 2__SQUID_data__IVB_BS30_A1S1_I_coil_+-0.3mA_fine_284mK_191103__IVB__T_1p40K[-0.000155250],0,up,2521,0.9996031746031746,
D4.2__Fig 2__SQUID_data__IVB_BS30_A1S1_I_coil_+-0.3mA_fine_284mK_191103__IVB__T_1p40K[-0.000155250],1,down,5000,0.9997999599919984,0.987205663470308
D4.2__Fig 2__SQUID_data__IVB_BS30_A1S1_I_coil_+-0.3mA_fine_284mK_191103__IVB__T_1p40K[-0.000155250],2,up,2479,1.0,
D4.2__Fig 2__SQUID_data__IVB_BS30_A1S1_I_coil_+-0.3mA_fine_284mK_191103__IVB__T_1p40K[-0.000156000],0,up,2521,0.9996031746031746,
D4.2__Fig 2__SQUID_data__IVB_BS30_A1S1_I_coil_+-0.3mA_fine_284mK_191103__IVB__T_1p40K[-0.000156000],1,down,5001,0.9994,0.9871833816015892
D4.2__Fig 2__SQUID_data__IVB_BS30_A1S1_I_coil_+-0.3mA_fine_284mK_191103__IVB__T_1p40K[-0.000156000],2,up,2478,1.0,
D4.2__Fig 2__SQUID_data__IVB_BS30_A1S1_I_coil_+-0.3mA_fine_284mK_191103__IVB__T_1p40K[-0.000156750],0,up,2521,0.9996031746031746,
D4.2__Fig 2__SQUID_data__IVB_BS30_A1S1_I_coil_+-0.3mA_fine_284mK_191103__IVB__T_1p40K[-0.000156750],1,down,5001,0.9992,0.9872585137197989
D4.2__Fig 2__SQUID_data__IVB_BS30_A1S1_I_coil_+-0.3mA_fine_284mK_191103__IVB__T_1p40K[-0.000156750],2,up,2478,1.0,
D4.2__Fig 2__SQUID_data__IVB_BS30_A1S1_I_coil_+-0.3mA_fine_284mK_191103__IVB__T_1p40K[-0.000157500],0,up,2521,0.9996031746031746,
D4.2__Fig 2__SQUID_data__IVB_BS30_A1S1_I_coil_+-0.3mA_fine_284mK_191103__IVB__T_1p40K[-0.000157500],1,down,5001,0.9996,0.9872254164399147
D4.2__Fig 2__SQUID_data__IVB_BS30_A1S1_I_coil_+-0.3mA_fine_284mK_191103__IVB__T_1p40K[-0.000157500],2,up,2478,1.0,
D4.2__Fig 2__SQUID_data__IVB_BS30_A1S1_I_coil_+-0.3mA_fine_284mK_191103__IVB__T_1p40K[-0.000158250],0,up,2521,0.9992063492063492,
D4.2__Fig 2__SQUID_data__IVB_BS30_A1S1_I_coil_+-0.3mA_fine_284mK_191103__IVB__T_1p40K[-0.000158250],1,down,5001,0.9992,0.9872054269186757
D4.2__Fig 2__SQUID_data__IVB_BS30_A1S1_I_coil_+-0.3mA_fine_284mK_191103__IVB__T_1p40K[-0.000158250],2,up,2478,1.0,
D4.2__Fig 2__SQUID_data__IVB_BS30_A1S1_I_coil_+-0.3mA_fine_284mK_191103__IVB__T_1p40K[-0.000159000],0,up,2520,0.999603017070266,
D4.2__Fig 2__SQUID_data__IVB_BS30_A1S1_I_coil_+-0.3mA_fine_284mK_191103__IVB__T_1p40K[-0.000159000],1,down,5002,0.9994001199760048,0.9872724515441881
D4.2__Fig 2__SQUID_data__IVB_BS30_A1S1_I_coil_+-0.3mA_fine_284mK_191103__IVB__T_1p40K[-0.000159000],2,up,2478,1.0,
D4.2__Fig 2__SQUID_data__IVB_BS30_A1S1_I_coil_+-0.3mA_fine_284mK_191103__IVB__T_1p40K[-0.000159750],0,up,2521,0.9992063492063492,
D4.2__Fig 2__SQUID_data__IVB_BS30_A1S1_I_coil_+-0.3mA_fine_284mK_191103__IVB__T_1p40K[-0.000159750],1,down,5000,0.9995999199839968,0.9871473196527265
D4.2__Fig 2__SQUID_data__IVB_BS30_A1S1_I_coil_+-0.3mA_fine_284mK_191103__IVB__T_1p40K[-0.000159750],2,up,2479,1.0,
D4.2__Fig 2__SQUID_data__IVB_BS30_A1S1_I_coil_+-0.3mA_fine_284mK_191103__IVB__T_1p40K[-0.000160500],0,up,2521,0.9996031746031746,
D4.2__Fig 2__SQUID_data__IVB_BS30_A1S1_I_coil_+-0.3mA_fine_284mK_191103__IVB__T_1p40K[-0.000160500],1,down,5000,0.9995999199839968,0.9871711321570251
D4.2__Fig 2__SQUID_data__IVB_BS30_A1S1_I_coil_+-0.3mA_fine_284mK_191103__IVB__T_1p40K[-0.000160500],2,up,2479,1.0,
D4.2__Fig 2__SQUID_data__IVB_BS30_A1S1_I_coil_+-0.3mA_fine_284mK_191103__IVB__T_1p40K[-0.000161250],0,up,2520,0.999603017070266,
D4.2__Fig 2__SQUID_data__IVB_BS30_A1S1_I_coil_+-0.3mA_fine_284mK_191103__IVB__T_1p40K[-0.000161250],1,down,5001,0.9994,0.9872057105249452
D4.2__Fig 2__SQUID_data__IVB_BS30_A1S1_I_coil_+-0.3mA_fine_284mK_191103__IVB__T_1p40K[-0.000161250],2,up,2479,1.0,
D4.2__Fig 2__SQUID_data__IVB_BS30_A1S1_I_coil_+-0.3mA_fine_284mK_191103__IVB__T_1p40K[-0.000162000],0,up,2520,0.999603017070266,
D4.2__Fig 2__SQUID_data__IVB_BS30_A1S1_I_coil_+-0.3mA_fine_284mK_191103__IVB__T_1p40K[-0.000162000],1,down,5002,0.9994001199760048,0.9872965808924158
D4.2__Fig 2__SQUID_data__IVB_BS30_A1S1_I_coil_+-0.3mA_fine_284mK_191103__IVB__T_1p40K[-0.000162000],2,up,2478,1.0,
D4.2__Fig 2__SQUID_data__IVB_BS30_A1S1_I_coil_+-0.3mA_fine_284mK_191103__IVB__T_1p40K[-0.000162750],0,up,2520,0.999206034140532,
D4.2__Fig 2__SQUID_data__IVB_BS30_A1S1_I_coil_+-0.3mA_fine_284mK_191103__IVB__T_1p40K[-0.000162750],1,down,5001,0.9996,0.9873366816508735
D4.2__Fig 2__SQUID_data__IVB_BS30_A1S1_I_coil_+-0.3mA_fine_284mK_191103__IVB__T_1p40K[-0.000162750],2,up,2479,1.0,
D4.2__Fig 2__SQUID_data__IVB_BS30_A1S1_I_coil_+-0.3mA_fine_284mK_191103__IVB__T_1p40K[-0.000163500],0,up,2521,0.9988095238095238,
D4.2__Fig 2__SQUID_data__IVB_BS30_A1S1_I_coil_+-0.3mA_fine_284mK_191103__IVB__T_1p40K[-0.000163500],1,down,5000,0.9995999199839968,0.9871947276116997
D4.2__Fig 2__SQUID_data__IVB_BS30_A1S1_I_coil_+-0.3mA_fine_284mK_191103__IVB__T_1p40K[-0.000163500],2,up,2479,1.0,
D4.2__Fig 2__SQUID_data__IVB_BS30_A1S1_I_coil_+-0.3mA_fine_284mK_191103__IVB__T_1p40K[-0.000164250],0,up,2521,0.9992063492063492,
D4.2__Fig 2__SQUID_data__IVB_BS30_A1S1_I_coil_+-0.3mA_fine_284mK_191103__IVB__T_1p40K[-0.000164250],1,down,5000,0.9995999199839968,0.9871847317715021
D4.2__Fig 2__SQUID_data__IVB_BS30_A1S1_I_coil_+-0.3mA_fine_284mK_191103__IVB__T_1p40K[-0.000164250],2,up,2479,1.0,
D4.2__Fig 2__SQUID_data__IVB_BS30_A1S1_I_coil_+-0.3mA_fine_284mK_191103__IVB__T_1p40K[-0.000165000],0,up,2521,0.9996031746031746,
D4.2__Fig 2__SQUID_data__IVB_BS30_A1S1_I_coil_+-0.3mA_fine_284mK_191103__IVB__T_1p40K[-0.000165000],1,down,5000,0.9995999199839968,0.9871609710613722
D4.2__Fig 2__SQUID_data__IVB_BS30_A1S1_I_coil_+-0.3mA_fine_284mK_191103__IVB__T_1p40K[-0.000165000],2,up,2479,1.0,
D4.2__Fig 2__SQUID_data__IVB_BS30_A1S1_I_coil_+-0.3mA_fine_284mK_191103__IVB__T_1p40K[-0.000165750],0,up,2521,0.9992063492063492,
D4.2__Fig 2__SQUID_data__IVB_BS30_A1S1_I_coil_+-0.3mA_fine_284mK_191103__IVB__T_1p40K[-0.000165750],1,down,5000,0.9993998799759952,0.9872024971564718
D4.2__Fig 2__SQUID_data__IVB_BS30_A1S1_I_coil_+-0.3mA_fine_284mK_191103__IVB__T_1p40K[-0.000165750],2,up,2479,1.0,
D4.2__Fig 2__SQUID_data__IVB_BS30_A1S1_I_coil_+-0.3mA_fine_284mK_191103__IVB__T_1p40K[-0.000166500],0,up,2521,0.9996031746031746,
D4.2__Fig 2__SQUID_data__IVB_BS30_A1S1_I_coil_+-0.3mA_fine_284mK_191103__IVB__T_1p40K[-0.000166500],1,down,5000,0.9997999599919984,0.987182733956791
D4.2__Fig 2__SQUID_data__IVB_BS30_A1S1_I_coil_+-0.3mA_fine_284mK_191103__IVB__T_1p40K[-0.000166500],2,up,2479,1.0,
D4.2__Fig 2__SQUID_data__IVB_BS30_A1S1_I_coil_+-0.3mA_fine_284mK_191103__IVB__T_1p40K[-0.000167250],0,up,2520,0.999603017070266,
D4.2__Fig 2__SQUID_data__IVB_BS30_A1S1_I_coil_+-0.3mA_fine_284mK_191103__IVB__T_1p40K[-0.000167250],1,down,5002,0.9996000799840032,0.9869782453615249
D4.2__Fig 2__SQUID_data__IVB_BS30_A1S1_I_coil_+-0.3mA_fine_284mK_191103__IVB__T_1p40K[-0.000167250],2,up,2478,1.0,
D4.2__Fig 2__SQUID_data__IVB_BS30_A1S1_I_coil_+-0.3mA_fine_284mK_191103__IVB__T_1p40K[-0.000168000],0,up,2520,0.999603017070266,
D4.2__Fig 2__SQUID_data__IVB_BS30_A1S1_I_coil_+-0.3mA_fine_284mK_191103__IVB__T_1p40K[-0.000168000],1,down,5001,0.9996,0.9870739272014486
D4.2__Fig 2__SQUID_data__IVB_BS30_A1S1_I_coil_+-0.3mA_fine_284mK_191103__IVB__T_1p40K[-0.000168000],2,up,2479,1.0,
D4.2__Fig 2__SQUID_data__IVB_BS30_A1S1_I_coil_+-0.3mA_fine_284mK_191103__IVB__T_1p40K[-0.000168750],0,up,2520,0.999206034140532,
D4.2__Fig 2__SQUID_data__IVB_BS30_A1S1_I_coil_+-0.3mA_fine_284mK_191103__IVB__T_1p40K[-0.000168750],1,down,5002,0.9994001199760048,0.987009432906987
D4.2__Fig 2__SQUID_data__IVB_BS30_A1S1_I_coil_+-0.3mA_fine_284mK_191103__IVB__T_1p40K[-0.000168750],2,up,2478,1.0,
D4.2__Fig 2__SQUID_data__IVB_BS30_A1S1_I_coil_+-0.3mA_fine_284mK_191103__IVB__T_1p40K[-0.000169500],0,up,2521,0.9992063492063492,
D4.2__Fig 2__SQUID_data__IVB_BS30_A1S1_I_coil_+-0.3mA_fine_284mK_191103__IVB__T_1p40K[-0.000169500],1,down,5001,0.9992,0.9871401676640614
D4.2__Fig 2__SQUID_data__IVB_BS30_A1S1_I_coil_+-0.3mA_fine_284mK_191103__IVB__T_1p40K[-0.000169500],2,up,2478,1.0,
D4.2__Fig 2__SQUID_data__IVB_BS30_A1S1_I_coil_+-0.3mA_fine_284mK_191103__IVB__T_1p40K[-0.000170250],0,up,2521,0.9996031746031746,
D4.2__Fig 2__SQUID_data__IVB_BS30_A1S1_I_coil_+-0.3mA_fine_284mK_191103__IVB__T_1p40K[-0.000170250],1,down,5000,0.9997999599919984,0.9870092471929126
D4.2__Fig 2__SQUID_data__IVB_BS30_A1S1_I_coil_+-0.3mA_fine_284mK_191103__IVB__T_1p40K[-0.000170250],2,up,2479,1.0,
D4.2__Fig 2__SQUID_data__IVB_BS30_A1S1_I_coil_+-0.3mA_fine_284mK_191103__IVB__T_1p40K[-0.000171000],0,up,2520,0.999603017070266,
D4.2__Fig 2__SQUID_data__IVB_BS30_A1S1_I_coil_+-0.3mA_fine_284mK_191103__IVB__T_1p40K[-0.000171000],1,down,5002,0.9994001199760048,0.9871049496348491
D4.2__Fig 2__SQUID_data__IVB_BS30_A1S1_I_coil_+-0.3mA_fine_284mK_191103__IVB__T_1p40K[-0.000171000],2,up,2478,1.0,
D4.2__Fig 2__SQUID_data__IVB_BS30_A1S1_I_coil_+-0.3mA_fine_284mK_191103__IVB__T_1p40K[-0.000171750],0,up,2520,1.0,
D4.2__Fig 2__SQUID_data__IVB_BS30_A1S1_I_coil_+-0.3mA_fine_284mK_191103__IVB__T_1p40K[-0.000171750],1,down,5001,0.9998,0.9870915848883318
D4.2__Fig 2__SQUID_data__IVB_BS30_A1S1_I_coil_+-0.3mA_fine_284mK_191103__IVB__T_1p40K[-0.000171750],2,up,2479,1.0,
D4.2__Fig 2__SQUID_data__IVB_BS30_A1S1_I_coil_+-0.3mA_fine_284mK_191103__IVB__T_1p40K[-0.000172500],0,up,2521,0.9996031746031746,
D4.2__Fig 2__SQUID_data__IVB_BS30_A1S1_I_coil_+-0.3mA_fine_284mK_191103__IVB__T_1p40K[-0.000172500],1,down,5000,0.9993998799759952,0.9870639362486013
D4.2__Fig 2__SQUID_data__IVB_BS30_A1S1_I_coil_+-0.3mA_fine_284mK_191103__IVB__T_1p40K[-0.000172500],2,up,2479,1.0,
D4.2__Fig 2__SQUID_data__IVB_BS30_A1S1_I_coil_+-0.3mA_fine_284mK_191103__IVB__T_1p40K[-0.000173250],0,up,2521,0.9988095238095238,
D4.2__Fig 2__SQUID_data__IVB_BS30_A1S1_I_coil_+-0.3mA_fine_284mK_191103__IVB__T_1p40K[-0.000173250],1,down,5000,0.9997999599919984,0.9870356854295712
D4.2__Fig 2__SQUID_data__IVB_BS30_A1S1_I_coil_+-0.3mA_fine_284mK_191103__IVB__T_1p40K[-0.000173250],2,up,2479,1.0,
D4.2__Fig 2__SQUID_data__IVB_BS30_A1S1_I_coil_+-0.3mA_fine_284mK_191103__IVB__T_1p40K[-0.000174000],0,up,2521,0.9988095238095238,
D4.2__Fig 2__SQUID_data__IVB_BS30_A1S1_I_coil_+-0.3mA_fine_284mK_191103__IVB__T_1p40K[-0.000174000],1,down,5000,0.9993998799759952,0.9870646126512891
D4.2__Fig 2__SQUID_data__IVB_BS30_A1S1_I_coil_+-0.3mA_fine_284mK_191103__IVB__T_1p40K[-0.000174000],2,up,2479,1.0,
D4.2__Fig 2__SQUID_data__IVB_BS30_A1S1_I_coil_+-0.3mA_fine_284mK_191103__IVB__T_1p40K[-0.000174750],0,up,2520,0.999206034140532,
D4.2__Fig 2__SQUID_data__IVB_BS30_A1S1_I_coil_+-0.3mA_fine_284mK_191103__IVB__T_1p40K[-0.000174750],1,down,5001,0.9996,0.9870582132970975
D4.2__Fig 2__SQUID_data__IVB_BS30_A1S1_I_coil_+-0.3mA_fine_284mK_191103__IVB__T_1p40K[-0.000174750],2,up,2479,1.0,
D4.2__Fig 2__SQUID_data__IVB_BS30_A1S1_I_coil_+-0.3mA_fine_284mK_191103__IVB__T_1p40K[-0.000175500],0,up,2521,0.9992063492063492,
D4.2__Fig 2__SQUID_data__IVB_BS30_A1S1_I_coil_+-0.3mA_fine_284mK_191103__IVB__T_1p40K[-0.000175500],1,down,5000,0.9995999199839968,0.9870047302715237
D4.2__Fig 2__SQUID_data__IVB_BS30_A1S1_I_coil_+-0.3mA_fine_284mK_191103__IVB__T_1p40K[-0.000175500],2,up,2479,1.0,
D4.2__Fig 2__SQUID_data__IVB_BS30_A1S1_I_coil_+-0.3mA_fine_284mK_191103__IVB__T_1p40K[-0.000176250],0,up,2521,0.9988095238095238,
D4.2__Fig 2__SQUID_data__IVB_BS30_A1S1_I_coil_+-0.3mA_fine_284mK_191103__IVB__T_1p40K[-0.000176250],1,down,5000,0.9995999199839968,0.9870753965092877
D4.2__Fig 2__SQUID_data__IVB_BS30_A1S1_I_coil_+-0.3mA_fine_284mK_191103__IVB__T_1p40K[-0.000176250],2,up,2479,1.0,
D4.2__Fig 2__SQUID_data__IVB_BS30_A1S1_I_coil_+-0.3mA_fine_284mK_191103__IVB__T_1p40K[-0.000177000],0,up,2521,0.9992063492063492,
D4.2__Fig 2__SQUID_data__IVB_BS30_A1S1_I_coil_+-0.3mA_fine_284mK_191103__IVB__T_1p40K[-0.000177000],1,down,5000,0.9995999199839968,0.9871300814566004
D4.2__Fig 2__SQUID_data__IVB_BS30_A1S1_I_coil_+-0.3mA_fine_284mK_191103__IVB__T_1p40K[-0.000177000],2,up,2479,1.0,
D4.2__Fig 2__SQUID_data__IVB_BS30_A1S1_I_coil_+-0.3mA_fine_284mK_191103__IVB__T_1p40K[-0.000177750],0,up,2520,0.999206034140532,
D4.2__Fig 2__SQUID_data__IVB_BS30_A1S1_I_coil_+-0.3mA_fine_284mK_191103__IVB__T_1p40K[-0.000177750],1,down,5001,0.9996,0.9871271298038267
D4.2__Fig 2__SQUID_data__IVB_BS30_A1S1_I_coil_+-0.3mA_fine_284mK_191103__IVB__T_1p40K[-0.000177750],2,up,2479,1.0,
D4.2__Fig 2__SQUID_data__IVB_BS30_A1S1_I_coil_+-0.3mA_fine_284mK_191103__IVB__T_1p40K[-0.000178500],0,up,2521,0.9992063492063492,
D4.2__Fig 2__SQUID_data__IVB_BS30_A1S1_I_coil_+-0.3mA_fine_284mK_191103__IVB__T_1p40K[-0.000178500],1,down,4999,0.9997999199679872,0.9870598719504459
D4.2__Fig 2__SQUID_data__IVB_BS30_A1S1_I_coil_+-0.3mA_fine_284mK_191103__IVB__T_1p40K[-0.000178500],2,up,2480,1.0,
D4.2__Fig 2__SQUID_data__IVB_BS30_A1S1_I_coil_+-0.3mA_fine_284mK_191103__IVB__T_1p40K[-0.000179250],0,up,2520,0.999206034140532,
D4.2__Fig 2__SQUID_data__IVB_BS30_A1S1_I_coil_+-0.3mA_fine_284mK_191103__IVB__T_1p40K[-0.000179250],1,down,5001,0.9996,0.9870742128073152
D4.2__Fig 2__SQUID_data__IVB_BS30_A1S1_I_coil_+-0.3mA_fine_284mK_191103__IVB__T_1p40K[-0.000179250],2,up,2479,1.0,
D4.2__Fig 2__SQUID_data__IVB_BS30_A1S1_I_coil_+-0.3mA_fine_284mK_191103__IVB__T_1p40K[-0.000180000],0,up,2521,0.9996031746031746,
D4.2__Fig 2__SQUID_data__IVB_BS30_A1S1_I_coil_+-0.3mA_fine_284mK_191103__IVB__T_1p40K[-0.000180000],1,down,5000,0.9997999599919984,0.9870138677108681
D4.2__Fig 2__SQUID_data__IVB_BS30_A1S1_I_coil_+-0.3mA_fine_284mK_191103__IVB__T_1p40K[-0.000180000],2,up,2479,1.0,
D4.2__Fig 2__SQUID_data__IVB_BS30_A1S1_I_coil_+-0.3mA_fine_284mK_191103__IVB__T_1p40K[-0.000180750],0,up,2521,0.9992063492063492,
D4.2__Fig 2__SQUID_data__IVB_BS30_A1S1_I_coil_+-0.3mA_fine_284mK_191103__IVB__T_1p40K[-0.000180750],1,down,5000,0.9995999199839968,0.9869720230564951
D4.2__Fig 2__SQUID_data__IVB_BS30_A1S1_I_coil_+-0.3mA_fine_284mK_191103__IVB__T_1p40K[-0.000180750],2,up,2479,1.0,
D4.2__Fig 2__SQUID_data__IVB_BS30_A1S1_I_coil_+-0.3mA_fine_284mK_191103__IVB__T_1p40K[-0.000181500],0,up,2521,0.9992063492063492,
D4.2__Fig 2__SQUID_data__IVB_BS30_A1S1_I_coil_+-0.3mA_fine_284mK_191103__IVB__T_1p40K[-0.000181500],1,down,5000,0.9993998799759952,0.9870605549903793
D4.2__Fig 2__SQUID_data__IVB_BS30_A1S1_I_coil_+-0.3mA_fine_284mK_191103__IVB__T_1p40K[-0.000181500],2,up,2479,1.0,
D4.2__Fig 2__SQUID_data__IVB_BS30_A1S1_I_coil_+-0.3mA_fine_284mK_191103__IVB__T_1p40K[-0.000182250],0,up,2521,0.9992063492063492,
D4.2__Fig 2__SQUID_data__IVB_BS30_A1S1_I_coil_+-0.3mA_fine_284mK_191103__IVB__T_1p40K[-0.000182250],1,down,5000,0.9995999199839968,0.9869978082510042
D4.2__Fig 2__SQUID_data__IVB_BS30_A1S1_I_coil_+-0.3mA_fine_284mK_191103__IVB__T_1p40K[-0.000182250],2,up,2479,1.0,
D4.2__Fig 2__SQUID_data__IVB_BS30_A1S1_I_coil_+-0.3mA_fine_284mK_191103__IVB__T_1p40K[-0.000183000],0,up,2521,0.9988095238095238,
D4.2__Fig 2__SQUID_data__IVB_BS30_A1S1_I_coil_+-0.3mA_fine_284mK_191103__IVB__T_1p40K[-0.000183000],1,down,5000,0.9993998799759952,0.987024633315417
D4.2__Fig 2__SQUID_data__IVB_BS30_A1S1_I_coil_+-0.3mA_fine_284mK_191103__IVB__T_1p40K[-0.000183000],2,up,2479,1.0,
D4.2__Fig 2__SQUID_data__IVB_BS30_A1S1_I_coil_+-0.3mA_fine_284mK_191103__IVB__T_1p40K[-0.000183750],0,up,2521,0.9992063492063492,
D4.2__Fig 2__SQUID_data__IVB_BS30_A1S1_I_coil_+-0.3mA_fine_284mK_191103__IVB__T_1p40K[-0.000183750],1,down,5000,0.9993998799759952,0.9871077724862096
D4.2__Fig 2__SQUID_data__IVB_BS30_A1S1_I_coil_+-0.3mA_fine_284mK_191103__IVB__T_1p40K[-0.000183750],2,up,2479,1.0,
D4.2__Fig 2__SQUID_data__IVB_BS30_A1S1_I_coil_+-0.3mA_fine_284mK_191103__IVB__T_1p40K[-0.000184500],0,up,2521,0.9992063492063492,
D4.2__Fig 2__SQUID_data__IVB_BS30_A1S1_I_coil_+-0.3mA_fine_284mK_191103__IVB__T_1p40K[-0.000184500],1,down,5000,0.9997999599919984,0.9869581016914548
D4.2__Fig 2__SQUID_data__IVB_BS30_A1S1_I_coil_+-0.3mA_fine_284mK_191103__IVB__T_1p40K[-0.000184500],2,up,2479,1.0,
D4.2__Fig 2__SQUID_data__IVB_BS30_A1S1_I_coil_+-0.3mA_fine_284mK_191103__IVB__T_1p40K[-0.000185250],0,up,2521,0.9988095238095238,
D4.2__Fig 2__SQUID_data__IVB_BS30_A1S1_I_coil_+-0.3mA_fine_284mK_191103__IVB__T_1p40K[-0.000185250],1,down,5000,0.9995999199839968,0.9869470229773185
D4.2__Fig 2__SQUID_data__IVB_BS30_A1S1_I_coil_+-0.3mA_fine_284mK_191103__IVB__T_1p40K[-0.000185250],2,up,2479,1.0,
D4.2__Fig 2__SQUID_data__IVB_BS30_A1S1_I_coil_+-0.3mA_fine_284mK_191103__IVB__T_1p40K[-0.000186000],0,up,2521,0.9988095238095238,
D4.2__Fig 2__SQUID_data__IVB_BS30_A1S1_I_coil_+-0.3mA_fine_284mK_191103__IVB__T_1p40K[-0.000186000],1,down,4999,1.0,0.9869671796028534
D4.2__Fig 2__SQUID_data__IVB_BS30_A1S1_I_coil_+-0.3mA_fine_284mK_191103__IVB__T_1p40K[-0.000186000],2,up,2480,1.0,
D4.2__Fig 2__SQUID_data__IVB_BS30_A1S1_I_coil_+-0.3mA_fine_284mK_191103__IVB__T_1p40K[-0.000186750],0,up,2520,0.999603017070266,
D4.2__Fig 2__SQUID_data__IVB_BS30_A1S1_I_coil_+-0.3mA_fine_284mK_191103__IVB__T_1p40K[-0.000186750],1,down,5001,0.9996,0.9869894825161749
D4.2__Fig 2__SQUID_data__IVB_BS30_A1S1_I_coil_+-0.3mA_fine_284mK_191103__IVB__T_1p40K[-0.000186750],2,up,2479,1.0,
D4.2__Fig 2__SQUID_data__IVB_BS30_A1S1_I_coil_+-0.3mA_fine_284mK_191103__IVB__T_1p40K[-0.000187500],0,up,2521,0.9996031746031746,
D4.2__Fig 2__SQUID_data__IVB_BS30_A1S1_I_coil_+-0.3mA_fine_284mK_191103__IVB__T_1p40K[-0.000187500],1,down,5000,0.9993998799759952,0.986903981000175
D4.2__Fig 2__SQUID_data__IVB_BS30_A1S1_I_coil_+-0.3mA_fine_284mK_191103__IVB__T_1p40K[-0.000187500],2,up,2479,1.0,
D4.2__Fig 2__SQUID_data__IVB_BS30_A1S1_I_coil_+-0.3mA_fine_284mK_191103__IVB__T_1p40K[-0.000188250],0,up,2520,0.999206034140532,
D4.2__Fig 2__SQUID_data__IVB_BS30_A1S1_I_coil_+-0.3mA_fine_284mK_191103__IVB__T_1p40K[-0.000188250],1,down,5001,0.9996,0.9870851914422217
D4.2__Fig 2__SQUID_data__IVB_BS30_A1S1_I_coil_+-0.3mA_fine_284mK_191103__IVB__T_1p40K[-0.000188250],2,up,2479,1.0,
D4.2__Fig 2__SQUID_data__IVB_BS30_A1S1_I_coil_+-0.3mA_fine_284mK_191103__IVB__T_1p40K[-0.000189000],0,up,2521,0.9996031746031746,
D4.2__Fig 2__SQUID_data__IVB_BS30_A1S1_I_coil_+-0.3mA_fine_284mK_191103__IVB__T_1p40K[-0.000189000],1,down,5000,0.9995999199839968,0.9869740333508609
D4.2__Fig 2__SQUID_data__IVB_BS30_A1S1_I_coil_+-0.3mA_fine_284mK_191103__IVB__T_1p40K[-0.000189000],2,up,2479,1.0,
D4.2__Fig 2__SQUID_data__IVB_BS30_A1S1_I_coil_+-0.3mA_fine_284mK_191103__IVB__T_1p40K[-0.000189750],0,up,2521,0.9996031746031746,
D4.2__Fig 2__SQUID_data__IVB_BS30_A1S1_I_coil_+-0.3mA_fine_284mK_191103__IVB__T_1p40K[-0.000189750],1,down,5000,0.9995999199839968,0.9870695248898949
D4.2__Fig 2__SQUID_data__IVB_BS30_A1S1_I_coil_+-0.3mA_fine_284mK_191103__IVB__T_1p40K[-0.000189750],2,up,2479,0.9995964487489911,
D4.2__Fig 2__SQUID_data__IVB_BS30_A1S1_I_coil_+-0.3mA_fine_284mK_191103__IVB__T_1p40K[-0.000190500],0,up,2520,0.999603017070266,
D4.2__Fig 2__SQUID_data__IVB_BS30_A1S1_I_coil_+-0.3mA_fine_284mK_191103__IVB__T_1p40K[-0.000190500],1,down,5001,0.9994,0.9870716761017716
D4.2__Fig 2__SQUID_data__IVB_BS30_A1S1_I_coil_+-0.3mA_fine_284mK_191103__IVB__T_1p40K[-0.000190500],2,up,2479,1.0,
D4.2__Fig 2__SQUID_data__IVB_BS30_A1S1_I_coil_+-0.3mA_fine_284mK_191103__IVB__T_1p40K[-0.000191250],0,up,2520,0.999206034140532,
D4.2__Fig 2__SQUID_data__IVB_BS30_A1S1_I_coil_+-0.3mA_fine_284mK_191103__IVB__T_1p40K[-0.000191250],1,down,5001,0.9996,0.987000723116066
D4.2__Fig 2__SQUID_data__IVB_BS30_A1S1_I_coil_+-0.3mA_fine_284mK_191103__IVB__T_1p40K[-0.000191250],2,up,2479,1.0,
D4.2__Fig 2__SQUID_data__IVB_BS30_A1S1_I_coil_+-0.3mA_fine_284mK_191103__IVB__T_1p40K[-0.000192000],0,up,2521,0.9996031746031746,
D4.2__Fig 2__SQUID_data__IVB_BS30_A1S1_I_coil_+-0.3mA_fine_284mK_191103__IVB__T_1p40K[-0.000192000],1,down,5000,0.9993998799759952,0.9870120386527054
D4.2__Fig 2__SQUID_data__IVB_BS30_A1S1_I_coil_+-0.3mA_fine_284mK_191103__IVB__T_1p40K[-0.000192000],2,up,2479,1.0,
D4.2__Fig 2__SQUID_data__IVB_BS30_A1S1_I_coil_+-0.3mA_fine_284mK_191103__IVB__T_1p40K[-0.000192750],0,up,2521,0.9988095238095238,
D4.2__Fig 2__SQUID_data__IVB_BS30_A1S1_I_coil_+-0.3mA_fine_284mK_191103__IVB__T_1p40K[-0.000192750],1,down,5000,0.9997999599919984,0.9869735533466468
D4.2__Fig 2__SQUID_data__IVB_BS30_A1S1_I_coil_+-0.3mA_fine_284mK_191103__IVB__T_1p40K[-0.000192750],2,up,2479,1.0,
D4.2__Fig 2__SQUID_data__IVB_BS30_A1S1_I_coil_+-0.3mA_fine_284mK_191103__IVB__T_1p40K[-0.000193500],0,up,2520,0.999206034140532,
D4.2__Fig 2__SQUID_data__IVB_BS30_A1S1_I_coil_+-0.3mA_fine_284mK_191103__IVB__T_1p40K[-0.000193500],1,down,5001,0.9994,0.9869535717161949
D4.2__Fig 2__SQUID_data__IVB_BS30_A1S1_I_coil_+-0.3mA_fine_284mK_191103__IVB__T_1p40K[-0.000193500],2,up,2479,1.0,
D4.2__Fig 2__SQUID_data__IVB_BS30_A1S1_I_coil_+-0.3mA_fine_284mK_191103__IVB__T_1p40K[-0.000194250],0,up,2521,0.9988095238095238,
D4.2__Fig 2__SQUID_data__IVB_BS30_A1S1_I_coil_+-0.3mA_fine_284mK_191103__IVB__T_1p40K[-0.000194250],1,down,5001,0.9994,0.9870229464701183
D4.2__Fig 2__SQUID_data__IVB_BS30_A1S1_I_coil_+-0.3mA_fine_284mK_191103__IVB__T_1p40K[-0.000194250],2,up,2478,1.0,
D4.2__Fig 2__SQUID_data__IVB_BS30_A1S1_I_coil_+-0.3mA_fine_284mK_191103__IVB__T_1p40K[-0.000195000],0,up,2521,0.9988095238095238,
D4.2__Fig 2__SQUID_data__IVB_BS30_A1S1_I_coil_+-0.3mA_fine_284mK_191103__IVB__T_1p40K[-0.000195000],1,down,5001,0.9994,0.9870153524533353
D4.2__Fig 2__SQUID_data__IVB_BS30_A1S1_I_coil_+-0.3mA_fine_284mK_191103__IVB__T_1p40K[-0.000195000],2,up,2478,1.0,
D4.2__Fig 2__SQUID_data__IVB_BS30_A1S1_I_coil_+-0.3mA_fine_284mK_191103__IVB__T_1p40K[-0.000195750],0,up,2521,0.9992063492063492,
D4.2__Fig 2__SQUID_data__IVB_BS30_A1S1_I_coil_+-0.3mA_fine_284mK_191103__IVB__T_1p40K[-0.000195750],1,down,5000,0.9995999199839968,0.9870601557059424
D4.2__Fig 2__SQUID_data__IVB_BS30_A1S1_I_coil_+-0.3mA_fine_284mK_191103__IVB__T_1p40K[-0.000195750],2,up,2479,1.0,
D4.2__Fig 2__SQUID_data__IVB_BS30_A1S1_I_coil_+-0.3mA_fine_284mK_191103__IVB__T_1p40K[-0.000196500],0,up,2521,0.9992063492063492,
D4.2__Fig 2__SQUID_data__IVB_BS30_A1S1_I_coil_+-0.3mA_fine_284mK_191103__IVB__T_1p40K[-0.000196500],1,down,5000,0.9993998799759952,0.9869983703405485
D4.2__Fig 2__SQUID_data__IVB_BS30_A1S1_I_coil_+-0.3mA_fine_284mK_191103__IVB__T_1p40K[-0.000196500],2,up,2479,1.0,
D4.2__Fig 2__SQUID_data__IVB_BS30_A1S1_I_coil_+-0.3mA_fine_284mK_191103__IVB__T_1p40K[-0.000197250],0,up,2520,0.999206034140532,
D4.2__Fig 2__SQUID_data__IVB_BS30_A1S1_I_coil_+-0.3mA_fine_284mK_191103__IVB__T_1p40K[-0.000197250],1,down,5001,0.9998,0.9870428472488563
D4.2__Fig 2__SQUID_data__IVB_BS30_A1S1_I_coil_+-0.3mA_fine_284mK_191103__IVB__T_1p40K[-0.000197250],2,up,2479,1.0,
D4.2__Fig 2__SQUID_data__IVB_BS30_A1S1_I_coil_+-0.3mA_fine_284mK_191103__IVB__T_1p40K[-0.000198000],0,up,2520,0.999603017070266,
D4.2__Fig 2__SQUID_data__IVB_BS30_A1S1_I_coil_+-0.3mA_fine_284mK_191103__IVB__T_1p40K[-0.000198000],1,down,5001,0.9996,0.9870828525926058
D4.2__Fig 2__SQUID_data__IVB_BS30_A1S1_I_coil_+-0.3mA_fine_284mK_191103__IVB__T_1p40K[-0.000198000],2,up,2479,1.0,
D4.2__Fig 2__SQUID_data__IVB_BS30_A1S1_I_coil_+-0.3mA_fine_284mK_191103__IVB__T_1p40K[-0.000198750],0,up,2521,0.9996031746031746,
D4.2__Fig 2__SQUID_data__IVB_BS30_A1S1_I_coil_+-0.3mA_fine_284mK_191103__IVB__T_1p40K[-0.000198750],1,down,5000,0.9997999599919984,0.9870202464118447
D4.2__Fig 2__SQUID_data__IVB_BS30_A1S1_I_coil_+-0.3mA_fine_284mK_191103__IVB__T_1p40K[-0.000198750],2,up,2479,1.0,
D4.2__Fig 2__SQUID_data__IVB_BS30_A1S1_I_coil_+-0.3mA_fine_284mK_191103__IVB__T_1p40K[-0.000199500],0,up,2520,0.999206034140532,
D4.2__Fig 2__SQUID_data__IVB_BS30_A1S1_I_coil_+-0.3mA_fine_284mK_191103__IVB__T_1p40K[-0.000199500],1,down,5001,0.9996,0.9871231908954002
D4.2__Fig 2__SQUID_data__IVB_BS30_A1S1_I_coil_+-0.3mA_fine_284mK_191103__IVB__T_1p40K[-0.000199500],2,up,2479,1.0,
D4.2__Fig 2__SQUID_data__IVB_BS30_A1S1_I_coil_+-0.3mA_fine_284mK_191103__IVB__T_1p40K[-0.000200250],0,up,2521,0.9992063492063492,
D4.2__Fig 2__SQUID_data__IVB_BS30_A1S1_I_coil_+-0.3mA_fine_284mK_191103__IVB__T_1p40K[-0.000200250],1,down,5000,0.9997999599919984,0.987074473450157
D4.2__Fig 2__SQUID_data__IVB_BS30_A1S1_I_coil_+-0.3mA_fine_284mK_191103__IVB__T_1p40K[-0.000200250],2,up,2479,1.0,
D4.2__Fig 2__SQUID_data__IVB_BS30_A1S1_I_coil_+-0.3mA_fine_284mK_191103__IVB__T_1p40K[-0.000201000],0,up,2521,0.9988095238095238,
D4.2__Fig 2__SQUID_data__IVB_BS30_A1S1_I_coil_+-0.3mA_fine_284mK_191103__IVB__T_1p40K[-0.000201000],1,down,5000,0.9995999199839968,0.9870540168236163
D4.2__Fig 2__SQUID_data__IVB_BS30_A1S1_I_coil_+-0.3mA_fine_284mK_191103__IVB__T_1p40K[-0.000201000],2,up,2479,1.0,
D4.2__Fig 2__SQUID_data__IVB_BS30_A1S1_I_coil_+-0.3mA_fine_284mK_191103__IVB__T_1p40K[-0.000201750],0,up,2521,0.9992063492063492,
D4.2__Fig 2__SQUID_data__IVB_BS30_A1S1_I_coil_+-0.3mA_fine_284mK_191103__IVB__T_1p40K[-0.000201750],1,down,5000,0.9995999199839968,0.9869307013322273
D4.2__Fig 2__SQUID_data__IVB_BS30_A1S1_I_coil_+-0.3mA_fine_284mK_191103__IVB__T_1p40K[-0.000201750],2,up,2479,1.0,
D4.2__Fig 2__SQUID_data__IVB_BS30_A1S1_I_coil_+-0.3mA_fine_284mK_191103__IVB__T_1p40K[-0.000202500],0,up,2521,0.9996031746031746,
D4.2__Fig 2__SQUID_data__IVB_BS30_A1S1_I_coil_+-0.3mA_fine_284mK_191103__IVB__T_1p40K[-0.000202500],1,down,5000,0.9995999199839968,0.9870535777309026
D4.2__Fig 2__SQUID_data__IVB_BS30_A1S1_I_coil_+-0.3mA_fine_284mK_191103__IVB__T_1p40K[-0.000202500],2,up,2479,1.0,
D4.2__Fig 2__SQUID_data__IVB_BS30_A1S1_I_coil_+-0.3mA_fine_284mK_191103__IVB__T_1p40K[-0.000203250],0,up,2521,0.9992063492063492,
D4.2__Fig 2__SQUID_data__IVB_BS30_A1S1_I_coil_+-0.3mA_fine_284mK_191103__IVB__T_1p40K[-0.000203250],1,down,5000,0.9995999199839968,0.9870266871180788
D4.2__Fig 2__SQUID_data__IVB_BS30_A1S1_I_coil_+-0.3mA_fine_284mK_191103__IVB__T_1p40K[-0.000203250],2,up,2479,1.0,
D4.2__Fig 2__SQUID_data__IVB_BS30_A1S1_I_coil_+-0.3mA_fine_284mK_191103__IVB__T_1p40K[-0.000204000],0,up,2521,0.9996031746031746,
D4.2__Fig 2__SQUID_data__IVB_BS30_A1S1_I_coil_+-0.3mA_fine_284mK_191103__IVB__T_1p40K[-0.000204000],1,down,5000,0.9997999599919984,0.9870558133545612
D4.2__Fig 2__SQUID_data__IVB_BS30_A1S1_I_coil_+-0.3mA_fine_284mK_191103__IVB__T_1p40K[-0.000204000],2,up,2479,1.0,
D4.2__Fig 2__SQUID_data__IVB_BS30_A1S1_I_coil_+-0.3mA_fine_284mK_191103__IVB__T_1p40K[-0.000204750],0,up,2521,0.9992063492063492,
D4.2__Fig 2__SQUID_data__IVB_BS30_A1S1_I_coil_+-0.3mA_fine_284mK_191103__IVB__T_1p40K[-0.000204750],1,down,5000,0.9997999599919984,0.9870166279541889
D4.2__Fig 2__SQUID_data__IVB_BS30_A1S1_I_coil_+-0.3mA_fine_284mK_191103__IVB__T_1p40K[-0.000204750],2,up,2479,1.0,
D4.2__Fig 2__SQUID_data__IVB_BS30_A1S1_I_coil_+-0.3mA_fine_284mK_191103__IVB__T_1p40K[-0.000205500],0,up,2521,0.9996031746031746,
D4.2__Fig 2__SQUID_data__IVB_BS30_A1S1_I_coil_+-0.3mA_fine_284mK_191103__IVB__T_1p40K[-0.000205500],1,down,5001,0.9992,0.9870832885004688
D4.2__Fig 2__SQUID_data__IVB_BS30_A1S1_I_coil_+-0.3mA_fine_284mK_191103__IVB__T_1p40K[-0.000205500],2,up,2478,1.0,
D4.2__Fig 2__SQUID_data__IVB_BS30_A1S1_I_coil_+-0.3mA_fine_284mK_191103__IVB__T_1p40K[-0.000206250],0,up,2521,0.9992063492063492,
D4.2__Fig 2__SQUID_data__IVB_BS30_A1S1_I_coil_+-0.3mA_fine_284mK_191103__IVB__T_1p40K[-0.000206250],1,down,5001,0.9996,0.9869468558420263
D4.2__Fig 2__SQUID_data__IVB_BS30_A1S1_I_coil_+-0.3mA_fine_284mK_191103__IVB__T_1p40K[-0.000206250],2,up,2478,1.0,
D4.2__Fig 2__SQUID_data__IVB_BS30_A1S1_I_coil_+-0.3mA_fine_284mK_191103__IVB__T_1p40K[-0.000207000],0,up,2520,0.999603017070266,
D4.2__Fig 2__SQUID_data__IVB_BS30_A1S1_I_coil_+-0.3mA_fine_284mK_191103__IVB__T_1p40K[-0.000207000],1,down,5001,0.9996,0.987041002129862
D4.2__Fig 2__SQUID_data__IVB_BS30_A1S1_I_coil_+-0.3mA_fine_284mK_191103__IVB__T_1p40K[-0.000207000],2,up,2479,1.0,
D4.2__Fig 2__SQUID_data__IVB_BS30_A1S1_I_coil_+-0.3mA_fine_284mK_191103__IVB__T_1p40K[-0.000207750],0,up,2521,0.9984126984126984,
D4.2__Fig 2__SQUID_data__IVB_BS30_A1S1_I_coil_+-0.3mA_fine_284mK_191103__IVB__T_1p40K[-0.000207750],1,down,5000,0.9993998799759952,0.9870246517128941
D4.2__Fig 2__SQUID_data__IVB_BS30_A1S1_I_coil_+-0.3mA_fine_284mK_191103__IVB__T_1p40K[-0.000207750],2,up,2479,1.0,
D4.2__Fig 2__SQUID_data__IVB_BS30_A1S1_I_coil_+-0.3mA_fine_284mK_191103__IVB__T_1p40K[-0.000208500],0,up,2521,0.9992063492063492,
D4.2__Fig 2__SQUID_data__IVB_BS30_A1S1_I_coil_+-0.3mA_fine_284mK_191103__IVB__T_1p40K[-0.000208500],1,down,5000,0.9995999199839968,0.9869604377520032
D4.2__Fig 2__SQUID_data__IVB_BS30_A1S1_I_coil_+-0.3mA_fine_284mK_191103__IVB__T_1p40K[-0.000208500],2,up,2479,1.0,
D4.2__Fig 2__SQUID_data__IVB_BS30_A1S1_I_coil_+-0.3mA_fine_284mK_191103__IVB__T_1p40K[-0.000209250],0,up,2521,0.9992063492063492,
D4.2__Fig 2__SQUID_data__IVB_BS30_A1S1_I_coil_+-0.3mA_fine_284mK_191103__IVB__T_1p40K[-0.000209250],1,down,5000,0.9995999199839968,0.9870088453740032
D4.2__Fig 2__SQUID_data__IVB_BS30_A1S1_I_coil_+-0.3mA_fine_284mK_191103__IVB__T_1p40K[-0.000209250],2,up,2479,1.0,
D4.2__Fig 2__SQUID_data__IVB_BS30_A1S1_I_coil_+-0.3mA_fine_284mK_191103__IVB__T_1p40K[-0.000210000],0,up,2521,0.9988095238095238,
D4.2__Fig 2__SQUID_data__IVB_BS30_A1S1_I_coil_+-0.3mA_fine_284mK_191103__IVB__T_1p40K[-0.000210000],1,down,5000,0.9995999199839968,0.9870181729136254
D4.2__Fig 2__SQUID_data__IVB_BS30_A1S1_I_coil_+-0.3mA_fine_284mK_191103__IVB__T_1p40K[-0.000210000],2,up,2479,1.0,
D4.2__Fig 2__SQUID_data__IVB_BS30_A1S1_I_coil_+-0.3mA_fine_284mK_191103__IVB__T_1p40K[-0.000210750],0,up,2521,0.9996031746031746,
D4.2__Fig 2__SQUID_data__IVB_BS30_A1S1_I_coil_+-0.3mA_fine_284mK_191103__IVB__T_1p40K[-0.000210750],1,down,5000,1.0,0.986978080085785
D4.2__Fig 2__SQUID_data__IVB_BS30_A1S1_I_coil_+-0.3mA_fine_284mK_191103__IVB__T_1p40K[-0.000210750],2,up,2479,1.0,
D4.2__Fig 2__SQUID_data__IVB_BS30_A1S1_I_coil_+-0.3mA_fine_284mK_191103__IVB__T_1p40K[-0.000211500],0,up,2520,0.9988090512107979,
D4.2__Fig 2__SQUID_data__IVB_BS30_A1S1_I_coil_+-0.3mA_fine_284mK_191103__IVB__T_1p40K[-0.000211500],1,down,5001,0.9996,0.9870336764651825
D4.2__Fig 2__SQUID_data__IVB_BS30_A1S1_I_coil_+-0.3mA_fine_284mK_191103__IVB__T_1p40K[-0.000211500],2,up,2479,1.0,
D4.2__Fig 2__SQUID_data__IVB_BS30_A1S1_I_coil_+-0.3mA_fine_284mK_191103__IVB__T_1p40K[-0.000212250],0,up,2521,0.9988095238095238,
D4.2__Fig 2__SQUID_data__IVB_BS30_A1S1_I_coil_+-0.3mA_fine_284mK_191103__IVB__T_1p40K[-0.000212250],1,down,5000,0.9995999199839968,0.9870023278718864
D4.2__Fig 2__SQUID_data__IVB_BS30_A1S1_I_coil_+-0.3mA_fine_284mK_191103__IVB__T_1p40K[-0.000212250],2,up,2479,1.0,
D4.2__Fig 2__SQUID_data__IVB_BS30_A1S1_I_coil_+-0.3mA_fine_284mK_191103__IVB__T_1p40K[-0.000213000],0,up,2521,0.9992063492063492,
D4.2__Fig 2__SQUID_data__IVB_BS30_A1S1_I_coil_+-0.3mA_fine_284mK_191103__IVB__T_1p40K[-0.000213000],1,down,5000,0.9997999599919984,0.9870025722346195
D4.2__Fig 2__SQUID_data__IVB_BS30_A1S1_I_coil_+-0.3mA_fine_284mK_191103__IVB__T_1p40K[-0.000213000],2,up,2479,1.0,
D4.2__Fig 2__SQUID_data__IVB_BS30_A1S1_I_coil_+-0.3mA_fine_284mK_191103__IVB__T_1p40K[-0.000213750],0,up,2521,0.9992063492063492,
D4.2__Fig 2__SQUID_data__IVB_BS30_A1S1_I_coil_+-0.3mA_fine_284mK_191103__IVB__T_1p40K[-0.000213750],1,down,5000,0.9995999199839968,0.987046736323958
D4.2__Fig 2__SQUID_data__IVB_BS30_A1S1_I_coil_+-0.3mA_fine_284mK_191103__IVB__T_1p40K[-0.000213750],2,up,2479,1.0,
D4.2__Fig 2__SQUID_data__IVB_BS30_A1S1_I_coil_+-0.3mA_fine_284mK_191103__IVB__T_1p40K[-0.000214500],0,up,2521,0.9988095238095238,
D4.2__Fig 2__SQUID_data__IVB_BS30_A1S1_I_coil_+-0.3mA_fine_284mK_191103__IVB__T_1p40K[-0.000214500],1,down,5000,0.9995999199839968,0.9869698705555771
D4.2__Fig 2__SQUID_data__IVB_BS30_A1S1_I_coil_+-0.3mA_fine_284mK_191103__IVB__T_1p40K[-0.000214500],2,up,2479,1.0,
D4.2__Fig 2__SQUID_data__IVB_BS30_A1S1_I_coil_+-0.3mA_fine_284mK_191103__IVB__T_1p40K[-0.000215250],0,up,2521,0.9988095238095238,
D4.2__Fig 2__SQUID_data__IVB_BS30_A1S1_I_coil_+-0.3mA_fine_284mK_191103__IVB__T_1p40K[-0.000215250],1,down,5000,0.9995999199839968,0.9870180747784125
D4.2__Fig 2__SQUID_data__IVB_BS30_A1S1_I_coil_+-0.3mA_fine_284mK_191103__IVB__T_1p40K[-0.000215250],2,up,2479,1.0,
D4.2__Fig 2__SQUID_data__IVB_BS30_A1S1_I_coil_+-0.3mA_fine_284mK_191103__IVB__T_1p40K[-0.000216000],0,up,2521,0.9992063492063492,
D4.2__Fig 2__SQUID_data__IVB_BS30_A1S1_I_coil_+-0.3mA_fine_284mK_191103__IVB__T_1p40K[-0.000216000],1,down,5000,0.9997999599919984,0.9870583379237291
D4.2__Fig 2__SQUID_data__IVB_BS30_A1S1_I_coil_+-0.3mA_fine_284mK_191103__IVB__T_1p40K[-0.000216000],2,up,2479,1.0,
D4.2__Fig 2__SQUID_data__IVB_BS30_A1S1_I_coil_+-0.3mA_fine_284mK_191103__IVB__T_1p40K[-0.000216750],0,up,2521,0.9992063492063492,
D4.2__Fig 2__SQUID_data__IVB_BS30_A1S1_I_coil_+-0.3mA_fine_284mK_191103__IVB__T_1p40K[-0.000216750],1,down,5000,0.9997999599919984,0.9869756436873013
D4.2__Fig 2__SQUID_data__IVB_BS30_A1S1_I_coil_+-0.3mA_fine_284mK_191103__IVB__T_1p40K[-0.000216750],2,up,2479,1.0,
D4.2__Fig 2__SQUID_data__IVB_BS30_A1S1_I_coil_+-0.3mA_fine_284mK_191103__IVB__T_1p40K[-0.000217500],0,up,2521,0.9988095238095238,
D4.2__Fig 2__SQUID_data__IVB_BS30_A1S1_I_coil_+-0.3mA_fine_284mK_191103__IVB__T_1p40K[-0.000217500],1,down,5000,0.9995999199839968,0.9869958531182159
D4.2__Fig 2__SQUID_data__IVB_BS30_A1S1_I_coil_+-0.3mA_fine_284mK_191103__IVB__T_1p40K[-0.000217500],2,up,2479,1.0,
D4.2__Fig 2__SQUID_data__IVB_BS30_A1S1_I_coil_+-0.3mA_fine_284mK_191103__IVB__T_1p40K[-0.000218250],0,up,2521,0.9988095238095238,
D4.2__Fig 2__SQUID_data__IVB_BS30_A1S1_I_coil_+-0.3mA_fine_284mK_191103__IVB__T_1p40K[-0.000218250],1,down,5000,0.9995999199839968,0.9869708969525491
D4.2__Fig 2__SQUID_data__IVB_BS30_A1S1_I_coil_+-0.3mA_fine_284mK_191103__IVB__T_1p40K[-0.000218250],2,up,2479,1.0,
D4.2__Fig 2__SQUID_data__IVB_BS30_A1S1_I_coil_+-0.3mA_fine_284mK_191103__IVB__T_1p40K[-0.000219000],0,up,2521,0.9992063492063492,
D4.2__Fig 2__SQUID_data__IVB_BS30_A1S1_I_coil_+-0.3mA_fine_284mK_191103__IVB__T_1p40K[-0.000219000],1,down,5000,0.9995999199839968,0.9870095316104003
D4.2__Fig 2__SQUID_data__IVB_BS30_A1S1_I_coil_+-0.3mA_fine_284mK_191103__IVB__T_1p40K[-0.000219000],2,up,2479,1.0,
D4.2__Fig 2__SQUID_data__IVB_BS30_A1S1_I_coil_+-0.3mA_fine_284mK_191103__IVB__T_1p40K[-0.000219750],0,up,2521,0.9996031746031746,
D4.2__Fig 2__SQUID_data__IVB_BS30_A1S1_I_coil_+-0.3mA_fine_284mK_191103__IVB__T_1p40K[-0.000219750],1,down,5000,0.9995999199839968,0.9870292440210705
D4.2__Fig 2__SQUID_data__IVB_BS30_A1S1_I_coil_+-0.3mA_fine_284mK_191103__IVB__T_1p40K[-0.000219750],2,up,2479,1.0,
D4.2__Fig 2__SQUID_data__IVB_BS30_A1S1_I_coil_+-0.3mA_fine_284mK_191103__IVB__T_1p40K[-0.000220500],0,up,2521,0.9992063492063492,
D4.2__Fig 2__SQUID_data__IVB_BS30_A1S1_I_coil_+-0.3mA_fine_284mK_191103__IVB__T_1p40K[-0.000220500],1,down,5000,0.9997999599919984,0.9869128426477355
D4.2__Fig 2__SQUID_data__IVB_BS30_A1S1_I_coil_+-0.3mA_fine_284mK_191103__IVB__T_1p40K[-0.000220500],2,up,2479,1.0,
D4.2__Fig 2__SQUID_data__IVB_BS30_A1S1_I_coil_+-0.3mA_fine_284mK_191103__IVB__T_1p40K[-0.000221250],0,up,2521,0.9992063492063492,
D4.2__Fig 2__SQUID_data__IVB_BS30_A1S1_I_coil_+-0.3mA_fine_284mK_191103__IVB__T_1p40K[-0.000221250],1,down,5000,0.9997999599919984,0.9869959895900404
D4.2__Fig 2__SQUID_data__IVB_BS30_A1S1_I_coil_+-0.3mA_fine_284mK_191103__IVB__T_1p40K[-0.000221250],2,up,2479,1.0,
D4.2__Fig 2__SQUID_data__IVB_BS30_A1S1_I_coil_+-0.3mA_fine_284mK_191103__IVB__T_1p40K[-0.000222000],0,up,2521,0.9992063492063492,
D4.2__Fig 2__SQUID_data__IVB_BS30_A1S1_I_coil_+-0.3mA_fine_284mK_191103__IVB__T_1p40K[-0.000222000],1,down,5000,0.9995999199839968,0.9869781508609214
D4.2__Fig 2__SQUID_data__IVB_BS30_A1S1_I_coil_+-0.3mA_fine_284mK_191103__IVB__T_1p40K[-0.000222000],2,up,2479,1.0,
D4.2__Fig 2__SQUID_data__IVB_BS30_A1S1_I_coil_+-0.3mA_fine_284mK_191103__IVB__T_1p40K[-0.000222750],0,up,2522,0.9988099960333201,
D4.2__Fig 2__SQUID_data__IVB_BS30_A1S1_I_coil_+-0.3mA_fine_284mK_191103__IVB__T_1p40K[-0.000222750],1,down,5000,0.9993998799759952,0.9869219762913893
D4.2__Fig 2__SQUID_data__IVB_BS30_A1S1_I_coil_+-0.3mA_fine_284mK_191103__IVB__T_1p40K[-0.000222750],2,up,2478,0.9995962858296327,
D4.2__Fig 2__SQUID_data__IVB_BS30_A1S1_I_coil_+-0.3mA_fine_284mK_191103__IVB__T_1p40K[-0.000223500],0,up,2521,0.9996031746031746,
D4.2__Fig 2__SQUID_data__IVB_BS30_A1S1_I_coil_+-0.3mA_fine_284mK_191103__IVB__T_1p40K[-0.000223500],1,down,5000,0.9995999199839968,0.9869400582762179
D4.2__Fig 2__SQUID_data__IVB_BS30_A1S1_I_coil_+-0.3mA_fine_284mK_191103__IVB__T_1p40K[-0.000223500],2,up,2479,1.0,
D4.2__Fig 2__SQUID_data__IVB_BS30_A1S1_I_coil_+-0.3mA_fine_284mK_191103__IVB__T_1p40K[-0.000224250],0,up,2521,0.9988095238095238,
D4.2__Fig 2__SQUID_data__IVB_BS30_A1S1_I_coil_+-0.3mA_fine_284mK_191103__IVB__T_1p40K[-0.000224250],1,down,5000,0.9993998799759952,0.9870091858245402
D4.2__Fig 2__SQUID_data__IVB_BS30_A1S1_I_coil_+-0.3mA_fine_284mK_191103__IVB__T_1p40K[-0.000224250],2,up,2479,1.0,
D4.2__Fig 2__SQUID_data__IVB_BS30_A1S1_I_coil_+-0.3mA_fine_284mK_191103__IVB__T_1p40K[-0.000225000],0,up,2521,0.9992063492063492,
D4.2__Fig 2__SQUID_data__IVB_BS30_A1S1_I_coil_+-0.3mA_fine_284mK_191103__IVB__T_1p40K[-0.000225000],1,down,5000,0.9997999599919984,0.9870248222161992
D4.2__Fig 2__SQUID_data__IVB_BS30_A1S1_I_coil_+-0.3mA_fine_284mK_191103__IVB__T_1p40K[-0.000225000],2,up,2479,1.0,
D4.2__Fig 2__SQUID_data__IVB_BS30_A1S1_I_coil_+-0.3mA_fine_284mK_191103__IVB__T_1p40K[-0.000225750],0,up,2521,0.9988095238095238,
D4.2__Fig 2__SQUID_data__IVB_BS30_A1S1_I_coil_+-0.3mA_fine_284mK_191103__IVB__T_1p40K[-0.000225750],1,down,5000,0.9993998799759952,0.9870131135540517
D4.2__Fig 2__SQUID_data__IVB_BS30_A1S1_I_coil_+-0.3mA_fine_284mK_191103__IVB__T_1p40K[-0.000225750],2,up,2479,1.0,
D4.2__Fig 2__SQUID_data__IVB_BS30_A1S1_I_coil_+-0.3mA_fine_284mK_191103__IVB__T_1p40K[-0.000226500],0,up,2521,0.9992063492063492,
D4.2__Fig 2__SQUID_data__IVB_BS30_A1S1_I_coil_+-0.3mA_fine_284mK_191103__IVB__T_1p40K[-0.000226500],1,down,5000,0.9995999199839968,0.9869020523515927
D4.2__Fig 2__SQUID_data__IVB_BS30_A1S1_I_coil_+-0.3mA_fine_284mK_191103__IVB__T_1p40K[-0.000226500],2,up,2479,1.0,
D4.2__Fig 2__SQUID_data__IVB_BS30_A1S1_I_coil_+-0.3mA_fine_284mK_191103__IVB__T_1p40K[-0.000227250],0,up,2521,0.9992063492063492,
D4.2__Fig 2__SQUID_data__IVB_BS30_A1S1_I_coil_+-0.3mA_fine_284mK_191103__IVB__T_1p40K[-0.000227250],1,down,5000,0.9993998799759952,0.9869669756656718
D4.2__Fig 2__SQUID_data__IVB_BS30_A1S1_I_coil_+-0.3mA_fine_284mK_191103__IVB__T_1p40K[-0.000227250],2,up,2479,1.0,
D4.2__Fig 2__SQUID_data__IVB_BS30_A1S1_I_coil_+-0.3mA_fine_284mK_191103__IVB__T_1p40K[-0.000228000],0,up,2521,0.9992063492063492,
D4.2__Fig 2__SQUID_data__IVB_BS30_A1S1_I_coil_+-0.3mA_fine_284mK_191103__IVB__T_1p40K[-0.000228000],1,down,5000,0.9995999199839968,0.9870046124058275
D4.2__Fig 2__SQUID_data__IVB_BS30_A1S1_I_coil_+-0.3mA_fine_284mK_191103__IVB__T_1p40K[-0.000228000],2,up,2479,1.0,
D4.2__Fig 2__SQUID_data__IVB_BS30_A1S1_I_coil_+-0.3mA_fine_284mK_191103__IVB__T_1p40K[-0.000228750],0,up,2521,0.9988095238095238,
D4.2__Fig 2__SQUID_data__IVB_BS30_A1S1_I_coil_+-0.3mA_fine_284mK_191103__IVB__T_1p40K[-0.000228750],1,down,5001,0.9994,0.9870513459048278
D4.2__Fig 2__SQUID_data__IVB_BS30_A1S1_I_coil_+-0.3mA_fine_284mK_191103__IVB__T_1p40K[-0.000228750],2,up,2478,1.0,
D4.2__Fig 2__SQUID_data__IVB_BS30_A1S1_I_coil_+-0.3mA_fine_284mK_191103__IVB__T_1p40K[-0.000229500],0,up,2521,0.9992063492063492,
D4.2__Fig 2__SQUID_data__IVB_BS30_A1S1_I_coil_+-0.3mA_fine_284mK_191103__IVB__T_1p40K[-0.000229500],1,down,5000,0.9995999199839968,0.9869799963900567
D4.2__Fig 2__SQUID_data__IVB_BS30_A1S1_I_coil_+-0.3mA_fine_284mK_191103__IVB__T_1p40K[-0.000229500],2,up,2479,1.0,
D4.2__Fig 2__SQUID_data__IVB_BS30_A1S1_I_coil_+-0.3mA_fine_284mK_191103__IVB__T_1p40K[-0.000230250],0,up,2521,0.9996031746031746,
D4.2__Fig 2__SQUID_data__IVB_BS30_A1S1_I_coil_+-0.3mA_fine_284mK_191103__IVB__T_1p40K[-0.000230250],1,down,5000,0.9993998799759952,0.9870668047100529
D4.2__Fig 2__SQUID_data__IVB_BS30_A1S1_I_coil_+-0.3mA_fine_284mK_191103__IVB__T_1p40K[-0.000230250],2,up,2479,1.0,
D4.2__Fig 2__SQUID_data__IVB_BS30_A1S1_I_coil_+-0.3mA_fine_284mK_191103__IVB__T_1p40K[-0.000231000],0,up,2521,0.9988095238095238,
D4.2__Fig 2__SQUID_data__IVB_BS30_A1S1_I_coil_+-0.3mA_fine_284mK_191103__IVB__T_1p40K[-0.000231000],1,down,5000,0.9995999199839968,0.9868687826080913
D4.2__Fig 2__SQUID_data__IVB_BS30_A1S1_I_coil_+-0.3mA_fine_284mK_191103__IVB__T_1p40K[-0.000231000],2,up,2479,1.0,
D4.2__Fig 2__SQUID_data__IVB_BS30_A1S1_I_coil_+-0.3mA_fine_284mK_191103__IVB__T_1p40K[-0.000231750],0,up,2521,0.9992063492063492,
D4.2__Fig 2__SQUID_data__IVB_BS30_A1S1_I_coil_+-0.3mA_fine_284mK_191103__IVB__T_1p40K[-0.000231750],1,down,5000,0.9997999599919984,0.9870228984240423
D4.2__Fig 2__SQUID_data__IVB_BS30_A1S1_I_coil_+-0.3mA_fine_284mK_191103__IVB__T_1p40K[-0.000231750],2,up,2479,1.0,
D4.2__Fig 2__SQUID_data__IVB_BS30_A1S1_I_coil_+-0.3mA_fine_284mK_191103__IVB__T_1p40K[-0.000232500],0,up,2521,0.9992063492063492,
D4.2__Fig 2__SQUID_data__IVB_BS30_A1S1_I_coil_+-0.3mA_fine_284mK_191103__IVB__T_1p40K[-0.000232500],1,down,4999,0.9995998399359743,0.9869583573165327
D4.2__Fig 2__SQUID_data__IVB_BS30_A1S1_I_coil_+-0.3mA_fine_284mK_191103__IVB__T_1p40K[-0.000232500],2,up,2480,1.0,
D4.2__Fig 2__SQUID_data__IVB_BS30_A1S1_I_coil_+-0.3mA_fine_284mK_191103__IVB__T_1p40K[-0.000233250],0,up,2521,0.9992063492063492,
D4.2__Fig 2__SQUID_data__IVB_BS30_A1S1_I_coil_+-0.3mA_fine_284mK_191103__IVB__T_1p40K[-0.000233250],1,down,5000,0.9995999199839968,0.9870982349775302
D4.2__Fig 2__SQUID_data__IVB_BS30_A1S1_I_coil_+-0.3mA_fine_284mK_191103__IVB__T_1p40K[-0.000233250],2,up,2479,1.0,
D4.2__Fig 2__SQUID_data__IVB_BS30_A1S1_I_coil_+-0.3mA_fine_284mK_191103__IVB__T_1p40K[-0.000234000],0,up,2522,0.9988099960333201,
D4.2__Fig 2__SQUID_data__IVB_BS30_A1S1_I_coil_+-0.3mA_fine_284mK_191103__IVB__T_1p40K[-0.000234000],1,down,4999,0.9995998399359743,0.9869731736662173
D4.2__Fig 2__SQUID_data__IVB_BS30_A1S1_I_coil_+-0.3mA_fine_284mK_191103__IVB__T_1p40K[-0.000234000],2,up,2479,1.0,
D4.2__Fig 2__SQUID_data__IVB_BS30_A1S1_I_coil_+-0.3mA_fine_284mK_191103__IVB__T_1p40K[-0.000234750],0,up,2521,0.9992063492063492,
D4.2__Fig 2__SQUID_data__IVB_BS30_A1S1_I_coil_+-0.3mA_fine_284mK_191103__IVB__T_1p40K[-0.000234750],1,down,5000,0.9995999199839968,0.9870780294455607
D4.2__Fig 2__SQUID_data__IVB_BS30_A1S1_I_coil_+-0.3mA_fine_284mK_191103__IVB__T_1p40K[-0.000234750],2,up,2479,1.0,
D4.2__Fig 2__SQUID_data__IVB_BS30_A1S1_I_coil_+-0.3mA_fine_284mK_191103__IVB__T_1p40K[-0.000235500],0,up,2521,0.9984126984126984,
D4.2__Fig 2__SQUID_data__IVB_BS30_A1S1_I_coil_+-0.3mA_fine_284mK_191103__IVB__T_1p40K[-0.000235500],1,down,5000,0.9993998799759952,0.9869954621021529
D4.2__Fig 2__SQUID_data__IVB_BS30_A1S1_I_coil_+-0.3mA_fine_284mK_191103__IVB__T_1p40K[-0.000235500],2,up,2479,1.0,
D4.2__Fig 2__SQUID_data__IVB_BS30_A1S1_I_coil_+-0.3mA_fine_284mK_191103__IVB__T_1p40K[-0.000236250],0,up,2521,0.9988095238095238,
D4.2__Fig 2__SQUID_data__IVB_BS30_A1S1_I_coil_+-0.3mA_fine_284mK_191103__IVB__T_1p40K[-0.000236250],1,down,5001,0.9994,0.9870695032278403
D4.2__Fig 2__SQUID_data__IVB_BS30_A1S1_I_coil_+-0.3mA_fine_284mK_191103__IVB__T_1p40K[-0.000236250],2,up,2478,1.0,
D4.2__Fig 2__SQUID_data__IVB_BS30_A1S1_I_coil_+-0.3mA_fine_284mK_191103__IVB__T_1p40K[-0.000237000],0,up,2521,0.9996031746031746,
D4.2__Fig 2__SQUID_data__IVB_BS30_A1S1_I_coil_+-0.3mA_fine_284mK_191103__IVB__T_1p40K[-0.000237000],1,down,5000,0.9995999199839968,0.9869556082303148
D4.2__Fig 2__SQUID_data__IVB_BS30_A1S1_I_coil_+-0.3mA_fine_284mK_191103__IVB__T_1p40K[-0.000237000],2,up,2479,1.0,
D4.2__Fig 2__SQUID_data__IVB_BS30_A1S1_I_coil_+-0.3mA_fine_284mK_191103__IVB__T_1p40K[-0.000237750],0,up,2521,0.9992063492063492,
D4.2__Fig 2__SQUID_data__IVB_BS30_A1S1_I_coil_+-0.3mA_fine_284mK_191103__IVB__T_1p40K[-0.000237750],1,down,5000,0.9995999199839968,0.9871052919734759
D4.2__Fig 2__SQUID_data__IVB_BS30_A1S1_I_coil_+-0.3mA_fine_284mK_191103__IVB__T_1p40K[-0.000237750],2,up,2479,1.0,
D4.2__Fig 2__SQUID_data__IVB_BS30_A1S1_I_coil_+-0.3mA_fine_284mK_191103__IVB__T_1p40K[-0.000238500],0,up,2521,0.9988095238095238,
D4.2__Fig 2__SQUID_data__IVB_BS30_A1S1_I_coil_+-0.3mA_fine_284mK_191103__IVB__T_1p40K[-0.000238500],1,down,5000,0.9995999199839968,0.9869846481826794
D4.2__Fig 2__SQUID_data__IVB_BS30_A1S1_I_coil_+-0.3mA_fine_284mK_191103__IVB__T_1p40K[-0.000238500],2,up,2479,1.0,
D4.2__Fig 2__SQUID_data__IVB_BS30_A1S1_I_coil_+-0.3mA_fine_284mK_191103__IVB__T_1p40K[-0.000239250],0,up,2521,0.9992063492063492,
D4.2__Fig 2__SQUID_data__IVB_BS30_A1S1_I_coil_+-0.3mA_fine_284mK_191103__IVB__T_1p40K[-0.000239250],1,down,5000,0.9995999199839968,0.9870687826281141
D4.2__Fig 2__SQUID_data__IVB_BS30_A1S1_I_coil_+-0.3mA_fine_284mK_191103__IVB__T_1p40K[-0.000239250],2,up,2479,1.0,
D4.2__Fig 2__SQUID_data__IVB_BS30_A1S1_I_coil_+-0.3mA_fine_284mK_191103__IVB__T_1p40K[-0.000240000],0,up,2521,0.9992063492063492,
D4.2__Fig 2__SQUID_data__IVB_BS30_A1S1_I_coil_+-0.3mA_fine_284mK_191103__IVB__T_1p40K[-0.000240000],1,down,5001,0.9994,0.9870589987930605
D4.2__Fig 2__SQUID_data__IVB_BS30_A1S1_I_coil_+-0.3mA_fine_284mK_191103__IVB__T_1p40K[-0.000240000],2,up,2478,1.0,
D4.2__Fig 2__SQUID_data__IVB_BS30_A1S1_I_coil_+-0.3mA_fine_284mK_191103__IVB__T_1p40K[-0.000240750],0,up,2521,0.9988095238095238,
D4.2__Fig 2__SQUID_data__IVB_BS30_A1S1_I_coil_+-0.3mA_fine_284mK_191103__IVB__T_1p40K[-0.000240750],1,down,5000,0.9995999199839968,0.9870674570485316
D4.2__Fig 2__SQUID_data__IVB_BS30_A1S1_I_coil_+-0.3mA_fine_284mK_191103__IVB__T_1p40K[-0.000240750],2,up,2479,1.0,
D4.2__Fig 2__SQUID_data__IVB_BS30_A1S1_I_coil_+-0.3mA_fine_284mK_191103__IVB__T_1p40K[-0.000241500],0,up,2521,0.9988095238095238,
D4.2__Fig 2__SQUID_data__IVB_BS30_A1S1_I_coil_+-0.3mA_fine_284mK_191103__IVB__T_1p40K[-0.000241500],1,down,5000,0.9997999599919984,0.9870205110957214
D4.2__Fig 2__SQUID_data__IVB_BS30_A1S1_I_coil_+-0.3mA_fine_284mK_191103__IVB__T_1p40K[-0.000241500],2,up,2479,1.0,
D4.2__Fig 2__SQUID_data__IVB_BS30_A1S1_I_coil_+-0.3mA_fine_284mK_191103__IVB__T_1p40K[-0.000242250],0,up,2521,0.9996031746031746,
D4.2__Fig 2__SQUID_data__IVB_BS30_A1S1_I_coil_+-0.3mA_fine_284mK_191103__IVB__T_1p40K[-0.000242250],1,down,5000,0.9997999599919984,0.9870323819653782
D4.2__Fig 2__SQUID_data__IVB_BS30_A1S1_I_coil_+-0.3mA_fine_284mK_191103__IVB__T_1p40K[-0.000242250],2,up,2479,1.0,
D4.2__Fig 2__SQUID_data__IVB_BS30_A1S1_I_coil_+-0.3mA_fine_284mK_191103__IVB__T_1p40K[-0.000243000],0,up,2521,0.9988095238095238,
D4.2__Fig 2__SQUID_data__IVB_BS30_A1S1_I_coil_+-0.3mA_fine_284mK_191103__IVB__T_1p40K[-0.000243000],1,down,5000,0.9997999599919984,0.9870670504362927
D4.2__Fig 2__SQUID_data__IVB_BS30_A1S1_I_coil_+-0.3mA_fine_284mK_191103__IVB__T_1p40K[-0.000243000],2,up,2479,1.0,
D4.2__Fig 2__SQUID_data__IVB_BS30_A1S1_I_coil_+-0.3mA_fine_284mK_191103__IVB__T_1p40K[-0.000243750],0,up,2521,0.9992063492063492,
D4.2__Fig 2__SQUID_data__IVB_BS30_A1S1_I_coil_+-0.3mA_fine_284mK_191103__IVB__T_1p40K[-0.000243750],1,down,5000,0.9995999199839968,0.9869890539422257
D4.2__Fig 2__SQUID_data__IVB_BS30_A1S1_I_coil_+-0.3mA_fine_284mK_191103__IVB__T_1p40K[-0.000243750],2,up,2479,1.0,
D4.2__Fig 2__SQUID_data__IVB_BS30_A1S1_I_coil_+-0.3mA_fine_284mK_191103__IVB__T_1p40K[-0.000244500],0,up,2521,0.9992063492063492,
D4.2__Fig 2__SQUID_data__IVB_BS30_A1S1_I_coil_+-0.3mA_fine_284mK_191103__IVB__T_1p40K[-0.000244500],1,down,5000,0.9997999599919984,0.9869896228564747
D4.2__Fig 2__SQUID_data__IVB_BS30_A1S1_I_coil_+-0.3mA_fine_284mK_191103__IVB__T_1p40K[-0.000244500],2,up,2479,1.0,
D4.2__Fig 2__SQUID_data__IVB_BS30_A1S1_I_coil_+-0.3mA_fine_284mK_191103__IVB__T_1p40K[-0.000245250],0,up,2520,0.999206034140532,
D4.2__Fig 2__SQUID_data__IVB_BS30_A1S1_I_coil_+-0.3mA_fine_284mK_191103__IVB__T_1p40K[-0.000245250],1,down,5001,0.9994,0.9869872323559563
D4.2__Fig 2__SQUID_data__IVB_BS30_A1S1_I_coil_+-0.3mA_fine_284mK_191103__IVB__T_1p40K[-0.000245250],2,up,2479,1.0,
D4.2__Fig 2__SQUID_data__IVB_BS30_A1S1_I_coil_+-0.3mA_fine_284mK_191103__IVB__T_1p40K[-0.000246000],0,up,2520,0.999206034140532,
D4.2__Fig 2__SQUID_data__IVB_BS30_A1S1_I_coil_+-0.3mA_fine_284mK_191103__IVB__T_1p40K[-0.000246000],1,down,5002,0.9992001599680064,0.9871387395424758
D4.2__Fig 2__SQUID_data__IVB_BS30_A1S1_I_coil_+-0.3mA_fine_284mK_191103__IVB__T_1p40K[-0.000246000],2,up,2478,1.0,
D4.2__Fig 2__SQUID_data__IVB_BS30_A1S1_I_coil_+-0.3mA_fine_284mK_191103__IVB__T_1p40K[-0.000246750],0,up,2521,0.9992063492063492,
D4.2__Fig 2__SQUID_data__IVB_BS30_A1S1_I_coil_+-0.3mA_fine_284mK_191103__IVB__T_1p40K[-0.000246750],1,down,5001,0.9994,0.9870422443561848
D4.2__Fig 2__SQUID_data__IVB_BS30_A1S1_I_coil_+-0.3mA_fine_284mK_191103__IVB__T_1p40K[-0.000246750],2,up,2478,1.0,
D4.2__Fig 2__SQUID_data__IVB_BS30_A1S1_I_coil_+-0.3mA_fine_284mK_191103__IVB__T_1p40K[-0.000247500],0,up,2521,0.9996031746031746,
D4.2__Fig 2__SQUID_data__IVB_BS30_A1S1_I_coil_+-0.3mA_fine_284mK_191103__IVB__T_1p40K[-0.000247500],1,down,5000,0.9995999199839968,0.9870722588410829
D4.2__Fig 2__SQUID_data__IVB_BS30_A1S1_I_coil_+-0.3mA_fine_284mK_191103__IVB__T_1p40K[-0.000247500],2,up,2479,1.0,
D4.2__Fig 2__SQUID_data__IVB_BS30_A1S1_I_coil_+-0.3mA_fine_284mK_191103__IVB__T_1p40K[-0.000248250],0,up,2521,0.9992063492063492,
D4.2__Fig 2__SQUID_data__IVB_BS30_A1S1_I_coil_+-0.3mA_fine_284mK_191103__IVB__T_1p40K[-0.000248250],1,down,5000,0.9993998799759952,0.9869720544187139
D4.2__Fig 2__SQUID_data__IVB_BS30_A1S1_I_coil_+-0.3mA_fine_284mK_191103__IVB__T_1p40K[-0.000248250],2,up,2479,1.0,
D4.2__Fig 2__SQUID_data__IVB_BS30_A1S1_I_coil_+-0.3mA_fine_284mK_191103__IVB__T_1p40K[-0.000249000],0,up,2521,0.9996031746031746,
D4.2__Fig 2__SQUID_data__IVB_BS30_A1S1_I_coil_+-0.3mA_fine_284mK_191103__IVB__T_1p40K[-0.000249000],1,down,5000,0.9997999599919984,0.9869149311679395
D4.2__Fig 2__SQUID_data__IVB_BS30_A1S1_I_coil_+-0.3mA_fine_284mK_191103__IVB__T_1p40K[-0.000249000],2,up,2479,1.0,
D4.2__Fig 2__SQUID_data__IVB_BS30_A1S1_I_coil_+-0.3mA_fine_284mK_191103__IVB__T_1p40K[-0.000249750],0,up,2521,0.9996031746031746,
D4.2__Fig 2__SQUID_data__IVB_BS30_A1S1_I_coil_+-0.3mA_fine_284mK_191103__IVB__T_1p40K[-0.000249750],1,down,5000,0.9997999599919984,0.9869442609788805
D4.2__Fig 2__SQUID_data__IVB_BS30_A1S1_I_coil_+-0.3mA_fine_284mK_191103__IVB__T_1p40K[-0.000249750],2,up,2479,1.0,
D4.2__Fig 2__SQUID_data__IVB_BS30_A1S1_I_coil_+-0.3mA_fine_284mK_191103__IVB__T_1p40K[-0.000250500],0,up,2520,0.999206034140532,
D4.2__Fig 2__SQUID_data__IVB_BS30_A1S1_I_coil_+-0.3mA_fine_284mK_191103__IVB__T_1p40K[-0.000250500],1,down,5001,0.9998,0.9869917316472885
D4.2__Fig 2__SQUID_data__IVB_BS30_A1S1_I_coil_+-0.3mA_fine_284mK_191103__IVB__T_1p40K[-0.000250500],2,up,2479,1.0,
D4.2__Fig 2__SQUID_data__IVB_BS30_A1S1_I_coil_+-0.3mA_fine_284mK_191103__IVB__T_1p40K[-0.000251250],0,up,2521,0.9988095238095238,
D4.2__Fig 2__SQUID_data__IVB_BS30_A1S1_I_coil_+-0.3mA_fine_284mK_191103__IVB__T_1p40K[-0.000251250],1,down,5000,0.9995999199839968,0.9869517917109552
D4.2__Fig 2__SQUID_data__IVB_BS30_A1S1_I_coil_+-0.3mA_fine_284mK_191103__IVB__T_1p40K[-0.000251250],2,up,2479,1.0,
D4.2__Fig 2__SQUID_data__IVB_BS30_A1S1_I_coil_+-0.3mA_fine_284mK_191103__IVB__T_1p40K[-0.000252000],0,up,2521,0.9996031746031746,
D4.2__Fig 2__SQUID_data__IVB_BS30_A1S1_I_coil_+-0.3mA_fine_284mK_191103__IVB__T_1p40K[-0.000252000],1,down,5000,0.9995999199839968,0.9868840600107247
D4.2__Fig 2__SQUID_data__IVB_BS30_A1S1_I_coil_+-0.3mA_fine_284mK_191103__IVB__T_1p40K[-0.000252000],2,up,2479,1.0,
D4.2__Fig 2__SQUID_data__IVB_BS30_A1S1_I_coil_+-0.3mA_fine_284mK_191103__IVB__T_1p40K[-0.000252750],0,up,2521,0.9992063492063492,
D4.2__Fig 2__SQUID_data__IVB_BS30_A1S1_I_coil_+-0.3mA_fine_284mK_191103__IVB__T_1p40K[-0.000252750],1,down,5000,0.9995999199839968,0.9870047037619137
D4.2__Fig 2__SQUID_data__IVB_BS30_A1S1_I_coil_+-0.3mA_fine_284mK_191103__IVB__T_1p40K[-0.000252750],2,up,2479,1.0,
D4.2__Fig 2__SQUID_data__IVB_BS30_A1S1_I_coil_+-0.3mA_fine_284mK_191103__IVB__T_1p40K[-0.000253500],0,up,2521,0.9988095238095238,
D4.2__Fig 2__SQUID_data__IVB_BS30_A1S1_I_coil_+-0.3mA_fine_284mK_191103__IVB__T_1p40K[-0.000253500],1,down,5000,0.9995999199839968,0.9869775844107371
D4.2__Fig 2__SQUID_data__IVB_BS30_A1S1_I_coil_+-0.3mA_fine_284mK_191103__IVB__T_1p40K[-0.000253500],2,up,2479,1.0,
D4.2__Fig 2__SQUID_data__IVB_BS30_A1S1_I_coil_+-0.3mA_fine_284mK_191103__IVB__T_1p40K[-0.000254250],0,up,2521,0.9988095238095238,
D4.2__Fig 2__SQUID_data__IVB_BS30_A1S1_I_coil_+-0.3mA_fine_284mK_191103__IVB__T_1p40K[-0.000254250],1,down,5001,0.9994,0.9869112637172024
D4.2__Fig 2__SQUID_data__IVB_BS30_A1S1_I_coil_+-0.3mA_fine_284mK_191103__IVB__T_1p40K[-0.000254250],2,up,2478,1.0,
D4.2__Fig 2__SQUID_data__IVB_BS30_A1S1_I_coil_+-0.3mA_fine_284mK_191103__IVB__T_1p40K[-0.000255000],0,up,2521,0.9988095238095238,
D4.2__Fig 2__SQUID_data__IVB_BS30_A1S1_I_coil_+-0.3mA_fine_284mK_191103__IVB__T_1p40K[-0.000255000],1,down,5000,0.9997999599919984,0.9870251450614994
D4.2__Fig 2__SQUID_data__IVB_BS30_A1S1_I_coil_+-0.3mA_fine_284mK_191103__IVB__T_1p40K[-0.000255000],2,up,2479,1.0,
D4.2__Fig 2__SQUID_data__IVB_BS30_A1S1_I_coil_+-0.3mA_fine_284mK_191103__IVB__T_1p40K[-0.000255750],0,up,2521,0.9992063492063492,
D4.2__Fig 2__SQUID_data__IVB_BS30_A1S1_I_coil_+-0.3mA_fine_284mK_191103__IVB__T_1p40K[-0.000255750],1,down,5000,0.9997999599919984,0.9870537601678188
D4.2__Fig 2__SQUID_data__IVB_BS30_A1S1_I_coil_+-0.3mA_fine_284mK_191103__IVB__T_1p40K[-0.000255750],2,up,2479,1.0,
D4.2__Fig 2__SQUID_data__IVB_BS30_A1S1_I_coil_+-0.3mA_fine_284mK_191103__IVB__T_1p40K[-0.000256500],0,up,2521,0.9988095238095238,
D4.2__Fig 2__SQUID_data__IVB_BS30_A1S1_I_coil_+-0.3mA_fine_284mK_191103__IVB__T_1p40K[-0.000256500],1,down,5000,0.9997999599919984,0.9869531705912574
D4.2__Fig 2__SQUID_data__IVB_BS30_A1S1_I_coil_+-0.3mA_fine_284mK_191103__IVB__T_1p40K[-0.000256500],2,up,2479,1.0,
D4.2__Fig 2__SQUID_data__IVB_BS30_A1S1_I_coil_+-0.3mA_fine_284mK_191103__IVB__T_1p40K[-0.000257250],0,up,2521,0.9996031746031746,
D4.2__Fig 2__SQUID_data__IVB_BS30_A1S1_I_coil_+-0.3mA_fine_284mK_191103__IVB__T_1p40K[-0.000257250],1,down,5000,0.9993998799759952,0.9869552617236614
D4.2__Fig 2__SQUID_data__IVB_BS30_A1S1_I_coil_+-0.3mA_fine_284mK_191103__IVB__T_1p40K[-0.000257250],2,up,2479,1.0,
D4.2__Fig 2__SQUID_data__IVB_BS30_A1S1_I_coil_+-0.3mA_fine_284mK_191103__IVB__T_1p40K[-0.000258000],0,up,2520,0.999603017070266,
D4.2__Fig 2__SQUID_data__IVB_BS30_A1S1_I_coil_+-0.3mA_fine_284mK_191103__IVB__T_1p40K[-0.000258000],1,down,5001,0.9994,0.9870916665689843
D4.2__Fig 2__SQUID_data__IVB_BS30_A1S1_I_coil_+-0.3mA_fine_284mK_191103__IVB__T_1p40K[-0.000258000],2,up,2479,1.0,
D4.2__Fig 2__SQUID_data__IVB_BS30_A1S1_I_coil_+-0.3mA_fine_284mK_191103__IVB__T_1p40K[-0.000258750],0,up,2521,0.9988095238095238,
D4.2__Fig 2__SQUID_data__IVB_BS30_A1S1_I_coil_+-0.3mA_fine_284mK_191103__IVB__T_1p40K[-0.000258750],1,down,5000,0.9995999199839968,0.9869831659937731
D4.2__Fig 2__SQUID_data__IVB_BS30_A1S1_I_coil_+-0.3mA_fine_284mK_191103__IVB__T_1p40K[-0.000258750],2,up,2479,1.0,
D4.2__Fig 2__SQUID_data__IVB_BS30_A1S1_I_coil_+-0.3mA_fine_284mK_191103__IVB__T_1p40K[-0.000259500],0,up,2522,0.9988099960333201,
D4.2__Fig 2__SQUID_data__IVB_BS30_A1S1_I_coil_+-0.3mA_fine_284mK_191103__IVB__T_1p40K[-0.000259500],1,down,4999,0.9993997599039616,0.9870466000561777
D4.2__Fig 2__SQUID_data__IVB_BS30_A1S1_I_coil_+-0.3mA_fine_284mK_191103__IVB__T_1p40K[-0.000259500],2,up,2479,1.0,
D4.2__Fig 2__SQUID_data__IVB_BS30_A1S1_I_coil_+-0.3mA_fine_284mK_191103__IVB__T_1p40K[-0.000260250],0,up,2521,0.9996031746031746,
D4.2__Fig 2__SQUID_data__IVB_BS30_A1S1_I_coil_+-0.3mA_fine_284mK_191103__IVB__T_1p40K[-0.000260250],1,down,5000,0.9995999199839968,0.9870182692999966
D4.2__Fig 2__SQUID_data__IVB_BS30_A1S1_I_coil_+-0.3mA_fine_284mK_191103__IVB__T_1p40K[-0.000260250],2,up,2479,1.0,
D4.2__Fig 2__SQUID_data__IVB_BS30_A1S1_I_coil_+-0.3mA_fine_284mK_191103__IVB__T_1p40K[-0.000261000],0,up,2521,0.9992063492063492,
D4.2__Fig 2__SQUID_data__IVB_BS30_A1S1_I_coil_+-0.3mA_fine_284mK_191103__IVB__T_1p40K[-0.000261000],1,down,5000,0.9997999599919984,0.9869488942082016
D4.2__Fig 2__SQUID_data__IVB_BS30_A1S1_I_coil_+-0.3mA_fine_284mK_191103__IVB__T_1p40K[-0.000261000],2,up,2479,1.0,
D4.2__Fig 2__SQUID_data__IVB_BS30_A1S1_I_coil_+-0.3mA_fine_284mK_191103__IVB__T_1p40K[-0.000261750],0,up,2521,0.9992063492063492,
D4.2__Fig 2__SQUID_data__IVB_BS30_A1S1_I_coil_+-0.3mA_fine_284mK_191103__IVB__T_1p40K[-0.000261750],1,down,5000,0.9997999599919984,0.9870435821664978
D4.2__Fig 2__SQUID_data__IVB_BS30_A1S1_I_coil_+-0.3mA_fine_284mK_191103__IVB__T_1p40K[-0.000261750],2,up,2479,1.0,
D4.2__Fig 2__SQUID_data__IVB_BS30_A1S1_I_coil_+-0.3mA_fine_284mK_191103__IVB__T_1p40K[-0.000262500],0,up,2521,0.9992063492063492,
D4.2__Fig 2__SQUID_data__IVB_BS30_A1S1_I_coil_+-0.3mA_fine_284mK_191103__IVB__T_1p40K[-0.000262500],1,down,5000,0.9997999599919984,0.9870542217280792
D4.2__Fig 2__SQUID_data__IVB_BS30_A1S1_I_coil_+-0.3mA_fine_284mK_191103__IVB__T_1p40K[-0.000262500],2,up,2479,1.0,
D4.2__Fig 2__SQUID_data__IVB_BS30_A1S1_I_coil_+-0.3mA_fine_284mK_191103__IVB__T_1p40K[-0.000263250],0,up,2520,0.999206034140532,
D4.2__Fig 2__SQUID_data__IVB_BS30_A1S1_I_coil_+-0.3mA_fine_284mK_191103__IVB__T_1p40K[-0.000263250],1,down,5001,0.9996,0.9870946616278241
D4.2__Fig 2__SQUID_data__IVB_BS30_A1S1_I_coil_+-0.3mA_fine_284mK_191103__IVB__T_1p40K[-0.000263250],2,up,2479,1.0,
D4.2__Fig 2__SQUID_data__IVB_BS30_A1S1_I_coil_+-0.3mA_fine_284mK_191103__IVB__T_1p40K[-0.000264000],0,up,2521,0.9992063492063492,
D4.2__Fig 2__SQUID_data__IVB_BS30_A1S1_I_coil_+-0.3mA_fine_284mK_191103__IVB__T_1p40K[-0.000264000],1,down,5000,0.9997999599919984,0.9870805544152256
D4.2__Fig 2__SQUID_data__IVB_BS30_A1S1_I_coil_+-0.3mA_fine_284mK_191103__IVB__T_1p40K[-0.000264000],2,up,2479,1.0,
D4.2__Fig 2__SQUID_data__IVB_BS30_A1S1_I_coil_+-0.3mA_fine_284mK_191103__IVB__T_1p40K[-0.000264750],0,up,2521,0.9992063492063492,
D4.2__Fig 2__SQUID_data__IVB_BS30_A1S1_I_coil_+-0.3mA_fine_284mK_191103__IVB__T_1p40K[-0.000264750],1,down,5000,0.9995999199839968,0.9870247666556021
D4.2__Fig 2__SQUID_data__IVB_BS30_A1S1_I_coil_+-0.3mA_fine_284mK_191103__IVB__T_1p40K[-0.000264750],2,up,2479,1.0,
D4.2__Fig 2__SQUID_data__IVB_BS30_A1S1_I_coil_+-0.3mA_fine_284mK_191103__IVB__T_1p40K[-0.000265500],0,up,2521,0.9996031746031746,
D4.2__Fig 2__SQUID_data__IVB_BS30_A1S1_I_coil_+-0.3mA_fine_284mK_191103__IVB__T_1p40K[-0.000265500],1,down,5000,0.9997999599919984,0.9869917020353598
D4.2__Fig 2__SQUID_data__IVB_BS30_A1S1_I_coil_+-0.3mA_fine_284mK_191103__IVB__T_1p40K[-0.000265500],2,up,2479,1.0,
D4.2__Fig 2__SQUID_data__IVB_BS30_A1S1_I_coil_+-0.3mA_fine_284mK_191103__IVB__T_1p40K[-0.000266250],0,up,2520,0.999603017070266,
D4.2__Fig 2__SQUID_data__IVB_BS30_A1S1_I_coil_+-0.3mA_fine_284mK_191103__IVB__T_1p40K[-0.000266250],1,down,5001,0.9996,0.9870831009800971
D4.2__Fig 2__SQUID_data__IVB_BS30_A1S1_I_coil_+-0.3mA_fine_284mK_191103__IVB__T_1p40K[-0.000266250],2,up,2479,1.0,
D4.2__Fig 2__SQUID_data__IVB_BS30_A1S1_I_coil_+-0.3mA_fine_284mK_191103__IVB__T_1p40K[-0.000267000],0,up,2521,0.9992063492063492,
D4.2__Fig 2__SQUID_data__IVB_BS30_A1S1_I_coil_+-0.3mA_fine_284mK_191103__IVB__T_1p40K[-0.000267000],1,down,5000,0.9993998799759952,0.9870733381484309
D4.2__Fig 2__SQUID_data__IVB_BS30_A1S1_I_coil_+-0.3mA_fine_284mK_191103__IVB__T_1p40K[-0.000267000],2,up,2479,1.0,
D4.2__Fig 2__SQUID_data__IVB_BS30_A1S1_I_coil_+-0.3mA_fine_284mK_191103__IVB__T_1p40K[-0.000267750],0,up,2522,0.9992066640222134,
D4.2__Fig 2__SQUID_data__IVB_BS30_A1S1_I_coil_+-0.3mA_fine_284mK_191103__IVB__T_1p40K[-0.000267750],1,down,4999,0.9997999199679872,0.9870229447717438
D4.2__Fig 2__SQUID_data__IVB_BS30_A1S1_I_coil_+-0.3mA_fine_284mK_191103__IVB__T_1p40K[-0.000267750],2,up,2479,1.0,
D4.2__Fig 2__SQUID_data__IVB_BS30_A1S1_I_coil_+-0.3mA_fine_284mK_191103__IVB__T_1p40K[-0.000268500],0,up,2521,0.9992063492063492,
D4.2__Fig 2__SQUID_data__IVB_BS30_A1S1_I_coil_+-0.3mA_fine_284mK_191103__IVB__T_1p40K[-0.000268500],1,down,5000,0.9997999599919984,0.9869639687899785
D4.2__Fig 2__SQUID_data__IVB_BS30_A1S1_I_coil_+-0.3mA_fine_284mK_191103__IVB__T_1p40K[-0.000268500],2,up,2479,1.0,
D4.2__Fig 2__SQUID_data__IVB_BS30_A1S1_I_coil_+-0.3mA_fine_284mK_191103__IVB__T_1p40K[-0.000269250],0,up,2521,0.9988095238095238,
D4.2__Fig 2__SQUID_data__IVB_BS30_A1S1_I_coil_+-0.3mA_fine_284mK_191103__IVB__T_1p40K[-0.000269250],1,down,5000,0.9993998799759952,0.9869931951297392
D4.2__Fig 2__SQUID_data__IVB_BS30_A1S1_I_coil_+-0.3mA_fine_284mK_191103__IVB__T_1p40K[-0.000269250],2,up,2479,1.0,
D4.2__Fig 2__SQUID_data__IVB_BS30_A1S1_I_coil_+-0.3mA_fine_284mK_191103__IVB__T_1p40K[-0.000270000],0,up,2521,0.9988095238095238,
D4.2__Fig 2__SQUID_data__IVB_BS30_A1S1_I_coil_+-0.3mA_fine_284mK_191103__IVB__T_1p40K[-0.000270000],1,down,5000,0.9993998799759952,0.987018196046774
D4.2__Fig 2__SQUID_data__IVB_BS30_A1S1_I_coil_+-0.3mA_fine_284mK_191103__IVB__T_1p40K[-0.000270000],2,up,2479,1.0,
D4.2__Fig 2__SQUID_data__IVB_BS30_A1S1_I_coil_+-0.3mA_fine_284mK_191103__IVB__T_1p40K[-0.000270750],0,up,2520,0.999206034140532,
D4.2__Fig 2__SQUID_data__IVB_BS30_A1S1_I_coil_+-0.3mA_fine_284mK_191103__IVB__T_1p40K[-0.000270750],1,down,5001,0.9994,0.9870830751473598
D4.2__Fig 2__SQUID_data__IVB_BS30_A1S1_I_coil_+-0.3mA_fine_284mK_191103__IVB__T_1p40K[-0.000270750],2,up,2479,1.0,
D4.2__Fig 2__SQUID_data__IVB_BS30_A1S1_I_coil_+-0.3mA_fine_284mK_191103__IVB__T_1p40K[-0.000271500],0,up,2521,0.9992063492063492,
D4.2__Fig 2__SQUID_data__IVB_BS30_A1S1_I_coil_+-0.3mA_fine_284mK_191103__IVB__T_1p40K[-0.000271500],1,down,5000,0.9997999599919984,0.9870155074335834
D4.2__Fig 2__SQUID_data__IVB_BS30_A1S1_I_coil_+-0.3mA_fine_284mK_191103__IVB__T_1p40K[-0.000271500],2,up,2479,1.0,
D4.2__Fig 2__SQUID_data__IVB_BS30_A1S1_I_coil_+-0.3mA_fine_284mK_191103__IVB__T_1p40K[-0.000272250],0,up,2520,0.999206034140532,
D4.2__Fig 2__SQUID_data__IVB_BS30_A1S1_I_coil_+-0.3mA_fine_284mK_191103__IVB__T_1p40K[-0.000272250],1,down,5001,0.9994,0.9871454403785408
D4.2__Fig 2__SQUID_data__IVB_BS30_A1S1_I_coil_+-0.3mA_fine_284mK_191103__IVB__T_1p40K[-0.000272250],2,up,2479,1.0,
D4.2__Fig 2__SQUID_data__IVB_BS30_A1S1_I_coil_+-0.3mA_fine_284mK_191103__IVB__T_1p40K[-0.000273000],0,up,2521,0.9988095238095238,
D4.2__Fig 2__SQUID_data__IVB_BS30_A1S1_I_coil_+-0.3mA_fine_284mK_191103__IVB__T_1p40K[-0.000273000],1,down,5000,0.9995999199839968,0.9870268814517006
D4.2__Fig 2__SQUID_data__IVB_BS30_A1S1_I_coil_+-0.3mA_fine_284mK_191103__IVB__T_1p40K[-0.000273000],2,up,2479,1.0,
D4.2__Fig 2__SQUID_data__IVB_BS30_A1S1_I_coil_+-0.3mA_fine_284mK_191103__IVB__T_1p40K[-0.000273750],0,up,2521,0.9992063492063492,
D4.2__Fig 2__SQUID_data__IVB_BS30_A1S1_I_coil_+-0.3mA_fine_284mK_191103__IVB__T_1p40K[-0.000273750],1,down,5000,0.9997999599919984,0.9870669042497013
D4.2__Fig 2__SQUID_data__IVB_BS30_A1S1_I_coil_+-0.3mA_fine_284mK_191103__IVB__T_1p40K[-0.000273750],2,up,2479,1.0,
D4.2__Fig 2__SQUID_data__IVB_BS30_A1S1_I_coil_+-0.3mA_fine_284mK_191103__IVB__T_1p40K[-0.000274500],0,up,2521,0.9992063492063492,
D4.2__Fig 2__SQUID_data__IVB_BS30_A1S1_I_coil_+-0.3mA_fine_284mK_191103__IVB__T_1p40K[-0.000274500],1,down,5001,0.9994,0.9871026430895574
D4.2__Fig 2__SQUID_data__IVB_BS30_A1S1_I_coil_+-0.3mA_fine_284mK_191103__IVB__T_1p40K[-0.000274500],2,up,2478,1.0,
D4.2__Fig 2__SQUID_data__IVB_BS30_A1S1_I_coil_+-0.3mA_fine_284mK_191103__IVB__T_1p40K[-0.000275250],0,up,2521,0.9992063492063492,
D4.2__Fig 2__SQUID_data__IVB_BS30_A1S1_I_coil_+-0.3mA_fine_284mK_191103__IVB__T_1p40K[-0.000275250],1,down,5000,0.9995999199839968,0.9870667358860512
D4.2__Fig 2__SQUID_data__IVB_BS30_A1S1_I_coil_+-0.3mA_fine_284mK_191103__IVB__T_1p40K[-0.000275250],2,up,2479,1.0,
D4.2__Fig 2__SQUID_data__IVB_BS30_A1S1_I_coil_+-0.3mA_fine_284mK_191103__IVB__T_1p40K[-0.000276000],0,up,2521,0.9992063492063492,
D4.2__Fig 2__SQUID_data__IVB_BS30_A1S1_I_coil_+-0.3mA_fine_284mK_191103__IVB__T_1p40K[-0.000276000],1,down,5001,0.9996,0.9870354418906353
D4.2__Fig 2__SQUID_data__IVB_BS30_A1S1_I_coil_+-0.3mA_fine_284mK_191103__IVB__T_1p40K[-0.000276000],2,up,2478,1.0,
D4.2__Fig 2__SQUID_data__IVB_BS30_A1S1_I_coil_+-0.3mA_fine_284mK_191103__IVB__T_1p40K[-0.000276750],0,up,2521,0.9988095238095238,
D4.2__Fig 2__SQUID_data__IVB_BS30_A1S1_I_coil_+-0.3mA_fine_284mK_191103__IVB__T_1p40K[-0.000276750],1,down,5000,0.9997999599919984,0.9870854307378181
D4.2__Fig 2__SQUID_data__IVB_BS30_A1S1_I_coil_+-0.3mA_fine_284mK_191103__IVB__T_1p40K[-0.000276750],2,up,2479,1.0,
D4.2__Fig 2__SQUID_data__IVB_BS30_A1S1_I_coil_+-0.3mA_fine_284mK_191103__IVB__T_1p40K[-0.000277500],0,up,2521,0.9992063492063492,
D4.2__Fig 2__SQUID_data__IVB_BS30_A1S1_I_coil_+-0.3mA_fine_284mK_191103__IVB__T_1p40K[-0.000277500],1,down,5001,0.9994,0.9871556665584499
D4.2__Fig 2__SQUID_data__IVB_BS30_A1S1_I_coil_+-0.3mA_fine_284mK_191103__IVB__T_1p40K[-0.000277500],2,up,2478,1.0,
D4.2__Fig 2__SQUID_data__IVB_BS30_A1S1_I_coil_+-0.3mA_fine_284mK_191103__IVB__T_1p40K[-0.000278250],0,up,2520,0.999603017070266,
D4.2__Fig 2__SQUID_data__IVB_BS30_A1S1_I_coil_+-0.3mA_fine_284mK_191103__IVB__T_1p40K[-0.000278250],1,down,5001,0.9994,0.9870877205187037
D4.2__Fig 2__SQUID_data__IVB_BS30_A1S1_I_coil_+-0.3mA_fine_284mK_191103__IVB__T_1p40K[-0.000278250],2,up,2479,1.0,
D4.2__Fig 2__SQUID_data__IVB_BS30_A1S1_I_coil_+-0.3mA_fine_284mK_191103__IVB__T_1p40K[-0.000279000],0,up,2521,0.9992063492063492,
D4.2__Fig 2__SQUID_data__IVB_BS30_A1S1_I_coil_+-0.3mA_fine_284mK_191103__IVB__T_1p40K[-0.000279000],1,down,5001,0.9994,0.9870449340357587
D4.2__Fig 2__SQUID_data__IVB_BS30_A1S1_I_coil_+-0.3mA_fine_284mK_191103__IVB__T_1p40K[-0.000279000],2,up,2478,1.0,
D4.2__Fig 2__SQUID_data__IVB_BS30_A1S1_I_coil_+-0.3mA_fine_284mK_191103__IVB__T_1p40K[-0.000279750],0,up,2521,0.9992063492063492,
D4.2__Fig 2__SQUID_data__IVB_BS30_A1S1_I_coil_+-0.3mA_fine_284mK_191103__IVB__T_1p40K[-0.000279750],1,down,5000,0.9997999599919984,0.9869689296452702
D4.2__Fig 2__SQUID_data__IVB_BS30_A1S1_I_coil_+-0.3mA_fine_284mK_191103__IVB__T_1p40K[-0.000279750],2,up,2479,1.0,
D4.2__Fig 2__SQUID_data__IVB_BS30_A1S1_I_coil_+-0.3mA_fine_284mK_191103__IVB__T_1p40K[-0.000280500],0,up,2521,0.9992063492063492,
D4.2__Fig 2__SQUID_data__IVB_BS30_A1S1_I_coil_+-0.3mA_fine_284mK_191103__IVB__T_1p40K[-0.000280500],1,down,5000,0.9995999199839968,0.9870986214746682
D4.2__Fig 2__SQUID_data__IVB_BS30_A1S1_I_coil_+-0.3mA_fine_284mK_191103__IVB__T_1p40K[-0.000280500],2,up,2479,1.0,
D4.2__Fig 2__SQUID_data__IVB_BS30_A1S1_I_coil_+-0.3mA_fine_284mK_191103__IVB__T_1p40K[-0.000281250],0,up,2520,0.999603017070266,
D4.2__Fig 2__SQUID_data__IVB_BS30_A1S1_I_coil_+-0.3mA_fine_284mK_191103__IVB__T_1p40K[-0.000281250],1,down,5001,0.9996,0.98700906713931
D4.2__Fig 2__SQUID_data__IVB_BS30_A1S1_I_coil_+-0.3mA_fine_284mK_191103__IVB__T_1p40K[-0.000281250],2,up,2479,1.0,
D4.2__Fig 2__SQUID_data__IVB_BS30_A1S1_I_coil_+-0.3mA_fine_284mK_191103__IVB__T_1p40K[-0.000282000],0,up,2521,0.9992063492063492,
D4.2__Fig 2__SQUID_data__IVB_BS30_A1S1_I_coil_+-0.3mA_fine_284mK_191103__IVB__T_1p40K[-0.000282000],1,down,5000,0.9995999199839968,0.9870651326581478
D4.2__Fig 2__SQUID_data__IVB_BS30_A1S1_I_coil_+-0.3mA_fine_284mK_191103__IVB__T_1p40K[-0.000282000],2,up,2479,1.0,
D4.2__Fig 2__SQUID_data__IVB_BS30_A1S1_I_coil_+-0.3mA_fine_284mK_191103__IVB__T_1p40K[-0.000282750],0,up,2520,0.999603017070266,
D4.2__Fig 2__SQUID_data__IVB_BS30_A1S1_I_coil_+-0.3mA_fine_284mK_191103__IVB__T_1p40K[-0.000282750],1,down,5001,0.9996,0.9870939652102195
D4.2__Fig 2__SQUID_data__IVB_BS30_A1S1_I_coil_+-0.3mA_fine_284mK_191103__IVB__T_1p40K[-0.000282750],2,up,2479,1.0,
D4.2__Fig 2__SQUID_data__IVB_BS30_A1S1_I_coil_+-0.3mA_fine_284mK_191103__IVB__T_1p40K[-0.000283500],0,up,2521,0.9992063492063492,
D4.2__Fig 2__SQUID_data__IVB_BS30_A1S1_I_coil_+-0.3mA_fine_284mK_191103__IVB__T_1p40K[-0.000283500],1,down,5001,0.9994,0.9870828468077206
D4.2__Fig 2__SQUID_data__IVB_BS30_A1S1_I_coil_+-0.3mA_fine_284mK_191103__IVB__T_1p40K[-0.000283500],2,up,2478,1.0,
D4.2__Fig 2__SQUID_data__IVB_BS30_A1S1_I_coil_+-0.3mA_fine_284mK_191103__IVB__T_1p40K[-0.000284250],0,up,2521,0.9992063492063492,
D4.2__Fig 2__SQUID_data__IVB_BS30_A1S1_I_coil_+-0.3mA_fine_284mK_191103__IVB__T_1p40K[-0.000284250],1,down,5000,0.9995999199839968,0.9870357544475314
D4.2__Fig 2__SQUID_data__IVB_BS30_A1S1_I_coil_+-0.3mA_fine_284mK_191103__IVB__T_1p40K[-0.000284250],2,up,2479,1.0,
D4.2__Fig 2__SQUID_data__IVB_BS30_A1S1_I_coil_+-0.3mA_fine_284mK_191103__IVB__T_1p40K[-0.000285000],0,up,2521,0.9992063492063492,
D4.2__Fig 2__SQUID_data__IVB_BS30_A1S1_I_coil_+-0.3mA_fine_284mK_191103__IVB__T_1p40K[-0.000285000],1,down,5000,0.9995999199839968,0.9869913253738649
D4.2__Fig 2__SQUID_data__IVB_BS30_A1S1_I_coil_+-0.3mA_fine_284mK_191103__IVB__T_1p40K[-0.000285000],2,up,2479,1.0,
D4.2__Fig 2__SQUID_data__IVB_BS30_A1S1_I_coil_+-0.3mA_fine_284mK_191103__IVB__T_1p40K[-0.000285750],0,up,2521,0.9992063492063492,
D4.2__Fig 2__SQUID_data__IVB_BS30_A1S1_I_coil_+-0.3mA_fine_284mK_191103__IVB__T_1p40K[-0.000285750],1,down,5000,0.9997999599919984,0.9870959940647293
D4.2__Fig 2__SQUID_data__IVB_BS30_A1S1_I_coil_+-0.3mA_fine_284mK_191103__IVB__T_1p40K[-0.000285750],2,up,2479,1.0,
D4.2__Fig 2__SQUID_data__IVB_BS30_A1S1_I_coil_+-0.3mA_fine_284mK_191103__IVB__T_1p40K[-0.000286500],0,up,2521,0.9988095238095238,
D4.2__Fig 2__SQUID_data__IVB_BS30_A1S1_I_coil_+-0.3mA_fine_284mK_191103__IVB__T_1p40K[-0.000286500],1,down,5000,0.9993998799759952,0.9869802608549427
D4.2__Fig 2__SQUID_data__IVB_BS30_A1S1_I_coil_+-0.3mA_fine_284mK_191103__IVB__T_1p40K[-0.000286500],2,up,2479,1.0,
D4.2__Fig 2__SQUID_data__IVB_BS30_A1S1_I_coil_+-0.3mA_fine_284mK_191103__IVB__T_1p40K[-0.000287250],0,up,2521,0.9992063492063492,
D4.2__Fig 2__SQUID_data__IVB_BS30_A1S1_I_coil_+-0.3mA_fine_284mK_191103__IVB__T_1p40K[-0.000287250],1,down,5000,0.9997999599919984,0.9870654874774447
D4.2__Fig 2__SQUID_data__IVB_BS30_A1S1_I_coil_+-0.3mA_fine_284mK_191103__IVB__T_1p40K[-0.000287250],2,up,2479,1.0,
D4.2__Fig 2__SQUID_data__IVB_BS30_A1S1_I_coil_+-0.3mA_fine_284mK_191103__IVB__T_1p40K[-0.000288000],0,up,2521,0.9996031746031746,
D4.2__Fig 2__SQUID_data__IVB_BS30_A1S1_I_coil_+-0.3mA_fine_284mK_191103__IVB__T_1p40K[-0.000288000],1,down,5001,0.9992,0.9870113961525286
D4.2__Fig 2__SQUID_data__IVB_BS30_A1S1_I_coil_+-0.3mA_fine_284mK_191103__IVB__T_1p40K[-0.000288000],2,up,2478,1.0,
D4.2__Fig 2__SQUID_data__IVB_BS30_A1S1_I_coil_+-0.3mA_fine_284mK_191103__IVB__T_1p40K[-0.000288750],0,up,2521,0.9992063492063492,
D4.2__Fig 2__SQUID_data__IVB_BS30_A1S1_I_coil_+-0.3mA_fine_284mK_191103__IVB__T_1p40K[-0.000288750],1,down,5000,0.9993998799759952,0.9870511356669062
D4.2__Fig 2__SQUID_data__IVB_BS30_A1S1_I_coil_+-0.3mA_fine_284mK_191103__IVB__T_1p40K[-0.000288750],2,up,2479,1.0,
D4.2__Fig 2__SQUID_data__IVB_BS30_A1S1_I_coil_+-0.3mA_fine_284mK_191103__IVB__T_1p40K[-0.000289500],0,up,2521,0.9988095238095238,
D4.2__Fig 2__SQUID_data__IVB_BS30_A1S1_I_coil_+-0.3mA_fine_284mK_191103__IVB__T_1p40K[-0.000289500],1,down,5000,0.9995999199839968,0.9870268454316266
D4.2__Fig 2__SQUID_data__IVB_BS30_A1S1_I_coil_+-0.3mA_fine_284mK_191103__IVB__T_1p40K[-0.000289500],2,up,2479,1.0,
D4.2__Fig 2__SQUID_data__IVB_BS30_A1S1_I_coil_+-0.3mA_fine_284mK_191103__IVB__T_1p40K[-0.000290250],0,up,2521,0.9992063492063492,
D4.2__Fig 2__SQUID_data__IVB_BS30_A1S1_I_coil_+-0.3mA_fine_284mK_191103__IVB__T_1p40K[-0.000290250],1,down,5001,0.9996,0.9870295538898978
D4.2__Fig 2__SQUID_data__IVB_BS30_A1S1_I_coil_+-0.3mA_fine_284mK_191103__IVB__T_1p40K[-0.000290250],2,up,2478,1.0,
D4.2__Fig 2__SQUID_data__IVB_BS30_A1S1_I_coil_+-0.3mA_fine_284mK_191103__IVB__T_1p40K[-0.000291000],0,up,2521,0.9992063492063492,
D4.2__Fig 2__SQUID_data__IVB_BS30_A1S1_I_coil_+-0.3mA_fine_284mK_191103__IVB__T_1p40K[-0.000291000],1,down,5000,0.9995999199839968,0.9870183921408763
D4.2__Fig 2__SQUID_data__IVB_BS30_A1S1_I_coil_+-0.3mA_fine_284mK_191103__IVB__T_1p40K[-0.000291000],2,up,2479,1.0,
D4.2__Fig 2__SQUID_data__IVB_BS30_A1S1_I_coil_+-0.3mA_fine_284mK_191103__IVB__T_1p40K[-0.000291750],0,up,2521,0.9992063492063492,
D4.2__Fig 2__SQUID_data__IVB_BS30_A1S1_I_coil_+-0.3mA_fine_284mK_191103__IVB__T_1p40K[-0.000291750],1,down,5000,0.9997999599919984,0.9870165920048574
D4.2__Fig 2__SQUID_data__IVB_BS30_A1S1_I_coil_+-0.3mA_fine_284mK_191103__IVB__T_1p40K[-0.000291750],2,up,2479,1.0,
D4.2__Fig 2__SQUID_data__IVB_BS30_A1S1_I_coil_+-0.3mA_fine_284mK_191103__IVB__T_1p40K[-0.000292500],0,up,2521,0.9996031746031746,
D4.2__Fig 2__SQUID_data__IVB_BS30_A1S1_I_coil_+-0.3mA_fine_284mK_191103__IVB__T_1p40K[-0.000292500],1,down,5000,0.9997999599919984,0.9870274678841247
D4.2__Fig 2__SQUID_data__IVB_BS30_A1S1_I_coil_+-0.3mA_fine_284mK_191103__IVB__T_1p40K[-0.000292500],2,up,2479,1.0,
D4.2__Fig 2__SQUID_data__IVB_BS30_A1S1_I_coil_+-0.3mA_fine_284mK_191103__IVB__T_1p40K[-0.000293250],0,up,2521,0.9992063492063492,
D4.2__Fig 2__SQUID_data__IVB_BS30_A1S1_I_coil_+-0.3mA_fine_284mK_191103__IVB__T_1p40K[-0.000293250],1,down,5000,0.9997999599919984,0.9868892625595568
D4.2__Fig 2__SQUID_data__IVB_BS30_A1S1_I_coil_+-0.3mA_fine_284mK_191103__IVB__T_1p40K[-0.000293250],2,up,2479,1.0,
D4.2__Fig 2__SQUID_data__IVB_BS30_A1S1_I_coil_+-0.3mA_fine_284mK_191103__IVB__T_1p40K[-0.000294000],0,up,2520,0.999206034140532,
D4.2__Fig 2__SQUID_data__IVB_BS30_A1S1_I_coil_+-0.3mA_fine_284mK_191103__IVB__T_1p40K[-0.000294000],1,down,5001,0.9996,0.9870325058291273
D4.2__Fig 2__SQUID_data__IVB_BS30_A1S1_I_coil_+-0.3mA_fine_284mK_191103__IVB__T_1p40K[-0.000294000],2,up,2479,1.0,
D4.2__Fig 2__SQUID_data__IVB_BS30_A1S1_I_coil_+-0.3mA_fine_284mK_191103__IVB__T_1p40K[-0.000294750],0,up,2521,0.9992063492063492,
D4.2__Fig 2__SQUID_data__IVB_BS30_A1S1_I_coil_+-0.3mA_fine_284mK_191103__IVB__T_1p40K[-0.000294750],1,down,5000,0.9997999599919984,0.9869404529585044
D4.2__Fig 2__SQUID_data__IVB_BS30_A1S1_I_coil_+-0.3mA_fine_284mK_191103__IVB__T_1p40K[-0.000294750],2,up,2479,1.0,
D4.2__Fig 2__SQUID_data__IVB_BS30_A1S1_I_coil_+-0.3mA_fine_284mK_191103__IVB__T_1p40K[-0.000295500],0,up,2521,0.9992063492063492,
D4.2__Fig 2__SQUID_data__IVB_BS30_A1S1_I_coil_+-0.3mA_fine_284mK_191103__IVB__T_1p40K[-0.000295500],1,down,5000,0.9993998799759952,0.9870759270915914
D4.2__Fig 2__SQUID_data__IVB_BS30_A1S1_I_coil_+-0.3mA_fine_284mK_191103__IVB__T_1p40K[-0.000295500],2,up,2479,1.0,
D4.2__Fig 2__SQUID_data__IVB_BS30_A1S1_I_coil_+-0.3mA_fine_284mK_191103__IVB__T_1p40K[-0.000296250],0,up,2521,0.9992063492063492,
D4.2__Fig 2__SQUID_data__IVB_BS30_A1S1_I_coil_+-0.3mA_fine_284mK_191103__IVB__T_1p40K[-0.000296250],1,down,5000,0.9995999199839968,0.9870876288895877
D4.2__Fig 2__SQUID_data__IVB_BS30_A1S1_I_coil_+-0.3mA_fine_284mK_191103__IVB__T_1p40K[-0.000296250],2,up,2479,1.0,
D4.2__Fig 2__SQUID_data__IVB_BS30_A1S1_I_coil_+-0.3mA_fine_284mK_191103__IVB__T_1p40K[-0.000297000],0,up,2521,0.9992063492063492,
D4.2__Fig 2__SQUID_data__IVB_BS30_A1S1_I_coil_+-0.3mA_fine_284mK_191103__IVB__T_1p40K[-0.000297000],1,down,5000,0.9995999199839968,0.9870513995993594
D4.2__Fig 2__SQUID_data__IVB_BS30_A1S1_I_coil_+-0.3mA_fine_284mK_191103__IVB__T_1p40K[-0.000297000],2,up,2479,1.0,
D4.2__Fig 2__SQUID_data__IVB_BS30_A1S1_I_coil_+-0.3mA_fine_284mK_191103__IVB__T_1p40K[-0.000297750],0,up,2521,0.9988095238095238,
D4.2__Fig 2__SQUID_data__IVB_BS30_A1S1_I_coil_+-0.3mA_fine_284mK_191103__IVB__T_1p40K[-0.000297750],1,down,5000,0.9995999199839968,0.9869627772495183
D4.2__Fig 2__SQUID_data__IVB_BS30_A1S1_I_coil_+-0.3mA_fine_284mK_191103__IVB__T_1p40K[-0.000297750],2,up,2479,1.0,
D4.2__Fig 2__SQUID_data__IVB_BS30_A1S1_I_coil_+-0.3mA_fine_284mK_191103__IVB__T_1p40K[-0.000298500],0,up,2521,0.9996031746031746,
D4.2__Fig 2__SQUID_data__IVB_BS30_A1S1_I_coil_+-0.3mA_fine_284mK_191103__IVB__T_1p40K[-0.000298500],1,down,5001,0.9996,0.9870407685760585
D4.2__Fig 2__SQUID_data__IVB_BS30_A1S1_I_coil_+-0.3mA_fine_284mK_191103__IVB__T_1p40K[-0.000298500],2,up,2478,1.0,
D4.2__Fig 2__SQUID_data__IVB_BS30_A1S1_I_coil_+-0.3mA_fine_284mK_191103__IVB__T_1p40K[-0.000299250],0,up,2521,0.9988095238095238,
D4.2__Fig 2__SQUID_data__IVB_BS30_A1S1_I_coil_+-0.3mA_fine_284mK_191103__IVB__T_1p40K[-0.000299250],1,down,5000,0.9995999199839968,0.9870531527740845
D4.2__Fig 2__SQUID_data__IVB_BS30_A1S1_I_coil_+-0.3mA_fine_284mK_191103__IVB__T_1p40K[-0.000299250],2,up,2479,1.0,
D4.2__Fig 2__SQUID_data__IVB_BS30_A1S1_I_coil_+-0.3mA_fine_284mK_191103__IVB__T_1p40K[-0.000300000],0,up,2521,0.9992063492063492,
D4.2__Fig 2__SQUID_data__IVB_BS30_A1S1_I_coil_+-0.3mA_fine_284mK_191103__IVB__T_1p40K[-0.000300000],1,down,5000,0.9993998799759952,0.987011265989349
D4.2__Fig 2__SQUID_data__IVB_BS30_A1S1_I_coil_+-0.3mA_fine_284mK_191103__IVB__T_1p40K[-0.000300000],2,up,2479,1.0,
D4.2__Fig 2__SQUID_data__IVB_BS30_A1S1_I_coil_+-0.3mA_fine_284mK_191103__IVB__T_1p40K[0.000000000],0,up,2520,0.999603017070266,
D4.2__Fig 2__SQUID_data__IVB_BS30_A1S1_I_coil_+-0.3mA_fine_284mK_191103__IVB__T_1p40K[0.000000000],1,down,5001,0.9996,0.9871745791302702
D4.2__Fig 2__SQUID_data__IVB_BS30_A1S1_I_coil_+-0.3mA_fine_284mK_191103__IVB__T_1p40K[0.000000000],2,up,2479,1.0,
D4.2__Fig 2__SQUID_data__IVB_BS30_A1S1_I_coil_+-0.3mA_fine_284mK_191103__IVB__T_1p40K[0.000000750],0,up,2521,0.9996031746031746,
D4.2__Fig 2__SQUID_data__IVB_BS30_A1S1_I_coil_+-0.3mA_fine_284mK_191103__IVB__T_1p40K[0.000000750],1,down,5001,0.9994,0.9870180332705811
D4.2__Fig 2__SQUID_data__IVB_BS30_A1S1_I_coil_+-0.3mA_fine_284mK_191103__IVB__T_1p40K[0.000000750],2,up,2478,1.0,
D4.2__Fig 2__SQUID_data__IVB_BS30_A1S1_I_coil_+-0.3mA_fine_284mK_191103__IVB__T_1p40K[0.000001500],0,up,2520,0.999603017070266,
D4.2__Fig 2__SQUID_data__IVB_BS30_A1S1_I_coil_+-0.3mA_fine_284mK_191103__IVB__T_1p40K[0.000001500],1,down,5001,0.9994,0.9871139404096578
D4.2__Fig 2__SQUID_data__IVB_BS30_A1S1_I_coil_+-0.3mA_fine_284mK_191103__IVB__T_1p40K[0.000001500],2,up,2479,1.0,
D4.2__Fig 2__SQUID_data__IVB_BS30_A1S1_I_coil_+-0.3mA_fine_284mK_191103__IVB__T_1p40K[0.000002250],0,up,2520,0.999603017070266,
D4.2__Fig 2__SQUID_data__IVB_BS30_A1S1_I_coil_+-0.3mA_fine_284mK_191103__IVB__T_1p40K[0.000002250],1,down,5002,0.999000199960008,0.9870426555698267
D4.2__Fig 2__SQUID_data__IVB_BS30_A1S1_I_coil_+-0.3mA_fine_284mK_191103__IVB__T_1p40K[0.000002250],2,up,2478,1.0,
D4.2__Fig 2__SQUID_data__IVB_BS30_A1S1_I_coil_+-0.3mA_fine_284mK_191103__IVB__T_1p40K[0.000003000],0,up,2521,0.9992063492063492,
D4.2__Fig 2__SQUID_data__IVB_BS30_A1S1_I_coil_+-0.3mA_fine_284mK_191103__IVB__T_1p40K[0.000003000],1,down,5000,0.9995999199839968,0.98700946441366
D4.2__Fig 2__SQUID_data__IVB_BS30_A1S1_I_coil_+-0.3mA_fine_284mK_191103__IVB__T_1p40K[0.000003000],2,up,2479,1.0,
D4.2__Fig 2__SQUID_data__IVB_BS30_A1S1_I_coil_+-0.3mA_fine_284mK_191103__IVB__T_1p40K[0.000003750],0,up,2521,0.9992063492063492,
D4.2__Fig 2__SQUID_data__IVB_BS30_A1S1_I_coil_+-0.3mA_fine_284mK_191103__IVB__T_1p40K[0.000003750],1,down,5000,0.9997999599919984,0.9870062994051853
D4.2__Fig 2__SQUID_data__IVB_BS30_A1S1_I_coil_+-0.3mA_fine_284mK_191103__IVB__T_1p40K[0.000003750],2,up,2479,1.0,
D4.2__Fig 2__SQUID_data__IVB_BS30_A1S1_I_coil_+-0.3mA_fine_284mK_191103__IVB__T_1p40K[0.000004500],0,up,2521,0.9988095238095238,
D4.2__Fig 2__SQUID_data__IVB_BS30_A1S1_I_coil_+-0.3mA_fine_284mK_191103__IVB__T_1p40K[0.000004500],1,down,5000,0.9997999599919984,0.9870133115238933
D4.2__Fig 2__SQUID_data__IVB_BS30_A1S1_I_coil_+-0.3mA_fine_284mK_191103__IVB__T_1p40K[0.000004500],2,up,2479,1.0,
D4.2__Fig 2__SQUID_data__IVB_BS30_A1S1_I_coil_+-0.3mA_fine_284mK_191103__IVB__T_1p40K[0.000005250],0,up,2521,0.9992063492063492,
D4.2__Fig 2__SQUID_data__IVB_BS30_A1S1_I_coil_+-0.3mA_fine_284mK_191103__IVB__T_1p40K[0.000005250],1,down,5000,0.9995999199839968,0.986994675036257
D4.2__Fig 2__SQUID_data__IVB_BS30_A1S1_I_coil_+-0.3mA_fine_284mK_191103__IVB__T_1p40K[0.000005250],2,up,2479,1.0,
D4.2__Fig 2__SQUID_data__IVB_BS30_A1S1_I_coil_+-0.3mA_fine_284mK_191103__IVB__T_1p40K[0.000006000],0,up,2521,0.9988095238095238,
D4.2__Fig 2__SQUID_data__IVB_BS30_A1S1_I_coil_+-0.3mA_fine_284mK_191103__IVB__T_1p40K[0.000006000],1,down,5000,0.9997999599919984,0.9870195049567814
D4.2__Fig 2__SQUID_data__IVB_BS30_A1S1_I_coil_+-0.3mA_fine_284mK_191103__IVB__T_1p40K[0.000006000],2,up,2479,1.0,
D4.2__Fig 2__SQUID_data__IVB_BS30_A1S1_I_coil_+-0.3mA_fine_284mK_191103__IVB__T_1p40K[0.000006750],0,up,2521,0.9988095238095238,
D4.2__Fig 2__SQUID_data__IVB_BS30_A1S1_I_coil_+-0.3mA_fine_284mK_191103__IVB__T_1p40K[0.000006750],1,down,5000,0.9997999599919984,0.9870799693937443
D4.2__Fig 2__SQUID_data__IVB_BS30_A1S1_I_coil_+-0.3mA_fine_284mK_191103__IVB__T_1p40K[0.000006750],2,up,2479,1.0,
D4.2__Fig 2__SQUID_data__IVB_BS30_A1S1_I_coil_+-0.3mA_fine_284mK_191103__IVB__T_1p40K[0.000007500],0,up,2521,0.9988095238095238,
D4.2__Fig 2__SQUID_data__IVB_BS30_A1S1_I_coil_+-0.3mA_fine_284mK_191103__IVB__T_1p40K[0.000007500],1,down,5000,0.9995999199839968,0.9870533961336514
D4.2__Fig 2__SQUID_data__IVB_BS30_A1S1_I_coil_+-0.3mA_fine_284mK_191103__IVB__T_1p40K[0.000007500],2,up,2479,1.0,
D4.2__Fig 2__SQUID_data__IVB_BS30_A1S1_I_coil_+-0.3mA_fine_284mK_191103__IVB__T_1p40K[0.000008250],0,up,2521,0.9992063492063492,
D4.2__Fig 2__SQUID_data__IVB_BS30_A1S1_I_coil_+-0.3mA_fine_284mK_191103__IVB__T_1p40K[0.000008250],1,down,5000,0.9997999599919984,0.9869971183042889
D4.2__Fig 2__SQUID_data__IVB_BS30_A1S1_I_coil_+-0.3mA_fine_284mK_191103__IVB__T_1p40K[0.000008250],2,up,2479,1.0,
D4.2__Fig 2__SQUID_data__IVB_BS30_A1S1_I_coil_+-0.3mA_fine_284mK_191103__IVB__T_1p40K[0.000009000],0,up,2521,0.9988095238095238,
D4.2__Fig 2__SQUID_data__IVB_BS30_A1S1_I_coil_+-0.3mA_fine_284mK_191103__IVB__T_1p40K[0.000009000],1,down,5000,0.9993998799759952,0.9869374204700886
D4.2__Fig 2__SQUID_data__IVB_BS30_A1S1_I_coil_+-0.3mA_fine_284mK_191103__IVB__T_1p40K[0.000009000],2,up,2479,1.0,
D4.2__Fig 2__SQUID_data__IVB_BS30_A1S1_I_coil_+-0.3mA_fine_284mK_191103__IVB__T_1p40K[0.000009750],0,up,2521,0.9988095238095238,
D4.2__Fig 2__SQUID_data__IVB_BS30_A1S1_I_coil_+-0.3mA_fine_284mK_191103__IVB__T_1p40K[0.000009750],1,down,5000,0.9993998799759952,0.9869772464120151
D4.2__Fig 2__SQUID_data__IVB_BS30_A1S1_I_coil_+-0.3mA_fine_284mK_191103__IVB__T_1p40K[0.000009750],2,up,2479,1.0,
D4.2__Fig 2__SQUID_data__IVB_BS30_A1S1_I_coil_+-0.3mA_fine_284mK_191103__IVB__T_1p40K[0.000010500],0,up,2521,0.9996031746031746,
D4.2__Fig 2__SQUID_data__IVB_BS30_A1S1_I_coil_+-0.3mA_fine_284mK_191103__IVB__T_1p40K[0.000010500],1,down,5000,0.9995999199839968,0.9870719395914226
D4.2__Fig 2__SQUID_data__IVB_BS30_A1S1_I_coil_+-0.3mA_fine_284mK_191103__IVB__T_1p40K[0.000010500],2,up,2479,0.9995964487489911,
D4.2__Fig 2__SQUID_data__IVB_BS30_A1S1_I_coil_+-0.3mA_fine_284mK_191103__IVB__T_1p40K[0.000011250],0,up,2520,0.999603017070266,
D4.2__Fig 2__SQUID_data__IVB_BS30_A1S1_I_coil_+-0.3mA_fine_284mK_191103__IVB__T_1p40K[0.000011250],1,down,5001,0.9996,0.9870428128528569
D4.2__Fig 2__SQUID_data__IVB_BS30_A1S1_I_coil_+-0.3mA_fine_284mK_191103__IVB__T_1p40K[0.000011250],2,up,2479,1.0,
D4.2__Fig 2__SQUID_data__IVB_BS30_A1S1_I_coil_+-0.3mA_fine_284mK_191103__IVB__T_1p40K[0.000012000],0,up,2521,0.9992063492063492,
D4.2__Fig 2__SQUID_data__IVB_BS30_A1S1_I_coil_+-0.3mA_fine_284mK_191103__IVB__T_1p40K[0.000012000],1,down,5000,0.9995999199839968,0.9870757852996482
D4.2__Fig 2__SQUID_data__IVB_BS30_A1S1_I_coil_+-0.3mA_fine_284mK_191103__IVB__T_1p40K[0.000012000],2,up,2479,1.0,
D4.2__Fig 2__SQUID_data__IVB_BS30_A1S1_I_coil_+-0.3mA_fine_284mK_191103__IVB__T_1p40K[0.000012750],0,up,2521,0.9992063492063492,
D4.2__Fig 2__SQUID_data__IVB_BS30_A1S1_I_coil_+-0.3mA_fine_284mK_191103__IVB__T_1p40K[0.000012750],1,down,5000,0.9995999199839968,0.9869246618676661
D4.2__Fig 2__SQUID_data__IVB_BS30_A1S1_I_coil_+-0.3mA_fine_284mK_191103__IVB__T_1p40K[0.000012750],2,up,2479,1.0,
D4.2__Fig 2__SQUID_data__IVB_BS30_A1S1_I_coil_+-0.3mA_fine_284mK_191103__IVB__T_1p40K[0.000013500],0,up,2521,0.9996031746031746,
D4.2__Fig 2__SQUID_data__IVB_BS30_A1S1_I_coil_+-0.3mA_fine_284mK_191103__IVB__T_1p40K[0.000013500],1,down,5000,0.9995999199839968,0.9870047887699899
D4.2__Fig 2__SQUID_data__IVB_BS30_A1S1_I_coil_+-0.3mA_fine_284mK_191103__IVB__T_1p40K[0.000013500],2,up,2479,1.0,
D4.2__Fig 2__SQUID_data__IVB_BS30_A1S1_I_coil_+-0.3mA_fine_284mK_191103__IVB__T_1p40K[0.000014250],0,up,2521,0.9992063492063492,
D4.2__Fig 2__SQUID_data__IVB_BS30_A1S1_I_coil_+-0.3mA_fine_284mK_191103__IVB__T_1p40K[0.000014250],1,down,5001,0.9992,0.9870935886419798
D4.2__Fig 2__SQUID_data__IVB_BS30_A1S1_I_coil_+-0.3mA_fine_284mK_191103__IVB__T_1p40K[0.000014250],2,up,2478,1.0,
D4.2__Fig 2__SQUID_data__IVB_BS30_A1S1_I_coil_+-0.3mA_fine_284mK_191103__IVB__T_1p40K[0.000015000],0,up,2521,0.9988095238095238,
D4.2__Fig 2__SQUID_data__IVB_BS30_A1S1_I_coil_+-0.3mA_fine_284mK_191103__IVB__T_1p40K[0.000015000],1,down,5000,0.9995999199839968,0.9871265197849091
D4.2__Fig 2__SQUID_data__IVB_BS30_A1S1_I_coil_+-0.3mA_fine_284mK_191103__IVB__T_1p40K[0.000015000],2,up,2479,1.0,
D4.2__Fig 2__SQUID_data__IVB_BS30_A1S1_I_coil_+-0.3mA_fine_284mK_191103__IVB__T_1p40K[0.000015750],0,up,2521,0.9992063492063492,
D4.2__Fig 2__SQUID_data__IVB_BS30_A1S1_I_coil_+-0.3mA_fine_284mK_191103__IVB__T_1p40K[0.000015750],1,down,5000,0.9995999199839968,0.9871201381605819
D4.2__Fig 2__SQUID_data__IVB_BS30_A1S1_I_coil_+-0.3mA_fine_284mK_191103__IVB__T_1p40K[0.000015750],2,up,2479,1.0,
D4.2__Fig 2__SQUID_data__IVB_BS30_A1S1_I_coil_+-0.3mA_fine_284mK_191103__IVB__T_1p40K[0.000016500],0,up,2521,0.9992063492063492,
D4.2__Fig 2__SQUID_data__IVB_BS30_A1S1_I_coil_+-0.3mA_fine_284mK_191103__IVB__T_1p40K[0.000016500],1,down,5001,0.9994,0.9870682177787433
D4.2__Fig 2__SQUID_data__IVB_BS30_A1S1_I_coil_+-0.3mA_fine_284mK_191103__IVB__T_1p40K[0.000016500],2,up,2478,1.0,
D4.2__Fig 2__SQUID_data__IVB_BS30_A1S1_I_coil_+-0.3mA_fine_284mK_191103__IVB__T_1p40K[0.000017250],0,up,2520,0.999603017070266,
D4.2__Fig 2__SQUID_data__IVB_BS30_A1S1_I_coil_+-0.3mA_fine_284mK_191103__IVB__T_1p40K[0.000017250],1,down,5001,0.9994,0.9871160768310048
D4.2__Fig 2__SQUID_data__IVB_BS30_A1S1_I_coil_+-0.3mA_fine_284mK_191103__IVB__T_1p40K[0.000017250],2,up,2479,1.0,
D4.2__Fig 2__SQUID_data__IVB_BS30_A1S1_I_coil_+-0.3mA_fine_284mK_191103__IVB__T_1p40K[0.000018000],0,up,2521,0.9988095238095238,
D4.2__Fig 2__SQUID_data__IVB_BS30_A1S1_I_coil_+-0.3mA_fine_284mK_191103__IVB__T_1p40K[0.000018000],1,down,5000,0.9997999599919984,0.9870326711824755
D4.2__Fig 2__SQUID_data__IVB_BS30_A1S1_I_coil_+-0.3mA_fine_284mK_191103__IVB__T_1p40K[0.000018000],2,up,2479,1.0,
D4.2__Fig 2__SQUID_data__IVB_BS30_A1S1_I_coil_+-0.3mA_fine_284mK_191103__IVB__T_1p40K[0.000018750],0,up,2521,0.9992063492063492,
D4.2__Fig 2__SQUID_data__IVB_BS30_A1S1_I_coil_+-0.3mA_fine_284mK_191103__IVB__T_1p40K[0.000018750],1,down,5000,0.9995999199839968,0.9870090951968068
D4.2__Fig 2__SQUID_data__IVB_BS30_A1S1_I_coil_+-0.3mA_fine_284mK_191103__IVB__T_1p40K[0.000018750],2,up,2479,1.0,
D4.2__Fig 2__SQUID_data__IVB_BS30_A1S1_I_coil_+-0.3mA_fine_284mK_191103__IVB__T_1p40K[0.000019500],0,up,2520,0.999206034140532,
D4.2__Fig 2__SQUID_data__IVB_BS30_A1S1_I_coil_+-0.3mA_fine_284mK_191103__IVB__T_1p40K[0.000019500],1,down,5001,0.9994,0.9870557039346889
D4.2__Fig 2__SQUID_data__IVB_BS30_A1S1_I_coil_+-0.3mA_fine_284mK_191103__IVB__T_1p40K[0.000019500],2,up,2479,1.0,
D4.2__Fig 2__SQUID_data__IVB_BS30_A1S1_I_coil_+-0.3mA_fine_284mK_191103__IVB__T_1p40K[0.000020250],0,up,2520,0.999206034140532,
D4.2__Fig 2__SQUID_data__IVB_BS30_A1S1_I_coil_+-0.3mA_fine_284mK_191103__IVB__T_1p40K[0.000020250],1,down,5002,0.9996000799840032,0.9870887354580448
D4.2__Fig 2__SQUID_data__IVB_BS30_A1S1_I_coil_+-0.3mA_fine_284mK_191103__IVB__T_1p40K[0.000020250],2,up,2478,1.0,
D4.2__Fig 2__SQUID_data__IVB_BS30_A1S1_I_coil_+-0.3mA_fine_284mK_191103__IVB__T_1p40K[0.000021000],0,up,2521,0.9992063492063492,
D4.2__Fig 2__SQUID_data__IVB_BS30_A1S1_I_coil_+-0.3mA_fine_284mK_191103__IVB__T_1p40K[0.000021000],1,down,5000,0.9995999199839968,0.9870351810445516
D4.2__Fig 2__SQUID_data__IVB_BS30_A1S1_I_coil_+-0.3mA_fine_284mK_191103__IVB__T_1p40K[0.000021000],2,up,2479,1.0,
D4.2__Fig 2__SQUID_data__IVB_BS30_A1S1_I_coil_+-0.3mA_fine_284mK_191103__IVB__T_1p40K[0.000021750],0,up,2521,0.9992063492063492,
D4.2__Fig 2__SQUID_data__IVB_BS30_A1S1_I_coil_+-0.3mA_fine_284mK_191103__IVB__T_1p40K[0.000021750],1,down,5000,0.9995999199839968,0.9868987675982207
D4.2__Fig 2__SQUID_data__IVB_BS30_A1S1_I_coil_+-0.3mA_fine_284mK_191103__IVB__T_1p40K[0.000021750],2,up,2479,1.0,
D4.2__Fig 2__SQUID_data__IVB_BS30_A1S1_I_coil_+-0.3mA_fine_284mK_191103__IVB__T_1p40K[0.000022500],0,up,2521,0.9996031746031746,
D4.2__Fig 2__SQUID_data__IVB_BS30_A1S1_I_coil_+-0.3mA_fine_284mK_191103__IVB__T_1p40K[0.000022500],1,down,5000,0.9995999199839968,0.9869261864933857
D4.2__Fig 2__SQUID_data__IVB_BS30_A1S1_I_coil_+-0.3mA_fine_284mK_191103__IVB__T_1p40K[0.000022500],2,up,2479,1.0,
D4.2__Fig 2__SQUID_data__IVB_BS30_A1S1_I_coil_+-0.3mA_fine_284mK_191103__IVB__T_1p40K[0.000023250],0,up,2521,0.9992063492063492,
D4.2__Fig 2__SQUID_data__IVB_BS30_A1S1_I_coil_+-0.3mA_fine_284mK_191103__IVB__T_1p40K[0.000023250],1,down,5000,0.9995999199839968,0.9868950370594853
D4.2__Fig 2__SQUID_data__IVB_BS30_A1S1_I_coil_+-0.3mA_fine_284mK_191103__IVB__T_1p40K[0.000023250],2,up,2479,1.0,
D4.2__Fig 2__SQUID_data__IVB_BS30_A1S1_I_coil_+-0.3mA_fine_284mK_191103__IVB__T_1p40K[0.000024000],0,up,2521,0.9988095238095238,
D4.2__Fig 2__SQUID_data__IVB_BS30_A1S1_I_coil_+-0.3mA_fine_284mK_191103__IVB__T_1p40K[0.000024000],1,down,5000,0.9997999599919984,0.9868727135216305
D4.2__Fig 2__SQUID_data__IVB_BS30_A1S1_I_coil_+-0.3mA_fine_284mK_191103__IVB__T_1p40K[0.000024000],2,up,2479,1.0,
D4.2__Fig 2__SQUID_data__IVB_BS30_A1S1_I_coil_+-0.3mA_fine_284mK_191103__IVB__T_1p40K[0.000024750],0,up,2521,0.9992063492063492,
D4.2__Fig 2__SQUID_data__IVB_BS30_A1S1_I_coil_+-0.3mA_fine_284mK_191103__IVB__T_1p40K[0.000024750],1,down,5000,0.9995999199839968,0.986830170669071
D4.2__Fig 2__SQUID_data__IVB_BS30_A1S1_I_coil_+-0.3mA_fine_284mK_191103__IVB__T_1p40K[0.000024750],2,up,2479,1.0,
D4.2__Fig 2__SQUID_data__IVB_BS30_A1S1_I_coil_+-0.3mA_fine_284mK_191103__IVB__T_1p40K[0.000025500],0,up,2521,0.9992063492063492,
D4.2__Fig 2__SQUID_data__IVB_BS30_A1S1_I_coil_+-0.3mA_fine_284mK_191103__IVB__T_1p40K[0.000025500],1,down,5000,0.9995999199839968,0.9868260370929962
D4.2__Fig 2__SQUID_data__IVB_BS30_A1S1_I_coil_+-0.3mA_fine_284mK_191103__IVB__T_1p40K[0.000025500],2,up,2479,1.0,
D4.2__Fig 2__SQUID_data__IVB_BS30_A1S1_I_coil_+-0.3mA_fine_284mK_191103__IVB__T_1p40K[0.000026250],0,up,2521,0.9992063492063492,
D4.2__Fig 2__SQUID_data__IVB_BS30_A1S1_I_coil_+-0.3mA_fine_284mK_191103__IVB__T_1p40K[0.000026250],1,down,5000,0.9997999599919984,0.9868841275122394
D4.2__Fig 2__SQUID_data__IVB_BS30_A1S1_I_coil_+-0.3mA_fine_284mK_191103__IVB__T_1p40K[0.000026250],2,up,2479,1.0,
D4.2__Fig 2__SQUID_data__IVB_BS30_A1S1_I_coil_+-0.3mA_fine_284mK_191103__IVB__T_1p40K[0.000027000],0,up,2521,0.9988095238095238,
D4.2__Fig 2__SQUID_data__IVB_BS30_A1S1_I_coil_+-0.3mA_fine_284mK_191103__IVB__T_1p40K[0.000027000],1,down,5000,0.9995999199839968,0.9868105460490803
D4.2__Fig 2__SQUID_data__IVB_BS30_A1S1_I_coil_+-0.3mA_fine_284mK_191103__IVB__T_1p40K[0.000027000],2,up,2479,1.0,
D4.2__Fig 2__SQUID_data__IVB_BS30_A1S1_I_coil_+-0.3mA_fine_284mK_191103__IVB__T_1p40K[0.000027750],0,up,2521,0.9992063492063492,
D4.2__Fig 2__SQUID_data__IVB_BS30_A1S1_I_coil_+-0.3mA_fine_284mK_191103__IVB__T_1p40K[0.000027750],1,down,5000,0.9995999199839968,0.986817005359713
D4.2__Fig 2__SQUID_data__IVB_BS30_A1S1_I_coil_+-0.3mA_fine_284mK_191103__IVB__T_1p40K[0.000027750],2,up,2479,1.0,
D4.2__Fig 2__SQUID_data__IVB_BS30_A1S1_I_coil_+-0.3mA_fine_284mK_191103__IVB__T_1p40K[0.000028500],0,up,2521,0.9992063492063492,
D4.2__Fig 2__SQUID_data__IVB_BS30_A1S1_I_coil_+-0.3mA_fine_284mK_191103__IVB__T_1p40K[0.000028500],1,down,5000,0.9997999599919984,0.9868392617794958
D4.2__Fig 2__SQUID_data__IVB_BS30_A1S1_I_coil_+-0.3mA_fine_284mK_191103__IVB__T_1p40K[0.000028500],2,up,2479,1.0,
D4.2__Fig 2__SQUID_data__IVB_BS30_A1S1_I_coil_+-0.3mA_fine_284mK_191103__IVB__T_1p40K[0.000029250],0,up,2521,0.9992063492063492,
D4.2__Fig 2__SQUID_data__IVB_BS30_A1S1_I_coil_+-0.3mA_fine_284mK_191103__IVB__T_1p40K[0.000029250],1,down,5000,0.9997999599919984,0.9868056301514805
D4.2__Fig 2__SQUID_data__IVB_BS30_A1S1_I_coil_+-0.3mA_fine_284mK_191103__IVB__T_1p40K[0.000029250],2,up,2479,1.0,
D4.2__Fig 2__SQUID_data__IVB_BS30_A1S1_I_coil_+-0.3mA_fine_284mK_191103__IVB__T_1p40K[0.000030000],0,up,2521,0.9992063492063492,
D4.2__Fig 2__SQUID_data__IVB_BS30_A1S1_I_coil_+-0.3mA_fine_284mK_191103__IVB__T_1p40K[0.000030000],1,down,5000,0.9997999599919984,0.9868371209933924
D4.2__Fig 2__SQUID_data__IVB_BS30_A1S1_I_coil_+-0.3mA_fine_284mK_191103__IVB__T_1p40K[0.000030000],2,up,2479,1.0,
D4.2__Fig 2__SQUID_data__IVB_BS30_A1S1_I_coil_+-0.3mA_fine_284mK_191103__IVB__T_1p40K[0.000030750],0,up,2521,0.9992063492063492,
D4.2__Fig 2__SQUID_data__IVB_BS30_A1S1_I_coil_+-0.3mA_fine_284mK_191103__IVB__T_1p40K[0.000030750],1,down,5001,0.9994,0.9868970724979365
D4.2__Fig 2__SQUID_data__IVB_BS30_A1S1_I_coil_+-0.3mA_fine_284mK_191103__IVB__T_1p40K[0.000030750],2,up,2478,1.0,
D4.2__Fig 2__SQUID_data__IVB_BS30_A1S1_I_coil_+-0.3mA_fine_284mK_191103__IVB__T_1p40K[0.000031500],0,up,2521,0.9992063492063492,
D4.2__Fig 2__SQUID_data__IVB_BS30_A1S1_I_coil_+-0.3mA_fine_284mK_191103__IVB__T_1p40K[0.000031500],1,down,5000,0.9995999199839968,0.9868526262648571
D4.2__Fig 2__SQUID_data__IVB_BS30_A1S1_I_coil_+-0.3mA_fine_284mK_191103__IVB__T_1p40K[0.000031500],2,up,2479,1.0,
D4.2__Fig 2__SQUID_data__IVB_BS30_A1S1_I_coil_+-0.3mA_fine_284mK_191103__IVB__T_1p40K[0.000032250],0,up,2521,0.9992063492063492,
D4.2__Fig 2__SQUID_data__IVB_BS30_A1S1_I_coil_+-0.3mA_fine_284mK_191103__IVB__T_1p40K[0.000032250],1,down,5000,0.9995999199839968,0.9870017556036297
D4.2__Fig 2__SQUID_data__IVB_BS30_A1S1_I_coil_+-0.3mA_fine_284mK_191103__IVB__T_1p40K[0.000032250],2,up,2479,1.0,
D4.2__Fig 2__SQUID_data__IVB_BS30_A1S1_I_coil_+-0.3mA_fine_284mK_191103__IVB__T_1p40K[0.000033000],0,up,2521,0.9988095238095238,
D4.2__Fig 2__SQUID_data__IVB_BS30_A1S1_I_coil_+-0.3mA_fine_284mK_191103__IVB__T_1p40K[0.000033000],1,down,5000,0.9997999599919984,0.9869322854141213
D4.2__Fig 2__SQUID_data__IVB_BS30_A1S1_I_coil_+-0.3mA_fine_284mK_191103__IVB__T_1p40K[0.000033000],2,up,2479,1.0,
D4.2__Fig 2__SQUID_data__IVB_BS30_A1S1_I_coil_+-0.3mA_fine_284mK_191103__IVB__T_1p40K[0.000033750],0,up,2520,0.999603017070266,
D4.2__Fig 2__SQUID_data__IVB_BS30_A1S1_I_coil_+-0.3mA_fine_284mK_191103__IVB__T_1p40K[0.000033750],1,down,5001,0.9998,0.9869229881438928
D4.2__Fig 2__SQUID_data__IVB_BS30_A1S1_I_coil_+-0.3mA_fine_284mK_191103__IVB__T_1p40K[0.000033750],2,up,2479,1.0,
D4.2__Fig 2__SQUID_data__IVB_BS30_A1S1_I_coil_+-0.3mA_fine_284mK_191103__IVB__T_1p40K[0.000034500],0,up,2521,0.9992063492063492,
D4.2__Fig 2__SQUID_data__IVB_BS30_A1S1_I_coil_+-0.3mA_fine_284mK_191103__IVB__T_1p40K[0.000034500],1,down,5000,0.9997999599919984,0.986935902864987
D4.2__Fig 2__SQUID_data__IVB_BS30_A1S1_I_coil_+-0.3mA_fine_284mK_191103__IVB__T_1p40K[0.000034500],2,up,2479,1.0,
D4.2__Fig 2__SQUID_data__IVB_BS30_A1S1_I_coil_+-0.3mA_fine_284mK_191103__IVB__T_1p40K[0.000035250],0,up,2521,0.9988095238095238,
D4.2__Fig 2__SQUID_data__IVB_BS30_A1S1_I_coil_+-0.3mA_fine_284mK_191103__IVB__T_1p40K[0.000035250],1,down,5000,0.9993998799759952,0.9870134684037323
D4.2__Fig 2__SQUID_data__IVB_BS30_A1S1_I_coil_+-0.3mA_fine_284mK_191103__IVB__T_1p40K[0.000035250],2,up,2479,1.0,
D4.2__Fig 2__SQUID_data__IVB_BS30_A1S1_I_coil_+-0.3mA_fine_284mK_191103__IVB__T_1p40K[0.000036000],0,up,2521,0.9996031746031746,
D4.2__Fig 2__SQUID_data__IVB_BS30_A1S1_I_coil_+-0.3mA_fine_284mK_191103__IVB__T_1p40K[0.000036000],1,down,5000,0.9995999199839968,0.9870305315313387
D4.2__Fig 2__SQUID_data__IVB_BS30_A1S1_I_coil_+-0.3mA_fine_284mK_191103__IVB__T_1p40K[0.000036000],2,up,2479,1.0,
D4.2__Fig 2__SQUID_data__IVB_BS30_A1S1_I_coil_+-0.3mA_fine_284mK_191103__IVB__T_1p40K[0.000036750],0,up,2521,0.9988095238095238,
D4.2__Fig 2__SQUID_data__IVB_BS30_A1S1_I_coil_+-0.3mA_fine_284mK_191103__IVB__T_1p40K[0.000036750],1,down,5000,0.9995999199839968,0.9868929482410712
D4.2__Fig 2__SQUID_data__IVB_BS30_A1S1_I_coil_+-0.3mA_fine_284mK_191103__IVB__T_1p40K[0.000036750],2,up,2479,1.0,
D4.2__Fig 2__SQUID_data__IVB_BS30_A1S1_I_coil_+-0.3mA_fine_284mK_191103__IVB__T_1p40K[0.000037500],0,up,2520,0.999206034140532,
D4.2__Fig 2__SQUID_data__IVB_BS30_A1S1_I_coil_+-0.3mA_fine_284mK_191103__IVB__T_1p40K[0.000037500],1,down,5001,0.9998,0.9869020399214428
D4.2__Fig 2__SQUID_data__IVB_BS30_A1S1_I_coil_+-0.3mA_fine_284mK_191103__IVB__T_1p40K[0.000037500],2,up,2479,1.0,
D4.2__Fig 2__SQUID_data__IVB_BS30_A1S1_I_coil_+-0.3mA_fine_284mK_191103__IVB__T_1p40K[0.000038250],0,up,2522,0.9984133280444268,
D4.2__Fig 2__SQUID_data__IVB_BS30_A1S1_I_coil_+-0.3mA_fine_284mK_191103__IVB__T_1p40K[0.000038250],1,down,4999,0.9993997599039616,0.98686326201536
D4.2__Fig 2__SQUID_data__IVB_BS30_A1S1_I_coil_+-0.3mA_fine_284mK_191103__IVB__T_1p40K[0.000038250],2,up,2479,1.0,
D4.2__Fig 2__SQUID_data__IVB_BS30_A1S1_I_coil_+-0.3mA_fine_284mK_191103__IVB__T_1p40K[0.000039000],0,up,2520,0.999206034140532,
D4.2__Fig 2__SQUID_data__IVB_BS30_A1S1_I_coil_+-0.3mA_fine_284mK_191103__IVB__T_1p40K[0.000039000],1,down,5001,0.9998,0.9870004299360469
D4.2__Fig 2__SQUID_data__IVB_BS30_A1S1_I_coil_+-0.3mA_fine_284mK_191103__IVB__T_1p40K[0.000039000],2,up,2479,1.0,
D4.2__Fig 2__SQUID_data__IVB_BS30_A1S1_I_coil_+-0.3mA_fine_284mK_191103__IVB__T_1p40K[0.000039750],0,up,2521,0.9992063492063492,
D4.2__Fig 2__SQUID_data__IVB_BS30_A1S1_I_coil_+-0.3mA_fine_284mK_191103__IVB__T_1p40K[0.000039750],1,down,5000,0.9997999599919984,0.986937599145959
D4.2__Fig 2__SQUID_data__IVB_BS30_A1S1_I_coil_+-0.3mA_fine_284mK_191103__IVB__T_1p40K[0.000039750],2,up,2479,1.0,
D4.2__Fig 2__SQUID_data__IVB_BS30_A1S1_I_coil_+-0.3mA_fine_284mK_191103__IVB__T_1p40K[0.000040500],0,up,2521,0.9992063492063492,
D4.2__Fig 2__SQUID_data__IVB_BS30_A1S1_I_coil_+-0.3mA_fine_284mK_191103__IVB__T_1p40K[0.000040500],1,down,5001,0.9994,0.9869729938867865
D4.2__Fig 2__SQUID_data__IVB_BS30_A1S1_I_coil_+-0.3mA_fine_284mK_191103__IVB__T_1p40K[0.000040500],2,up,2478,1.0,
D4.2__Fig 2__SQUID_data__IVB_BS30_A1S1_I_coil_+-0.3mA_fine_284mK_191103__IVB__T_1p40K[0.000041250],0,up,2521,0.9988095238095238,
D4.2__Fig 2__SQUID_data__IVB_BS30_A1S1_I_coil_+-0.3mA_fine_284mK_191103__IVB__T_1p40K[0.000041250],1,down,5000,0.9997999599919984,0.9868974026887147
D4.2__Fig 2__SQUID_data__IVB_BS30_A1S1_I_coil_+-0.3mA_fine_284mK_191103__IVB__T_1p40K[0.000041250],2,up,2479,1.0,
D4.2__Fig 2__SQUID_data__IVB_BS30_A1S1_I_coil_+-0.3mA_fine_284mK_191103__IVB__T_1p40K[0.000042000],0,up,2521,0.9992063492063492,
D4.2__Fig 2__SQUID_data__IVB_BS30_A1S1_I_coil_+-0.3mA_fine_284mK_191103__IVB__T_1p40K[0.000042000],1,down,5000,0.9995999199839968,0.9868950621376004
D4.2__Fig 2__SQUID_data__IVB_BS30_A1S1_I_coil_+-0.3mA_fine_284mK_191103__IVB__T_1p40K[0.000042000],2,up,2479,1.0,
D4.2__Fig 2__SQUID_data__IVB_BS30_A1S1_I_coil_+-0.3mA_fine_284mK_191103__IVB__T_1p40K[0.000042750],0,up,2521,0.9996031746031746,
D4.2__Fig 2__SQUID_data__IVB_BS30_A1S1_I_coil_+-0.3mA_fine_284mK_191103__IVB__T_1p40K[0.000042750],1,down,5000,0.9995999199839968,0.9868614322520299
D4.2__Fig 2__SQUID_data__IVB_BS30_A1S1_I_coil_+-0.3mA_fine_284mK_191103__IVB__T_1p40K[0.000042750],2,up,2479,1.0,
D4.2__Fig 2__SQUID_data__IVB_BS30_A1S1_I_coil_+-0.3mA_fine_284mK_191103__IVB__T_1p40K[0.000043500],0,up,2521,0.9992063492063492,
D4.2__Fig 2__SQUID_data__IVB_BS30_A1S1_I_coil_+-0.3mA_fine_284mK_191103__IVB__T_1p40K[0.000043500],1,down,5001,0.9994,0.9867816130272327
D4.2__Fig 2__SQUID_data__IVB_BS30_A1S1_I_coil_+-0.3mA_fine_284mK_191103__IVB__T_1p40K[0.000043500],2,up,2478,1.0,
D4.2__Fig 2__SQUID_data__IVB_BS30_A1S1_I_coil_+-0.3mA_fine_284mK_191103__IVB__T_1p40K[0.000044250],0,up,2520,0.999206034140532,
D4.2__Fig 2__SQUID_data__IVB_BS30_A1S1_I_coil_+-0.3mA_fine_284mK_191103__IVB__T_1p40K[0.000044250],1,down,5002,0.999000199960008,0.9869036763493149
D4.2__Fig 2__SQUID_data__IVB_BS30_A1S1_I_coil_+-0.3mA_fine_284mK_191103__IVB__T_1p40K[0.000044250],2,up,2478,1.0,
D4.2__Fig 2__SQUID_data__IVB_BS30_A1S1_I_coil_+-0.3mA_fine_284mK_191103__IVB__T_1p40K[0.000045000],0,up,2521,0.9992063492063492,
D4.2__Fig 2__SQUID_data__IVB_BS30_A1S1_I_coil_+-0.3mA_fine_284mK_191103__IVB__T_1p40K[0.000045000],1,down,5000,0.9993998799759952,0.9868192828885456
D4.2__Fig 2__SQUID_data__IVB_BS30_A1S1_I_coil_+-0.3mA_fine_284mK_191103__IVB__T_1p40K[0.000045000],2,up,2479,1.0,
D4.2__Fig 2__SQUID_data__IVB_BS30_A1S1_I_coil_+-0.3mA_fine_284mK_191103__IVB__T_1p40K[0.000045750],0,up,2521,0.9984126984126984,
D4.2__Fig 2__SQUID_data__IVB_BS30_A1S1_I_coil_+-0.3mA_fine_284mK_191103__IVB__T_1p40K[0.000045750],1,down,5001,0.9994,0.9869529580650801
D4.2__Fig 2__SQUID_data__IVB_BS30_A1S1_I_coil_+-0.3mA_fine_284mK_191103__IVB__T_1p40K[0.000045750],2,up,2478,1.0,
D4.2__Fig 2__SQUID_data__IVB_BS30_A1S1_I_coil_+-0.3mA_fine_284mK_191103__IVB__T_1p40K[0.000046500],0,up,2521,0.9988095238095238,
D4.2__Fig 2__SQUID_data__IVB_BS30_A1S1_I_coil_+-0.3mA_fine_284mK_191103__IVB__T_1p40K[0.000046500],1,down,5000,0.9995999199839968,0.9868062293680467
D4.2__Fig 2__SQUID_data__IVB_BS30_A1S1_I_coil_+-0.3mA_fine_284mK_191103__IVB__T_1p40K[0.000046500],2,up,2479,1.0,
D4.2__Fig 2__SQUID_data__IVB_BS30_A1S1_I_coil_+-0.3mA_fine_284mK_191103__IVB__T_1p40K[0.000047250],0,up,2521,0.9992063492063492,
D4.2__Fig 2__SQUID_data__IVB_BS30_A1S1_I_coil_+-0.3mA_fine_284mK_191103__IVB__T_1p40K[0.000047250],1,down,5000,0.9995999199839968,0.9868840816113227
D4.2__Fig 2__SQUID_data__IVB_BS30_A1S1_I_coil_+-0.3mA_fine_284mK_191103__IVB__T_1p40K[0.000047250],2,up,2479,1.0,
D4.2__Fig 2__SQUID_data__IVB_BS30_A1S1_I_coil_+-0.3mA_fine_284mK_191103__IVB__T_1p40K[0.000048000],0,up,2521,0.9992063492063492,
D4.2__Fig 2__SQUID_data__IVB_BS30_A1S1_I_coil_+-0.3mA_fine_284mK_191103__IVB__T_1p40K[0.000048000],1,down,5000,0.9995999199839968,0.9868194079011364
D4.2__Fig 2__SQUID_data__IVB_BS30_A1S1_I_coil_+-0.3mA_fine_284mK_191103__IVB__T_1p40K[0.000048000],2,up,2479,1.0,
D4.2__Fig 2__SQUID_data__IVB_BS30_A1S1_I_coil_+-0.3mA_fine_284mK_191103__IVB__T_1p40K[0.000048750],0,up,2521,0.9992063492063492,
D4.2__Fig 2__SQUID_data__IVB_BS30_A1S1_I_coil_+-0.3mA_fine_284mK_191103__IVB__T_1p40K[0.000048750],1,down,5001,0.9996,0.9868150577222482
D4.2__Fig 2__SQUID_data__IVB_BS30_A1S1_I_coil_+-0.3mA_fine_284mK_191103__IVB__T_1p40K[0.000048750],2,up,2478,1.0,
D4.2__Fig 2__SQUID_data__IVB_BS30_A1S1_I_coil_+-0.3mA_fine_284mK_191103__IVB__T_1p40K[0.000049500],0,up,2521,0.9992063492063492,
D4.2__Fig 2__SQUID_data__IVB_BS30_A1S1_I_coil_+-0.3mA_fine_284mK_191103__IVB__T_1p40K[0.000049500],1,down,5000,0.9995999199839968,0.9867749971404985
D4.2__Fig 2__SQUID_data__IVB_BS30_A1S1_I_coil_+-0.3mA_fine_284mK_191103__IVB__T_1p40K[0.000049500],2,up,2479,1.0,
D4.2__Fig 2__SQUID_data__IVB_BS30_A1S1_I_coil_+-0.3mA_fine_284mK_191103__IVB__T_1p40K[0.000050250],0,up,2521,0.9992063492063492,
D4.2__Fig 2__SQUID_data__IVB_BS30_A1S1_I_coil_+-0.3mA_fine_284mK_191103__IVB__T_1p40K[0.000050250],1,down,5000,0.9995999199839968,0.9867369884361303
D4.2__Fig 2__SQUID_data__IVB_BS30_A1S1_I_coil_+-0.3mA_fine_284mK_191103__IVB__T_1p40K[0.000050250],2,up,2479,1.0,
D4.2__Fig 2__SQUID_data__IVB_BS30_A1S1_I_coil_+-0.3mA_fine_284mK_191103__IVB__T_1p40K[0.000051000],0,up,2521,0.9992063492063492,
D4.2__Fig 2__SQUID_data__IVB_BS30_A1S1_I_coil_+-0.3mA_fine_284mK_191103__IVB__T_1p40K[0.000051000],1,down,5000,0.9997999599919984,0.9866609856320687
D4.2__Fig 2__SQUID_data__IVB_BS30_A1S1_I_coil_+-0.3mA_fine_284mK_191103__IVB__T_1p40K[0.000051000],2,up,2479,1.0,
D4.2__Fig 2__SQUID_data__IVB_BS30_A1S1_I_coil_+-0.3mA_fine_284mK_191103__IVB__T_1p40K[0.000051750],0,up,2521,0.9996031746031746,
D4.2__Fig 2__SQUID_data__IVB_BS30_A1S1_I_coil_+-0.3mA_fine_284mK_191103__IVB__T_1p40K[0.000051750],1,down,5000,0.9995999199839968,0.9867009320130821
D4.2__Fig 2__SQUID_data__IVB_BS30_A1S1_I_coil_+-0.3mA_fine_284mK_191103__IVB__T_1p40K[0.000051750],2,up,2479,1.0,
D4.2__Fig 2__SQUID_data__IVB_BS30_A1S1_I_coil_+-0.3mA_fine_284mK_191103__IVB__T_1p40K[0.000052500],0,up,2521,0.9996031746031746,
D4.2__Fig 2__SQUID_data__IVB_BS30_A1S1_I_coil_+-0.3mA_fine_284mK_191103__IVB__T_1p40K[0.000052500],1,down,5000,0.9995999199839968,0.9868110814962746
D4.2__Fig 2__SQUID_data__IVB_BS30_A1S1_I_coil_+-0.3mA_fine_284mK_191103__IVB__T_1p40K[0.000052500],2,up,2479,1.0,
D4.2__Fig 2__SQUID_data__IVB_BS30_A1S1_I_coil_+-0.3mA_fine_284mK_191103__IVB__T_1p40K[0.000053250],0,up,2521,0.9988095238095238,
D4.2__Fig 2__SQUID_data__IVB_BS30_A1S1_I_coil_+-0.3mA_fine_284mK_191103__IVB__T_1p40K[0.000053250],1,down,5000,0.9993998799759952,0.9867722166973129
D4.2__Fig 2__SQUID_data__IVB_BS30_A1S1_I_coil_+-0.3mA_fine_284mK_191103__IVB__T_1p40K[0.000053250],2,up,2479,1.0,
D4.2__Fig 2__SQUID_data__IVB_BS30_A1S1_I_coil_+-0.3mA_fine_284mK_191103__IVB__T_1p40K[0.000054000],0,up,2521,0.9992063492063492,
D4.2__Fig 2__SQUID_data__IVB_BS30_A1S1_I_coil_+-0.3mA_fine_284mK_191103__IVB__T_1p40K[0.000054000],1,down,5000,0.9995999199839968,0.9868124209326472
D4.2__Fig 2__SQUID_data__IVB_BS30_A1S1_I_coil_+-0.3mA_fine_284mK_191103__IVB__T_1p40K[0.000054000],2,up,2479,1.0,
D4.2__Fig 2__SQUID_data__IVB_BS30_A1S1_I_coil_+-0.3mA_fine_284mK_191103__IVB__T_1p40K[0.000054750],0,up,2521,0.9992063492063492,
D4.2__Fig 2__SQUID_data__IVB_BS30_A1S1_I_coil_+-0.3mA_fine_284mK_191103__IVB__T_1p40K[0.000054750],1,down,5001,0.9994,0.9867674258689537
D4.2__Fig 2__SQUID_data__IVB_BS30_A1S1_I_coil_+-0.3mA_fine_284mK_191103__IVB__T_1p40K[0.000054750],2,up,2478,1.0,
D4.2__Fig 2__SQUID_data__IVB_BS30_A1S1_I_coil_+-0.3mA_fine_284mK_191103__IVB__T_1p40K[0.000055500],0,up,2521,0.9988095238095238,
D4.2__Fig 2__SQUID_data__IVB_BS30_A1S1_I_coil_+-0.3mA_fine_284mK_191103__IVB__T_1p40K[0.000055500],1,down,5000,0.9997999599919984,0.9867255489893312
D4.2__Fig 2__SQUID_data__IVB_BS30_A1S1_I_coil_+-0.3mA_fine_284mK_191103__IVB__T_1p40K[0.000055500],2,up,2479,1.0,
D4.2__Fig 2__SQUID_data__IVB_BS30_A1S1_I_coil_+-0.3mA_fine_284mK_191103__IVB__T_1p40K[0.000056250],0,up,2521,0.9996031746031746,
D4.2__Fig 2__SQUID_data__IVB_BS30_A1S1_I_coil_+-0.3mA_fine_284mK_191103__IVB__T_1p40K[0.000056250],1,down,5000,0.9997999599919984,0.9868527003517337
D4.2__Fig 2__SQUID_data__IVB_BS30_A1S1_I_coil_+-0.3mA_fine_284mK_191103__IVB__T_1p40K[0.000056250],2,up,2479,1.0,
D4.2__Fig 2__SQUID_data__IVB_BS30_A1S1_I_coil_+-0.3mA_fine_284mK_191103__IVB__T_1p40K[0.000057000],0,up,2521,0.9992063492063492,
D4.2__Fig 2__SQUID_data__IVB_BS30_A1S1_I_coil_+-0.3mA_fine_284mK_191103__IVB__T_1p40K[0.000057000],1,down,5000,0.9997999599919984,0.9866781781875873
D4.2__Fig 2__SQUID_data__IVB_BS30_A1S1_I_coil_+-0.3mA_fine_284mK_191103__IVB__T_1p40K[0.000057000],2,up,2479,1.0,
D4.2__Fig 2__SQUID_data__IVB_BS30_A1S1_I_coil_+-0.3mA_fine_284mK_191103__IVB__T_1p40K[0.000057750],0,up,2521,0.9988095238095238,
D4.2__Fig 2__SQUID_data__IVB_BS30_A1S1_I_coil_+-0.3mA_fine_284mK_191103__IVB__T_1p40K[0.000057750],1,down,5001,0.9994,0.9868103985820296
D4.2__Fig 2__SQUID_data__IVB_BS30_A1S1_I_coil_+-0.3mA_fine_284mK_191103__IVB__T_1p40K[0.000057750],2,up,2478,1.0,
D4.2__Fig 2__SQUID_data__IVB_BS30_A1S1_I_coil_+-0.3mA_fine_284mK_191103__IVB__T_1p40K[0.000058500],0,up,2521,0.9992063492063492,
D4.2__Fig 2__SQUID_data__IVB_BS30_A1S1_I_coil_+-0.3mA_fine_284mK_191103__IVB__T_1p40K[0.000058500],1,down,5000,0.9997999599919984,0.9868367945006777
D4.2__Fig 2__SQUID_data__IVB_BS30_A1S1_I_coil_+-0.3mA_fine_284mK_191103__IVB__T_1p40K[0.000058500],2,up,2479,1.0,
D4.2__Fig 2__SQUID_data__IVB_BS30_A1S1_I_coil_+-0.3mA_fine_284mK_191103__IVB__T_1p40K[0.000059250],0,up,2521,0.9992063492063492,
D4.2__Fig 2__SQUID_data__IVB_BS30_A1S1_I_coil_+-0.3mA_fine_284mK_191103__IVB__T_1p40K[0.000059250],1,down,5000,0.9995999199839968,0.9867901561408897
D4.2__Fig 2__SQUID_data__IVB_BS30_A1S1_I_coil_+-0.3mA_fine_284mK_191103__IVB__T_1p40K[0.000059250],2,up,2479,1.0,
D4.2__Fig 2__SQUID_data__IVB_BS30_A1S1_I_coil_+-0.3mA_fine_284mK_191103__IVB__T_1p40K[0.000060000],0,up,2521,0.9992063492063492,
D4.2__Fig 2__SQUID_data__IVB_BS30_A1S1_I_coil_+-0.3mA_fine_284mK_191103__IVB__T_1p40K[0.000060000],1,down,5000,0.9993998799759952,0.9868279201819121
D4.2__Fig 2__SQUID_data__IVB_BS30_A1S1_I_coil_+-0.3mA_fine_284mK_191103__IVB__T_1p40K[0.000060000],2,up,2479,1.0,
D4.2__Fig 2__SQUID_data__IVB_BS30_A1S1_I_coil_+-0.3mA_fine_284mK_191103__IVB__T_1p40K[0.000060750],0,up,2521,0.9988095238095238,
D4.2__Fig 2__SQUID_data__IVB_BS30_A1S1_I_coil_+-0.3mA_fine_284mK_191103__IVB__T_1p40K[0.000060750],1,down,5000,0.9995999199839968,0.9868441567424193
D4.2__Fig 2__SQUID_data__IVB_BS30_A1S1_I_coil_+-0.3mA_fine_284mK_191103__IVB__T_1p40K[0.000060750],2,up,2479,1.0,
D4.2__Fig 2__SQUID_data__IVB_BS30_A1S1_I_coil_+-0.3mA_fine_284mK_191103__IVB__T_1p40K[0.000061500],0,up,2520,0.999206034140532,
D4.2__Fig 2__SQUID_data__IVB_BS30_A1S1_I_coil_+-0.3mA_fine_284mK_191103__IVB__T_1p40K[0.000061500],1,down,5001,0.9996,0.986792606376182
D4.2__Fig 2__SQUID_data__IVB_BS30_A1S1_I_coil_+-0.3mA_fine_284mK_191103__IVB__T_1p40K[0.000061500],2,up,2479,1.0,
D4.2__Fig 2__SQUID_data__IVB_BS30_A1S1_I_coil_+-0.3mA_fine_284mK_191103__IVB__T_1p40K[0.000062250],0,up,2521,0.9992063492063492,
D4.2__Fig 2__SQUID_data__IVB_BS30_A1S1_I_coil_+-0.3mA_fine_284mK_191103__IVB__T_1p40K[0.000062250],1,down,5000,0.9995999199839968,0.9867567963131327
D4.2__Fig 2__SQUID_data__IVB_BS30_A1S1_I_coil_+-0.3mA_fine_284mK_191103__IVB__T_1p40K[0.000062250],2,up,2479,1.0,
D4.2__Fig 2__SQUID_data__IVB_BS30_A1S1_I_coil_+-0.3mA_fine_284mK_191103__IVB__T_1p40K[0.000063000],0,up,2521,0.9992063492063492,
D4.2__Fig 2__SQUID_data__IVB_BS30_A1S1_I_coil_+-0.3mA_fine_284mK_191103__IVB__T_1p40K[0.000063000],1,down,5000,0.9993998799759952,0.9868325464348034
D4.2__Fig 2__SQUID_data__IVB_BS30_A1S1_I_coil_+-0.3mA_fine_284mK_191103__IVB__T_1p40K[0.000063000],2,up,2479,1.0,
D4.2__Fig 2__SQUID_data__IVB_BS30_A1S1_I_coil_+-0.3mA_fine_284mK_191103__IVB__T_1p40K[0.000063750],0,up,2521,0.9988095238095238,
D4.2__Fig 2__SQUID_data__IVB_BS30_A1S1_I_coil_+-0.3mA_fine_284mK_191103__IVB__T_1p40K[0.000063750],1,down,5000,0.9993998799759952,0.9867946729799628
D4.2__Fig 2__SQUID_data__IVB_BS30_A1S1_I_coil_+-0.3mA_fine_284mK_191103__IVB__T_1p40K[0.000063750],2,up,2479,1.0,
D4.2__Fig 2__SQUID_data__IVB_BS30_A1S1_I_coil_+-0.3mA_fine_284mK_191103__IVB__T_1p40K[0.000064500],0,up,2521,0.9992063492063492,
D4.2__Fig 2__SQUID_data__IVB_BS30_A1S1_I_coil_+-0.3mA_fine_284mK_191103__IVB__T_1p40K[0.000064500],1,down,5000,0.9997999599919984,0.9867348808075252
D4.2__Fig 2__SQUID_data__IVB_BS30_A1S1_I_coil_+-0.3mA_fine_284mK_191103__IVB__T_1p40K[0.000064500],2,up,2479,1.0,
D4.2__Fig 2__SQUID_data__IVB_BS30_A1S1_I_coil_+-0.3mA_fine_284mK_191103__IVB__T_1p40K[0.000065250],0,up,2521,0.9996031746031746,
D4.2__Fig 2__SQUID_data__IVB_BS30_A1S1_I_coil_+-0.3mA_fine_284mK_191103__IVB__T_1p40K[0.000065250],1,down,5000,0.9995999199839968,0.9867786828109424
D4.2__Fig 2__SQUID_data__IVB_BS30_A1S1_I_coil_+-0.3mA_fine_284mK_191103__IVB__T_1p40K[0.000065250],2,up,2479,1.0,
D4.2__Fig 2__SQUID_data__IVB_BS30_A1S1_I_coil_+-0.3mA_fine_284mK_191103__IVB__T_1p40K[0.000066000],0,up,2521,0.9992063492063492,
D4.2__Fig 2__SQUID_data__IVB_BS30_A1S1_I_coil_+-0.3mA_fine_284mK_191103__IVB__T_1p40K[0.000066000],1,down,5000,0.9997999599919984,0.9867326029971775
D4.2__Fig 2__SQUID_data__IVB_BS30_A1S1_I_coil_+-0.3mA_fine_284mK_191103__IVB__T_1p40K[0.000066000],2,up,2479,1.0,
D4.2__Fig 2__SQUID_data__IVB_BS30_A1S1_I_coil_+-0.3mA_fine_284mK_191103__IVB__T_1p40K[0.000066750],0,up,2521,0.9996031746031746,
D4.2__Fig 2__SQUID_data__IVB_BS30_A1S1_I_coil_+-0.3mA_fine_284mK_191103__IVB__T_1p40K[0.000066750],1,down,5000,0.9997999599919984,0.9868613808191412
D4.2__Fig 2__SQUID_data__IVB_BS30_A1S1_I_coil_+-0.3mA_fine_284mK_191103__IVB__T_1p40K[0.000066750],2,up,2479,1.0,
D4.2__Fig 2__SQUID_data__IVB_BS30_A1S1_I_coil_+-0.3mA_fine_284mK_191103__IVB__T_1p40K[0.000067500],0,up,2520,0.999603017070266,
D4.2__Fig 2__SQUID_data__IVB_BS30_A1S1_I_coil_+-0.3mA_fine_284mK_191103__IVB__T_1p40K[0.000067500],1,down,5001,0.9994,0.9868552777994051
D4.2__Fig 2__SQUID_data__IVB_BS30_A1S1_I_coil_+-0.3mA_fine_284mK_191103__IVB__T_1p40K[0.000067500],2,up,2479,1.0,
D4.2__Fig 2__SQUID_data__IVB_BS30_A1S1_I_coil_+-0.3mA_fine_284mK_191103__IVB__T_1p40K[0.000068250],0,up,2521,0.9992063492063492,
D4.2__Fig 2__SQUID_data__IVB_BS30_A1S1_I_coil_+-0.3mA_fine_284mK_191103__IVB__T_1p40K[0.000068250],1,down,5000,0.9997999599919984,0.9867966045673338
D4.2__Fig 2__SQUID_data__IVB_BS30_A1S1_I_coil_+-0.3mA_fine_284mK_191103__IVB__T_1p40K[0.000068250],2,up,2479,1.0,
D4.2__Fig 2__SQUID_data__IVB_BS30_A1S1_I_coil_+-0.3mA_fine_284mK_191103__IVB__T_1p40K[0.000069000],0,up,2521,0.9992063492063492,
D4.2__Fig 2__SQUID_data__IVB_BS30_A1S1_I_coil_+-0.3mA_fine_284mK_191103__IVB__T_1p40K[0.000069000],1,down,5001,0.9994,0.9868344158606277
D4.2__Fig 2__SQUID_data__IVB_BS30_A1S1_I_coil_+-0.3mA_fine_284mK_191103__IVB__T_1p40K[0.000069000],2,up,2478,1.0,
D4.2__Fig 2__SQUID_data__IVB_BS30_A1S1_I_coil_+-0.3mA_fine_284mK_191103__IVB__T_1p40K[0.000069750],0,up,2521,0.9996031746031746,
D4.2__Fig 2__SQUID_data__IVB_BS30_A1S1_I_coil_+-0.3mA_fine_284mK_191103__IVB__T_1p40K[0.000069750],1,down,5000,0.9995999199839968,0.9867989731417814
D4.2__Fig 2__SQUID_data__IVB_BS30_A1S1_I_coil_+-0.3mA_fine_284mK_191103__IVB__T_1p40K[0.000069750],2,up,2479,1.0,
D4.2__Fig 2__SQUID_data__IVB_BS30_A1S1_I_coil_+-0.3mA_fine_284mK_191103__IVB__T_1p40K[0.000070500],0,up,2520,0.999206034140532,
D4.2__Fig 2__SQUID_data__IVB_BS30_A1S1_I_coil_+-0.3mA_fine_284mK_191103__IVB__T_1p40K[0.000070500],1,down,5000,0.9993998799759952,0.9869000091433044
D4.2__Fig 2__SQUID_data__IVB_BS30_A1S1_I_coil_+-0.3mA_fine_284mK_191103__IVB__T_1p40K[0.000070500],2,up,2480,1.0,
D4.2__Fig 2__SQUID_data__IVB_BS30_A1S1_I_coil_+-0.3mA_fine_284mK_191103__IVB__T_1p40K[0.000071250],0,up,2521,0.9996031746031746,
D4.2__Fig 2__SQUID_data__IVB_BS30_A1S1_I_coil_+-0.3mA_fine_284mK_191103__IVB__T_1p40K[0.000071250],1,down,5000,0.9995999199839968,0.986703643673122
D4.2__Fig 2__SQUID_data__IVB_BS30_A1S1_I_coil_+-0.3mA_fine_284mK_191103__IVB__T_1p40K[0.000071250],2,up,2479,1.0,
D4.2__Fig 2__SQUID_data__IVB_BS30_A1S1_I_coil_+-0.3mA_fine_284mK_191103__IVB__T_1p40K[0.000072000],0,up,2520,0.999206034140532,
D4.2__Fig 2__SQUID_data__IVB_BS30_A1S1_I_coil_+-0.3mA_fine_284mK_191103__IVB__T_1p40K[0.000072000],1,down,5001,0.9994,0.9868420507839921
D4.2__Fig 2__SQUID_data__IVB_BS30_A1S1_I_coil_+-0.3mA_fine_284mK_191103__IVB__T_1p40K[0.000072000],2,up,2479,1.0,
D4.2__Fig 2__SQUID_data__IVB_BS30_A1S1_I_coil_+-0.3mA_fine_284mK_191103__IVB__T_1p40K[0.000072750],0,up,2521,0.9992063492063492,
D4.2__Fig 2__SQUID_data__IVB_BS30_A1S1_I_coil_+-0.3mA_fine_284mK_191103__IVB__T_1p40K[0.000072750],1,down,5000,0.9997999599919984,0.9867206816610901
D4.2__Fig 2__SQUID_data__IVB_BS30_A1S1_I_coil_+-0.3mA_fine_284mK_191103__IVB__T_1p40K[0.000072750],2,up,2479,1.0,
D4.2__Fig 2__SQUID_data__IVB_BS30_A1S1_I_coil_+-0.3mA_fine_284mK_191103__IVB__T_1p40K[0.000073500],0,up,2521,0.9996031746031746,
D4.2__Fig 2__SQUID_data__IVB_BS30_A1S1_I_coil_+-0.3mA_fine_284mK_191103__IVB__T_1p40K[0.000073500],1,down,5000,0.9995999199839968,0.9867966447319323
D4.2__Fig 2__SQUID_data__IVB_BS30_A1S1_I_coil_+-0.3mA_fine_284mK_191103__IVB__T_1p40K[0.000073500],2,up,2479,1.0,
D4.2__Fig 2__SQUID_data__IVB_BS30_A1S1_I_coil_+-0.3mA_fine_284mK_191103__IVB__T_1p40K[0.000074250],0,up,2521,0.9992063492063492,
D4.2__Fig 2__SQUID_data__IVB_BS30_A1S1_I_coil_+-0.3mA_fine_284mK_191103__IVB__T_1p40K[0.000074250],1,down,5000,0.9995999199839968,0.9869065513386108
D4.2__Fig 2__SQUID_data__IVB_BS30_A1S1_I_coil_+-0.3mA_fine_284mK_191103__IVB__T_1p40K[0.000074250],2,up,2479,1.0,
D4.2__Fig 2__SQUID_data__IVB_BS30_A1S1_I_coil_+-0.3mA_fine_284mK_191103__IVB__T_1p40K[0.000075000],0,up,2521,0.9992063492063492,
D4.2__Fig 2__SQUID_data__IVB_BS30_A1S1_I_coil_+-0.3mA_fine_284mK_191103__IVB__T_1p40K[0.000075000],1,down,5000,0.9995999199839968,0.9867905394849591
D4.2__Fig 2__SQUID_data__IVB_BS30_A1S1_I_coil_+-0.3mA_fine_284mK_191103__IVB__T_1p40K[0.000075000],2,up,2479,1.0,
D4.2__Fig 2__SQUID_data__IVB_BS30_A1S1_I_coil_+-0.3mA_fine_284mK_191103__IVB__T_1p40K[0.000075750],0,up,2521,0.9996031746031746,
D4.2__Fig 2__SQUID_data__IVB_BS30_A1S1_I_coil_+-0.3mA_fine_284mK_191103__IVB__T_1p40K[0.000075750],1,down,5000,0.9995999199839968,0.9868034680413164
D4.2__Fig 2__SQUID_data__IVB_BS30_A1S1_I_coil_+-0.3mA_fine_284mK_191103__IVB__T_1p40K[0.000075750],2,up,2479,1.0,
D4.2__Fig 2__SQUID_data__IVB_BS30_A1S1_I_coil_+-0.3mA_fine_284mK_191103__IVB__T_1p40K[0.000076500],0,up,2521,0.9992063492063492,
D4.2__Fig 2__SQUID_data__IVB_BS30_A1S1_I_coil_+-0.3mA_fine_284mK_191103__IVB__T_1p40K[0.000076500],1,down,5000,0.9995999199839968,0.9867503546726345
D4.2__Fig 2__SQUID_data__IVB_BS30_A1S1_I_coil_+-0.3mA_fine_284mK_191103__IVB__T_1p40K[0.000076500],2,up,2479,1.0,
D4.2__Fig 2__SQUID_data__IVB_BS30_A1S1_I_coil_+-0.3mA_fine_284mK_191103__IVB__T_1p40K[0.000077250],0,up,2521,0.9992063492063492,
D4.2__Fig 2__SQUID_data__IVB_BS30_A1S1_I_coil_+-0.3mA_fine_284mK_191103__IVB__T_1p40K[0.000077250],1,down,4999,0.9997999199679872,0.9867259989522049
D4.2__Fig 2__SQUID_data__IVB_BS30_A1S1_I_coil_+-0.3mA_fine_284mK_191103__IVB__T_1p40K[0.000077250],2,up,2480,1.0,
D4.2__Fig 2__SQUID_data__IVB_BS30_A1S1_I_coil_+-0.3mA_fine_284mK_191103__IVB__T_1p40K[0.000078000],0,up,2521,0.9992063492063492,
D4.2__Fig 2__SQUID_data__IVB_BS30_A1S1_I_coil_+-0.3mA_fine_284mK_191103__IVB__T_1p40K[0.000078000],1,down,5000,0.9995999199839968,0.9867344001895653
D4.2__Fig 2__SQUID_data__IVB_BS30_A1S1_I_coil_+-0.3mA_fine_284mK_191103__IVB__T_1p40K[0.000078000],2,up,2479,1.0,
D4.2__Fig 2__SQUID_data__IVB_BS30_A1S1_I_coil_+-0.3mA_fine_284mK_191103__IVB__T_1p40K[0.000078750],0,up,2521,0.9992063492063492,
D4.2__Fig 2__SQUID_data__IVB_BS30_A1S1_I_coil_+-0.3mA_fine_284mK_191103__IVB__T_1p40K[0.000078750],1,down,5000,0.9995999199839968,0.9867572260835514
D4.2__Fig 2__SQUID_data__IVB_BS30_A1S1_I_coil_+-0.3mA_fine_284mK_191103__IVB__T_1p40K[0.000078750],2,up,2479,1.0,
D4.2__Fig 2__SQUID_data__IVB_BS30_A1S1_I_coil_+-0.3mA_fine_284mK_191103__IVB__T_1p40K[0.000079500],0,up,2521,0.9992063492063492,
D4.2__Fig 2__SQUID_data__IVB_BS30_A1S1_I_coil_+-0.3mA_fine_284mK_191103__IVB__T_1p40K[0.000079500],1,down,5000,0.9995999199839968,0.9867259862549673
D4.2__Fig 2__SQUID_data__IVB_BS30_A1S1_I_coil_+-0.3mA_fine_284mK_191103__IVB__T_1p40K[0.000079500],2,up,2479,1.0,
D4.2__Fig 2__SQUID_data__IVB_BS30_A1S1_I_coil_+-0.3mA_fine_284mK_191103__IVB__T_1p40K[0.000080250],0,up,2521,0.9996031746031746,
D4.2__Fig 2__SQUID_data__IVB_BS30_A1S1_I_coil_+-0.3mA_fine_284mK_191103__IVB__T_1p40K[0.000080250],1,down,5000,0.9997999599919984,0.9866946393829601
D4.2__Fig 2__SQUID_data__IVB_BS30_A1S1_I_coil_+-0.3mA_fine_284mK_191103__IVB__T_1p40K[0.000080250],2,up,2479,1.0,
D4.2__Fig 2__SQUID_data__IVB_BS30_A1S1_I_coil_+-0.3mA_fine_284mK_191103__IVB__T_1p40K[0.000081000],0,up,2520,0.999206034140532,
D4.2__Fig 2__SQUID_data__IVB_BS30_A1S1_I_coil_+-0.3mA_fine_284mK_191103__IVB__T_1p40K[0.000081000],1,down,5001,0.9996,0.9868233593438012
D4.2__Fig 2__SQUID_data__IVB_BS30_A1S1_I_coil_+-0.3mA_fine_284mK_191103__IVB__T_1p40K[0.000081000],2,up,2479,1.0,
D4.2__Fig 2__SQUID_data__IVB_BS30_A1S1_I_coil_+-0.3mA_fine_284mK_191103__IVB__T_1p40K[0.000081750],0,up,2521,0.9992063492063492,
D4.2__Fig 2__SQUID_data__IVB_BS30_A1S1_I_coil_+-0.3mA_fine_284mK_191103__IVB__T_1p40K[0.000081750],1,down,5000,0.9995999199839968,0.9867326278419773
D4.2__Fig 2__SQUID_data__IVB_BS30_A1S1_I_coil_+-0.3mA_fine_284mK_191103__IVB__T_1p40K[0.000081750],2,up,2479,1.0,
D4.2__Fig 2__SQUID_data__IVB_BS30_A1S1_I_coil_+-0.3mA_fine_284mK_191103__IVB__T_1p40K[0.000082500],0,up,2521,0.9992063492063492,
D4.2__Fig 2__SQUID_data__IVB_BS30_A1S1_I_coil_+-0.3mA_fine_284mK_191103__IVB__T_1p40K[0.000082500],1,down,5000,0.9995999199839968,0.9866988733616042
D4.2__Fig 2__SQUID_data__IVB_BS30_A1S1_I_coil_+-0.3mA_fine_284mK_191103__IVB__T_1p40K[0.000082500],2,up,2479,1.0,
D4.2__Fig 2__SQUID_data__IVB_BS30_A1S1_I_coil_+-0.3mA_fine_284mK_191103__IVB__T_1p40K[0.000083250],0,up,2521,0.9988095238095238,
D4.2__Fig 2__SQUID_data__IVB_BS30_A1S1_I_coil_+-0.3mA_fine_284mK_191103__IVB__T_1p40K[0.000083250],1,down,5000,0.9995999199839968,0.9867589721158337
D4.2__Fig 2__SQUID_data__IVB_BS30_A1S1_I_coil_+-0.3mA_fine_284mK_191103__IVB__T_1p40K[0.000083250],2,up,2479,1.0,
D4.2__Fig 2__SQUID_data__IVB_BS30_A1S1_I_coil_+-0.3mA_fine_284mK_191103__IVB__T_1p40K[0.000084000],0,up,2522,0.9988099960333201,
D4.2__Fig 2__SQUID_data__IVB_BS30_A1S1_I_coil_+-0.3mA_fine_284mK_191103__IVB__T_1p40K[0.000084000],1,down,4999,0.9995998399359743,0.9866556912339934
D4.2__Fig 2__SQUID_data__IVB_BS30_A1S1_I_coil_+-0.3mA_fine_284mK_191103__IVB__T_1p40K[0.000084000],2,up,2479,1.0,
D4.2__Fig 2__SQUID_data__IVB_BS30_A1S1_I_coil_+-0.3mA_fine_284mK_191103__IVB__T_1p40K[0.000084750],0,up,2520,0.999603017070266,
D4.2__Fig 2__SQUID_data__IVB_BS30_A1S1_I_coil_+-0.3mA_fine_284mK_191103__IVB__T_1p40K[0.000084750],1,down,5001,0.9996,0.9867861662103445
D4.2__Fig 2__SQUID_data__IVB_BS30_A1S1_I_coil_+-0.3mA_fine_284mK_191103__IVB__T_1p40K[0.000084750],2,up,2479,1.0,
D4.2__Fig 2__SQUID_data__IVB_BS30_A1S1_I_coil_+-0.3mA_fine_284mK_191103__IVB__T_1p40K[0.000085500],0,up,2521,0.9992063492063492,
D4.2__Fig 2__SQUID_data__IVB_BS30_A1S1_I_coil_+-0.3mA_fine_284mK_191103__IVB__T_1p40K[0.000085500],1,down,5000,0.9995999199839968,0.986808098808293
D4.2__Fig 2__SQUID_data__IVB_BS30_A1S1_I_coil_+-0.3mA_fine_284mK_191103__IVB__T_1p40K[0.000085500],2,up,2479,1.0,
D4.2__Fig 2__SQUID_data__IVB_BS30_A1S1_I_coil_+-0.3mA_fine_284mK_191103__IVB__T_1p40K[0.000086250],0,up,2521,0.9992063492063492,
D4.2__Fig 2__SQUID_data__IVB_BS30_A1S1_I_coil_+-0.3mA_fine_284mK_191103__IVB__T_1p40K[0.000086250],1,down,5000,0.9995999199839968,0.9866722918310967
D4.2__Fig 2__SQUID_data__IVB_BS30_A1S1_I_coil_+-0.3mA_fine_284mK_191103__IVB__T_1p40K[0.000086250],2,up,2479,1.0,
D4.2__Fig 2__SQUID_data__IVB_BS30_A1S1_I_coil_+-0.3mA_fine_284mK_191103__IVB__T_1p40K[0.000087000],0,up,2521,0.9988095238095238,
D4.2__Fig 2__SQUID_data__IVB_BS30_A1S1_I_coil_+-0.3mA_fine_284mK_191103__IVB__T_1p40K[0.000087000],1,down,5000,0.9997999599919984,0.9867791060677799
D4.2__Fig 2__SQUID_data__IVB_BS30_A1S1_I_coil_+-0.3mA_fine_284mK_191103__IVB__T_1p40K[0.000087000],2,up,2479,1.0,
D4.2__Fig 2__SQUID_data__IVB_BS30_A1S1_I_coil_+-0.3mA_fine_284mK_191103__IVB__T_1p40K[0.000087750],0,up,2521,0.9988095238095238,
D4.2__Fig 2__SQUID_data__IVB_BS30_A1S1_I_coil_+-0.3mA_fine_284mK_191103__IVB__T_1p40K[0.000087750],1,down,5000,0.9995999199839968,0.9867451838343033
D4.2__Fig 2__SQUID_data__IVB_BS30_A1S1_I_coil_+-0.3mA_fine_284mK_191103__IVB__T_1p40K[0.000087750],2,up,2479,1.0,
D4.2__Fig 2__SQUID_data__IVB_BS30_A1S1_I_coil_+-0.3mA_fine_284mK_191103__IVB__T_1p40K[0.000088500],0,up,2521,0.9988095238095238,
D4.2__Fig 2__SQUID_data__IVB_BS30_A1S1_I_coil_+-0.3mA_fine_284mK_191103__IVB__T_1p40K[0.000088500],1,down,5000,0.9993998799759952,0.9868059724059152
D4.2__Fig 2__SQUID_data__IVB_BS30_A1S1_I_coil_+-0.3mA_fine_284mK_191103__IVB__T_1p40K[0.000088500],2,up,2479,0.9995964487489911,
D4.2__Fig 2__SQUID_data__IVB_BS30_A1S1_I_coil_+-0.3mA_fine_284mK_191103__IVB__T_1p40K[0.000089250],0,up,2521,0.9992063492063492,
D4.2__Fig 2__SQUID_data__IVB_BS30_A1S1_I_coil_+-0.3mA_fine_284mK_191103__IVB__T_1p40K[0.000089250],1,down,5000,0.9995999199839968,0.9867434970500432
D4.2__Fig 2__SQUID_data__IVB_BS30_A1S1_I_coil_+-0.3mA_fine_284mK_191103__IVB__T_1p40K[0.000089250],2,up,2479,1.0,
D4.2__Fig 2__SQUID_data__IVB_BS30_A1S1_I_coil_+-0.3mA_fine_284mK_191103__IVB__T_1p40K[0.000090000],0,up,2521,0.9984126984126984,
D4.2__Fig 2__SQUID_data__IVB_BS30_A1S1_I_coil_+-0.3mA_fine_284mK_191103__IVB__T_1p40K[0.000090000],1,down,5000,0.9995999199839968,0.9867817970511915
D4.2__Fig 2__SQUID_data__IVB_BS30_A1S1_I_coil_+-0.3mA_fine_284mK_191103__IVB__T_1p40K[0.000090000],2,up,2479,1.0,
D4.2__Fig 2__SQUID_data__IVB_BS30_A1S1_I_coil_+-0.3mA_fine_284mK_191103__IVB__T_1p40K[0.000090750],0,up,2521,0.9992063492063492,
D4.2__Fig 2__SQUID_data__IVB_BS30_A1S1_I_coil_+-0.3mA_fine_284mK_191103__IVB__T_1p40K[0.000090750],1,down,5000,0.9995999199839968,0.9867948766163077
D4.2__Fig 2__SQUID_data__IVB_BS30_A1S1_I_coil_+-0.3mA_fine_284mK_191103__IVB__T_1p40K[0.000090750],2,up,2479,1.0,
D4.2__Fig 2__SQUID_data__IVB_BS30_A1S1_I_coil_+-0.3mA_fine_284mK_191103__IVB__T_1p40K[0.000091500],0,up,2521,0.9992063492063492,
D4.2__Fig 2__SQUID_data__IVB_BS30_A1S1_I_coil_+-0.3mA_fine_284mK_191103__IVB__T_1p40K[0.000091500],1,down,5000,0.9995999199839968,0.9867384781427005
D4.2__Fig 2__SQUID_data__IVB_BS30_A1S1_I_coil_+-0.3mA_fine_284mK_191103__IVB__T_1p40K[0.000091500],2,up,2479,1.0,
D4.2__Fig 2__SQUID_data__IVB_BS30_A1S1_I_coil_+-0.3mA_fine_284mK_191103__IVB__T_1p40K[0.000092250],0,up,2522,0.9988099960333201,
D4.2__Fig 2__SQUID_data__IVB_BS30_A1S1_I_coil_+-0.3mA_fine_284mK_191103__IVB__T_1p40K[0.000092250],1,down,4999,0.9995998399359743,0.9867499431707892
D4.2__Fig 2__SQUID_data__IVB_BS30_A1S1_I_coil_+-0.3mA_fine_284mK_191103__IVB__T_1p40K[0.000092250],2,up,2479,1.0,
D4.2__Fig 2__SQUID_data__IVB_BS30_A1S1_I_coil_+-0.3mA_fine_284mK_191103__IVB__T_1p40K[0.000093000],0,up,2521,0.9988095238095238,
D4.2__Fig 2__SQUID_data__IVB_BS30_A1S1_I_coil_+-0.3mA_fine_284mK_191103__IVB__T_1p40K[0.000093000],1,down,5000,0.9997999599919984,0.9867080107421338
D4.2__Fig 2__SQUID_data__IVB_BS30_A1S1_I_coil_+-0.3mA_fine_284mK_191103__IVB__T_1p40K[0.000093000],2,up,2479,1.0,
D4.2__Fig 2__SQUID_data__IVB_BS30_A1S1_I_coil_+-0.3mA_fine_284mK_191103__IVB__T_1p40K[0.000093750],0,up,2521,0.9988095238095238,
D4.2__Fig 2__SQUID_data__IVB_BS30_A1S1_I_coil_+-0.3mA_fine_284mK_191103__IVB__T_1p40K[0.000093750],1,down,5000,0.9993998799759952,0.9867831260473388
D4.2__Fig 2__SQUID_data__IVB_BS30_A1S1_I_coil_+-0.3mA_fine_284mK_191103__IVB__T_1p40K[0.000093750],2,up,2479,1.0,
D4.2__Fig 2__SQUID_data__IVB_BS30_A1S1_I_coil_+-0.3mA_fine_284mK_191103__IVB__T_1p40K[0.000094500],0,up,2521,0.9996031746031746,
D4.2__Fig 2__SQUID_data__IVB_BS30_A1S1_I_coil_+-0.3mA_fine_284mK_191103__IVB__T_1p40K[0.000094500],1,down,5000,0.9995999199839968,0.9868748502579736
D4.2__Fig 2__SQUID_data__IVB_BS30_A1S1_I_coil_+-0.3mA_fine_284mK_191103__IVB__T_1p40K[0.000094500],2,up,2479,1.0,
D4.2__Fig 2__SQUID_data__IVB_BS30_A1S1_I_coil_+-0.3mA_fine_284mK_191103__IVB__T_1p40K[0.000095250],0,up,2521,0.9992063492063492,
D4.2__Fig 2__SQUID_data__IVB_BS30_A1S1_I_coil_+-0.3mA_fine_284mK_191103__IVB__T_1p40K[0.000095250],1,down,5000,0.9995999199839968,0.9867995875325658
D4.2__Fig 2__SQUID_data__IVB_BS30_A1S1_I_coil_+-0.3mA_fine_284mK_191103__IVB__T_1p40K[0.000095250],2,up,2479,1.0,
D4.2__Fig 2__SQUID_data__IVB_BS30_A1S1_I_coil_+-0.3mA_fine_284mK_191103__IVB__T_1p40K[0.000096000],0,up,2521,0.9996031746031746,
D4.2__Fig 2__SQUID_data__IVB_BS30_A1S1_I_coil_+-0.3mA_fine_284mK_191103__IVB__T_1p40K[0.000096000],1,down,5001,0.9994,0.9867323570090673
D4.2__Fig 2__SQUID_data__IVB_BS30_A1S1_I_coil_+-0.3mA_fine_284mK_191103__IVB__T_1p40K[0.000096000],2,up,2478,1.0,
D4.2__Fig 2__SQUID_data__IVB_BS30_A1S1_I_coil_+-0.3mA_fine_284mK_191103__IVB__T_1p40K[0.000096750],0,up,2521,0.9992063492063492,
D4.2__Fig 2__SQUID_data__IVB_BS30_A1S1_I_coil_+-0.3mA_fine_284mK_191103__IVB__T_1p40K[0.000096750],1,down,5000,0.9993998799759952,0.9868188033176318
D4.2__Fig 2__SQUID_data__IVB_BS30_A1S1_I_coil_+-0.3mA_fine_284mK_191103__IVB__T_1p40K[0.000096750],2,up,2479,1.0,
D4.2__Fig 2__SQUID_data__IVB_BS30_A1S1_I_coil_+-0.3mA_fine_284mK_191103__IVB__T_1p40K[0.000097500],0,up,2521,0.9988095238095238,
D4.2__Fig 2__SQUID_data__IVB_BS30_A1S1_I_coil_+-0.3mA_fine_284mK_191103__IVB__T_1p40K[0.000097500],1,down,5000,0.9995999199839968,0.9867593825602446
D4.2__Fig 2__SQUID_data__IVB_BS30_A1S1_I_coil_+-0.3mA_fine_284mK_191103__IVB__T_1p40K[0.000097500],2,up,2479,1.0,
D4.2__Fig 2__SQUID_data__IVB_BS30_A1S1_I_coil_+-0.3mA_fine_284mK_191103__IVB__T_1p40K[0.000098250],0,up,2521,0.9984126984126984,
D4.2__Fig 2__SQUID_data__IVB_BS30_A1S1_I_coil_+-0.3mA_fine_284mK_191103__IVB__T_1p40K[0.000098250],1,down,5000,0.9997999599919984,0.9867663266365555
D4.2__Fig 2__SQUID_data__IVB_BS30_A1S1_I_coil_+-0.3mA_fine_284mK_191103__IVB__T_1p40K[0.000098250],2,up,2479,1.0,
D4.2__Fig 2__SQUID_data__IVB_BS30_A1S1_I_coil_+-0.3mA_fine_284mK_191103__IVB__T_1p40K[0.000099000],0,up,2521,0.9988095238095238,
D4.2__Fig 2__SQUID_data__IVB_BS30_A1S1_I_coil_+-0.3mA_fine_284mK_191103__IVB__T_1p40K[0.000099000],1,down,5000,0.9995999199839968,0.9867590950259423
D4.2__Fig 2__SQUID_data__IVB_BS30_A1S1_I_coil_+-0.3mA_fine_284mK_191103__IVB__T_1p40K[0.000099000],2,up,2479,1.0,
D4.2__Fig 2__SQUID_data__IVB_BS30_A1S1_I_coil_+-0.3mA_fine_284mK_191103__IVB__T_1p40K[0.000099750],0,up,2521,0.9992063492063492,
D4.2__Fig 2__SQUID_data__IVB_BS30_A1S1_I_coil_+-0.3mA_fine_284mK_191103__IVB__T_1p40K[0.000099750],1,down,5000,0.9995999199839968,0.9866884325835408
D4.2__Fig 2__SQUID_data__IVB_BS30_A1S1_I_coil_+-0.3mA_fine_284mK_191103__IVB__T_1p40K[0.000099750],2,up,2479,1.0,
D4.2__Fig 2__SQUID_data__IVB_BS30_A1S1_I_coil_+-0.3mA_fine_284mK_191103__IVB__T_1p40K[0.000100500],0,up,2521,0.9992063492063492,
D4.2__Fig 2__SQUID_data__IVB_BS30_A1S1_I_coil_+-0.3mA_fine_284mK_191103__IVB__T_1p40K[0.000100500],1,down,5000,0.9997999599919984,0.9865620433725947
D4.2__Fig 2__SQUID_data__IVB_BS30_A1S1_I_coil_+-0.3mA_fine_284mK_191103__IVB__T_1p40K[0.000100500],2,up,2479,1.0,
D4.2__Fig 2__SQUID_data__IVB_BS30_A1S1_I_coil_+-0.3mA_fine_284mK_191103__IVB__T_1p40K[0.000101250],0,up,2521,0.9988095238095238,
D4.2__Fig 2__SQUID_data__IVB_BS30_A1S1_I_coil_+-0.3mA_fine_284mK_191103__IVB__T_1p40K[0.000101250],1,down,5000,0.9997999599919984,0.9867996577729198
D4.2__Fig 2__SQUID_data__IVB_BS30_A1S1_I_coil_+-0.3mA_fine_284mK_191103__IVB__T_1p40K[0.000101250],2,up,2479,1.0,
D4.2__Fig 2__SQUID_data__IVB_BS30_A1S1_I_coil_+-0.3mA_fine_284mK_191103__IVB__T_1p40K[0.000102000],0,up,2521,0.9992063492063492,
D4.2__Fig 2__SQUID_data__IVB_BS30_A1S1_I_coil_+-0.3mA_fine_284mK_191103__IVB__T_1p40K[0.000102000],1,down,5000,0.9997999599919984,0.9867171791146399
D4.2__Fig 2__SQUID_data__IVB_BS30_A1S1_I_coil_+-0.3mA_fine_284mK_191103__IVB__T_1p40K[0.000102000],2,up,2479,1.0,
D4.2__Fig 2__SQUID_data__IVB_BS30_A1S1_I_coil_+-0.3mA_fine_284mK_191103__IVB__T_1p40K[0.000102750],0,up,2521,0.9988095238095238,
D4.2__Fig 2__SQUID_data__IVB_BS30_A1S1_I_coil_+-0.3mA_fine_284mK_191103__IVB__T_1p40K[0.000102750],1,down,5000,0.9995999199839968,0.9867948053104549
D4.2__Fig 2__SQUID_data__IVB_BS30_A1S1_I_coil_+-0.3mA_fine_284mK_191103__IVB__T_1p40K[0.000102750],2,up,2479,1.0,
D4.2__Fig 2__SQUID_data__IVB_BS30_A1S1_I_coil_+-0.3mA_fine_284mK_191103__IVB__T_1p40K[0.000103500],0,up,2520,0.999603017070266,
D4.2__Fig 2__SQUID_data__IVB_BS30_A1S1_I_coil_+-0.3mA_fine_284mK_191103__IVB__T_1p40K[0.000103500],1,down,5001,0.9998,0.9868019508924497
D4.2__Fig 2__SQUID_data__IVB_BS30_A1S1_I_coil_+-0.3mA_fine_284mK_191103__IVB__T_1p40K[0.000103500],2,up,2479,1.0,
D4.2__Fig 2__SQUID_data__IVB_BS30_A1S1_I_coil_+-0.3mA_fine_284mK_191103__IVB__T_1p40K[0.000104250],0,up,2521,0.9988095238095238,
D4.2__Fig 2__SQUID_data__IVB_BS30_A1S1_I_coil_+-0.3mA_fine_284mK_191103__IVB__T_1p40K[0.000104250],1,down,5000,0.9995999199839968,0.9867817341568078
D4.2__Fig 2__SQUID_data__IVB_BS30_A1S1_I_coil_+-0.3mA_fine_284mK_191103__IVB__T_1p40K[0.000104250],2,up,2479,1.0,
D4.2__Fig 2__SQUID_data__IVB_BS30_A1S1_I_coil_+-0.3mA_fine_284mK_191103__IVB__T_1p40K[0.000105000],0,up,2521,0.9992063492063492,
D4.2__Fig 2__SQUID_data__IVB_BS30_A1S1_I_coil_+-0.3mA_fine_284mK_191103__IVB__T_1p40K[0.000105000],1,down,5000,0.9995999199839968,0.9868679842602276
D4.2__Fig 2__SQUID_data__IVB_BS30_A1S1_I_coil_+-0.3mA_fine_284mK_191103__IVB__T_1p40K[0.000105000],2,up,2479,1.0,
D4.2__Fig 2__SQUID_data__IVB_BS30_A1S1_I_coil_+-0.3mA_fine_284mK_191103__IVB__T_1p40K[0.000105750],0,up,2521,0.9992063492063492,
D4.2__Fig 2__SQUID_data__IVB_BS30_A1S1_I_coil_+-0.3mA_fine_284mK_191103__IVB__T_1p40K[0.000105750],1,down,5000,0.9993998799759952,0.986872470976077
D4.2__Fig 2__SQUID_data__IVB_BS30_A1S1_I_coil_+-0.3mA_fine_284mK_191103__IVB__T_1p40K[0.000105750],2,up,2479,1.0,
D4.2__Fig 2__SQUID_data__IVB_BS30_A1S1_I_coil_+-0.3mA_fine_284mK_191103__IVB__T_1p40K[0.000106500],0,up,2521,0.9992063492063492,
D4.2__Fig 2__SQUID_data__IVB_BS30_A1S1_I_coil_+-0.3mA_fine_284mK_191103__IVB__T_1p40K[0.000106500],1,down,5000,0.9995999199839968,0.9868396491236004
D4.2__Fig 2__SQUID_data__IVB_BS30_A1S1_I_coil_+-0.3mA_fine_284mK_191103__IVB__T_1p40K[0.000106500],2,up,2479,1.0,
D4.2__Fig 2__SQUID_data__IVB_BS30_A1S1_I_coil_+-0.3mA_fine_284mK_191103__IVB__T_1p40K[0.000107250],0,up,2521,0.9992063492063492,
D4.2__Fig 2__SQUID_data__IVB_BS30_A1S1_I_coil_+-0.3mA_fine_284mK_191103__IVB__T_1p40K[0.000107250],1,down,5001,0.9992,0.9868279224787003
D4.2__Fig 2__SQUID_data__IVB_BS30_A1S1_I_coil_+-0.3mA_fine_284mK_191103__IVB__T_1p40K[0.000107250],2,up,2478,1.0,
D4.2__Fig 2__SQUID_data__IVB_BS30_A1S1_I_coil_+-0.3mA_fine_284mK_191103__IVB__T_1p40K[0.000108000],0,up,2521,0.9992063492063492,
D4.2__Fig 2__SQUID_data__IVB_BS30_A1S1_I_coil_+-0.3mA_fine_284mK_191103__IVB__T_1p40K[0.000108000],1,down,5000,0.9995999199839968,0.9868237293701759
D4.2__Fig 2__SQUID_data__IVB_BS30_A1S1_I_coil_+-0.3mA_fine_284mK_191103__IVB__T_1p40K[0.000108000],2,up,2479,1.0,
D4.2__Fig 2__SQUID_data__IVB_BS30_A1S1_I_coil_+-0.3mA_fine_284mK_191103__IVB__T_1p40K[0.000108750],0,up,2521,0.9992063492063492,
D4.2__Fig 2__SQUID_data__IVB_BS30_A1S1_I_coil_+-0.3mA_fine_284mK_191103__IVB__T_1p40K[0.000108750],1,down,5000,0.9993998799759952,0.9868418274185105
D4.2__Fig 2__SQUID_data__IVB_BS30_A1S1_I_coil_+-0.3mA_fine_284mK_191103__IVB__T_1p40K[0.000108750],2,up,2479,1.0,
D4.2__Fig 2__SQUID_data__IVB_BS30_A1S1_I_coil_+-0.3mA_fine_284mK_191103__IVB__T_1p40K[0.000109500],0,up,2521,0.9988095238095238,
D4.2__Fig 2__SQUID_data__IVB_BS30_A1S1_I_coil_+-0.3mA_fine_284mK_191103__IVB__T_1p40K[0.000109500],1,down,5000,0.9995999199839968,0.986679417043014
D4.2__Fig 2__SQUID_data__IVB_BS30_A1S1_I_coil_+-0.3mA_fine_284mK_191103__IVB__T_1p40K[0.000109500],2,up,2479,1.0,
D4.2__Fig 2__SQUID_data__IVB_BS30_A1S1_I_coil_+-0.3mA_fine_284mK_191103__IVB__T_1p40K[0.000110250],0,up,2521,0.9988095238095238,
D4.2__Fig 2__SQUID_data__IVB_BS30_A1S1_I_coil_+-0.3mA_fine_284mK_191103__IVB__T_1p40K[0.000110250],1,down,4999,0.9997999199679872,0.9867792113257221
D4.2__Fig 2__SQUID_data__IVB_BS30_A1S1_I_coil_+-0.3mA_fine_284mK_191103__IVB__T_1p40K[0.000110250],2,up,2480,1.0,
D4.2__Fig 2__SQUID_data__IVB_BS30_A1S1_I_coil_+-0.3mA_fine_284mK_191103__IVB__T_1p40K[0.000111000],0,up,2521,0.9992063492063492,
D4.2__Fig 2__SQUID_data__IVB_BS30_A1S1_I_coil_+-0.3mA_fine_284mK_191103__IVB__T_1p40K[0.000111000],1,down,5000,0.9995999199839968,0.9866881703448123
D4.2__Fig 2__SQUID_data__IVB_BS30_A1S1_I_coil_+-0.3mA_fine_284mK_191103__IVB__T_1p40K[0.000111000],2,up,2479,1.0,
D4.2__Fig 2__SQUID_data__IVB_BS30_A1S1_I_coil_+-0.3mA_fine_284mK_191103__IVB__T_1p40K[0.000111750],0,up,2521,0.9992063492063492,
D4.2__Fig 2__SQUID_data__IVB_BS30_A1S1_I_coil_+-0.3mA_fine_284mK_191103__IVB__T_1p40K[0.000111750],1,down,5000,0.9997999599919984,0.9867701129562491
D4.2__Fig 2__SQUID_data__IVB_BS30_A1S1_I_coil_+-0.3mA_fine_284mK_191103__IVB__T_1p40K[0.000111750],2,up,2479,1.0,
D4.2__Fig 2__SQUID_data__IVB_BS30_A1S1_I_coil_+-0.3mA_fine_284mK_191103__IVB__T_1p40K[0.000112500],0,up,2521,0.9992063492063492,
D4.2__Fig 2__SQUID_data__IVB_BS30_A1S1_I_coil_+-0.3mA_fine_284mK_191103__IVB__T_1p40K[0.000112500],1,down,5001,0.9994,0.9868098147404826
D4.2__Fig 2__SQUID_data__IVB_BS30_A1S1_I_coil_+-0.3mA_fine_284mK_191103__IVB__T_1p40K[0.000112500],2,up,2478,1.0,
D4.2__Fig 2__SQUID_data__IVB_BS30_A1S1_I_coil_+-0.3mA_fine_284mK_191103__IVB__T_1p40K[0.000113250],0,up,2520,0.999603017070266,
D4.2__Fig 2__SQUID_data__IVB_BS30_A1S1_I_coil_+-0.3mA_fine_284mK_191103__IVB__T_1p40K[0.000113250],1,down,5001,0.9998,0.9868351825609213
D4.2__Fig 2__SQUID_data__IVB_BS30_A1S1_I_coil_+-0.3mA_fine_284mK_191103__IVB__T_1p40K[0.000113250],2,up,2479,1.0,
D4.2__Fig 2__SQUID_data__IVB_BS30_A1S1_I_coil_+-0.3mA_fine_284mK_191103__IVB__T_1p40K[0.000114000],0,up,2521,0.9996031746031746,
D4.2__Fig 2__SQUID_data__IVB_BS30_A1S1_I_coil_+-0.3mA_fine_284mK_191103__IVB__T_1p40K[0.000114000],1,down,5000,0.9997999599919984,0.9868326276107479
D4.2__Fig 2__SQUID_data__IVB_BS30_A1S1_I_coil_+-0.3mA_fine_284mK_191103__IVB__T_1p40K[0.000114000],2,up,2479,1.0,
D4.2__Fig 2__SQUID_data__IVB_BS30_A1S1_I_coil_+-0.3mA_fine_284mK_191103__IVB__T_1p40K[0.000114750],0,up,2521,0.9992063492063492,
D4.2__Fig 2__SQUID_data__IVB_BS30_A1S1_I_coil_+-0.3mA_fine_284mK_191103__IVB__T_1p40K[0.000114750],1,down,5001,0.9996,0.9869373891017424
D4.2__Fig 2__SQUID_data__IVB_BS30_A1S1_I_coil_+-0.3mA_fine_284mK_191103__IVB__T_1p40K[0.000114750],2,up,2478,1.0,
D4.2__Fig 2__SQUID_data__IVB_BS30_A1S1_I_coil_+-0.3mA_fine_284mK_191103__IVB__T_1p40K[0.000115500],0,up,2521,0.9992063492063492,
D4.2__Fig 2__SQUID_data__IVB_BS30_A1S1_I_coil_+-0.3mA_fine_284mK_191103__IVB__T_1p40K[0.000115500],1,down,5000,0.9995999199839968,0.9867706017326457
D4.2__Fig 2__SQUID_data__IVB_BS30_A1S1_I_coil_+-0.3mA_fine_284mK_191103__IVB__T_1p40K[0.000115500],2,up,2479,1.0,
D4.2__Fig 2__SQUID_data__IVB_BS30_A1S1_I_coil_+-0.3mA_fine_284mK_191103__IVB__T_1p40K[0.000116250],0,up,2521,0.9988095238095238,
D4.2__Fig 2__SQUID_data__IVB_BS30_A1S1_I_coil_+-0.3mA_fine_284mK_191103__IVB__T_1p40K[0.000116250],1,down,5000,0.9995999199839968,0.986743770845942
D4.2__Fig 2__SQUID_data__IVB_BS30_A1S1_I_coil_+-0.3mA_fine_284mK_191103__IVB__T_1p40K[0.000116250],2,up,2479,1.0,
D4.2__Fig 2__SQUID_data__IVB_BS30_A1S1_I_coil_+-0.3mA_fine_284mK_191103__IVB__T_1p40K[0.000117000],0,up,2521,0.9996031746031746,
D4.2__Fig 2__SQUID_data__IVB_BS30_A1S1_I_coil_+-0.3mA_fine_284mK_191103__IVB__T_1p40K[0.000117000],1,down,5000,0.9997999599919984,0.9866974172637683
D4.2__Fig 2__SQUID_data__IVB_BS30_A1S1_I_coil_+-0.3mA_fine_284mK_191103__IVB__T_1p40K[0.000117000],2,up,2479,1.0,
D4.2__Fig 2__SQUID_data__IVB_BS30_A1S1_I_coil_+-0.3mA_fine_284mK_191103__IVB__T_1p40K[0.000117750],0,up,2521,0.9996031746031746,
D4.2__Fig 2__SQUID_data__IVB_BS30_A1S1_I_coil_+-0.3mA_fine_284mK_191103__IVB__T_1p40K[0.000117750],1,down,5001,0.9996,0.9868993602555386
D4.2__Fig 2__SQUID_data__IVB_BS30_A1S1_I_coil_+-0.3mA_fine_284mK_191103__IVB__T_1p40K[0.000117750],2,up,2478,1.0,
D4.2__Fig 2__SQUID_data__IVB_BS30_A1S1_I_coil_+-0.3mA_fine_284mK_191103__IVB__T_1p40K[0.000118500],0,up,2521,0.9992063492063492,
D4.2__Fig 2__SQUID_data__IVB_BS30_A1S1_I_coil_+-0.3mA_fine_284mK_191103__IVB__T_1p40K[0.000118500],1,down,5001,0.9992,0.9866831071466324
D4.2__Fig 2__SQUID_data__IVB_BS30_A1S1_I_coil_+-0.3mA_fine_284mK_191103__IVB__T_1p40K[0.000118500],2,up,2478,1.0,
D4.2__Fig 2__SQUID_data__IVB_BS30_A1S1_I_coil_+-0.3mA_fine_284mK_191103__IVB__T_1p40K[0.000119250],0,up,2521,0.9992063492063492,
D4.2__Fig 2__SQUID_data__IVB_BS30_A1S1_I_coil_+-0.3mA_fine_284mK_191103__IVB__T_1p40K[0.000119250],1,down,5000,0.9995999199839968,0.9867795640065927
D4.2__Fig 2__SQUID_data__IVB_BS30_A1S1_I_coil_+-0.3mA_fine_284mK_191103__IVB__T_1p40K[0.000119250],2,up,2479,1.0,
D4.2__Fig 2__SQUID_data__IVB_BS30_A1S1_I_coil_+-0.3mA_fine_284mK_191103__IVB__T_1p40K[0.000120000],0,up,2521,1.0,
D4.2__Fig 2__SQUID_data__IVB_BS30_A1S1_I_coil_+-0.3mA_fine_284mK_191103__IVB__T_1p40K[0.000120000],1,down,4999,0.9995998399359743,0.9867325230384321
D4.2__Fig 2__SQUID_data__IVB_BS30_A1S1_I_coil_+-0.3mA_fine_284mK_191103__IVB__T_1p40K[0.000120000],2,up,2480,1.0,
D4.2__Fig 2__SQUID_data__IVB_BS30_A1S1_I_coil_+-0.3mA_fine_284mK_191103__IVB__T_1p40K[0.000120750],0,up,2520,0.999603017070266,
D4.2__Fig 2__SQUID_data__IVB_BS30_A1S1_I_coil_+-0.3mA_fine_284mK_191103__IVB__T_1p40K[0.000120750],1,down,5001,0.9996,0.9868577981316599
D4.2__Fig 2__SQUID_data__IVB_BS30_A1S1_I_coil_+-0.3mA_fine_284mK_191103__IVB__T_1p40K[0.000120750],2,up,2479,1.0,
D4.2__Fig 2__SQUID_data__IVB_BS30_A1S1_I_coil_+-0.3mA_fine_284mK_191103__IVB__T_1p40K[0.000121500],0,up,2521,0.9992063492063492,
D4.2__Fig 2__SQUID_data__IVB_BS30_A1S1_I_coil_+-0.3mA_fine_284mK_191103__IVB__T_1p40K[0.000121500],1,down,5000,0.9997999599919984,0.9867342532032013
D4.2__Fig 2__SQUID_data__IVB_BS30_A1S1_I_coil_+-0.3mA_fine_284mK_191103__IVB__T_1p40K[0.000121500],2,up,2479,1.0,
D4.2__Fig 2__SQUID_data__IVB_BS30_A1S1_I_coil_+-0.3mA_fine_284mK_191103__IVB__T_1p40K[0.000122250],0,up,2521,0.9992063492063492,
D4.2__Fig 2__SQUID_data__IVB_BS30_A1S1_I_coil_+-0.3mA_fine_284mK_191103__IVB__T_1p40K[0.000122250],1,down,5000,0.9995999199839968,0.9866382516237411
D4.2__Fig 2__SQUID_data__IVB_BS30_A1S1_I_coil_+-0.3mA_fine_284mK_191103__IVB__T_1p40K[0.000122250],2,up,2479,1.0,
D4.2__Fig 2__SQUID_data__IVB_BS30_A1S1_I_coil_+-0.3mA_fine_284mK_191103__IVB__T_1p40K[0.000123000],0,up,2521,0.9996031746031746,
D4.2__Fig 2__SQUID_data__IVB_BS30_A1S1_I_coil_+-0.3mA_fine_284mK_191103__IVB__T_1p40K[0.000123000],1,down,5001,0.9994,0.9867101252234561
D4.2__Fig 2__SQUID_data__IVB_BS30_A1S1_I_coil_+-0.3mA_fine_284mK_191103__IVB__T_1p40K[0.000123000],2,up,2478,1.0,
D4.2__Fig 2__SQUID_data__IVB_BS30_A1S1_I_coil_+-0.3mA_fine_284mK_191103__IVB__T_1p40K[0.000123750],0,up,2521,0.9988095238095238,
D4.2__Fig 2__SQUID_data__IVB_BS30_A1S1_I_coil_+-0.3mA_fine_284mK_191103__IVB__T_1p40K[0.000123750],1,down,5000,0.9997999599919984,0.9866918671600401
D4.2__Fig 2__SQUID_data__IVB_BS30_A1S1_I_coil_+-0.3mA_fine_284mK_191103__IVB__T_1p40K[0.000123750],2,up,2479,1.0,
D4.2__Fig 2__SQUID_data__IVB_BS30_A1S1_I_coil_+-0.3mA_fine_284mK_191103__IVB__T_1p40K[0.000124500],0,up,2521,0.9988095238095238,
D4.2__Fig 2__SQUID_data__IVB_BS30_A1S1_I_coil_+-0.3mA_fine_284mK_191103__IVB__T_1p40K[0.000124500],1,down,5000,0.9995999199839968,0.9866720962788501
D4.2__Fig 2__SQUID_data__IVB_BS30_A1S1_I_coil_+-0.3mA_fine_284mK_191103__IVB__T_1p40K[0.000124500],2,up,2479,1.0,
D4.2__Fig 2__SQUID_data__IVB_BS30_A1S1_I_coil_+-0.3mA_fine_284mK_191103__IVB__T_1p40K[0.000125250],0,up,2521,0.9988095238095238,
D4.2__Fig 2__SQUID_data__IVB_BS30_A1S1_I_coil_+-0.3mA_fine_284mK_191103__IVB__T_1p40K[0.000125250],1,down,5000,0.9995999199839968,0.986618745595265
D4.2__Fig 2__SQUID_data__IVB_BS30_A1S1_I_coil_+-0.3mA_fine_284mK_191103__IVB__T_1p40K[0.000125250],2,up,2479,1.0,
D4.2__Fig 2__SQUID_data__IVB_BS30_A1S1_I_coil_+-0.3mA_fine_284mK_191103__IVB__T_1p40K[0.000126000],0,up,2521,0.9988095238095238,
D4.2__Fig 2__SQUID_data__IVB_BS30_A1S1_I_coil_+-0.3mA_fine_284mK_191103__IVB__T_1p40K[0.000126000],1,down,5000,0.9997999599919984,0.9866038507685985
D4.2__Fig 2__SQUID_data__IVB_BS30_A1S1_I_coil_+-0.3mA_fine_284mK_191103__IVB__T_1p40K[0.000126000],2,up,2479,1.0,
D4.2__Fig 2__SQUID_data__IVB_BS30_A1S1_I_coil_+-0.3mA_fine_284mK_191103__IVB__T_1p40K[0.000126750],0,up,2520,0.999603017070266,
D4.2__Fig 2__SQUID_data__IVB_BS30_A1S1_I_coil_+-0.3mA_fine_284mK_191103__IVB__T_1p40K[0.000126750],1,down,5001,0.9996,0.9867089177360178
D4.2__Fig 2__SQUID_data__IVB_BS30_A1S1_I_coil_+-0.3mA_fine_284mK_191103__IVB__T_1p40K[0.000126750],2,up,2479,1.0,
D4.2__Fig 2__SQUID_data__IVB_BS30_A1S1_I_coil_+-0.3mA_fine_284mK_191103__IVB__T_1p40K[0.000127500],0,up,2521,0.9992063492063492,
D4.2__Fig 2__SQUID_data__IVB_BS30_A1S1_I_coil_+-0.3mA_fine_284mK_191103__IVB__T_1p40K[0.000127500],1,down,5000,0.9995999199839968,0.9866235074145984
D4.2__Fig 2__SQUID_data__IVB_BS30_A1S1_I_coil_+-0.3mA_fine_284mK_191103__IVB__T_1p40K[0.000127500],2,up,2479,1.0,
D4.2__Fig 2__SQUID_data__IVB_BS30_A1S1_I_coil_+-0.3mA_fine_284mK_191103__IVB__T_1p40K[0.000128250],0,up,2521,0.9992063492063492,
D4.2__Fig 2__SQUID_data__IVB_BS30_A1S1_I_coil_+-0.3mA_fine_284mK_191103__IVB__T_1p40K[0.000128250],1,down,5001,0.9996,0.9866762972974382
D4.2__Fig 2__SQUID_data__IVB_BS30_A1S1_I_coil_+-0.3mA_fine_284mK_191103__IVB__T_1p40K[0.000128250],2,up,2478,1.0,
D4.2__Fig 2__SQUID_data__IVB_BS30_A1S1_I_coil_+-0.3mA_fine_284mK_191103__IVB__T_1p40K[0.000129000],0,up,2521,0.9992063492063492,
D4.2__Fig 2__SQUID_data__IVB_BS30_A1S1_I_coil_+-0.3mA_fine_284mK_191103__IVB__T_1p40K[0.000129000],1,down,5000,0.9997999599919984,0.9865693333012057
D4.2__Fig 2__SQUID_data__IVB_BS30_A1S1_I_coil_+-0.3mA_fine_284mK_191103__IVB__T_1p40K[0.000129000],2,up,2479,1.0,
D4.2__Fig 2__SQUID_data__IVB_BS30_A1S1_I_coil_+-0.3mA_fine_284mK_191103__IVB__T_1p40K[0.000129750],0,up,2520,0.999206034140532,
D4.2__Fig 2__SQUID_data__IVB_BS30_A1S1_I_coil_+-0.3mA_fine_284mK_191103__IVB__T_1p40K[0.000129750],1,down,5001,0.9994,0.9866276711508051
D4.2__Fig 2__SQUID_data__IVB_BS30_A1S1_I_coil_+-0.3mA_fine_284mK_191103__IVB__T_1p40K[0.000129750],2,up,2479,1.0,
D4.2__Fig 2__SQUID_data__IVB_BS30_A1S1_I_coil_+-0.3mA_fine_284mK_191103__IVB__T_1p40K[0.000130500],0,up,2521,0.9992063492063492,
D4.2__Fig 2__SQUID_data__IVB_BS30_A1S1_I_coil_+-0.3mA_fine_284mK_191103__IVB__T_1p40K[0.000130500],1,down,5000,0.9993998799759952,0.9865408357750832
D4.2__Fig 2__SQUID_data__IVB_BS30_A1S1_I_coil_+-0.3mA_fine_284mK_191103__IVB__T_1p40K[0.000130500],2,up,2479,1.0,
D4.2__Fig 2__SQUID_data__IVB_BS30_A1S1_I_coil_+-0.3mA_fine_284mK_191103__IVB__T_1p40K[0.000131250],0,up,2521,0.9992063492063492,
D4.2__Fig 2__SQUID_data__IVB_BS30_A1S1_I_coil_+-0.3mA_fine_284mK_191103__IVB__T_1p40K[0.000131250],1,down,5000,0.9997999599919984,0.9866029654033963
D4.2__Fig 2__SQUID_data__IVB_BS30_A1S1_I_coil_+-0.3mA_fine_284mK_191103__IVB__T_1p40K[0.000131250],2,up,2479,1.0,
D4.2__Fig 2__SQUID_data__IVB_BS30_A1S1_I_coil_+-0.3mA_fine_284mK_191103__IVB__T_1p40K[0.000132000],0,up,2521,0.9992063492063492,
D4.2__Fig 2__SQUID_data__IVB_BS30_A1S1_I_coil_+-0.3mA_fine_284mK_191103__IVB__T_1p40K[0.000132000],1,down,5000,0.9995999199839968,0.9865630466238315
D4.2__Fig 2__SQUID_data__IVB_BS30_A1S1_I_coil_+-0.3mA_fine_284mK_191103__IVB__T_1p40K[0.000132000],2,up,2479,1.0,
D4.2__Fig 2__SQUID_data__IVB_BS30_A1S1_I_coil_+-0.3mA_fine_284mK_191103__IVB__T_1p40K[0.000132750],0,up,2521,0.9992063492063492,
D4.2__Fig 2__SQUID_data__IVB_BS30_A1S1_I_coil_+-0.3mA_fine_284mK_191103__IVB__T_1p40K[0.000132750],1,down,5000,0.9995999199839968,0.9864868237420443
D4.2__Fig 2__SQUID_data__IVB_BS30_A1S1_I_coil_+-0.3mA_fine_284mK_191103__IVB__T_1p40K[0.000132750],2,up,2479,1.0,
D4.2__Fig 2__SQUID_data__IVB_BS30_A1S1_I_coil_+-0.3mA_fine_284mK_191103__IVB__T_1p40K[0.000133500],0,up,2521,0.9992063492063492,
D4.2__Fig 2__SQUID_data__IVB_BS30_A1S1_I_coil_+-0.3mA_fine_284mK_191103__IVB__T_1p40K[0.000133500],1,down,5001,0.9996,0.9866430680843804
D4.2__Fig 2__SQUID_data__IVB_BS30_A1S1_I_coil_+-0.3mA_fine_284mK_191103__IVB__T_1p40K[0.000133500],2,up,2478,1.0,
D4.2__Fig 2__SQUID_data__IVB_BS30_A1S1_I_coil_+-0.3mA_fine_284mK_191103__IVB__T_1p40K[0.000134250],0,up,2521,0.9992063492063492,
D4.2__Fig 2__SQUID_data__IVB_BS30_A1S1_I_coil_+-0.3mA_fine_284mK_191103__IVB__T_1p40K[0.000134250],1,down,5000,0.9995999199839968,0.9866499100229198
D4.2__Fig 2__SQUID_data__IVB_BS30_A1S1_I_coil_+-0.3mA_fine_284mK_191103__IVB__T_1p40K[0.000134250],2,up,2479,1.0,
D4.2__Fig 2__SQUID_data__IVB_BS30_A1S1_I_coil_+-0.3mA_fine_284mK_191103__IVB__T_1p40K[0.000135000],0,up,2520,0.999206034140532,
D4.2__Fig 2__SQUID_data__IVB_BS30_A1S1_I_coil_+-0.3mA_fine_284mK_191103__IVB__T_1p40K[0.000135000],1,down,5000,0.9997999599919984,0.9865815897939421
D4.2__Fig 2__SQUID_data__IVB_BS30_A1S1_I_coil_+-0.3mA_fine_284mK_191103__IVB__T_1p40K[0.000135000],2,up,2480,1.0,
D4.2__Fig 2__SQUID_data__IVB_BS30_A1S1_I_coil_+-0.3mA_fine_284mK_191103__IVB__T_1p40K[0.000135750],0,up,2521,0.9992063492063492,
D4.2__Fig 2__SQUID_data__IVB_BS30_A1S1_I_coil_+-0.3mA_fine_284mK_191103__IVB__T_1p40K[0.000135750],1,down,5000,0.9995999199839968,0.9865404184921344
D4.2__Fig 2__SQUID_data__IVB_BS30_A1S1_I_coil_+-0.3mA_fine_284mK_191103__IVB__T_1p40K[0.000135750],2,up,2479,1.0,
D4.2__Fig 2__SQUID_data__IVB_BS30_A1S1_I_coil_+-0.3mA_fine_284mK_191103__IVB__T_1p40K[0.000136500],0,up,2520,0.999603017070266,
D4.2__Fig 2__SQUID_data__IVB_BS30_A1S1_I_coil_+-0.3mA_fine_284mK_191103__IVB__T_1p40K[0.000136500],1,down,5001,0.9996,0.9865791809332026
D4.2__Fig 2__SQUID_data__IVB_BS30_A1S1_I_coil_+-0.3mA_fine_284mK_191103__IVB__T_1p40K[0.000136500],2,up,2479,1.0,
D4.2__Fig 2__SQUID_data__IVB_BS30_A1S1_I_coil_+-0.3mA_fine_284mK_191103__IVB__T_1p40K[0.000137250],0,up,2521,0.9992063492063492,
D4.2__Fig 2__SQUID_data__IVB_BS30_A1S1_I_coil_+-0.3mA_fine_284mK_191103__IVB__T_1p40K[0.000137250],1,down,5000,1.0,0.9865744503940808
D4.2__Fig 2__SQUID_data__IVB_BS30_A1S1_I_coil_+-0.3mA_fine_284mK_191103__IVB__T_1p40K[0.000137250],2,up,2479,1.0,
D4.2__Fig 2__SQUID_data__IVB_BS30_A1S1_I_coil_+-0.3mA_fine_284mK_191103__IVB__T_1p40K[0.000138000],0,up,2521,0.9988095238095238,
D4.2__Fig 2__SQUID_data__IVB_BS30_A1S1_I_coil_+-0.3mA_fine_284mK_191103__IVB__T_1p40K[0.000138000],1,down,5000,0.9995999199839968,0.9865111243433361
D4.2__Fig 2__SQUID_data__IVB_BS30_A1S1_I_coil_+-0.3mA_fine_284mK_191103__IVB__T_1p40K[0.000138000],2,up,2479,1.0,
D4.2__Fig 2__SQUID_data__IVB_BS30_A1S1_I_coil_+-0.3mA_fine_284mK_191103__IVB__T_1p40K[0.000138750],0,up,2521,0.9988095238095238,
D4.2__Fig 2__SQUID_data__IVB_BS30_A1S1_I_coil_+-0.3mA_fine_284mK_191103__IVB__T_1p40K[0.000138750],1,down,5000,0.9997999599919984,0.9865314640094688
D4.2__Fig 2__SQUID_data__IVB_BS30_A1S1_I_coil_+-0.3mA_fine_284mK_191103__IVB__T_1p40K[0.000138750],2,up,2479,1.0,
D4.2__Fig 2__SQUID_data__IVB_BS30_A1S1_I_coil_+-0.3mA_fine_284mK_191103__IVB__T_1p40K[0.000139500],0,up,2522,0.9988099960333201,
D4.2__Fig 2__SQUID_data__IVB_BS30_A1S1_I_coil_+-0.3mA_fine_284mK_191103__IVB__T_1p40K[0.000139500],1,down,5000,0.9993998799759952,0.9866940561029225
D4.2__Fig 2__SQUID_data__IVB_BS30_A1S1_I_coil_+-0.3mA_fine_284mK_191103__IVB__T_1p40K[0.000139500],2,up,2478,1.0,
D4.2__Fig 2__SQUID_data__IVB_BS30_A1S1_I_coil_+-0.3mA_fine_284mK_191103__IVB__T_1p40K[0.000140250],0,up,2521,0.9988095238095238,
D4.2__Fig 2__SQUID_data__IVB_BS30_A1S1_I_coil_+-0.3mA_fine_284mK_191103__IVB__T_1p40K[0.000140250],1,down,5000,0.9993998799759952,0.9865744789355385
D4.2__Fig 2__SQUID_data__IVB_BS30_A1S1_I_coil_+-0.3mA_fine_284mK_191103__IVB__T_1p40K[0.000140250],2,up,2479,1.0,
D4.2__Fig 2__SQUID_data__IVB_BS30_A1S1_I_coil_+-0.3mA_fine_284mK_191103__IVB__T_1p40K[0.000141000],0,up,2521,0.9988095238095238,
D4.2__Fig 2__SQUID_data__IVB_BS30_A1S1_I_coil_+-0.3mA_fine_284mK_191103__IVB__T_1p40K[0.000141000],1,down,5000,0.9995999199839968,0.9865583775148187
D4.2__Fig 2__SQUID_data__IVB_BS30_A1S1_I_coil_+-0.3mA_fine_284mK_191103__IVB__T_1p40K[0.000141000],2,up,2479,1.0,
D4.2__Fig 2__SQUID_data__IVB_BS30_A1S1_I_coil_+-0.3mA_fine_284mK_191103__IVB__T_1p40K[0.000141750],0,up,2520,0.999206034140532,
D4.2__Fig 2__SQUID_data__IVB_BS30_A1S1_I_coil_+-0.3mA_fine_284mK_191103__IVB__T_1p40K[0.000141750],1,down,5001,0.9996,0.986618985985486
D4.2__Fig 2__SQUID_data__IVB_BS30_A1S1_I_coil_+-0.3mA_fine_284mK_191103__IVB__T_1p40K[0.000141750],2,up,2479,1.0,
D4.2__Fig 2__SQUID_data__IVB_BS30_A1S1_I_coil_+-0.3mA_fine_284mK_191103__IVB__T_1p40K[0.000142500],0,up,2521,0.9996031746031746,
D4.2__Fig 2__SQUID_data__IVB_BS30_A1S1_I_coil_+-0.3mA_fine_284mK_191103__IVB__T_1p40K[0.000142500],1,down,5000,0.9995999199839968,0.9866006874701646
D4.2__Fig 2__SQUID_data__IVB_BS30_A1S1_I_coil_+-0.3mA_fine_284mK_191103__IVB__T_1p40K[0.000142500],2,up,2479,1.0,
D4.2__Fig 2__SQUID_data__IVB_BS30_A1S1_I_coil_+-0.3mA_fine_284mK_191103__IVB__T_1p40K[0.000143250],0,up,2521,0.9996031746031746,
D4.2__Fig 2__SQUID_data__IVB_BS30_A1S1_I_coil_+-0.3mA_fine_284mK_191103__IVB__T_1p40K[0.000143250],1,down,5000,0.9997999599919984,0.9865700923042923
D4.2__Fig 2__SQUID_data__IVB_BS30_A1S1_I_coil_+-0.3mA_fine_284mK_191103__IVB__T_1p40K[0.000143250],2,up,2479,1.0,
D4.2__Fig 2__SQUID_data__IVB_BS30_A1S1_I_coil_+-0.3mA_fine_284mK_191103__IVB__T_1p40K[0.000144000],0,up,2521,0.9992063492063492,
D4.2__Fig 2__SQUID_data__IVB_BS30_A1S1_I_coil_+-0.3mA_fine_284mK_191103__IVB__T_1p40K[0.000144000],1,down,5000,0.9995999199839968,0.9865486798924644
D4.2__Fig 2__SQUID_data__IVB_BS30_A1S1_I_coil_+-0.3mA_fine_284mK_191103__IVB__T_1p40K[0.000144000],2,up,2479,1.0,
D4.2__Fig 2__SQUID_data__IVB_BS30_A1S1_I_coil_+-0.3mA_fine_284mK_191103__IVB__T_1p40K[0.000144750],0,up,2521,0.9992063492063492,
D4.2__Fig 2__SQUID_data__IVB_BS30_A1S1_I_coil_+-0.3mA_fine_284mK_191103__IVB__T_1p40K[0.000144750],1,down,5000,0.9995999199839968,0.9864821344895175
D4.2__Fig 2__SQUID_data__IVB_BS30_A1S1_I_coil_+-0.3mA_fine_284mK_191103__IVB__T_1p40K[0.000144750],2,up,2479,1.0,
D4.2__Fig 2__SQUID_data__IVB_BS30_A1S1_I_coil_+-0.3mA_fine_284mK_191103__IVB__T_1p40K[0.000145500],0,up,2521,0.9992063492063492,
D4.2__Fig 2__SQUID_data__IVB_BS30_A1S1_I_coil_+-0.3mA_fine_284mK_191103__IVB__T_1p40K[0.000145500],1,down,5000,0.9995999199839968,0.9865873858484451
D4.2__Fig 2__SQUID_data__IVB_BS30_A1S1_I_coil_+-0.3mA_fine_284mK_191103__IVB__T_1p40K[0.000145500],2,up,2479,1.0,
D4.2__Fig 2__SQUID_data__IVB_BS30_A1S1_I_coil_+-0.3mA_fine_284mK_191103__IVB__T_1p40K[0.000146250],0,up,2521,0.9992063492063492,
D4.2__Fig 2__SQUID_data__IVB_BS30_A1S1_I_coil_+-0.3mA_fine_284mK_191103__IVB__T_1p40K[0.000146250],1,down,5001,0.9992,0.9865742275941961
D4.2__Fig 2__SQUID_data__IVB_BS30_A1S1_I_coil_+-0.3mA_fine_284mK_191103__IVB__T_1p40K[0.000146250],2,up,2478,1.0,
D4.2__Fig 2__SQUID_data__IVB_BS30_A1S1_I_coil_+-0.3mA_fine_284mK_191103__IVB__T_1p40K[0.000147000],0,up,2521,0.9988095238095238,
D4.2__Fig 2__SQUID_data__IVB_BS30_A1S1_I_coil_+-0.3mA_fine_284mK_191103__IVB__T_1p40K[0.000147000],1,down,5000,0.9995999199839968,0.9865827823336892
D4.2__Fig 2__SQUID_data__IVB_BS30_A1S1_I_coil_+-0.3mA_fine_284mK_191103__IVB__T_1p40K[0.000147000],2,up,2479,1.0,
D4.2__Fig 2__SQUID_data__IVB_BS30_A1S1_I_coil_+-0.3mA_fine_284mK_191103__IVB__T_1p40K[0.000147750],0,up,2521,0.9988095238095238,
D4.2__Fig 2__SQUID_data__IVB_BS30_A1S1_I_coil_+-0.3mA_fine_284mK_191103__IVB__T_1p40K[0.000147750],1,down,5001,0.9994,0.9866073314453998
D4.2__Fig 2__SQUID_data__IVB_BS30_A1S1_I_coil_+-0.3mA_fine_284mK_191103__IVB__T_1p40K[0.000147750],2,up,2478,1.0,
D4.2__Fig 2__SQUID_data__IVB_BS30_A1S1_I_coil_+-0.3mA_fine_284mK_191103__IVB__T_1p40K[0.000148500],0,up,2520,0.999603017070266,
D4.2__Fig 2__SQUID_data__IVB_BS30_A1S1_I_coil_+-0.3mA_fine_284mK_191103__IVB__T_1p40K[0.000148500],1,down,5001,0.9998,0.9865784095965038
D4.2__Fig 2__SQUID_data__IVB_BS30_A1S1_I_coil_+-0.3mA_fine_284mK_191103__IVB__T_1p40K[0.000148500],2,up,2479,1.0,
D4.2__Fig 2__SQUID_data__IVB_BS30_A1S1_I_coil_+-0.3mA_fine_284mK_191103__IVB__T_1p40K[0.000149250],0,up,2521,0.9988095238095238,
D4.2__Fig 2__SQUID_data__IVB_BS30_A1S1_I_coil_+-0.3mA_fine_284mK_191103__IVB__T_1p40K[0.000149250],1,down,5000,0.9997999599919984,0.9865536853830184
D4.2__Fig 2__SQUID_data__IVB_BS30_A1S1_I_coil_+-0.3mA_fine_284mK_191103__IVB__T_1p40K[0.000149250],2,up,2479,1.0,
D4.2__Fig 2__SQUID_data__IVB_BS30_A1S1_I_coil_+-0.3mA_fine_284mK_191103__IVB__T_1p40K[0.000150000],0,up,2521,0.9988095238095238,
D4.2__Fig 2__SQUID_data__IVB_BS30_A1S1_I_coil_+-0.3mA_fine_284mK_191103__IVB__T_1p40K[0.000150000],1,down,5000,0.9997999599919984,0.9865809246989945
D4.2__Fig 2__SQUID_data__IVB_BS30_A1S1_I_coil_+-0.3mA_fine_284mK_191103__IVB__T_1p40K[0.000150000],2,up,2479,1.0,
D4.2__Fig 2__SQUID_data__IVB_BS30_A1S1_I_coil_+-0.3mA_fine_284mK_191103__IVB__T_1p40K[0.000150750],0,up,2521,0.9992063492063492,
D4.2__Fig 2__SQUID_data__IVB_BS30_A1S1_I_coil_+-0.3mA_fine_284mK_191103__IVB__T_1p40K[0.000150750],1,down,5000,0.9993998799759952,0.9866072747846538
D4.2__Fig 2__SQUID_data__IVB_BS30_A1S1_I_coil_+-0.3mA_fine_284mK_191103__IVB__T_1p40K[0.000150750],2,up,2479,1.0,
D4.2__Fig 2__SQUID_data__IVB_BS30_A1S1_I_coil_+-0.3mA_fine_284mK_191103__IVB__T_1p40K[0.000151500],0,up,2521,0.9992063492063492,
D4.2__Fig 2__SQUID_data__IVB_BS30_A1S1_I_coil_+-0.3mA_fine_284mK_191103__IVB__T_1p40K[0.000151500],1,down,5001,0.9992,0.9866255850288335
D4.2__Fig 2__SQUID_data__IVB_BS30_A1S1_I_coil_+-0.3mA_fine_284mK_191103__IVB__T_1p40K[0.000151500],2,up,2478,1.0,
D4.2__Fig 2__SQUID_data__IVB_BS30_A1S1_I_coil_+-0.3mA_fine_284mK_191103__IVB__T_1p40K[0.000152250],0,up,2520,0.999603017070266,
D4.2__Fig 2__SQUID_data__IVB_BS30_A1S1_I_coil_+-0.3mA_fine_284mK_191103__IVB__T_1p40K[0.000152250],1,down,5001,0.9994,0.9866024398682345
D4.2__Fig 2__SQUID_data__IVB_BS30_A1S1_I_coil_+-0.3mA_fine_284mK_191103__IVB__T_1p40K[0.000152250],2,up,2479,1.0,
D4.2__Fig 2__SQUID_data__IVB_BS30_A1S1_I_coil_+-0.3mA_fine_284mK_191103__IVB__T_1p40K[0.000153000],0,up,2521,0.9988095238095238,
D4.2__Fig 2__SQUID_data__IVB_BS30_A1S1_I_coil_+-0.3mA_fine_284mK_191103__IVB__T_1p40K[0.000153000],1,down,5000,0.9995999199839968,0.986580468360333
D4.2__Fig 2__SQUID_data__IVB_BS30_A1S1_I_coil_+-0.3mA_fine_284mK_191103__IVB__T_1p40K[0.000153000],2,up,2479,1.0,
D4.2__Fig 2__SQUID_data__IVB_BS30_A1S1_I_coil_+-0.3mA_fine_284mK_191103__IVB__T_1p40K[0.000153750],0,up,2521,0.9992063492063492,
D4.2__Fig 2__SQUID_data__IVB_BS30_A1S1_I_coil_+-0.3mA_fine_284mK_191103__IVB__T_1p40K[0.000153750],1,down,5000,0.9995999199839968,0.986504422737007
D4.2__Fig 2__SQUID_data__IVB_BS30_A1S1_I_coil_+-0.3mA_fine_284mK_191103__IVB__T_1p40K[0.000153750],2,up,2479,1.0,
D4.2__Fig 2__SQUID_data__IVB_BS30_A1S1_I_coil_+-0.3mA_fine_284mK_191103__IVB__T_1p40K[0.000154500],0,up,2521,0.9992063492063492,
D4.2__Fig 2__SQUID_data__IVB_BS30_A1S1_I_coil_+-0.3mA_fine_284mK_191103__IVB__T_1p40K[0.000154500],1,down,5000,0.9995999199839968,0.9865830458668274
D4.2__Fig 2__SQUID_data__IVB_BS30_A1S1_I_coil_+-0.3mA_fine_284mK_191103__IVB__T_1p40K[0.000154500],2,up,2479,1.0,
D4.2__Fig 2__SQUID_data__IVB_BS30_A1S1_I_coil_+-0.3mA_fine_284mK_191103__IVB__T_1p40K[0.000155250],0,up,2521,0.9992063492063492,
D4.2__Fig 2__SQUID_data__IVB_BS30_A1S1_I_coil_+-0.3mA_fine_284mK_191103__IVB__T_1p40K[0.000155250],1,down,5000,0.9995999199839968,0.9865071888702455
D4.2__Fig 2__SQUID_data__IVB_BS30_A1S1_I_coil_+-0.3mA_fine_284mK_191103__IVB__T_1p40K[0.000155250],2,up,2479,1.0,
D4.2__Fig 2__SQUID_data__IVB_BS30_A1S1_I_coil_+-0.3mA_fine_284mK_191103__IVB__T_1p40K[0.000156000],0,up,2521,0.9992063492063492,
D4.2__Fig 2__SQUID_data__IVB_BS30_A1S1_I_coil_+-0.3mA_fine_284mK_191103__IVB__T_1p40K[0.000156000],1,down,5000,0.9993998799759952,0.9865160507499933
D4.2__Fig 2__SQUID_data__IVB_BS30_A1S1_I_coil_+-0.3mA_fine_284mK_191103__IVB__T_1p40K[0.000156000],2,up,2479,1.0,
D4.2__Fig 2__SQUID_data__IVB_BS30_A1S1_I_coil_+-0.3mA_fine_284mK_191103__IVB__T_1p40K[0.000156750],0,up,2521,0.9992063492063492,
D4.2__Fig 2__SQUID_data__IVB_BS30_A1S1_I_coil_+-0.3mA_fine_284mK_191103__IVB__T_1p40K[0.000156750],1,down,5000,0.9993998799759952,0.9865070531470476
D4.2__Fig 2__SQUID_data__IVB_BS30_A1S1_I_coil_+-0.3mA_fine_284mK_191103__IVB__T_1p40K[0.000156750],2,up,2479,1.0,
D4.2__Fig 2__SQUID_data__IVB_BS30_A1S1_I_coil_+-0.3mA_fine_284mK_191103__IVB__T_1p40K[0.000157500],0,up,2520,0.999603017070266,
D4.2__Fig 2__SQUID_data__IVB_BS30_A1S1_I_coil_+-0.3mA_fine_284mK_191103__IVB__T_1p40K[0.000157500],1,down,5001,0.9998,0.9866412708857122
D4.2__Fig 2__SQUID_data__IVB_BS30_A1S1_I_coil_+-0.3mA_fine_284mK_191103__IVB__T_1p40K[0.000157500],2,up,2479,1.0,
D4.2__Fig 2__SQUID_data__IVB_BS30_A1S1_I_coil_+-0.3mA_fine_284mK_191103__IVB__T_1p40K[0.000158250],0,up,2521,0.9992063492063492,
D4.2__Fig 2__SQUID_data__IVB_BS30_A1S1_I_coil_+-0.3mA_fine_284mK_191103__IVB__T_1p40K[0.000158250],1,down,5000,0.9997999599919984,0.9865577413342813
D4.2__Fig 2__SQUID_data__IVB_BS30_A1S1_I_coil_+-0.3mA_fine_284mK_191103__IVB__T_1p40K[0.000158250],2,up,2479,1.0,
D4.2__Fig 2__SQUID_data__IVB_BS30_A1S1_I_coil_+-0.3mA_fine_284mK_191103__IVB__T_1p40K[0.000159000],0,up,2521,0.9992063492063492,
D4.2__Fig 2__SQUID_data__IVB_BS30_A1S1_I_coil_+-0.3mA_fine_284mK_191103__IVB__T_1p40K[0.000159000],1,down,5000,0.9997999599919984,0.9865558309296466
D4.2__Fig 2__SQUID_data__IVB_BS30_A1S1_I_coil_+-0.3mA_fine_284mK_191103__IVB__T_1p40K[0.000159000],2,up,2479,1.0,
D4.2__Fig 2__SQUID_data__IVB_BS30_A1S1_I_coil_+-0.3mA_fine_284mK_191103__IVB__T_1p40K[0.000159750],0,up,2521,0.9996031746031746,
D4.2__Fig 2__SQUID_data__IVB_BS30_A1S1_I_coil_+-0.3mA_fine_284mK_191103__IVB__T_1p40K[0.000159750],1,down,5000,0.9995999199839968,0.9865471233050234
D4.2__Fig 2__SQUID_data__IVB_BS30_A1S1_I_coil_+-0.3mA_fine_284mK_191103__IVB__T_1p40K[0.000159750],2,up,2479,1.0,
D4.2__Fig 2__SQUID_data__IVB_BS30_A1S1_I_coil_+-0.3mA_fine_284mK_191103__IVB__T_1p40K[0.000160500],0,up,2521,0.9992063492063492,
D4.2__Fig 2__SQUID_data__IVB_BS30_A1S1_I_coil_+-0.3mA_fine_284mK_191103__IVB__T_1p40K[0.000160500],1,down,5001,0.9994,0.9866050756360557
D4.2__Fig 2__SQUID_data__IVB_BS30_A1S1_I_coil_+-0.3mA_fine_284mK_191103__IVB__T_1p40K[0.000160500],2,up,2478,1.0,
D4.2__Fig 2__SQUID_data__IVB_BS30_A1S1_I_coil_+-0.3mA_fine_284mK_191103__IVB__T_1p40K[0.000161250],0,up,2520,0.999603017070266,
D4.2__Fig 2__SQUID_data__IVB_BS30_A1S1_I_coil_+-0.3mA_fine_284mK_191103__IVB__T_1p40K[0.000161250],1,down,5001,0.9994,0.9866005652867122
D4.2__Fig 2__SQUID_data__IVB_BS30_A1S1_I_coil_+-0.3mA_fine_284mK_191103__IVB__T_1p40K[0.000161250],2,up,2479,1.0,
D4.2__Fig 2__SQUID_data__IVB_BS30_A1S1_I_coil_+-0.3mA_fine_284mK_191103__IVB__T_1p40K[0.000162000],0,up,2521,0.9988095238095238,
D4.2__Fig 2__SQUID_data__IVB_BS30_A1S1_I_coil_+-0.3mA_fine_284mK_191103__IVB__T_1p40K[0.000162000],1,down,5000,0.9997999599919984,0.986562594218601
D4.2__Fig 2__SQUID_data__IVB_BS30_A1S1_I_coil_+-0.3mA_fine_284mK_191103__IVB__T_1p40K[0.000162000],2,up,2479,1.0,
D4.2__Fig 2__SQUID_data__IVB_BS30_A1S1_I_coil_+-0.3mA_fine_284mK_191103__IVB__T_1p40K[0.000162750],0,up,2521,0.9996031746031746,
D4.2__Fig 2__SQUID_data__IVB_BS30_A1S1_I_coil_+-0.3mA_fine_284mK_191103__IVB__T_1p40K[0.000162750],1,down,5000,0.9995999199839968,0.9865138401063739
D4.2__Fig 2__SQUID_data__IVB_BS30_A1S1_I_coil_+-0.3mA_fine_284mK_191103__IVB__T_1p40K[0.000162750],2,up,2479,1.0,
D4.2__Fig 2__SQUID_data__IVB_BS30_A1S1_I_coil_+-0.3mA_fine_284mK_191103__IVB__T_1p40K[0.000163500],0,up,2521,0.9992063492063492,
D4.2__Fig 2__SQUID_data__IVB_BS30_A1S1_I_coil_+-0.3mA_fine_284mK_191103__IVB__T_1p40K[0.000163500],1,down,5000,0.9997999599919984,0.9865379456447628
D4.2__Fig 2__SQUID_data__IVB_BS30_A1S1_I_coil_+-0.3mA_fine_284mK_191103__IVB__T_1p40K[0.000163500],2,up,2479,1.0,
D4.2__Fig 2__SQUID_data__IVB_BS30_A1S1_I_coil_+-0.3mA_fine_284mK_191103__IVB__T_1p40K[0.000164250],0,up,2521,0.9992063492063492,
D4.2__Fig 2__SQUID_data__IVB_BS30_A1S1_I_coil_+-0.3mA_fine_284mK_191103__IVB__T_1p40K[0.000164250],1,down,5001,0.9992,0.9865692133825763
D4.2__Fig 2__SQUID_data__IVB_BS30_A1S1_I_coil_+-0.3mA_fine_284mK_191103__IVB__T_1p40K[0.000164250],2,up,2478,1.0,
D4.2__Fig 2__SQUID_data__IVB_BS30_A1S1_I_coil_+-0.3mA_fine_284mK_191103__IVB__T_1p40K[0.000165000],0,up,2521,0.9992063492063492,
D4.2__Fig 2__SQUID_data__IVB_BS30_A1S1_I_coil_+-0.3mA_fine_284mK_191103__IVB__T_1p40K[0.000165000],1,down,5000,0.9995999199839968,0.9865219873655983
D4.2__Fig 2__SQUID_data__IVB_BS30_A1S1_I_coil_+-0.3mA_fine_284mK_191103__IVB__T_1p40K[0.000165000],2,up,2479,1.0,
D4.2__Fig 2__SQUID_data__IVB_BS30_A1S1_I_coil_+-0.3mA_fine_284mK_191103__IVB__T_1p40K[0.000165750],0,up,2521,0.9988095238095238,
D4.2__Fig 2__SQUID_data__IVB_BS30_A1S1_I_coil_+-0.3mA_fine_284mK_191103__IVB__T_1p40K[0.000165750],1,down,5000,0.9997999599919984,0.9865401905546076
D4.2__Fig 2__SQUID_data__IVB_BS30_A1S1_I_coil_+-0.3mA_fine_284mK_191103__IVB__T_1p40K[0.000165750],2,up,2479,1.0,
D4.2__Fig 2__SQUID_data__IVB_BS30_A1S1_I_coil_+-0.3mA_fine_284mK_191103__IVB__T_1p40K[0.000166500],0,up,2521,0.9992063492063492,
D4.2__Fig 2__SQUID_data__IVB_BS30_A1S1_I_coil_+-0.3mA_fine_284mK_191103__IVB__T_1p40K[0.000166500],1,down,5000,0.9995999199839968,0.9865529844599914
D4.2__Fig 2__SQUID_data__IVB_BS30_A1S1_I_coil_+-0.3mA_fine_284mK_191103__IVB__T_1p40K[0.000166500],2,up,2479,1.0,
D4.2__Fig 2__SQUID_data__IVB_BS30_A1S1_I_coil_+-0.3mA_fine_284mK_191103__IVB__T_1p40K[0.000167250],0,up,2521,0.9988095238095238,
D4.2__Fig 2__SQUID_data__IVB_BS30_A1S1_I_coil_+-0.3mA_fine_284mK_191103__IVB__T_1p40K[0.000167250],1,down,5000,0.9995999199839968,0.9864938756709716
D4.2__Fig 2__SQUID_data__IVB_BS30_A1S1_I_coil_+-0.3mA_fine_284mK_191103__IVB__T_1p40K[0.000167250],2,up,2479,1.0,
D4.2__Fig 2__SQUID_data__IVB_BS30_A1S1_I_coil_+-0.3mA_fine_284mK_191103__IVB__T_1p40K[0.000168000],0,up,2521,0.9992063492063492,
D4.2__Fig 2__SQUID_data__IVB_BS30_A1S1_I_coil_+-0.3mA_fine_284mK_191103__IVB__T_1p40K[0.000168000],1,down,5000,0.9997999599919984,0.9865960299770965
D4.2__Fig 2__SQUID_data__IVB_BS30_A1S1_I_coil_+-0.3mA_fine_284mK_191103__IVB__T_1p40K[0.000168000],2,up,2479,1.0,
D4.2__Fig 2__SQUID_data__IVB_BS30_A1S1_I_coil_+-0.3mA_fine_284mK_191103__IVB__T_1p40K[0.000168750],0,up,2521,0.9992063492063492,
D4.2__Fig 2__SQUID_data__IVB_BS30_A1S1_I_coil_+-0.3mA_fine_284mK_191103__IVB__T_1p40K[0.000168750],1,down,5000,0.9997999599919984,0.9865131542669902
D4.2__Fig 2__SQUID_data__IVB_BS30_A1S1_I_coil_+-0.3mA_fine_284mK_191103__IVB__T_1p40K[0.000168750],2,up,2479,1.0,
D4.2__Fig 2__SQUID_data__IVB_BS30_A1S1_I_coil_+-0.3mA_fine_284mK_191103__IVB__T_1p40K[0.000169500],0,up,2521,0.9996031746031746,
D4.2__Fig 2__SQUID_data__IVB_BS30_A1S1_I_coil_+-0.3mA_fine_284mK_191103__IVB__T_1p40K[0.000169500],1,down,5001,0.9994,0.9864644084989806
D4.2__Fig 2__SQUID_data__IVB_BS30_A1S1_I_coil_+-0.3mA_fine_284mK_191103__IVB__T_1p40K[0.000169500],2,up,2478,1.0,
D4.2__Fig 2__SQUID_data__IVB_BS30_A1S1_I_coil_+-0.3mA_fine_284mK_191103__IVB__T_1p40K[0.000170250],0,up,2521,0.9988095238095238,
D4.2__Fig 2__SQUID_data__IVB_BS30_A1S1_I_coil_+-0.3mA_fine_284mK_191103__IVB__T_1p40K[0.000170250],1,down,5000,0.9995999199839968,0.9865157027595768
D4.2__Fig 2__SQUID_data__IVB_BS30_A1S1_I_coil_+-0.3mA_fine_284mK_191103__IVB__T_1p40K[0.000170250],2,up,2479,1.0,
D4.2__Fig 2__SQUID_data__IVB_BS30_A1S1_I_coil_+-0.3mA_fine_284mK_191103__IVB__T_1p40K[0.000171000],0,up,2520,0.999206034140532,
D4.2__Fig 2__SQUID_data__IVB_BS30_A1S1_I_coil_+-0.3mA_fine_284mK_191103__IVB__T_1p40K[0.000171000],1,down,5001,0.9996,0.9866405296721679
D4.2__Fig 2__SQUID_data__IVB_BS30_A1S1_I_coil_+-0.3mA_fine_284mK_191103__IVB__T_1p40K[0.000171000],2,up,2479,1.0,
D4.2__Fig 2__SQUID_data__IVB_BS30_A1S1_I_coil_+-0.3mA_fine_284mK_191103__IVB__T_1p40K[0.000171750],0,up,2521,0.9992063492063492,
D4.2__Fig 2__SQUID_data__IVB_BS30_A1S1_I_coil_+-0.3mA_fine_284mK_191103__IVB__T_1p40K[0.000171750],1,down,5000,0.9997999599919984,0.986562646149857
D4.2__Fig 2__SQUID_data__IVB_BS30_A1S1_I_coil_+-0.3mA_fine_284mK_191103__IVB__T_1p40K[0.000171750],2,up,2479,1.0,
D4.2__Fig 2__SQUID_data__IVB_BS30_A1S1_I_coil_+-0.3mA_fine_284mK_191103__IVB__T_1p40K[0.000172500],0,up,2521,0.9992063492063492,
D4.2__Fig 2__SQUID_data__IVB_BS30_A1S1_I_coil_+-0.3mA_fine_284mK_191103__IVB__T_1p40K[0.000172500],1,down,5000,0.9995999199839968,0.986519645449757
D4.2__Fig 2__SQUID_data__IVB_BS30_A1S1_I_coil_+-0.3mA_fine_284mK_191103__IVB__T_1p40K[0.000172500],2,up,2479,1.0,
D4.2__Fig 2__SQUID_data__IVB_BS30_A1S1_I_coil_+-0.3mA_fine_284mK_191103__IVB__T_1p40K[0.000173250],0,up,2521,0.9988095238095238,
D4.2__Fig 2__SQUID_data__IVB_BS30_A1S1_I_coil_+-0.3mA_fine_284mK_191103__IVB__T_1p40K[0.000173250],1,down,5000,0.9995999199839968,0.9866203142762137
D4.2__Fig 2__SQUID_data__IVB_BS30_A1S1_I_coil_+-0.3mA_fine_284mK_191103__IVB__T_1p40K[0.000173250],2,up,2479,1.0,
D4.2__Fig 2__SQUID_data__IVB_BS30_A1S1_I_coil_+-0.3mA_fine_284mK_191103__IVB__T_1p40K[0.000174000],0,up,2521,0.9992063492063492,
D4.2__Fig 2__SQUID_data__IVB_BS30_A1S1_I_coil_+-0.3mA_fine_284mK_191103__IVB__T_1p40K[0.000174000],1,down,5000,0.9997999599919984,0.9865247763516717
D4.2__Fig 2__SQUID_data__IVB_BS30_A1S1_I_coil_+-0.3mA_fine_284mK_191103__IVB__T_1p40K[0.000174000],2,up,2479,1.0,
D4.2__Fig 2__SQUID_data__IVB_BS30_A1S1_I_coil_+-0.3mA_fine_284mK_191103__IVB__T_1p40K[0.000174750],0,up,2521,0.9996031746031746,
D4.2__Fig 2__SQUID_data__IVB_BS30_A1S1_I_coil_+-0.3mA_fine_284mK_191103__IVB__T_1p40K[0.000174750],1,down,5000,0.9997999599919984,0.9864663167311443
D4.2__Fig 2__SQUID_data__IVB_BS30_A1S1_I_coil_+-0.3mA_fine_284mK_191103__IVB__T_1p40K[0.000174750],2,up,2479,1.0,
D4.2__Fig 2__SQUID_data__IVB_BS30_A1S1_I_coil_+-0.3mA_fine_284mK_191103__IVB__T_1p40K[0.000175500],0,up,2521,0.9996031746031746,
D4.2__Fig 2__SQUID_data__IVB_BS30_A1S1_I_coil_+-0.3mA_fine_284mK_191103__IVB__T_1p40K[0.000175500],1,down,5000,0.9993998799759952,0.9865981199229712
D4.2__Fig 2__SQUID_data__IVB_BS30_A1S1_I_coil_+-0.3mA_fine_284mK_191103__IVB__T_1p40K[0.000175500],2,up,2479,1.0,
D4.2__Fig 2__SQUID_data__IVB_BS30_A1S1_I_coil_+-0.3mA_fine_284mK_191103__IVB__T_1p40K[0.000176250],0,up,2521,0.9988095238095238,
D4.2__Fig 2__SQUID_data__IVB_BS30_A1S1_I_coil_+-0.3mA_fine_284mK_191103__IVB__T_1p40K[0.000176250],1,down,5000,0.9997999599919984,0.9864602894496349
D4.2__Fig 2__SQUID_data__IVB_BS30_A1S1_I_coil_+-0.3mA_fine_284mK_191103__IVB__T_1p40K[0.000176250],2,up,2479,1.0,
D4.2__Fig 2__SQUID_data__IVB_BS30_A1S1_I_coil_+-0.3mA_fine_284mK_191103__IVB__T_1p40K[0.000177000],0,up,2521,0.9988095238095238,
D4.2__Fig 2__SQUID_data__IVB_BS30_A1S1_I_coil_+-0.3mA_fine_284mK_191103__IVB__T_1p40K[0.000177000],1,down,5000,0.9995999199839968,0.9864553218558486
D4.2__Fig 2__SQUID_data__IVB_BS30_A1S1_I_coil_+-0.3mA_fine_284mK_191103__IVB__T_1p40K[0.000177000],2,up,2479,1.0,
D4.2__Fig 2__SQUID_data__IVB_BS30_A1S1_I_coil_+-0.3mA_fine_284mK_191103__IVB__T_1p40K[0.000177750],0,up,2521,0.9992063492063492,
D4.2__Fig 2__SQUID_data__IVB_BS30_A1S1_I_coil_+-0.3mA_fine_284mK_191103__IVB__T_1p40K[0.000177750],1,down,5000,0.9993998799759952,0.9865247561867581
D4.2__Fig 2__SQUID_data__IVB_BS30_A1S1_I_coil_+-0.3mA_fine_284mK_191103__IVB__T_1p40K[0.000177750],2,up,2479,1.0,
D4.2__Fig 2__SQUID_data__IVB_BS30_A1S1_I_coil_+-0.3mA_fine_284mK_191103__IVB__T_1p40K[0.000178500],0,up,2521,0.9992063492063492,
D4.2__Fig 2__SQUID_data__IVB_BS30_A1S1_I_coil_+-0.3mA_fine_284mK_191103__IVB__T_1p40K[0.000178500],1,down,5000,0.9995999199839968,0.986542775731595
D4.2__Fig 2__SQUID_data__IVB_BS30_A1S1_I_coil_+-0.3mA_fine_284mK_191103__IVB__T_1p40K[0.000178500],2,up,2479,1.0,
D4.2__Fig 2__SQUID_data__IVB_BS30_A1S1_I_coil_+-0.3mA_fine_284mK_191103__IVB__T_1p40K[0.000179250],0,up,2521,0.9992063492063492,
D4.2__Fig 2__SQUID_data__IVB_BS30_A1S1_I_coil_+-0.3mA_fine_284mK_191103__IVB__T_1p40K[0.000179250],1,down,5000,0.9995999199839968,0.9865334637840593
D4.2__Fig 2__SQUID_data__IVB_BS30_A1S1_I_coil_+-0.3mA_fine_284mK_191103__IVB__T_1p40K[0.000179250],2,up,2479,1.0,
D4.2__Fig 2__SQUID_data__IVB_BS30_A1S1_I_coil_+-0.3mA_fine_284mK_191103__IVB__T_1p40K[0.000180000],0,up,2521,0.9992063492063492,
D4.2__Fig 2__SQUID_data__IVB_BS30_A1S1_I_coil_+-0.3mA_fine_284mK_191103__IVB__T_1p40K[0.000180000],1,down,5000,0.9997999599919984,0.9865160252111759
D4.2__Fig 2__SQUID_data__IVB_BS30_A1S1_I_coil_+-0.3mA_fine_284mK_191103__IVB__T_1p40K[0.000180000],2,up,2479,1.0,
D4.2__Fig 2__SQUID_data__IVB_BS30_A1S1_I_coil_+-0.3mA_fine_284mK_191103__IVB__T_1p40K[0.000180750],0,up,2521,0.9996031746031746,
D4.2__Fig 2__SQUID_data__IVB_BS30_A1S1_I_coil_+-0.3mA_fine_284mK_191103__IVB__T_1p40K[0.000180750],1,down,5000,0.9995999199839968,0.9865135221558334
D4.2__Fig 2__SQUID_data__IVB_BS30_A1S1_I_coil_+-0.3mA_fine_284mK_191103__IVB__T_1p40K[0.000180750],2,up,2479,1.0,
D4.2__Fig 2__SQUID_data__IVB_BS30_A1S1_I_coil_+-0.3mA_fine_284mK_191103__IVB__T_1p40K[0.000181500],0,up,2521,0.9996031746031746,
D4.2__Fig 2__SQUID_data__IVB_BS30_A1S1_I_coil_+-0.3mA_fine_284mK_191103__IVB__T_1p40K[0.000181500],1,down,5000,0.9993998799759952,0.986519877901339
D4.2__Fig 2__SQUID_data__IVB_BS30_A1S1_I_coil_+-0.3mA_fine_284mK_191103__IVB__T_1p40K[0.000181500],2,up,2479,1.0,
D4.2__Fig 2__SQUID_data__IVB_BS30_A1S1_I_coil_+-0.3mA_fine_284mK_191103__IVB__T_1p40K[0.000182250],0,up,2520,0.999603017070266,
D4.2__Fig 2__SQUID_data__IVB_BS30_A1S1_I_coil_+-0.3mA_fine_284mK_191103__IVB__T_1p40K[0.000182250],1,down,5001,0.9996,0.9866270830579532
D4.2__Fig 2__SQUID_data__IVB_BS30_A1S1_I_coil_+-0.3mA_fine_284mK_191103__IVB__T_1p40K[0.000182250],2,up,2479,1.0,
D4.2__Fig 2__SQUID_data__IVB_BS30_A1S1_I_coil_+-0.3mA_fine_284mK_191103__IVB__T_1p40K[0.000183000],0,up,2521,0.9996031746031746,
D4.2__Fig 2__SQUID_data__IVB_BS30_A1S1_I_coil_+-0.3mA_fine_284mK_191103__IVB__T_1p40K[0.000183000],1,down,5000,0.9995999199839968,0.9865293008739284
D4.2__Fig 2__SQUID_data__IVB_BS30_A1S1_I_coil_+-0.3mA_fine_284mK_191103__IVB__T_1p40K[0.000183000],2,up,2479,1.0,
D4.2__Fig 2__SQUID_data__IVB_BS30_A1S1_I_coil_+-0.3mA_fine_284mK_191103__IVB__T_1p40K[0.000183750],0,up,2521,0.9992063492063492,
D4.2__Fig 2__SQUID_data__IVB_BS30_A1S1_I_coil_+-0.3mA_fine_284mK_191103__IVB__T_1p40K[0.000183750],1,down,5000,0.9995999199839968,0.9865690949469119
D4.2__Fig 2__SQUID_data__IVB_BS30_A1S1_I_coil_+-0.3mA_fine_284mK_191103__IVB__T_1p40K[0.000183750],2,up,2479,1.0,
D4.2__Fig 2__SQUID_data__IVB_BS30_A1S1_I_coil_+-0.3mA_fine_284mK_191103__IVB__T_1p40K[0.000184500],0,up,2521,0.9992063492063492,
D4.2__Fig 2__SQUID_data__IVB_BS30_A1S1_I_coil_+-0.3mA_fine_284mK_191103__IVB__T_1p40K[0.000184500],1,down,5000,0.9997999599919984,0.986480558914632
D4.2__Fig 2__SQUID_data__IVB_BS30_A1S1_I_coil_+-0.3mA_fine_284mK_191103__IVB__T_1p40K[0.000184500],2,up,2479,1.0,
D4.2__Fig 2__SQUID_data__IVB_BS30_A1S1_I_coil_+-0.3mA_fine_284mK_191103__IVB__T_1p40K[0.000185250],0,up,2521,0.9988095238095238,
D4.2__Fig 2__SQUID_data__IVB_BS30_A1S1_I_coil_+-0.3mA_fine_284mK_191103__IVB__T_1p40K[0.000185250],1,down,5000,0.9993998799759952,0.9865774011194317
D4.2__Fig 2__SQUID_data__IVB_BS30_A1S1_I_coil_+-0.3mA_fine_284mK_191103__IVB__T_1p40K[0.000185250],2,up,2479,1.0,
D4.2__Fig 2__SQUID_data__IVB_BS30_A1S1_I_coil_+-0.3mA_fine_284mK_191103__IVB__T_1p40K[0.000186000],0,up,2520,0.999603017070266,
D4.2__Fig 2__SQUID_data__IVB_BS30_A1S1_I_coil_+-0.3mA_fine_284mK_191103__IVB__T_1p40K[0.000186000],1,down,5001,0.9998,0.986555840019017
D4.2__Fig 2__SQUID_data__IVB_BS30_A1S1_I_coil_+-0.3mA_fine_284mK_191103__IVB__T_1p40K[0.000186000],2,up,2479,1.0,
D4.2__Fig 2__SQUID_data__IVB_BS30_A1S1_I_coil_+-0.3mA_fine_284mK_191103__IVB__T_1p40K[0.000186750],0,up,2521,0.9996031746031746,
D4.2__Fig 2__SQUID_data__IVB_BS30_A1S1_I_coil_+-0.3mA_fine_284mK_191103__IVB__T_1p40K[0.000186750],1,down,5001,0.9994,0.9865730669020566
D4.2__Fig 2__SQUID_data__IVB_BS30_A1S1_I_coil_+-0.3mA_fine_284mK_191103__IVB__T_1p40K[0.000186750],2,up,2478,1.0,
D4.2__Fig 2__SQUID_data__IVB_BS30_A1S1_I_coil_+-0.3mA_fine_284mK_191103__IVB__T_1p40K[0.000187500],0,up,2521,0.9988095238095238,
D4.2__Fig 2__SQUID_data__IVB_BS30_A1S1_I_coil_+-0.3mA_fine_284mK_191103__IVB__T_1p40K[0.000187500],1,down,5000,0.9993998799759952,0.9865650998754764
D4.2__Fig 2__SQUID_data__IVB_BS30_A1S1_I_coil_+-0.3mA_fine_284mK_191103__IVB__T_1p40K[0.000187500],2,up,2479,1.0,
D4.2__Fig 2__SQUID_data__IVB_BS30_A1S1_I_coil_+-0.3mA_fine_284mK_191103__IVB__T_1p40K[0.000188250],0,up,2521,0.9992063492063492,
D4.2__Fig 2__SQUID_data__IVB_BS30_A1S1_I_coil_+-0.3mA_fine_284mK_191103__IVB__T_1p40K[0.000188250],1,down,5000,0.9995999199839968,0.9865023119728523
D4.2__Fig 2__SQUID_data__IVB_BS30_A1S1_I_coil_+-0.3mA_fine_284mK_191103__IVB__T_1p40K[0.000188250],2,up,2479,1.0,
D4.2__Fig 2__SQUID_data__IVB_BS30_A1S1_I_coil_+-0.3mA_fine_284mK_191103__IVB__T_1p40K[0.000189000],0,up,2521,0.9988095238095238,
D4.2__Fig 2__SQUID_data__IVB_BS30_A1S1_I_coil_+-0.3mA_fine_284mK_191103__IVB__T_1p40K[0.000189000],1,down,5000,0.9993998799759952,0.9865266124729273
D4.2__Fig 2__SQUID_data__IVB_BS30_A1S1_I_coil_+-0.3mA_fine_284mK_191103__IVB__T_1p40K[0.000189000],2,up,2479,1.0,
D4.2__Fig 2__SQUID_data__IVB_BS30_A1S1_I_coil_+-0.3mA_fine_284mK_191103__IVB__T_1p40K[0.000189750],0,up,2521,0.9992063492063492,
D4.2__Fig 2__SQUID_data__IVB_BS30_A1S1_I_coil_+-0.3mA_fine_284mK_191103__IVB__T_1p40K[0.000189750],1,down,5000,0.9993998799759952,0.9865662289892277
D4.2__Fig 2__SQUID_data__IVB_BS30_A1S1_I_coil_+-0.3mA_fine_284mK_191103__IVB__T_1p40K[0.000189750],2,up,2479,1.0,
D4.2__Fig 2__SQUID_data__IVB_BS30_A1S1_I_coil_+-0.3mA_fine_284mK_191103__IVB__T_1p40K[0.000190500],0,up,2521,0.9988095238095238,
D4.2__Fig 2__SQUID_data__IVB_BS30_A1S1_I_coil_+-0.3mA_fine_284mK_191103__IVB__T_1p40K[0.000190500],1,down,5000,0.9995999199839968,0.9866135310810605
D4.2__Fig 2__SQUID_data__IVB_BS30_A1S1_I_coil_+-0.3mA_fine_284mK_191103__IVB__T_1p40K[0.000190500],2,up,2479,1.0,
D4.2__Fig 2__SQUID_data__IVB_BS30_A1S1_I_coil_+-0.3mA_fine_284mK_191103__IVB__T_1p40K[0.000191250],0,up,2521,0.9988095238095238,
D4.2__Fig 2__SQUID_data__IVB_BS30_A1S1_I_coil_+-0.3mA_fine_284mK_191103__IVB__T_1p40K[0.000191250],1,down,5000,0.9995999199839968,0.9865513375712063
D4.2__Fig 2__SQUID_data__IVB_BS30_A1S1_I_coil_+-0.3mA_fine_284mK_191103__IVB__T_1p40K[0.000191250],2,up,2479,1.0,
D4.2__Fig 2__SQUID_data__IVB_BS30_A1S1_I_coil_+-0.3mA_fine_284mK_191103__IVB__T_1p40K[0.000192000],0,up,2521,0.9992063492063492,
D4.2__Fig 2__SQUID_data__IVB_BS30_A1S1_I_coil_+-0.3mA_fine_284mK_191103__IVB__T_1p40K[0.000192000],1,down,5000,0.9995999199839968,0.9865379384023631
D4.2__Fig 2__SQUID_data__IVB_BS30_A1S1_I_coil_+-0.3mA_fine_284mK_191103__IVB__T_1p40K[0.000192000],2,up,2479,1.0,
D4.2__Fig 2__SQUID_data__IVB_BS30_A1S1_I_coil_+-0.3mA_fine_284mK_191103__IVB__T_1p40K[0.000192750],0,up,2522,0.9988099960333201,
D4.2__Fig 2__SQUID_data__IVB_BS30_A1S1_I_coil_+-0.3mA_fine_284mK_191103__IVB__T_1p40K[0.000192750],1,down,4999,0.9995998399359743,0.9864215915781064
D4.2__Fig 2__SQUID_data__IVB_BS30_A1S1_I_coil_+-0.3mA_fine_284mK_191103__IVB__T_1p40K[0.000192750],2,up,2479,1.0,
D4.2__Fig 2__SQUID_data__IVB_BS30_A1S1_I_coil_+-0.3mA_fine_284mK_191103__IVB__T_1p40K[0.000193500],0,up,2521,0.9992063492063492,
D4.2__Fig 2__SQUID_data__IVB_BS30_A1S1_I_coil_+-0.3mA_fine_284mK_191103__IVB__T_1p40K[0.000193500],1,down,5000,0.9997999599919984,0.9866159786997039
D4.2__Fig 2__SQUID_data__IVB_BS30_A1S1_I_coil_+-0.3mA_fine_284mK_191103__IVB__T_1p40K[0.000193500],2,up,2479,1.0,
D4.2__Fig 2__SQUID_data__IVB_BS30_A1S1_I_coil_+-0.3mA_fine_284mK_191103__IVB__T_1p40K[0.000194250],0,up,2521,0.9984126984126984,
D4.2__Fig 2__SQUID_data__IVB_BS30_A1S1_I_coil_+-0.3mA_fine_284mK_191103__IVB__T_1p40K[0.000194250],1,down,5000,1.0,0.9864350791555101
D4.2__Fig 2__SQUID_data__IVB_BS30_A1S1_I_coil_+-0.3mA_fine_284mK_191103__IVB__T_1p40K[0.000194250],2,up,2479,1.0,
D4.2__Fig 2__SQUID_data__IVB_BS30_A1S1_I_coil_+-0.3mA_fine_284mK_191103__IVB__T_1p40K[0.000195000],0,up,2520,0.999603017070266,
D4.2__Fig 2__SQUID_data__IVB_BS30_A1S1_I_coil_+-0.3mA_fine_284mK_191103__IVB__T_1p40K[0.000195000],1,down,5001,0.9996,0.9865384205236428
D4.2__Fig 2__SQUID_data__IVB_BS30_A1S1_I_coil_+-0.3mA_fine_284mK_191103__IVB__T_1p40K[0.000195000],2,up,2479,1.0,
D4.2__Fig 2__SQUID_data__IVB_BS30_A1S1_I_coil_+-0.3mA_fine_284mK_191103__IVB__T_1p40K[0.000195750],0,up,2521,0.9992063492063492,
D4.2__Fig 2__SQUID_data__IVB_BS30_A1S1_I_coil_+-0.3mA_fine_284mK_191103__IVB__T_1p40K[0.000195750],1,down,5000,0.9995999199839968,0.9864439776289657
D4.2__Fig 2__SQUID_data__IVB_BS30_A1S1_I_coil_+-0.3mA_fine_284mK_191103__IVB__T_1p40K[0.000195750],2,up,2479,1.0,
D4.2__Fig 2__SQUID_data__IVB_BS30_A1S1_I_coil_+-0.3mA_fine_284mK_191103__IVB__T_1p40K[0.000196500],0,up,2521,0.9996031746031746,
D4.2__Fig 2__SQUID_data__IVB_BS30_A1S1_I_coil_+-0.3mA_fine_284mK_191103__IVB__T_1p40K[0.000196500],1,down,5000,0.9993998799759952,0.9866173650245242
D4.2__Fig 2__SQUID_data__IVB_BS30_A1S1_I_coil_+-0.3mA_fine_284mK_191103__IVB__T_1p40K[0.000196500],2,up,2479,1.0,
D4.2__Fig 2__SQUID_data__IVB_BS30_A1S1_I_coil_+-0.3mA_fine_284mK_191103__IVB__T_1p40K[0.000197250],0,up,2521,0.9988095238095238,
D4.2__Fig 2__SQUID_data__IVB_BS30_A1S1_I_coil_+-0.3mA_fine_284mK_191103__IVB__T_1p40K[0.000197250],1,down,5000,0.9995999199839968,0.9865333860448743
D4.2__Fig 2__SQUID_data__IVB_BS30_A1S1_I_coil_+-0.3mA_fine_284mK_191103__IVB__T_1p40K[0.000197250],2,up,2479,1.0,
D4.2__Fig 2__SQUID_data__IVB_BS30_A1S1_I_coil_+-0.3mA_fine_284mK_191103__IVB__T_1p40K[0.000198000],0,up,2521,0.9988095238095238,
D4.2__Fig 2__SQUID_data__IVB_BS30_A1S1_I_coil_+-0.3mA_fine_284mK_191103__IVB__T_1p40K[0.000198000],1,down,5000,0.9993998799759952,0.9866050306201416
D4.2__Fig 2__SQUID_data__IVB_BS30_A1S1_I_coil_+-0.3mA_fine_284mK_191103__IVB__T_1p40K[0.000198000],2,up,2479,1.0,
D4.2__Fig 2__SQUID_data__IVB_BS30_A1S1_I_coil_+-0.3mA_fine_284mK_191103__IVB__T_1p40K[0.000198750],0,up,2521,0.9992063492063492,
D4.2__Fig 2__SQUID_data__IVB_BS30_A1S1_I_coil_+-0.3mA_fine_284mK_191103__IVB__T_1p40K[0.000198750],1,down,5000,0.9995999199839968,0.9865514731095354
D4.2__Fig 2__SQUID_data__IVB_BS30_A1S1_I_coil_+-0.3mA_fine_284mK_191103__IVB__T_1p40K[0.000198750],2,up,2479,1.0,
D4.2__Fig 2__SQUID_data__IVB_BS30_A1S1_I_coil_+-0.3mA_fine_284mK_191103__IVB__T_1p40K[0.000199500],0,up,2520,0.999603017070266,
D4.2__Fig 2__SQUID_data__IVB_BS30_A1S1_I_coil_+-0.3mA_fine_284mK_191103__IVB__T_1p40K[0.000199500],1,down,5001,0.9996,0.9866290163681843
D4.2__Fig 2__SQUID_data__IVB_BS30_A1S1_I_coil_+-0.3mA_fine_284mK_191103__IVB__T_1p40K[0.000199500],2,up,2479,1.0,
D4.2__Fig 2__SQUID_data__IVB_BS30_A1S1_I_coil_+-0.3mA_fine_284mK_191103__IVB__T_1p40K[0.000200250],0,up,2521,0.9992063492063492,
D4.2__Fig 2__SQUID_data__IVB_BS30_A1S1_I_coil_+-0.3mA_fine_284mK_191103__IVB__T_1p40K[0.000200250],1,down,5000,0.9997999599919984,0.9864467308340765
D4.2__Fig 2__SQUID_data__IVB_BS30_A1S1_I_coil_+-0.3mA_fine_284mK_191103__IVB__T_1p40K[0.000200250],2,up,2479,1.0,
D4.2__Fig 2__SQUID_data__IVB_BS30_A1S1_I_coil_+-0.3mA_fine_284mK_191103__IVB__T_1p40K[0.000201000],0,up,2521,0.9996031746031746,
D4.2__Fig 2__SQUID_data__IVB_BS30_A1S1_I_coil_+-0.3mA_fine_284mK_191103__IVB__T_1p40K[0.000201000],1,down,5000,0.9997999599919984,0.9865161187219917
D4.2__Fig 2__SQUID_data__IVB_BS30_A1S1_I_coil_+-0.3mA_fine_284mK_191103__IVB__T_1p40K[0.000201000],2,up,2479,1.0,
D4.2__Fig 2__SQUID_data__IVB_BS30_A1S1_I_coil_+-0.3mA_fine_284mK_191103__IVB__T_1p40K[0.000201750],0,up,2521,0.9992063492063492,
D4.2__Fig 2__SQUID_data__IVB_BS30_A1S1_I_coil_+-0.3mA_fine_284mK_191103__IVB__T_1p40K[0.000201750],1,down,5000,0.9995999199839968,0.9865581529796165
D4.2__Fig 2__SQUID_data__IVB_BS30_A1S1_I_coil_+-0.3mA_fine_284mK_191103__IVB__T_1p40K[0.000201750],2,up,2479,1.0,
D4.2__Fig 2__SQUID_data__IVB_BS30_A1S1_I_coil_+-0.3mA_fine_284mK_191103__IVB__T_1p40K[0.000202500],0,up,2521,0.9996031746031746,
D4.2__Fig 2__SQUID_data__IVB_BS30_A1S1_I_coil_+-0.3mA_fine_284mK_191103__IVB__T_1p40K[0.000202500],1,down,5000,0.9997999599919984,0.9865557241848619
D4.2__Fig 2__SQUID_data__IVB_BS30_A1S1_I_coil_+-0.3mA_fine_284mK_191103__IVB__T_1p40K[0.000202500],2,up,2479,1.0,
D4.2__Fig 2__SQUID_data__IVB_BS30_A1S1_I_coil_+-0.3mA_fine_284mK_191103__IVB__T_1p40K[0.000203250],0,up,2520,0.999603017070266,
D4.2__Fig 2__SQUID_data__IVB_BS30_A1S1_I_coil_+-0.3mA_fine_284mK_191103__IVB__T_1p40K[0.000203250],1,down,5002,0.9994001199760048,0.986609786591995
D4.2__Fig 2__SQUID_data__IVB_BS30_A1S1_I_coil_+-0.3mA_fine_284mK_191103__IVB__T_1p40K[0.000203250],2,up,2478,1.0,
D4.2__Fig 2__SQUID_data__IVB_BS30_A1S1_I_coil_+-0.3mA_fine_284mK_191103__IVB__T_1p40K[0.000204000],0,up,2521,0.9988095238095238,
D4.2__Fig 2__SQUID_data__IVB_BS30_A1S1_I_coil_+-0.3mA_fine_284mK_191103__IVB__T_1p40K[0.000204000],1,down,5000,0.9995999199839968,0.9864888944951504
D4.2__Fig 2__SQUID_data__IVB_BS30_A1S1_I_coil_+-0.3mA_fine_284mK_191103__IVB__T_1p40K[0.000204000],2,up,2479,1.0,
D4.2__Fig 2__SQUID_data__IVB_BS30_A1S1_I_coil_+-0.3mA_fine_284mK_191103__IVB__T_1p40K[0.000204750],0,up,2521,0.9992063492063492,
D4.2__Fig 2__SQUID_data__IVB_BS30_A1S1_I_coil_+-0.3mA_fine_284mK_191103__IVB__T_1p40K[0.000204750],1,down,5000,0.9995999199839968,0.9864689519792706
D4.2__Fig 2__SQUID_data__IVB_BS30_A1S1_I_coil_+-0.3mA_fine_284mK_191103__IVB__T_1p40K[0.000204750],2,up,2479,1.0,
D4.2__Fig 2__SQUID_data__IVB_BS30_A1S1_I_coil_+-0.3mA_fine_284mK_191103__IVB__T_1p40K[0.000205500],0,up,2521,0.9988095238095238,
D4.2__Fig 2__SQUID_data__IVB_BS30_A1S1_I_coil_+-0.3mA_fine_284mK_191103__IVB__T_1p40K[0.000205500],1,down,5000,0.9995999199839968,0.986446571459279
D4.2__Fig 2__SQUID_data__IVB_BS30_A1S1_I_coil_+-0.3mA_fine_284mK_191103__IVB__T_1p40K[0.000205500],2,up,2479,1.0,
D4.2__Fig 2__SQUID_data__IVB_BS30_A1S1_I_coil_+-0.3mA_fine_284mK_191103__IVB__T_1p40K[0.000206250],0,up,2521,0.9992063492063492,
D4.2__Fig 2__SQUID_data__IVB_BS30_A1S1_I_coil_+-0.3mA_fine_284mK_191103__IVB__T_1p40K[0.000206250],1,down,5000,0.9995999199839968,0.9865510133054335
D4.2__Fig 2__SQUID_data__IVB_BS30_A1S1_I_coil_+-0.3mA_fine_284mK_191103__IVB__T_1p40K[0.000206250],2,up,2479,1.0,
D4.2__Fig 2__SQUID_data__IVB_BS30_A1S1_I_coil_+-0.3mA_fine_284mK_191103__IVB__T_1p40K[0.000207000],0,up,2520,0.999206034140532,
D4.2__Fig 2__SQUID_data__IVB_BS30_A1S1_I_coil_+-0.3mA_fine_284mK_191103__IVB__T_1p40K[0.000207000],1,down,5001,0.9996,0.9865805304444133
D4.2__Fig 2__SQUID_data__IVB_BS30_A1S1_I_coil_+-0.3mA_fine_284mK_191103__IVB__T_1p40K[0.000207000],2,up,2479,1.0,
D4.2__Fig 2__SQUID_data__IVB_BS30_A1S1_I_coil_+-0.3mA_fine_284mK_191103__IVB__T_1p40K[0.000207750],0,up,2521,0.9988095238095238,
D4.2__Fig 2__SQUID_data__IVB_BS30_A1S1_I_coil_+-0.3mA_fine_284mK_191103__IVB__T_1p40K[0.000207750],1,down,5000,0.9995999199839968,0.9865059287197059
D4.2__Fig 2__SQUID_data__IVB_BS30_A1S1_I_coil_+-0.3mA_fine_284mK_191103__IVB__T_1p40K[0.000207750],2,up,2479,1.0,
D4.2__Fig 2__SQUID_data__IVB_BS30_A1S1_I_coil_+-0.3mA_fine_284mK_191103__IVB__T_1p40K[0.000208500],0,up,2520,0.999206034140532,
D4.2__Fig 2__SQUID_data__IVB_BS30_A1S1_I_coil_+-0.3mA_fine_284mK_191103__IVB__T_1p40K[0.000208500],1,down,5001,0.9998,0.9865759730571455
D4.2__Fig 2__SQUID_data__IVB_BS30_A1S1_I_coil_+-0.3mA_fine_284mK_191103__IVB__T_1p40K[0.000208500],2,up,2479,1.0,
D4.2__Fig 2__SQUID_data__IVB_BS30_A1S1_I_coil_+-0.3mA_fine_284mK_191103__IVB__T_1p40K[0.000209250],0,up,2521,0.9988095238095238,
D4.2__Fig 2__SQUID_data__IVB_BS30_A1S1_I_coil_+-0.3mA_fine_284mK_191103__IVB__T_1p40K[0.000209250],1,down,5000,0.9995999199839968,0.9865909587233317
D4.2__Fig 2__SQUID_data__IVB_BS30_A1S1_I_coil_+-0.3mA_fine_284mK_191103__IVB__T_1p40K[0.000209250],2,up,2479,1.0,
D4.2__Fig 2__SQUID_data__IVB_BS30_A1S1_I_coil_+-0.3mA_fine_284mK_191103__IVB__T_1p40K[0.000210000],0,up,2521,0.9988095238095238,
D4.2__Fig 2__SQUID_data__IVB_BS30_A1S1_I_coil_+-0.3mA_fine_284mK_191103__IVB__T_1p40K[0.000210000],1,down,4999,0.9995998399359743,0.9865533106077933
D4.2__Fig 2__SQUID_data__IVB_BS30_A1S1_I_coil_+-0.3mA_fine_284mK_191103__IVB__T_1p40K[0.000210000],2,up,2480,1.0,
D4.2__Fig 2__SQUID_data__IVB_BS30_A1S1_I_coil_+-0.3mA_fine_284mK_191103__IVB__T_1p40K[0.000210750],0,up,2521,0.9992063492063492,
D4.2__Fig 2__SQUID_data__IVB_BS30_A1S1_I_coil_+-0.3mA_fine_284mK_191103__IVB__T_1p40K[0.000210750],1,down,5001,0.9996,0.9864615296157313
D4.2__Fig 2__SQUID_data__IVB_BS30_A1S1_I_coil_+-0.3mA_fine_284mK_191103__IVB__T_1p40K[0.000210750],2,up,2478,1.0,
D4.2__Fig 2__SQUID_data__IVB_BS30_A1S1_I_coil_+-0.3mA_fine_284mK_191103__IVB__T_1p40K[0.000211500],0,up,2520,0.999206034140532,
D4.2__Fig 2__SQUID_data__IVB_BS30_A1S1_I_coil_+-0.3mA_fine_284mK_191103__IVB__T_1p40K[0.000211500],1,down,5001,0.9996,0.9865776799708544
D4.2__Fig 2__SQUID_data__IVB_BS30_A1S1_I_coil_+-0.3mA_fine_284mK_191103__IVB__T_1p40K[0.000211500],2,up,2479,1.0,
D4.2__Fig 2__SQUID_data__IVB_BS30_A1S1_I_coil_+-0.3mA_fine_284mK_191103__IVB__T_1p40K[0.000212250],0,up,2521,0.9992063492063492,
D4.2__Fig 2__SQUID_data__IVB_BS30_A1S1_I_coil_+-0.3mA_fine_284mK_191103__IVB__T_1p40K[0.000212250],1,down,5000,0.9997999599919984,0.9864464894124702
D4.2__Fig 2__SQUID_data__IVB_BS30_A1S1_I_coil_+-0.3mA_fine_284mK_191103__IVB__T_1p40K[0.000212250],2,up,2479,1.0,
D4.2__Fig 2__SQUID_data__IVB_BS30_A1S1_I_coil_+-0.3mA_fine_284mK_191103__IVB__T_1p40K[0.000213000],0,up,2521,0.9992063492063492,
D4.2__Fig 2__SQUID_data__IVB_BS30_A1S1_I_coil_+-0.3mA_fine_284mK_191103__IVB__T_1p40K[0.000213000],1,down,5000,0.9995999199839968,0.9864553631821038
D4.2__Fig 2__SQUID_data__IVB_BS30_A1S1_I_coil_+-0.3mA_fine_284mK_191103__IVB__T_1p40K[0.000213000],2,up,2479,0.9995964487489911,
D4.2__Fig 2__SQUID_data__IVB_BS30_A1S1_I_coil_+-0.3mA_fine_284mK_191103__IVB__T_1p40K[0.000213750],0,up,2520,0.999206034140532,
D4.2__Fig 2__SQUID_data__IVB_BS30_A1S1_I_coil_+-0.3mA_fine_284mK_191103__IVB__T_1p40K[0.000213750],1,down,5001,0.9996,0.9866159877604112
D4.2__Fig 2__SQUID_data__IVB_BS30_A1S1_I_coil_+-0.3mA_fine_284mK_191103__IVB__T_1p40K[0.000213750],2,up,2479,1.0,
D4.2__Fig 2__SQUID_data__IVB_BS30_A1S1_I_coil_+-0.3mA_fine_284mK_191103__IVB__T_1p40K[0.000214500],0,up,2521,0.9992063492063492,
D4.2__Fig 2__SQUID_data__IVB_BS30_A1S1_I_coil_+-0.3mA_fine_284mK_191103__IVB__T_1p40K[0.000214500],1,down,5000,0.9995999199839968,0.9864623088916177
D4.2__Fig 2__SQUID_data__IVB_BS30_A1S1_I_coil_+-0.3mA_fine_284mK_191103__IVB__T_1p40K[0.000214500],2,up,2479,1.0,
D4.2__Fig 2__SQUID_data__IVB_BS30_A1S1_I_coil_+-0.3mA_fine_284mK_191103__IVB__T_1p40K[0.000215250],0,up,2521,0.9992063492063492,
D4.2__Fig 2__SQUID_data__IVB_BS30_A1S1_I_coil_+-0.3mA_fine_284mK_191103__IVB__T_1p40K[0.000215250],1,down,5000,0.9995999199839968,0.9865710290124715
D4.2__Fig 2__SQUID_data__IVB_BS30_A1S1_I_coil_+-0.3mA_fine_284mK_191103__IVB__T_1p40K[0.000215250],2,up,2479,1.0,
D4.2__Fig 2__SQUID_data__IVB_BS30_A1S1_I_coil_+-0.3mA_fine_284mK_191103__IVB__T_1p40K[0.000216000],0,up,2521,0.9992063492063492,
D4.2__Fig 2__SQUID_data__IVB_BS30_A1S1_I_coil_+-0.3mA_fine_284mK_191103__IVB__T_1p40K[0.000216000],1,down,5000,0.9997999599919984,0.9866095144643624
D4.2__Fig 2__SQUID_data__IVB_BS30_A1S1_I_coil_+-0.3mA_fine_284mK_191103__IVB__T_1p40K[0.000216000],2,up,2479,1.0,
D4.2__Fig 2__SQUID_data__IVB_BS30_A1S1_I_coil_+-0.3mA_fine_284mK_191103__IVB__T_1p40K[0.000216750],0,up,2521,0.9996031746031746,
D4.2__Fig 2__SQUID_data__IVB_BS30_A1S1_I_coil_+-0.3mA_fine_284mK_191103__IVB__T_1p40K[0.000216750],1,down,5000,0.9995999199839968,0.986597478209351
D4.2__Fig 2__SQUID_data__IVB_BS30_A1S1_I_coil_+-0.3mA_fine_284mK_191103__IVB__T_1p40K[0.000216750],2,up,2479,1.0,
D4.2__Fig 2__SQUID_data__IVB_BS30_A1S1_I_coil_+-0.3mA_fine_284mK_191103__IVB__T_1p40K[0.000217500],0,up,2521,0.9992063492063492,
D4.2__Fig 2__SQUID_data__IVB_BS30_A1S1_I_coil_+-0.3mA_fine_284mK_191103__IVB__T_1p40K[0.000217500],1,down,4999,0.9995998399359743,0.9865184758453884
D4.2__Fig 2__SQUID_data__IVB_BS30_A1S1_I_coil_+-0.3mA_fine_284mK_191103__IVB__T_1p40K[0.000217500],2,up,2480,1.0,
D4.2__Fig 2__SQUID_data__IVB_BS30_A1S1_I_coil_+-0.3mA_fine_284mK_191103__IVB__T_1p40K[0.000218250],0,up,2521,0.9992063492063492,
D4.2__Fig 2__SQUID_data__IVB_BS30_A1S1_I_coil_+-0.3mA_fine_284mK_191103__IVB__T_1p40K[0.000218250],1,down,5000,0.9995999199839968,0.9864912901922989
D4.2__Fig 2__SQUID_data__IVB_BS30_A1S1_I_coil_+-0.3mA_fine_284mK_191103__IVB__T_1p40K[0.000218250],2,up,2479,1.0,
D4.2__Fig 2__SQUID_data__IVB_BS30_A1S1_I_coil_+-0.3mA_fine_284mK_191103__IVB__T_1p40K[0.000219000],0,up,2520,0.999603017070266,
D4.2__Fig 2__SQUID_data__IVB_BS30_A1S1_I_coil_+-0.3mA_fine_284mK_191103__IVB__T_1p40K[0.000219000],1,down,5001,0.9996,0.9866227894390058
D4.2__Fig 2__SQUID_data__IVB_BS30_A1S1_I_coil_+-0.3mA_fine_284mK_191103__IVB__T_1p40K[0.000219000],2,up,2479,1.0,
D4.2__Fig 2__SQUID_data__IVB_BS30_A1S1_I_coil_+-0.3mA_fine_284mK_191103__IVB__T_1p40K[0.000219750],0,up,2521,0.9992063492063492,
D4.2__Fig 2__SQUID_data__IVB_BS30_A1S1_I_coil_+-0.3mA_fine_284mK_191103__IVB__T_1p40K[0.000219750],1,down,5000,0.9995999199839968,0.9864907027275447
D4.2__Fig 2__SQUID_data__IVB_BS30_A1S1_I_coil_+-0.3mA_fine_284mK_191103__IVB__T_1p40K[0.000219750],2,up,2479,1.0,
D4.2__Fig 2__SQUID_data__IVB_BS30_A1S1_I_coil_+-0.3mA_fine_284mK_191103__IVB__T_1p40K[0.000220500],0,up,2521,0.9996031746031746,
D4.2__Fig 2__SQUID_data__IVB_BS30_A1S1_I_coil_+-0.3mA_fine_284mK_191103__IVB__T_1p40K[0.000220500],1,down,5000,0.9995999199839968,0.9866576291318884
D4.2__Fig 2__SQUID_data__IVB_BS30_A1S1_I_coil_+-0.3mA_fine_284mK_191103__IVB__T_1p40K[0.000220500],2,up,2479,1.0,
D4.2__Fig 2__SQUID_data__IVB_BS30_A1S1_I_coil_+-0.3mA_fine_284mK_191103__IVB__T_1p40K[0.000221250],0,up,2520,0.999603017070266,
D4.2__Fig 2__SQUID_data__IVB_BS30_A1S1_I_coil_+-0.3mA_fine_284mK_191103__IVB__T_1p40K[0.000221250],1,down,5001,0.9996,0.9865827571884082
D4.2__Fig 2__SQUID_data__IVB_BS30_A1S1_I_coil_+-0.3mA_fine_284mK_191103__IVB__T_1p40K[0.000221250],2,up,2479,1.0,
D4.2__Fig 2__SQUID_data__IVB_BS30_A1S1_I_coil_+-0.3mA_fine_284mK_191103__IVB__T_1p40K[0.000222000],0,up,2520,0.999603017070266,
D4.2__Fig 2__SQUID_data__IVB_BS30_A1S1_I_coil_+-0.3mA_fine_284mK_191103__IVB__T_1p40K[0.000222000],1,down,5001,0.9998,0.9866135393177075
D4.2__Fig 2__SQUID_data__IVB_BS30_A1S1_I_coil_+-0.3mA_fine_284mK_191103__IVB__T_1p40K[0.000222000],2,up,2479,1.0,
D4.2__Fig 2__SQUID_data__IVB_BS30_A1S1_I_coil_+-0.3mA_fine_284mK_191103__IVB__T_1p40K[0.000222750],0,up,2521,0.9992063492063492,
D4.2__Fig 2__SQUID_data__IVB_BS30_A1S1_I_coil_+-0.3mA_fine_284mK_191103__IVB__T_1p40K[0.000222750],1,down,5000,0.9997999599919984,0.9864885483025043
D4.2__Fig 2__SQUID_data__IVB_BS30_A1S1_I_coil_+-0.3mA_fine_284mK_191103__IVB__T_1p40K[0.000222750],2,up,2479,1.0,
D4.2__Fig 2__SQUID_data__IVB_BS30_A1S1_I_coil_+-0.3mA_fine_284mK_191103__IVB__T_1p40K[0.000223500],0,up,2521,0.9988095238095238,
D4.2__Fig 2__SQUID_data__IVB_BS30_A1S1_I_coil_+-0.3mA_fine_284mK_191103__IVB__T_1p40K[0.000223500],1,down,5000,0.9995999199839968,0.9865396748753658
D4.2__Fig 2__SQUID_data__IVB_BS30_A1S1_I_coil_+-0.3mA_fine_284mK_191103__IVB__T_1p40K[0.000223500],2,up,2479,1.0,
D4.2__Fig 2__SQUID_data__IVB_BS30_A1S1_I_coil_+-0.3mA_fine_284mK_191103__IVB__T_1p40K[0.000224250],0,up,2521,0.9992063492063492,
D4.2__Fig 2__SQUID_data__IVB_BS30_A1S1_I_coil_+-0.3mA_fine_284mK_191103__IVB__T_1p40K[0.000224250],1,down,5000,0.9995999199839968,0.9864214724084288
D4.2__Fig 2__SQUID_data__IVB_BS30_A1S1_I_coil_+-0.3mA_fine_284mK_191103__IVB__T_1p40K[0.000224250],2,up,2479,1.0,
D4.2__Fig 2__SQUID_data__IVB_BS30_A1S1_I_coil_+-0.3mA_fine_284mK_191103__IVB__T_1p40K[0.000225000],0,up,2521,0.9992063492063492,
D4.2__Fig 2__SQUID_data__IVB_BS30_A1S1_I_coil_+-0.3mA_fine_284mK_191103__IVB__T_1p40K[0.000225000],1,down,5000,0.9995999199839968,0.9865219778354967
D4.2__Fig 2__SQUID_data__IVB_BS30_A1S1_I_coil_+-0.3mA_fine_284mK_191103__IVB__T_1p40K[0.000225000],2,up,2479,1.0,
D4.2__Fig 2__SQUID_data__IVB_BS30_A1S1_I_coil_+-0.3mA_fine_284mK_191103__IVB__T_1p40K[0.000225750],0,up,2521,0.9992063492063492,
D4.2__Fig 2__SQUID_data__IVB_BS30_A1S1_I_coil_+-0.3mA_fine_284mK_191103__IVB__T_1p40K[0.000225750],1,down,5000,0.9995999199839968,0.9865714255330902
D4.2__Fig 2__SQUID_data__IVB_BS30_A1S1_I_coil_+-0.3mA_fine_284mK_191103__IVB__T_1p40K[0.000225750],2,up,2479,1.0,
D4.2__Fig 2__SQUID_data__IVB_BS30_A1S1_I_coil_+-0.3mA_fine_284mK_191103__IVB__T_1p40K[0.000226500],0,up,2521,0.9988095238095238,
D4.2__Fig 2__SQUID_data__IVB_BS30_A1S1_I_coil_+-0.3mA_fine_284mK_191103__IVB__T_1p40K[0.000226500],1,down,5000,0.9997999599919984,0.9865576734061586
D4.2__Fig 2__SQUID_data__IVB_BS30_A1S1_I_coil_+-0.3mA_fine_284mK_191103__IVB__T_1p40K[0.000226500],2,up,2479,1.0,
D4.2__Fig 2__SQUID_data__IVB_BS30_A1S1_I_coil_+-0.3mA_fine_284mK_191103__IVB__T_1p40K[0.000227250],0,up,2520,0.999603017070266,
D4.2__Fig 2__SQUID_data__IVB_BS30_A1S1_I_coil_+-0.3mA_fine_284mK_191103__IVB__T_1p40K[0.000227250],1,down,5001,0.9994,0.9866333136822287
D4.2__Fig 2__SQUID_data__IVB_BS30_A1S1_I_coil_+-0.3mA_fine_284mK_191103__IVB__T_1p40K[0.000227250],2,up,2479,1.0,
D4.2__Fig 2__SQUID_data__IVB_BS30_A1S1_I_coil_+-0.3mA_fine_284mK_191103__IVB__T_1p40K[0.000228000],0,up,2521,0.9992063492063492,
D4.2__Fig 2__SQUID_data__IVB_BS30_A1S1_I_coil_+-0.3mA_fine_284mK_191103__IVB__T_1p40K[0.000228000],1,down,5000,0.9995999199839968,0.9865021190025033
D4.2__Fig 2__SQUID_data__IVB_BS30_A1S1_I_coil_+-0.3mA_fine_284mK_191103__IVB__T_1p40K[0.000228000],2,up,2479,1.0,
D4.2__Fig 2__SQUID_data__IVB_BS30_A1S1_I_coil_+-0.3mA_fine_284mK_191103__IVB__T_1p40K[0.000228750],0,up,2521,0.9992063492063492,
D4.2__Fig 2__SQUID_data__IVB_BS30_A1S1_I_coil_+-0.3mA_fine_284mK_191103__IVB__T_1p40K[0.000228750],1,down,5000,0.9995999199839968,0.9864259625127908
D4.2__Fig 2__SQUID_data__IVB_BS30_A1S1_I_coil_+-0.3mA_fine_284mK_191103__IVB__T_1p40K[0.000228750],2,up,2479,1.0,
D4.2__Fig 2__SQUID_data__IVB_BS30_A1S1_I_coil_+-0.3mA_fine_284mK_191103__IVB__T_1p40K[0.000229500],0,up,2521,0.9996031746031746,
D4.2__Fig 2__SQUID_data__IVB_BS30_A1S1_I_coil_+-0.3mA_fine_284mK_191103__IVB__T_1p40K[0.000229500],1,down,5000,0.9995999199839968,0.9865099513623053
D4.2__Fig 2__SQUID_data__IVB_BS30_A1S1_I_coil_+-0.3mA_fine_284mK_191103__IVB__T_1p40K[0.000229500],2,up,2479,1.0,
D4.2__Fig 2__SQUID_data__IVB_BS30_A1S1_I_coil_+-0.3mA_fine_284mK_191103__IVB__T_1p40K[0.000230250],0,up,2521,0.9996031746031746,
D4.2__Fig 2__SQUID_data__IVB_BS30_A1S1_I_coil_+-0.3mA_fine_284mK_191103__IVB__T_1p40K[0.000230250],1,down,5000,0.9993998799759952,0.9865538439599565
D4.2__Fig 2__SQUID_data__IVB_BS30_A1S1_I_coil_+-0.3mA_fine_284mK_191103__IVB__T_1p40K[0.000230250],2,up,2479,1.0,
D4.2__Fig 2__SQUID_data__IVB_BS30_A1S1_I_coil_+-0.3mA_fine_284mK_191103__IVB__T_1p40K[0.000231000],0,up,2521,0.9988095238095238,
D4.2__Fig 2__SQUID_data__IVB_BS30_A1S1_I_coil_+-0.3mA_fine_284mK_191103__IVB__T_1p40K[0.000231000],1,down,5000,0.9997999599919984,0.9864683107999217
D4.2__Fig 2__SQUID_data__IVB_BS30_A1S1_I_coil_+-0.3mA_fine_284mK_191103__IVB__T_1p40K[0.000231000],2,up,2479,1.0,
D4.2__Fig 2__SQUID_data__IVB_BS30_A1S1_I_coil_+-0.3mA_fine_284mK_191103__IVB__T_1p40K[0.000231750],0,up,2521,0.9988095238095238,
D4.2__Fig 2__SQUID_data__IVB_BS30_A1S1_I_coil_+-0.3mA_fine_284mK_191103__IVB__T_1p40K[0.000231750],1,down,5000,1.0,0.986543751187505
D4.2__Fig 2__SQUID_data__IVB_BS30_A1S1_I_coil_+-0.3mA_fine_284mK_191103__IVB__T_1p40K[0.000231750],2,up,2479,1.0,
D4.2__Fig 2__SQUID_data__IVB_BS30_A1S1_I_coil_+-0.3mA_fine_284mK_191103__IVB__T_1p40K[0.000232500],0,up,2521,0.9996031746031746,
D4.2__Fig 2__SQUID_data__IVB_BS30_A1S1_I_coil_+-0.3mA_fine_284mK_191103__IVB__T_1p40K[0.000232500],1,down,5000,0.9995999199839968,0.9864618789501307
D4.2__Fig 2__SQUID_data__IVB_BS30_A1S1_I_coil_+-0.3mA_fine_284mK_191103__IVB__T_1p40K[0.000232500],2,up,2479,1.0,
D4.2__Fig 2__SQUID_data__IVB_BS30_A1S1_I_coil_+-0.3mA_fine_284mK_191103__IVB__T_1p40K[0.000233250],0,up,2521,0.9988095238095238,
D4.2__Fig 2__SQUID_data__IVB_BS30_A1S1_I_coil_+-0.3mA_fine_284mK_191103__IVB__T_1p40K[0.000233250],1,down,5000,0.9995999199839968,0.9865169493116096
D4.2__Fig 2__SQUID_data__IVB_BS30_A1S1_I_coil_+-0.3mA_fine_284mK_191103__IVB__T_1p40K[0.000233250],2,up,2479,1.0,
D4.2__Fig 2__SQUID_data__IVB_BS30_A1S1_I_coil_+-0.3mA_fine_284mK_191103__IVB__T_1p40K[0.000234000],0,up,2521,0.9996031746031746,
D4.2__Fig 2__SQUID_data__IVB_BS30_A1S1_I_coil_+-0.3mA_fine_284mK_191103__IVB__T_1p40K[0.000234000],1,down,5000,0.9997999599919984,0.9865465144256464
D4.2__Fig 2__SQUID_data__IVB_BS30_A1S1_I_coil_+-0.3mA_fine_284mK_191103__IVB__T_1p40K[0.000234000],2,up,2479,1.0,
D4.2__Fig 2__SQUID_data__IVB_BS30_A1S1_I_coil_+-0.3mA_fine_284mK_191103__IVB__T_1p40K[0.000234750],0,up,2520,0.999603017070266,
D4.2__Fig 2__SQUID_data__IVB_BS30_A1S1_I_coil_+-0.3mA_fine_284mK_191103__IVB__T_1p40K[0.000234750],1,down,5001,0.9994,0.9866716746326708
D4.2__Fig 2__SQUID_data__IVB_BS30_A1S1_I_coil_+-0.3mA_fine_284mK_191103__IVB__T_1p40K[0.000234750],2,up,2479,1.0,
D4.2__Fig 2__SQUID_data__IVB_BS30_A1S1_I_coil_+-0.3mA_fine_284mK_191103__IVB__T_1p40K[0.000235500],0,up,2521,0.9992063492063492,
D4.2__Fig 2__SQUID_data__IVB_BS30_A1S1_I_coil_+-0.3mA_fine_284mK_191103__IVB__T_1p40K[0.000235500],1,down,5000,0.9995999199839968,0.9865304261016297
D4.2__Fig 2__SQUID_data__IVB_BS30_A1S1_I_coil_+-0.3mA_fine_284mK_191103__IVB__T_1p40K[0.000235500],2,up,2479,1.0,
D4.2__Fig 2__SQUID_data__IVB_BS30_A1S1_I_coil_+-0.3mA_fine_284mK_191103__IVB__T_1p40K[0.000236250],0,up,2521,0.9996031746031746,
D4.2__Fig 2__SQUID_data__IVB_BS30_A1S1_I_coil_+-0.3mA_fine_284mK_191103__IVB__T_1p40K[0.000236250],1,down,5000,0.9995999199839968,0.9865127671736794
D4.2__Fig 2__SQUID_data__IVB_BS30_A1S1_I_coil_+-0.3mA_fine_284mK_191103__IVB__T_1p40K[0.000236250],2,up,2479,1.0,
D4.2__Fig 2__SQUID_data__IVB_BS30_A1S1_I_coil_+-0.3mA_fine_284mK_191103__IVB__T_1p40K[0.000237000],0,up,2521,0.9992063492063492,
D4.2__Fig 2__SQUID_data__IVB_BS30_A1S1_I_coil_+-0.3mA_fine_284mK_191103__IVB__T_1p40K[0.000237000],1,down,5000,0.9995999199839968,0.986484315718693
D4.2__Fig 2__SQUID_data__IVB_BS30_A1S1_I_coil_+-0.3mA_fine_284mK_191103__IVB__T_1p40K[0.000237000],2,up,2479,1.0,
D4.2__Fig 2__SQUID_data__IVB_BS30_A1S1_I_coil_+-0.3mA_fine_284mK_191103__IVB__T_1p40K[0.000237750],0,up,2521,0.9996031746031746,
D4.2__Fig 2__SQUID_data__IVB_BS30_A1S1_I_coil_+-0.3mA_fine_284mK_191103__IVB__T_1p40K[0.000237750],1,down,5000,0.9995999199839968,0.9865530459104641
D4.2__Fig 2__SQUID_data__IVB_BS30_A1S1_I_coil_+-0.3mA_fine_284mK_191103__IVB__T_1p40K[0.000237750],2,up,2479,1.0,
D4.2__Fig 2__SQUID_data__IVB_BS30_A1S1_I_coil_+-0.3mA_fine_284mK_191103__IVB__T_1p40K[0.000238500],0,up,2521,0.9992063492063492,
D4.2__Fig 2__SQUID_data__IVB_BS30_A1S1_I_coil_+-0.3mA_fine_284mK_191103__IVB__T_1p40K[0.000238500],1,down,5000,0.9993998799759952,0.98665764771226
D4.2__Fig 2__SQUID_data__IVB_BS30_A1S1_I_coil_+-0.3mA_fine_284mK_191103__IVB__T_1p40K[0.000238500],2,up,2479,1.0,
D4.2__Fig 2__SQUID_data__IVB_BS30_A1S1_I_coil_+-0.3mA_fine_284mK_191103__IVB__T_1p40K[0.000239250],0,up,2522,0.9992066640222134,
D4.2__Fig 2__SQUID_data__IVB_BS30_A1S1_I_coil_+-0.3mA_fine_284mK_191103__IVB__T_1p40K[0.000239250],1,down,4999,0.9993997599039616,0.986504087982307
D4.2__Fig 2__SQUID_data__IVB_BS30_A1S1_I_coil_+-0.3mA_fine_284mK_191103__IVB__T_1p40K[0.000239250],2,up,2479,1.0,
D4.2__Fig 2__SQUID_data__IVB_BS30_A1S1_I_coil_+-0.3mA_fine_284mK_191103__IVB__T_1p40K[0.000240000],0,up,2521,0.9992063492063492,
D4.2__Fig 2__SQUID_data__IVB_BS30_A1S1_I_coil_+-0.3mA_fine_284mK_191103__IVB__T_1p40K[0.000240000],1,down,5000,0.9995999199839968,0.9864978501374324
D4.2__Fig 2__SQUID_data__IVB_BS30_A1S1_I_coil_+-0.3mA_fine_284mK_191103__IVB__T_1p40K[0.000240000],2,up,2479,1.0,
D4.2__Fig 2__SQUID_data__IVB_BS30_A1S1_I_coil_+-0.3mA_fine_284mK_191103__IVB__T_1p40K[0.000240750],0,up,2521,0.9988095238095238,
D4.2__Fig 2__SQUID_data__IVB_BS30_A1S1_I_coil_+-0.3mA_fine_284mK_191103__IVB__T_1p40K[0.000240750],1,down,5000,0.9995999199839968,0.9864908467472244
D4.2__Fig 2__SQUID_data__IVB_BS30_A1S1_I_coil_+-0.3mA_fine_284mK_191103__IVB__T_1p40K[0.000240750],2,up,2479,1.0,
D4.2__Fig 2__SQUID_data__IVB_BS30_A1S1_I_coil_+-0.3mA_fine_284mK_191103__IVB__T_1p40K[0.000241500],0,up,2521,0.9992063492063492,
D4.2__Fig 2__SQUID_data__IVB_BS30_A1S1_I_coil_+-0.3mA_fine_284mK_191103__IVB__T_1p40K[0.000241500],1,down,5000,0.9993998799759952,0.9865866628467862
D4.2__Fig 2__SQUID_data__IVB_BS30_A1S1_I_coil_+-0.3mA_fine_284mK_191103__IVB__T_1p40K[0.000241500],2,up,2479,1.0,
D4.2__Fig 2__SQUID_data__IVB_BS30_A1S1_I_coil_+-0.3mA_fine_284mK_191103__IVB__T_1p40K[0.000242250],0,up,2521,0.9992063492063492,
D4.2__Fig 2__SQUID_data__IVB_BS30_A1S1_I_coil_+-0.3mA_fine_284mK_191103__IVB__T_1p40K[0.000242250],1,down,5000,0.9995999199839968,0.9864600070656814
D4.2__Fig 2__SQUID_data__IVB_BS30_A1S1_I_coil_+-0.3mA_fine_284mK_191103__IVB__T_1p40K[0.000242250],2,up,2479,1.0,
D4.2__Fig 2__SQUID_data__IVB_BS30_A1S1_I_coil_+-0.3mA_fine_284mK_191103__IVB__T_1p40K[0.000243000],0,up,2521,0.9992063492063492,
D4.2__Fig 2__SQUID_data__IVB_BS30_A1S1_I_coil_+-0.3mA_fine_284mK_191103__IVB__T_1p40K[0.000243000],1,down,5000,0.9995999199839968,0.9865842427241079
D4.2__Fig 2__SQUID_data__IVB_BS30_A1S1_I_coil_+-0.3mA_fine_284mK_191103__IVB__T_1p40K[0.000243000],2,up,2479,1.0,
D4.2__Fig 2__SQUID_data__IVB_BS30_A1S1_I_coil_+-0.3mA_fine_284mK_191103__IVB__T_1p40K[0.000243750],0,up,2521,0.9992063492063492,
D4.2__Fig 2__SQUID_data__IVB_BS30_A1S1_I_coil_+-0.3mA_fine_284mK_191103__IVB__T_1p40K[0.000243750],1,down,5000,0.9997999599919984,0.986503815280516
D4.2__Fig 2__SQUID_data__IVB_BS30_A1S1_I_coil_+-0.3mA_fine_284mK_191103__IVB__T_1p40K[0.000243750],2,up,2479,1.0,
D4.2__Fig 2__SQUID_data__IVB_BS30_A1S1_I_coil_+-0.3mA_fine_284mK_191103__IVB__T_1p40K[0.000244500],0,up,2521,0.9992063492063492,
D4.2__Fig 2__SQUID_data__IVB_BS30_A1S1_I_coil_+-0.3mA_fine_284mK_191103__IVB__T_1p40K[0.000244500],1,down,5000,0.9995999199839968,0.9865463427172855
D4.2__Fig 2__SQUID_data__IVB_BS30_A1S1_I_coil_+-0.3mA_fine_284mK_191103__IVB__T_1p40K[0.000244500],2,up,2479,1.0,
D4.2__Fig 2__SQUID_data__IVB_BS30_A1S1_I_coil_+-0.3mA_fine_284mK_191103__IVB__T_1p40K[0.000245250],0,up,2521,0.9992063492063492,
D4.2__Fig 2__SQUID_data__IVB_BS30_A1S1_I_coil_+-0.3mA_fine_284mK_191103__IVB__T_1p40K[0.000245250],1,down,5000,0.9995999199839968,0.9865530975299937
D4.2__Fig 2__SQUID_data__IVB_BS30_A1S1_I_coil_+-0.3mA_fine_284mK_191103__IVB__T_1p40K[0.000245250],2,up,2479,1.0,
D4.2__Fig 2__SQUID_data__IVB_BS30_A1S1_I_coil_+-0.3mA_fine_284mK_191103__IVB__T_1p40K[0.000246000],0,up,2521,0.9992063492063492,
D4.2__Fig 2__SQUID_data__IVB_BS30_A1S1_I_coil_+-0.3mA_fine_284mK_191103__IVB__T_1p40K[0.000246000],1,down,5000,0.9995999199839968,0.9865468831172869
D4.2__Fig 2__SQUID_data__IVB_BS30_A1S1_I_coil_+-0.3mA_fine_284mK_191103__IVB__T_1p40K[0.000246000],2,up,2479,1.0,
D4.2__Fig 2__SQUID_data__IVB_BS30_A1S1_I_coil_+-0.3mA_fine_284mK_191103__IVB__T_1p40K[0.000246750],0,up,2520,0.999603017070266,
D4.2__Fig 2__SQUID_data__IVB_BS30_A1S1_I_coil_+-0.3mA_fine_284mK_191103__IVB__T_1p40K[0.000246750],1,down,5001,0.9994,0.986611458903078
D4.2__Fig 2__SQUID_data__IVB_BS30_A1S1_I_coil_+-0.3mA_fine_284mK_191103__IVB__T_1p40K[0.000246750],2,up,2479,1.0,
D4.2__Fig 2__SQUID_data__IVB_BS30_A1S1_I_coil_+-0.3mA_fine_284mK_191103__IVB__T_1p40K[0.000247500],0,up,2521,0.9992063492063492,
D4.2__Fig 2__SQUID_data__IVB_BS30_A1S1_I_coil_+-0.3mA_fine_284mK_191103__IVB__T_1p40K[0.000247500],1,down,5000,0.9995999199839968,0.986514978161136
D4.2__Fig 2__SQUID_data__IVB_BS30_A1S1_I_coil_+-0.3mA_fine_284mK_191103__IVB__T_1p40K[0.000247500],2,up,2479,1.0,
D4.2__Fig 2__SQUID_data__IVB_BS30_A1S1_I_coil_+-0.3mA_fine_284mK_191103__IVB__T_1p40K[0.000248250],0,up,2521,0.9988095238095238,
D4.2__Fig 2__SQUID_data__IVB_BS30_A1S1_I_coil_+-0.3mA_fine_284mK_191103__IVB__T_1p40K[0.000248250],1,down,5000,0.9995999199839968,0.9865401059830073
D4.2__Fig 2__SQUID_data__IVB_BS30_A1S1_I_coil_+-0.3mA_fine_284mK_191103__IVB__T_1p40K[0.000248250],2,up,2479,1.0,
D4.2__Fig 2__SQUID_data__IVB_BS30_A1S1_I_coil_+-0.3mA_fine_284mK_191103__IVB__T_1p40K[0.000249000],0,up,2521,0.9992063492063492,
D4.2__Fig 2__SQUID_data__IVB_BS30_A1S1_I_coil_+-0.3mA_fine_284mK_191103__IVB__T_1p40K[0.000249000],1,down,5000,0.9995999199839968,0.9864795555592303
D4.2__Fig 2__SQUID_data__IVB_BS30_A1S1_I_coil_+-0.3mA_fine_284mK_191103__IVB__T_1p40K[0.000249000],2,up,2479,1.0,
D4.2__Fig 2__SQUID_data__IVB_BS30_A1S1_I_coil_+-0.3mA_fine_284mK_191103__IVB__T_1p40K[0.000249750],0,up,2521,0.9992063492063492,
D4.2__Fig 2__SQUID_data__IVB_BS30_A1S1_I_coil_+-0.3mA_fine_284mK_191103__IVB__T_1p40K[0.000249750],1,down,5000,0.9993998799759952,0.986557328282417
D4.2__Fig 2__SQUID_data__IVB_BS30_A1S1_I_coil_+-0.3mA_fine_284mK_191103__IVB__T_1p40K[0.000249750],2,up,2479,1.0,
D4.2__Fig 2__SQUID_data__IVB_BS30_A1S1_I_coil_+-0.3mA_fine_284mK_191103__IVB__T_1p40K[0.000250500],0,up,2521,0.9988095238095238,
D4.2__Fig 2__SQUID_data__IVB_BS30_A1S1_I_coil_+-0.3mA_fine_284mK_191103__IVB__T_1p40K[0.000250500],1,down,5000,0.9997999599919984,0.9865840927103835
D4.2__Fig 2__SQUID_data__IVB_BS30_A1S1_I_coil_+-0.3mA_fine_284mK_191103__IVB__T_1p40K[0.000250500],2,up,2479,1.0,
D4.2__Fig 2__SQUID_data__IVB_BS30_A1S1_I_coil_+-0.3mA_fine_284mK_191103__IVB__T_1p40K[0.000251250],0,up,2521,0.9988095238095238,
D4.2__Fig 2__SQUID_data__IVB_BS30_A1S1_I_coil_+-0.3mA_fine_284mK_191103__IVB__T_1p40K[0.000251250],1,down,5001,0.9996,0.9864508643935513
D4.2__Fig 2__SQUID_data__IVB_BS30_A1S1_I_coil_+-0.3mA_fine_284mK_191103__IVB__T_1p40K[0.000251250],2,up,2478,1.0,
D4.2__Fig 2__SQUID_data__IVB_BS30_A1S1_I_coil_+-0.3mA_fine_284mK_191103__IVB__T_1p40K[0.000252000],0,up,2520,0.999206034140532,
D4.2__Fig 2__SQUID_data__IVB_BS30_A1S1_I_coil_+-0.3mA_fine_284mK_191103__IVB__T_1p40K[0.000252000],1,down,5001,0.9994,0.9865583289084907
D4.2__Fig 2__SQUID_data__IVB_BS30_A1S1_I_coil_+-0.3mA_fine_284mK_191103__IVB__T_1p40K[0.000252000],2,up,2479,1.0,
D4.2__Fig 2__SQUID_data__IVB_BS30_A1S1_I_coil_+-0.3mA_fine_284mK_191103__IVB__T_1p40K[0.000252750],0,up,2521,0.9992063492063492,
D4.2__Fig 2__SQUID_data__IVB_BS30_A1S1_I_coil_+-0.3mA_fine_284mK_191103__IVB__T_1p40K[0.000252750],1,down,5000,0.9997999599919984,0.9865419758953896
D4.2__Fig 2__SQUID_data__IVB_BS30_A1S1_I_coil_+-0.3mA_fine_284mK_191103__IVB__T_1p40K[0.000252750],2,up,2479,1.0,
D4.2__Fig 2__SQUID_data__IVB_BS30_A1S1_I_coil_+-0.3mA_fine_284mK_191103__IVB__T_1p40K[0.000253500],0,up,2520,0.9988090512107979,
D4.2__Fig 2__SQUID_data__IVB_BS30_A1S1_I_coil_+-0.3mA_fine_284mK_191103__IVB__T_1p40K[0.000253500],1,down,5001,0.9994,0.9865422273401725
D4.2__Fig 2__SQUID_data__IVB_BS30_A1S1_I_coil_+-0.3mA_fine_284mK_191103__IVB__T_1p40K[0.000253500],2,up,2479,1.0,
D4.2__Fig 2__SQUID_data__IVB_BS30_A1S1_I_coil_+-0.3mA_fine_284mK_191103__IVB__T_1p40K[0.000254250],0,up,2521,0.9988095238095238,
D4.2__Fig 2__SQUID_data__IVB_BS30_A1S1_I_coil_+-0.3mA_fine_284mK_191103__IVB__T_1p40K[0.000254250],1,down,5000,0.9993998799759952,0.986617325862182
D4.2__Fig 2__SQUID_data__IVB_BS30_A1S1_I_coil_+-0.3mA_fine_284mK_191103__IVB__T_1p40K[0.000254250],2,up,2479,1.0,
D4.2__Fig 2__SQUID_data__IVB_BS30_A1S1_I_coil_+-0.3mA_fine_284mK_191103__IVB__T_1p40K[0.000255000],0,up,2522,0.9988099960333201,
D4.2__Fig 2__SQUID_data__IVB_BS30_A1S1_I_coil_+-0.3mA_fine_284mK_191103__IVB__T_1p40K[0.000255000],1,down,5000,0.9993998799759952,0.9865095949573289
D4.2__Fig 2__SQUID_data__IVB_BS30_A1S1_I_coil_+-0.3mA_fine_284mK_191103__IVB__T_1p40K[0.000255000],2,up,2478,1.0,
D4.2__Fig 2__SQUID_data__IVB_BS30_A1S1_I_coil_+-0.3mA_fine_284mK_191103__IVB__T_1p40K[0.000255750],0,up,2521,0.9988095238095238,
D4.2__Fig 2__SQUID_data__IVB_BS30_A1S1_I_coil_+-0.3mA_fine_284mK_191103__IVB__T_1p40K[0.000255750],1,down,5000,0.9997999599919984,0.9865753121486591
D4.2__Fig 2__SQUID_data__IVB_BS30_A1S1_I_coil_+-0.3mA_fine_284mK_191103__IVB__T_1p40K[0.000255750],2,up,2479,1.0,
D4.2__Fig 2__SQUID_data__IVB_BS30_A1S1_I_coil_+-0.3mA_fine_284mK_191103__IVB__T_1p40K[0.000256500],0,up,2521,0.9992063492063492,
D4.2__Fig 2__SQUID_data__IVB_BS30_A1S1_I_coil_+-0.3mA_fine_284mK_191103__IVB__T_1p40K[0.000256500],1,down,5000,0.9995999199839968,0.9865392370413577
D4.2__Fig 2__SQUID_data__IVB_BS30_A1S1_I_coil_+-0.3mA_fine_284mK_191103__IVB__T_1p40K[0.000256500],2,up,2479,1.0,
D4.2__Fig 2__SQUID_data__IVB_BS30_A1S1_I_coil_+-0.3mA_fine_284mK_191103__IVB__T_1p40K[0.000257250],0,up,2521,0.9992063492063492,
D4.2__Fig 2__SQUID_data__IVB_BS30_A1S1_I_coil_+-0.3mA_fine_284mK_191103__IVB__T_1p40K[0.000257250],1,down,5000,0.9997999599919984,0.9865794475516843
D4.2__Fig 2__SQUID_data__IVB_BS30_A1S1_I_coil_+-0.3mA_fine_284mK_191103__IVB__T_1p40K[0.000257250],2,up,2479,1.0,
D4.2__Fig 2__SQUID_data__IVB_BS30_A1S1_I_coil_+-0.3mA_fine_284mK_191103__IVB__T_1p40K[0.000258000],0,up,2521,0.9988095238095238,
D4.2__Fig 2__SQUID_data__IVB_BS30_A1S1_I_coil_+-0.3mA_fine_284mK_191103__IVB__T_1p40K[0.000258000],1,down,5000,0.9995999199839968,0.9866307402584448
D4.2__Fig 2__SQUID_data__IVB_BS30_A1S1_I_coil_+-0.3mA_fine_284mK_191103__IVB__T_1p40K[0.000258000],2,up,2479,1.0,
D4.2__Fig 2__SQUID_data__IVB_BS30_A1S1_I_coil_+-0.3mA_fine_284mK_191103__IVB__T_1p40K[0.000258750],0,up,2521,0.9988095238095238,
D4.2__Fig 2__SQUID_data__IVB_BS30_A1S1_I_coil_+-0.3mA_fine_284mK_191103__IVB__T_1p40K[0.000258750],1,down,5001,0.9994,0.9865217459555713
D4.2__Fig 2__SQUID_data__IVB_BS30_A1S1_I_coil_+-0.3mA_fine_284mK_191103__IVB__T_1p40K[0.000258750],2,up,2478,1.0,
D4.2__Fig 2__SQUID_data__IVB_BS30_A1S1_I_coil_+-0.3mA_fine_284mK_191103__IVB__T_1p40K[0.000259500],0,up,2521,0.9992063492063492,
D4.2__Fig 2__SQUID_data__IVB_BS30_A1S1_I_coil_+-0.3mA_fine_284mK_191103__IVB__T_1p40K[0.000259500],1,down,5001,0.9998,0.9865802026803406
D4.2__Fig 2__SQUID_data__IVB_BS30_A1S1_I_coil_+-0.3mA_fine_284mK_191103__IVB__T_1p40K[0.000259500],2,up,2478,1.0,
D4.2__Fig 2__SQUID_data__IVB_BS30_A1S1_I_coil_+-0.3mA_fine_284mK_191103__IVB__T_1p40K[0.000260250],0,up,2521,0.9988095238095238,
D4.2__Fig 2__SQUID_data__IVB_BS30_A1S1_I_coil_+-0.3mA_fine_284mK_191103__IVB__T_1p40K[0.000260250],1,down,5001,0.9994,0.9865530850683928
D4.2__Fig 2__SQUID_data__IVB_BS30_A1S1_I_coil_+-0.3mA_fine_284mK_191103__IVB__T_1p40K[0.000260250],2,up,2478,1.0,
D4.2__Fig 2__SQUID_data__IVB_BS30_A1S1_I_coil_+-0.3mA_fine_284mK_191103__IVB__T_1p40K[0.000261000],0,up,2521,0.9992063492063492,
D4.2__Fig 2__SQUID_data__IVB_BS30_A1S1_I_coil_+-0.3mA_fine_284mK_191103__IVB__T_1p40K[0.000261000],1,down,5001,0.9994,0.9865435104897603
D4.2__Fig 2__SQUID_data__IVB_BS30_A1S1_I_coil_+-0.3mA_fine_284mK_191103__IVB__T_1p40K[0.000261000],2,up,2478,1.0,
D4.2__Fig 2__SQUID_data__IVB_BS30_A1S1_I_coil_+-0.3mA_fine_284mK_191103__IVB__T_1p40K[0.000261750],0,up,2521,0.9992063492063492,
D4.2__Fig 2__SQUID_data__IVB_BS30_A1S1_I_coil_+-0.3mA_fine_284mK_191103__IVB__T_1p40K[0.000261750],1,down,5000,0.9995999199839968,0.9865157875637135
D4.2__Fig 2__SQUID_data__IVB_BS30_A1S1_I_coil_+-0.3mA_fine_284mK_191103__IVB__T_1p40K[0.000261750],2,up,2479,1.0,
D4.2__Fig 2__SQUID_data__IVB_BS30_A1S1_I_coil_+-0.3mA_fine_284mK_191103__IVB__T_1p40K[0.000262500],0,up,2521,0.9988095238095238,
D4.2__Fig 2__SQUID_data__IVB_BS30_A1S1_I_coil_+-0.3mA_fine_284mK_191103__IVB__T_1p40K[0.000262500],1,down,5000,0.9995999199839968,0.986526115024058
D4.2__Fig 2__SQUID_data__IVB_BS30_A1S1_I_coil_+-0.3mA_fine_284mK_191103__IVB__T_1p40K[0.000262500],2,up,2479,1.0,
D4.2__Fig 2__SQUID_data__IVB_BS30_A1S1_I_coil_+-0.3mA_fine_284mK_191103__IVB__T_1p40K[0.000263250],0,up,2521,0.9992063492063492,
D4.2__Fig 2__SQUID_data__IVB_BS30_A1S1_I_coil_+-0.3mA_fine_284mK_191103__IVB__T_1p40K[0.000263250],1,down,5000,0.9995999199839968,0.9865326993854259
D4.2__Fig 2__SQUID_data__IVB_BS30_A1S1_I_coil_+-0.3mA_fine_284mK_191103__IVB__T_1p40K[0.000263250],2,up,2479,1.0,
D4.2__Fig 2__SQUID_data__IVB_BS30_A1S1_I_coil_+-0.3mA_fine_284mK_191103__IVB__T_1p40K[0.000264000],0,up,2521,0.9988095238095238,
D4.2__Fig 2__SQUID_data__IVB_BS30_A1S1_I_coil_+-0.3mA_fine_284mK_191103__IVB__T_1p40K[0.000264000],1,down,5000,0.9995999199839968,0.9865065309064527
D4.2__Fig 2__SQUID_data__IVB_BS30_A1S1_I_coil_+-0.3mA_fine_284mK_191103__IVB__T_1p40K[0.000264000],2,up,2479,1.0,
D4.2__Fig 2__SQUID_data__IVB_BS30_A1S1_I_coil_+-0.3mA_fine_284mK_191103__IVB__T_1p40K[0.000264750],0,up,2521,0.9988095238095238,
D4.2__Fig 2__SQUID_data__IVB_BS30_A1S1_I_coil_+-0.3mA_fine_284mK_191103__IVB__T_1p40K[0.000264750],1,down,5000,0.9997999599919984,0.986504555322208
D4.2__Fig 2__SQUID_data__IVB_BS30_A1S1_I_coil_+-0.3mA_fine_284mK_191103__IVB__T_1p40K[0.000264750],2,up,2479,1.0,
D4.2__Fig 2__SQUID_data__IVB_BS30_A1S1_I_coil_+-0.3mA_fine_284mK_191103__IVB__T_1p40K[0.000265500],0,up,2521,0.9992063492063492,
D4.2__Fig 2__SQUID_data__IVB_BS30_A1S1_I_coil_+-0.3mA_fine_284mK_191103__IVB__T_1p40K[0.000265500],1,down,5000,0.9997999599919984,0.986572863703956
D4.2__Fig 2__SQUID_data__IVB_BS30_A1S1_I_coil_+-0.3mA_fine_284mK_191103__IVB__T_1p40K[0.000265500],2,up,2479,1.0,
D4.2__Fig 2__SQUID_data__IVB_BS30_A1S1_I_coil_+-0.3mA_fine_284mK_191103__IVB__T_1p40K[0.000266250],0,up,2521,0.9988095238095238,
D4.2__Fig 2__SQUID_data__IVB_BS30_A1S1_I_coil_+-0.3mA_fine_284mK_191103__IVB__T_1p40K[0.000266250],1,down,5000,0.9995999199839968,0.9866290101704048
D4.2__Fig 2__SQUID_data__IVB_BS30_A1S1_I_coil_+-0.3mA_fine_284mK_191103__IVB__T_1p40K[0.000266250],2,up,2479,1.0,
D4.2__Fig 2__SQUID_data__IVB_BS30_A1S1_I_coil_+-0.3mA_fine_284mK_191103__IVB__T_1p40K[0.000267000],0,up,2521,0.9996031746031746,
D4.2__Fig 2__SQUID_data__IVB_BS30_A1S1_I_coil_+-0.3mA_fine_284mK_191103__IVB__T_1p40K[0.000267000],1,down,5000,0.9995999199839968,0.9865751827925917
D4.2__Fig 2__SQUID_data__IVB_BS30_A1S1_I_coil_+-0.3mA_fine_284mK_191103__IVB__T_1p40K[0.000267000],2,up,2479,1.0,
D4.2__Fig 2__SQUID_data__IVB_BS30_A1S1_I_coil_+-0.3mA_fine_284mK_191103__IVB__T_1p40K[0.000267750],0,up,2521,0.9988095238095238,
D4.2__Fig 2__SQUID_data__IVB_BS30_A1S1_I_coil_+-0.3mA_fine_284mK_191103__IVB__T_1p40K[0.000267750],1,down,5000,0.9995999199839968,0.9865194121681821
D4.2__Fig 2__SQUID_data__IVB_BS30_A1S1_I_coil_+-0.3mA_fine_284mK_191103__IVB__T_1p40K[0.000267750],2,up,2479,1.0,
D4.2__Fig 2__SQUID_data__IVB_BS30_A1S1_I_coil_+-0.3mA_fine_284mK_191103__IVB__T_1p40K[0.000268500],0,up,2521,0.9992063492063492,
D4.2__Fig 2__SQUID_data__IVB_BS30_A1S1_I_coil_+-0.3mA_fine_284mK_191103__IVB__T_1p40K[0.000268500],1,down,5000,0.9995999199839968,0.9865779893221983
D4.2__Fig 2__SQUID_data__IVB_BS30_A1S1_I_coil_+-0.3mA_fine_284mK_191103__IVB__T_1p40K[0.000268500],2,up,2479,1.0,
D4.2__Fig 2__SQUID_data__IVB_BS30_A1S1_I_coil_+-0.3mA_fine_284mK_191103__IVB__T_1p40K[0.000269250],0,up,2521,0.9992063492063492,
D4.2__Fig 2__SQUID_data__IVB_BS30_A1S1_I_coil_+-0.3mA_fine_284mK_191103__IVB__T_1p40K[0.000269250],1,down,5000,0.9995999199839968,0.9865686343419952
D4.2__Fig 2__SQUID_data__IVB_BS30_A1S1_I_coil_+-0.3mA_fine_284mK_191103__IVB__T_1p40K[0.000269250],2,up,2479,1.0,
D4.2__Fig 2__SQUID_data__IVB_BS30_A1S1_I_coil_+-0.3mA_fine_284mK_191103__IVB__T_1p40K[0.000270000],0,up,2521,0.9992063492063492,
D4.2__Fig 2__SQUID_data__IVB_BS30_A1S1_I_coil_+-0.3mA_fine_284mK_191103__IVB__T_1p40K[0.000270000],1,down,4999,0.9997999199679872,0.9864950264656555
D4.2__Fig 2__SQUID_data__IVB_BS30_A1S1_I_coil_+-0.3mA_fine_284mK_191103__IVB__T_1p40K[0.000270000],2,up,2480,1.0,
D4.2__Fig 2__SQUID_data__IVB_BS30_A1S1_I_coil_+-0.3mA_fine_284mK_191103__IVB__T_1p40K[0.000270750],0,up,2521,0.9996031746031746,
D4.2__Fig 2__SQUID_data__IVB_BS30_A1S1_I_coil_+-0.3mA_fine_284mK_191103__IVB__T_1p40K[0.000270750],1,down,5000,0.9997999599919984,0.9865705990035064
D4.2__Fig 2__SQUID_data__IVB_BS30_A1S1_I_coil_+-0.3mA_fine_284mK_191103__IVB__T_1p40K[0.000270750],2,up,2479,1.0,
D4.2__Fig 2__SQUID_data__IVB_BS30_A1S1_I_coil_+-0.3mA_fine_284mK_191103__IVB__T_1p40K[0.000271500],0,up,2521,0.9992063492063492,
D4.2__Fig 2__SQUID_data__IVB_BS30_A1S1_I_coil_+-0.3mA_fine_284mK_191103__IVB__T_1p40K[0.000271500],1,down,5000,0.9997999599919984,0.9865348280698586
D4.2__Fig 2__SQUID_data__IVB_BS30_A1S1_I_coil_+-0.3mA_fine_284mK_191103__IVB__T_1p40K[0.000271500],2,up,2479,1.0,
D4.2__Fig 2__SQUID_data__IVB_BS30_A1S1_I_coil_+-0.3mA_fine_284mK_191103__IVB__T_1p40K[0.000272250],0,up,2521,0.9992063492063492,
D4.2__Fig 2__SQUID_data__IVB_BS30_A1S1_I_coil_+-0.3mA_fine_284mK_191103__IVB__T_1p40K[0.000272250],1,down,5000,0.9997999599919984,0.9865150785727086
D4.2__Fig 2__SQUID_data__IVB_BS30_A1S1_I_coil_+-0.3mA_fine_284mK_191103__IVB__T_1p40K[0.000272250],2,up,2479,1.0,
D4.2__Fig 2__SQUID_data__IVB_BS30_A1S1_I_coil_+-0.3mA_fine_284mK_191103__IVB__T_1p40K[0.000273000],0,up,2521,0.9992063492063492,
D4.2__Fig 2__SQUID_data__IVB_BS30_A1S1_I_coil_+-0.3mA_fine_284mK_191103__IVB__T_1p40K[0.000273000],1,down,5000,0.9993998799759952,0.9865882670295337
D4.2__Fig 2__SQUID_data__IVB_BS30_A1S1_I_coil_+-0.3mA_fine_284mK_191103__IVB__T_1p40K[0.000273000],2,up,2479,1.0,
D4.2__Fig 2__SQUID_data__IVB_BS30_A1S1_I_coil_+-0.3mA_fine_284mK_191103__IVB__T_1p40K[0.000273750],0,up,2522,0.9984133280444268,
D4.2__Fig 2__SQUID_data__IVB_BS30_A1S1_I_coil_+-0.3mA_fine_284mK_191103__IVB__T_1p40K[0.000273750],1,down,4999,0.9995998399359743,0.9865099812628606
D4.2__Fig 2__SQUID_data__IVB_BS30_A1S1_I_coil_+-0.3mA_fine_284mK_191103__IVB__T_1p40K[0.000273750],2,up,2479,1.0,
D4.2__Fig 2__SQUID_data__IVB_BS30_A1S1_I_coil_+-0.3mA_fine_284mK_191103__IVB__T_1p40K[0.000274500],0,up,2521,0.9988095238095238,
D4.2__Fig 2__SQUID_data__IVB_BS30_A1S1_I_coil_+-0.3mA_fine_284mK_191103__IVB__T_1p40K[0.000274500],1,down,5000,0.9997999599919984,0.9865433442189653
D4.2__Fig 2__SQUID_data__IVB_BS30_A1S1_I_coil_+-0.3mA_fine_284mK_191103__IVB__T_1p40K[0.000274500],2,up,2479,1.0,
D4.2__Fig 2__SQUID_data__IVB_BS30_A1S1_I_coil_+-0.3mA_fine_284mK_191103__IVB__T_1p40K[0.000275250],0,up,2520,0.999603017070266,
D4.2__Fig 2__SQUID_data__IVB_BS30_A1S1_I_coil_+-0.3mA_fine_284mK_191103__IVB__T_1p40K[0.000275250],1,down,5001,0.9996,0.9865998260206801
D4.2__Fig 2__SQUID_data__IVB_BS30_A1S1_I_coil_+-0.3mA_fine_284mK_191103__IVB__T_1p40K[0.000275250],2,up,2479,1.0,
D4.2__Fig 2__SQUID_data__IVB_BS30_A1S1_I_coil_+-0.3mA_fine_284mK_191103__IVB__T_1p40K[0.000276000],0,up,2522,0.9988099960333201,
D4.2__Fig 2__SQUID_data__IVB_BS30_A1S1_I_coil_+-0.3mA_fine_284mK_191103__IVB__T_1p40K[0.000276000],1,down,4999,0.9997999199679872,0.9865638522927239
D4.2__Fig 2__SQUID_data__IVB_BS30_A1S1_I_coil_+-0.3mA_fine_284mK_191103__IVB__T_1p40K[0.000276000],2,up,2479,1.0,
D4.2__Fig 2__SQUID_data__IVB_BS30_A1S1_I_coil_+-0.3mA_fine_284mK_191103__IVB__T_1p40K[0.000276750],0,up,2521,0.9992063492063492,
D4.2__Fig 2__SQUID_data__IVB_BS30_A1S1_I_coil_+-0.3mA_fine_284mK_191103__IVB__T_1p40K[0.000276750],1,down,5000,0.9997999599919984,0.9865175416261929
D4.2__Fig 2__SQUID_data__IVB_BS30_A1S1_I_coil_+-0.3mA_fine_284mK_191103__IVB__T_1p40K[0.000276750],2,up,2479,1.0,
D4.2__Fig 2__SQUID_data__IVB_BS30_A1S1_I_coil_+-0.3mA_fine_284mK_191103__IVB__T_1p40K[0.000277500],0,up,2521,0.9988095238095238,
D4.2__Fig 2__SQUID_data__IVB_BS30_A1S1_I_coil_+-0.3mA_fine_284mK_191103__IVB__T_1p40K[0.000277500],1,down,5000,0.9995999199839968,0.9865640597057902
D4.2__Fig 2__SQUID_data__IVB_BS30_A1S1_I_coil_+-0.3mA_fine_284mK_191103__IVB__T_1p40K[0.000277500],2,up,2479,1.0,
D4.2__Fig 2__SQUID_data__IVB_BS30_A1S1_I_coil_+-0.3mA_fine_284mK_191103__IVB__T_1p40K[0.000278250],0,up,2520,0.999206034140532,
D4.2__Fig 2__SQUID_data__IVB_BS30_A1S1_I_coil_+-0.3mA_fine_284mK_191103__IVB__T_1p40K[0.000278250],1,down,5001,0.9998,0.9866646348907504
D4.2__Fig 2__SQUID_data__IVB_BS30_A1S1_I_coil_+-0.3mA_fine_284mK_191103__IVB__T_1p40K[0.000278250],2,up,2479,1.0,
D4.2__Fig 2__SQUID_data__IVB_BS30_A1S1_I_coil_+-0.3mA_fine_284mK_191103__IVB__T_1p40K[0.000279000],0,up,2521,0.9988095238095238,
D4.2__Fig 2__SQUID_data__IVB_BS30_A1S1_I_coil_+-0.3mA_fine_284mK_191103__IVB__T_1p40K[0.000279000],1,down,5000,0.9997999599919984,0.9865217284533242
D4.2__Fig 2__SQUID_data__IVB_BS30_A1S1_I_coil_+-0.3mA_fine_284mK_191103__IVB__T_1p40K[0.000279000],2,up,2479,1.0,
D4.2__Fig 2__SQUID_data__IVB_BS30_A1S1_I_coil_+-0.3mA_fine_284mK_191103__IVB__T_1p40K[0.000279750],0,up,2521,0.9996031746031746,
D4.2__Fig 2__SQUID_data__IVB_BS30_A1S1_I_coil_+-0.3mA_fine_284mK_191103__IVB__T_1p40K[0.000279750],1,down,5001,0.9996,0.9865837889809147
D4.2__Fig 2__SQUID_data__IVB_BS30_A1S1_I_coil_+-0.3mA_fine_284mK_191103__IVB__T_1p40K[0.000279750],2,up,2478,1.0,
D4.2__Fig 2__SQUID_data__IVB_BS30_A1S1_I_coil_+-0.3mA_fine_284mK_191103__IVB__T_1p40K[0.000280500],0,up,2521,0.9992063492063492,
D4.2__Fig 2__SQUID_data__IVB_BS30_A1S1_I_coil_+-0.3mA_fine_284mK_191103__IVB__T_1p40K[0.000280500],1,down,5000,0.9997999599919984,0.9865305847136493
D4.2__Fig 2__SQUID_data__IVB_BS30_A1S1_I_coil_+-0.3mA_fine_284mK_191103__IVB__T_1p40K[0.000280500],2,up,2479,1.0,
D4.2__Fig 2__SQUID_data__IVB_BS30_A1S1_I_coil_+-0.3mA_fine_284mK_191103__IVB__T_1p40K[0.000281250],0,up,2521,0.9992063492063492,
D4.2__Fig 2__SQUID_data__IVB_BS30_A1S1_I_coil_+-0.3mA_fine_284mK_191103__IVB__T_1p40K[0.000281250],1,down,5000,0.9995999199839968,0.9865395568447654
D4.2__Fig 2__SQUID_data__IVB_BS30_A1S1_I_coil_+-0.3mA_fine_284mK_191103__IVB__T_1p40K[0.000281250],2,up,2479,1.0,
D4.2__Fig 2__SQUID_data__IVB_BS30_A1S1_I_coil_+-0.3mA_fine_284mK_191103__IVB__T_1p40K[0.000282000],0,up,2520,0.999206034140532,
D4.2__Fig 2__SQUID_data__IVB_BS30_A1S1_I_coil_+-0.3mA_fine_284mK_191103__IVB__T_1p40K[0.000282000],1,down,5001,0.9996,0.9865269225536124
D4.2__Fig 2__SQUID_data__IVB_BS30_A1S1_I_coil_+-0.3mA_fine_284mK_191103__IVB__T_1p40K[0.000282000],2,up,2479,1.0,
D4.2__Fig 2__SQUID_data__IVB_BS30_A1S1_I_coil_+-0.3mA_fine_284mK_191103__IVB__T_1p40K[0.000282750],0,up,2520,0.999603017070266,
D4.2__Fig 2__SQUID_data__IVB_BS30_A1S1_I_coil_+-0.3mA_fine_284mK_191103__IVB__T_1p40K[0.000282750],1,down,5001,0.9996,0.9865514744489956
D4.2__Fig 2__SQUID_data__IVB_BS30_A1S1_I_coil_+-0.3mA_fine_284mK_191103__IVB__T_1p40K[0.000282750],2,up,2479,1.0,
D4.2__Fig 2__SQUID_data__IVB_BS30_A1S1_I_coil_+-0.3mA_fine_284mK_191103__IVB__T_1p40K[0.000283500],0,up,2521,0.9992063492063492,
D4.2__Fig 2__SQUID_data__IVB_BS30_A1S1_I_coil_+-0.3mA_fine_284mK_191103__IVB__T_1p40K[0.000283500],1,down,5001,0.9996,0.9865218356362923
D4.2__Fig 2__SQUID_data__IVB_BS30_A1S1_I_coil_+-0.3mA_fine_284mK_191103__IVB__T_1p40K[0.000283500],2,up,2478,1.0,
D4.2__Fig 2__SQUID_data__IVB_BS30_A1S1_I_coil_+-0.3mA_fine_284mK_191103__IVB__T_1p40K[0.000284250],0,up,2521,0.9992063492063492,
D4.2__Fig 2__SQUID_data__IVB_BS30_A1S1_I_coil_+-0.3mA_fine_284mK_191103__IVB__T_1p40K[0.000284250],1,down,5000,0.9997999599919984,0.9864952693756066
D4.2__Fig 2__SQUID_data__IVB_BS30_A1S1_I_coil_+-0.3mA_fine_284mK_191103__IVB__T_1p40K[0.000284250],2,up,2479,1.0,
D4.2__Fig 2__SQUID_data__IVB_BS30_A1S1_I_coil_+-0.3mA_fine_284mK_191103__IVB__T_1p40K[0.000285000],0,up,2521,0.9992063492063492,
D4.2__Fig 2__SQUID_data__IVB_BS30_A1S1_I_coil_+-0.3mA_fine_284mK_191103__IVB__T_1p40K[0.000285000],1,down,5001,0.9994,0.9865480470439439
D4.2__Fig 2__SQUID_data__IVB_BS30_A1S1_I_coil_+-0.3mA_fine_284mK_191103__IVB__T_1p40K[0.000285000],2,up,2478,1.0,
D4.2__Fig 2__SQUID_data__IVB_BS30_A1S1_I_coil_+-0.3mA_fine_284mK_191103__IVB__T_1p40K[0.000285750],0,up,2521,0.9988095238095238,
D4.2__Fig 2__SQUID_data__IVB_BS30_A1S1_I_coil_+-0.3mA_fine_284mK_191103__IVB__T_1p40K[0.000285750],1,down,5001,0.9992,0.9865125466529782
D4.2__Fig 2__SQUID_data__IVB_BS30_A1S1_I_coil_+-0.3mA_fine_284mK_191103__IVB__T_1p40K[0.000285750],2,up,2478,1.0,
D4.2__Fig 2__SQUID_data__IVB_BS30_A1S1_I_coil_+-0.3mA_fine_284mK_191103__IVB__T_1p40K[0.000286500],0,up,2521,0.9992063492063492,
D4.2__Fig 2__SQUID_data__IVB_BS30_A1S1_I_coil_+-0.3mA_fine_284mK_191103__IVB__T_1p40K[0.000286500],1,down,5000,0.9995999199839968,0.986564263321849
D4.2__Fig 2__SQUID_data__IVB_BS30_A1S1_I_coil_+-0.3mA_fine_284mK_191103__IVB__T_1p40K[0.000286500],2,up,2479,1.0,
D4.2__Fig 2__SQUID_data__IVB_BS30_A1S1_I_coil_+-0.3mA_fine_284mK_191103__IVB__T_1p40K[0.000287250],0,up,2520,0.999603017070266,
D4.2__Fig 2__SQUID_data__IVB_BS30_A1S1_I_coil_+-0.3mA_fine_284mK_191103__IVB__T_1p40K[0.000287250],1,down,5001,0.9994,0.986546900335724
D4.2__Fig 2__SQUID_data__IVB_BS30_A1S1_I_coil_+-0.3mA_fine_284mK_191103__IVB__T_1p40K[0.000287250],2,up,2479,1.0,
D4.2__Fig 2__SQUID_data__IVB_BS30_A1S1_I_coil_+-0.3mA_fine_284mK_191103__IVB__T_1p40K[0.000288000],0,up,2521,0.9996031746031746,
D4.2__Fig 2__SQUID_data__IVB_BS30_A1S1_I_coil_+-0.3mA_fine_284mK_191103__IVB__T_1p40K[0.000288000],1,down,5000,0.9995999199839968,0.9865438548731238
D4.2__Fig 2__SQUID_data__IVB_BS30_A1S1_I_coil_+-0.3mA_fine_284mK_191103__IVB__T_1p40K[0.000288000],2,up,2479,1.0,
D4.2__Fig 2__SQUID_data__IVB_BS30_A1S1_I_coil_+-0.3mA_fine_284mK_191103__IVB__T_1p40K[0.000288750],0,up,2521,0.9992063492063492,
D4.2__Fig 2__SQUID_data__IVB_BS30_A1S1_I_coil_+-0.3mA_fine_284mK_191103__IVB__T_1p40K[0.000288750],1,down,5000,0.9997999599919984,0.986583766010566
D4.2__Fig 2__SQUID_data__IVB_BS30_A1S1_I_coil_+-0.3mA_fine_284mK_191103__IVB__T_1p40K[0.000288750],2,up,2479,1.0,
D4.2__Fig 2__SQUID_data__IVB_BS30_A1S1_I_coil_+-0.3mA_fine_284mK_191103__IVB__T_1p40K[0.000289500],0,up,2521,0.9992063492063492,
D4.2__Fig 2__SQUID_data__IVB_BS30_A1S1_I_coil_+-0.3mA_fine_284mK_191103__IVB__T_1p40K[0.000289500],1,down,5000,0.9995999199839968,0.9865042152005385
D4.2__Fig 2__SQUID_data__IVB_BS30_A1S1_I_coil_+-0.3mA_fine_284mK_191103__IVB__T_1p40K[0.000289500],2,up,2479,1.0,
D4.2__Fig 2__SQUID_data__IVB_BS30_A1S1_I_coil_+-0.3mA_fine_284mK_191103__IVB__T_1p40K[0.000290250],0,up,2521,0.9992063492063492,
D4.2__Fig 2__SQUID_data__IVB_BS30_A1S1_I_coil_+-0.3mA_fine_284mK_191103__IVB__T_1p40K[0.000290250],1,down,5000,0.9995999199839968,0.9865705378703093
D4.2__Fig 2__SQUID_data__IVB_BS30_A1S1_I_coil_+-0.3mA_fine_284mK_191103__IVB__T_1p40K[0.000290250],2,up,2479,1.0,
D4.2__Fig 2__SQUID_data__IVB_BS30_A1S1_I_coil_+-0.3mA_fine_284mK_191103__IVB__T_1p40K[0.000291000],0,up,2521,0.9992063492063492,
D4.2__Fig 2__SQUID_data__IVB_BS30_A1S1_I_coil_+-0.3mA_fine_284mK_191103__IVB__T_1p40K[0.000291000],1,down,5000,0.9995999199839968,0.9865199770892301
D4.2__Fig 2__SQUID_data__IVB_BS30_A1S1_I_coil_+-0.3mA_fine_284mK_191103__IVB__T_1p40K[0.000291000],2,up,2479,1.0,
D4.2__Fig 2__SQUID_data__IVB_BS30_A1S1_I_coil_+-0.3mA_fine_284mK_191103__IVB__T_1p40K[0.000291750],0,up,2520,0.999206034140532,
D4.2__Fig 2__SQUID_data__IVB_BS30_A1S1_I_coil_+-0.3mA_fine_284mK_191103__IVB__T_1p40K[0.000291750],1,down,5001,0.9994,0.9865977639408586
D4.2__Fig 2__SQUID_data__IVB_BS30_A1S1_I_coil_+-0.3mA_fine_284mK_191103__IVB__T_1p40K[0.000291750],2,up,2479,1.0,
D4.2__Fig 2__SQUID_data__IVB_BS30_A1S1_I_coil_+-0.3mA_fine_284mK_191103__IVB__T_1p40K[0.000292500],0,up,2521,0.9996031746031746,
D4.2__Fig 2__SQUID_data__IVB_BS30_A1S1_I_coil_+-0.3mA_fine_284mK_191103__IVB__T_1p40K[0.000292500],1,down,5000,0.9995999199839968,0.9865602621706492
D4.2__Fig 2__SQUID_data__IVB_BS30_A1S1_I_coil_+-0.3mA_fine_284mK_191103__IVB__T_1p40K[0.000292500],2,up,2479,1.0,
D4.2__Fig 2__SQUID_data__IVB_BS30_A1S1_I_coil_+-0.3mA_fine_284mK_191103__IVB__T_1p40K[0.000293250],0,up,2521,0.9988095238095238,
D4.2__Fig 2__SQUID_data__IVB_BS30_A1S1_I_coil_+-0.3mA_fine_284mK_191103__IVB__T_1p40K[0.000293250],1,down,5000,0.9995999199839968,0.9865750634550853
D4.2__Fig 2__SQUID_data__IVB_BS30_A1S1_I_coil_+-0.3mA_fine_284mK_191103__IVB__T_1p40K[0.000293250],2,up,2479,1.0,
D4.2__Fig 2__SQUID_data__IVB_BS30_A1S1_I_coil_+-0.3mA_fine_284mK_191103__IVB__T_1p40K[0.000294000],0,up,2521,0.9992063492063492,
D4.2__Fig 2__SQUID_data__IVB_BS30_A1S1_I_coil_+-0.3mA_fine_284mK_191103__IVB__T_1p40K[0.000294000],1,down,5000,0.9995999199839968,0.9865735126008028
D4.2__Fig 2__SQUID_data__IVB_BS30_A1S1_I_coil_+-0.3mA_fine_284mK_191103__IVB__T_1p40K[0.000294000],2,up,2479,1.0,
D4.2__Fig 2__SQUID_data__IVB_BS30_A1S1_I_coil_+-0.3mA_fine_284mK_191103__IVB__T_1p40K[0.000294750],0,up,2521,0.9992063492063492,
D4.2__Fig 2__SQUID_data__IVB_BS30_A1S1_I_coil_+-0.3mA_fine_284mK_191103__IVB__T_1p40K[0.000294750],1,down,5000,0.9995999199839968,0.9864805713660814
D4.2__Fig 2__SQUID_data__IVB_BS30_A1S1_I_coil_+-0.3mA_fine_284mK_191103__IVB__T_1p40K[0.000294750],2,up,2479,1.0,
D4.2__Fig 2__SQUID_data__IVB_BS30_A1S1_I_coil_+-0.3mA_fine_284mK_191103__IVB__T_1p40K[0.000295500],0,up,2521,0.9992063492063492,
D4.2__Fig 2__SQUID_data__IVB_BS30_A1S1_I_coil_+-0.3mA_fine_284mK_191103__IVB__T_1p40K[0.000295500],1,down,5000,0.9997999599919984,0.9865290284825666
D4.2__Fig 2__SQUID_data__IVB_BS30_A1S1_I_coil_+-0.3mA_fine_284mK_191103__IVB__T_1p40K[0.000295500],2,up,2479,1.0,
D4.2__Fig 2__SQUID_data__IVB_BS30_A1S1_I_coil_+-0.3mA_fine_284mK_191103__IVB__T_1p40K[0.000296250],0,up,2521,0.9992063492063492,
D4.2__Fig 2__SQUID_data__IVB_BS30_A1S1_I_coil_+-0.3mA_fine_284mK_191103__IVB__T_1p40K[0.000296250],1,down,5000,0.9997999599919984,0.9866184561512836
D4.2__Fig 2__SQUID_data__IVB_BS30_A1S1_I_coil_+-0.3mA_fine_284mK_191103__IVB__T_1p40K[0.000296250],2,up,2479,1.0,
D4.2__Fig 2__SQUID_data__IVB_BS30_A1S1_I_coil_+-0.3mA_fine_284mK_191103__IVB__T_1p40K[0.000297000],0,up,2521,0.9996031746031746,
D4.2__Fig 2__SQUID_data__IVB_BS30_A1S1_I_coil_+-0.3mA_fine_284mK_191103__IVB__T_1p40K[0.000297000],1,down,5000,0.9995999199839968,0.9865224978629213
D4.2__Fig 2__SQUID_data__IVB_BS30_A1S1_I_coil_+-0.3mA_fine_284mK_191103__IVB__T_1p40K[0.000297000],2,up,2479,1.0,
D4.2__Fig 2__SQUID_data__IVB_BS30_A1S1_I_coil_+-0.3mA_fine_284mK_191103__IVB__T_1p40K[0.000297750],0,up,2520,0.999603017070266,
D4.2__Fig 2__SQUID_data__IVB_BS30_A1S1_I_coil_+-0.3mA_fine_284mK_191103__IVB__T_1p40K[0.000297750],1,down,5001,0.9996,0.9865559962129443
D4.2__Fig 2__SQUID_data__IVB_BS30_A1S1_I_coil_+-0.3mA_fine_284mK_191103__IVB__T_1p40K[0.000297750],2,up,2479,1.0,
D4.2__Fig 2__SQUID_data__IVB_BS30_A1S1_I_coil_+-0.3mA_fine_284mK_191103__IVB__T_1p40K[0.000298500],0,up,2521,0.9988095238095238,
D4.2__Fig 2__SQUID_data__IVB_BS30_A1S1_I_coil_+-0.3mA_fine_284mK_191103__IVB__T_1p40K[0.000298500],1,down,5001,0.9994,0.9865494116750594
D4.2__Fig 2__SQUID_data__IVB_BS30_A1S1_I_coil_+-0.3mA_fine_284mK_191103__IVB__T_1p40K[0.000298500],2,up,2478,1.0,
D4.2__Fig 2__SQUID_data__IVB_BS30_A1S1_I_coil_+-0.3mA_fine_284mK_191103__IVB__T_1p40K[0.000299250],0,up,2521,0.9992063492063492,
D4.2__Fig 2__SQUID_data__IVB_BS30_A1S1_I_coil_+-0.3mA_fine_284mK_191103__IVB__T_1p40K[0.000299250],1,down,5000,0.9993998799759952,0.9865589600598261
D4.2__Fig 2__SQUID_data__IVB_BS30_A1S1_I_coil_+-0.3mA_fine_284mK_191103__IVB__T_1p40K[0.000299250],2,up,2479,1.0,
D4.2__Fig 2__SQUID_data__IVB_BS30_A1S1_I_coil_+-0.3mA_fine_284mK_191103__IVB__T_1p40K[0.000300000],0,up,2521,0.9992063492063492,
D4.2__Fig 2__SQUID_data__IVB_BS30_A1S1_I_coil_+-0.3mA_fine_284mK_191103__IVB__T_1p40K[0.000300000],1,down,424,0.9976359338061466,
D4.2__Fig 2__SQUID_data__IVB_BS30_A1S1_I_coil_+-0.3mA_fine_284mK_191103__IVB__T_1p40K[0.000300000],2,up,22,0.9047619047619048,
D4.2__Fig 2__SQUID_data__IVB_BS30_A1S1_I_coil_+-0.3mA_fine_284mK_191103__IVB__T_1p40K[0.000300000],3,down,4554,0.9997803645947727,0.8141857239321739
D4.2__Fig 2__SQUID_data__IVB_BS30_A1S1_I_coil_+-0.3mA_fine_284mK_191103__IVB__T_1p40K[0.000300000],4,up,2479,1.0,
D4.2__Fig 2__SQUID_data__IVI_BS30_A1S1_I_contrl_+-0.15mA_285mK_191103__IVB__T_1p40K[-0.000000375],0,up,2534,0.9992104224240032,
D4.2__Fig 2__SQUID_data__IVI_BS30_A1S1_I_contrl_+-0.15mA_285mK_191103__IVB__T_1p40K[-0.000000375],1,down,5024,0.9994027473621342,0.9837079239845674
D4.2__Fig 2__SQUID_data__IVI_BS30_A1S1_I_contrl_+-0.15mA_285mK_191103__IVB__T_1p40K[-0.000000375],2,up,2442,1.0,
D4.2__Fig 2__SQUID_data__IVI_BS30_A1S1_I_contrl_+-0.15mA_285mK_191103__IVB__T_1p40K[-0.000000750],0,up,2535,0.9988161010260458,
D4.2__Fig 2__SQUID_data__IVI_BS30_A1S1_I_contrl_+-0.15mA_285mK_191103__IVB__T_1p40K[-0.000000750],1,down,5023,0.9992035045798486,0.9834327853758934
D4.2__Fig 2__SQUID_data__IVI_BS30_A1S1_I_contrl_+-0.15mA_285mK_191103__IVB__T_1p40K[-0.000000750],2,up,2442,1.0,
D4.2__Fig 2__SQUID_data__IVI_BS30_A1S1_I_contrl_+-0.15mA_285mK_191103__IVB__T_1p40K[-0.000001125],0,up,2535,0.9988161010260458,
D4.2__Fig 2__SQUID_data__IVI_BS30_A1S1_I_contrl_+-0.15mA_285mK_191103__IVB__T_1p40K[-0.000001125],1,down,5023,0.9994026284348865,0.9830820285299052
D4.2__Fig 2__SQUID_data__IVI_BS30_A1S1_I_contrl_+-0.15mA_285mK_191103__IVB__T_1p40K[-0.000001125],2,up,2442,1.0,
D4.2__Fig 2__SQUID_data__IVI_BS30_A1S1_I_contrl_+-0.15mA_285mK_191103__IVB__T_1p40K[-0.000001500],0,up,2535,0.9992107340173638,
D4.2__Fig 2__SQUID_data__IVI_BS30_A1S1_I_contrl_+-0.15mA_285mK_191103__IVB__T_1p40K[-0.000001500],1,down,5023,0.9994026284348865,0.9835580289082756
D4.2__Fig 2__SQUID_data__IVI_BS30_A1S1_I_contrl_+-0.15mA_285mK_191103__IVB__T_1p40K[-0.000001500],2,up,2442,1.0,
D4.2__Fig 2__SQUID_data__IVI_BS30_A1S1_I_contrl_+-0.15mA_285mK_191103__IVB__T_1p40K[-0.000001875],0,up,2535,0.9984214680347278,
D4.2__Fig 2__SQUID_data__IVI_BS30_A1S1_I_contrl_+-0.15mA_285mK_191103__IVB__T_1p40K[-0.000001875],1,down,5023,0.9994026284348865,0.9843192208400499
D4.2__Fig 2__SQUID_data__IVI_BS30_A1S1_I_contrl_+-0.15mA_285mK_191103__IVB__T_1p40K[-0.000001875],2,up,2442,1.0,
D4.2__Fig 2__SQUID_data__IVI_BS30_A1S1_I_contrl_+-0.15mA_285mK_191103__IVB__T_1p40K[-0.000002250],0,up,2535,0.9992107340173638,
D4.2__Fig 2__SQUID_data__IVI_BS30_A1S1_I_contrl_+-0.15mA_285mK_191103__IVB__T_1p40K[-0.000002250],1,down,5022,0.9996016729735112,0.9851782609662074
D4.2__Fig 2__SQUID_data__IVI_BS30_A1S1_I_contrl_+-0.15mA_285mK_191103__IVB__T_1p40K[-0.000002250],2,up,2443,1.0,
D4.2__Fig 2__SQUID_data__IVI_BS30_A1S1_I_contrl_+-0.15mA_285mK_191103__IVB__T_1p40K[-0.000002625],0,up,2535,0.9988161010260458,
D4.2__Fig 2__SQUID_data__IVI_BS30_A1S1_I_contrl_+-0.15mA_285mK_191103__IVB__T_1p40K[-0.000002625],1,down,5021,0.999800796812749,0.9857579652855781
D4.2__Fig 2__SQUID_data__IVI_BS30_A1S1_I_contrl_+-0.15mA_285mK_191103__IVB__T_1p40K[-0.000002625],2,up,2444,1.0,
D4.2__Fig 2__SQUID_data__IVI_BS30_A1S1_I_contrl_+-0.15mA_285mK_191103__IVB__T_1p40K[-0.000003000],0,up,2534,0.9992104224240032,
D4.2__Fig 2__SQUID_data__IVI_BS30_A1S1_I_contrl_+-0.15mA_285mK_191103__IVB__T_1p40K[-0.000003000],1,down,5025,0.9992038216560509,0.9847738925232213
D4.2__Fig 2__SQUID_data__IVI_BS30_A1S1_I_contrl_+-0.15mA_285mK_191103__IVB__T_1p40K[-0.000003000],2,up,2441,1.0,
D4.2__Fig 2__SQUID_data__IVI_BS30_A1S1_I_contrl_+-0.15mA_285mK_191103__IVB__T_1p40K[-0.000003375],0,up,2535,0.999605367008682,
D4.2__Fig 2__SQUID_data__IVI_BS30_A1S1_I_contrl_+-0.15mA_285mK_191103__IVB__T_1p40K[-0.000003375],1,down,5022,0.9996016729735112,0.9840118154547514
D4.2__Fig 2__SQUID_data__IVI_BS30_A1S1_I_contrl_+-0.15mA_285mK_191103__IVB__T_1p40K[-0.000003375],2,up,2443,1.0,
D4.2__Fig 2__SQUID_data__IVI_BS30_A1S1_I_contrl_+-0.15mA_285mK_191103__IVB__T_1p40K[-0.000003750],0,up,2535,0.9988161010260458,
D4.2__Fig 2__SQUID_data__IVI_BS30_A1S1_I_contrl_+-0.15mA_285mK_191103__IVB__T_1p40K[-0.000003750],1,down,5022,0.9996016729735112,0.985990829235176
D4.2__Fig 2__SQUID_data__IVI_BS30_A1S1_I_contrl_+-0.15mA_285mK_191103__IVB__T_1p40K[-0.000003750],2,up,2443,1.0,
D4.2__Fig 2__SQUID_data__IVI_BS30_A1S1_I_contrl_+-0.15mA_285mK_191103__IVB__T_1p40K[-0.000004125],0,up,2535,0.9992107340173638,
D4.2__Fig 2__SQUID_data__IVI_BS30_A1S1_I_contrl_+-0.15mA_285mK_191103__IVB__T_1p40K[-0.000004125],1,down,5022,0.9994025094602669,0.9864195301971475
D4.2__Fig 2__SQUID_data__IVI_BS30_A1S1_I_contrl_+-0.15mA_285mK_191103__IVB__T_1p40K[-0.000004125],2,up,2443,1.0,
D4.2__Fig 2__SQUID_data__IVI_BS30_A1S1_I_contrl_+-0.15mA_285mK_191103__IVB__T_1p40K[-0.000004500],0,up,2534,0.9988156336360048,
D4.2__Fig 2__SQUID_data__IVI_BS30_A1S1_I_contrl_+-0.15mA_285mK_191103__IVB__T_1p40K[-0.000004500],1,down,5025,0.9994028662420382,0.9848041901014729
D4.2__Fig 2__SQUID_data__IVI_BS30_A1S1_I_contrl_+-0.15mA_285mK_191103__IVB__T_1p40K[-0.000004500],2,up,2441,1.0,
D4.2__Fig 2__SQUID_data__IVI_BS30_A1S1_I_contrl_+-0.15mA_285mK_191103__IVB__T_1p40K[-0.000004875],0,up,2535,0.9984214680347278,
D4.2__Fig 2__SQUID_data__IVI_BS30_A1S1_I_contrl_+-0.15mA_285mK_191103__IVB__T_1p40K[-0.000004875],1,down,5023,0.9994026284348865,0.9841394508051616
D4.2__Fig 2__SQUID_data__IVI_BS30_A1S1_I_contrl_+-0.15mA_285mK_191103__IVB__T_1p40K[-0.000004875],2,up,2442,1.0,
D4.2__Fig 2__SQUID_data__IVI_BS30_A1S1_I_contrl_+-0.15mA_285mK_191103__IVB__T_1p40K[-0.000005250],0,up,2534,0.9988156336360048,
D4.2__Fig 2__SQUID_data__IVI_BS30_A1S1_I_contrl_+-0.15mA_285mK_191103__IVB__T_1p40K[-0.000005250],1,down,5024,0.9992036631495123,0.9836430188475531
D4.2__Fig 2__SQUID_data__IVI_BS30_A1S1_I_contrl_+-0.15mA_285mK_191103__IVB__T_1p40K[-0.000005250],2,up,2442,1.0,
D4.2__Fig 2__SQUID_data__IVI_BS30_A1S1_I_contrl_+-0.15mA_285mK_191103__IVB__T_1p40K[-0.000005625],0,up,2535,0.9988161010260458,
D4.2__Fig 2__SQUID_data__IVI_BS30_A1S1_I_contrl_+-0.15mA_285mK_191103__IVB__T_1p40K[-0.000005625],1,down,5023,0.9996017522899243,0.9842098228109571
D4.2__Fig 2__SQUID_data__IVI_BS30_A1S1_I_contrl_+-0.15mA_285mK_191103__IVB__T_1p40K[-0.000005625],2,up,2442,1.0,
D4.2__Fig 2__SQUID_data__IVI_BS30_A1S1_I_contrl_+-0.15mA_285mK_191103__IVB__T_1p40K[-0.000006000],0,up,2534,0.9992104224240032,
D4.2__Fig 2__SQUID_data__IVI_BS30_A1S1_I_contrl_+-0.15mA_285mK_191103__IVB__T_1p40K[-0.000006000],1,down,5024,0.9996018315747561,0.9855514885332098
D4.2__Fig 2__SQUID_data__IVI_BS30_A1S1_I_contrl_+-0.15mA_285mK_191103__IVB__T_1p40K[-0.000006000],2,up,2442,1.0,
D4.2__Fig 2__SQUID_data__IVI_BS30_A1S1_I_contrl_+-0.15mA_285mK_191103__IVB__T_1p40K[-0.000006375],0,up,2535,0.9992107340173638,
D4.2__Fig 2__SQUID_data__IVI_BS30_A1S1_I_contrl_+-0.15mA_285mK_191103__IVB__T_1p40K[-0.000006375],1,down,5023,0.9998008761449622,0.9858097380141227
D4.2__Fig 2__SQUID_data__IVI_BS30_A1S1_I_contrl_+-0.15mA_285mK_191103__IVB__T_1p40K[-0.000006375],2,up,2442,1.0,
D4.2__Fig 2__SQUID_data__IVI_BS30_A1S1_I_contrl_+-0.15mA_285mK_191103__IVB__T_1p40K[-0.000006750],0,up,2535,0.9992107340173638,
D4.2__Fig 2__SQUID_data__IVI_BS30_A1S1_I_contrl_+-0.15mA_285mK_191103__IVB__T_1p40K[-0.000006750],1,down,5022,0.9994025094602669,0.9857745584498931
D4.2__Fig 2__SQUID_data__IVI_BS30_A1S1_I_contrl_+-0.15mA_285mK_191103__IVB__T_1p40K[-0.000006750],2,up,2443,0.9995904995904996,
D4.2__Fig 2__SQUID_data__IVI_BS30_A1S1_I_contrl_+-0.15mA_285mK_191103__IVB__T_1p40K[-0.000007125],0,up,2534,0.9992104224240032,
D4.2__Fig 2__SQUID_data__IVI_BS30_A1S1_I_contrl_+-0.15mA_285mK_191103__IVB__T_1p40K[-0.000007125],1,down,5025,0.9992038216560509,0.9861527995074824
D4.2__Fig 2__SQUID_data__IVI_BS30_A1S1_I_contrl_+-0.15mA_285mK_191103__IVB__T_1p40K[-0.000007125],2,up,2441,1.0,
D4.2__Fig 2__SQUID_data__IVI_BS30_A1S1_I_contrl_+-0.15mA_285mK_191103__IVB__T_1p40K[-0.000007500],0,up,2535,0.9992107340173638,
D4.2__Fig 2__SQUID_data__IVI_BS30_A1S1_I_contrl_+-0.15mA_285mK_191103__IVB__T_1p40K[-0.000007500],1,down,5022,0.9996016729735112,0.9862182316257133
D4.2__Fig 2__SQUID_data__IVI_BS30_A1S1_I_contrl_+-0.15mA_285mK_191103__IVB__T_1p40K[-0.000007500],2,up,2443,1.0,
D4.2__Fig 2__SQUID_data__IVI_BS30_A1S1_I_contrl_+-0.15mA_285mK_191103__IVB__T_1p40K[-0.000007875],0,up,2535,0.9992107340173638,
D4.2__Fig 2__SQUID_data__IVI_BS30_A1S1_I_contrl_+-0.15mA_285mK_191103__IVB__T_1p40K[-0.000007875],1,down,5023,0.9996017522899243,0.9854603007505344
D4.2__Fig 2__SQUID_data__IVI_BS30_A1S1_I_contrl_+-0.15mA_285mK_191103__IVB__T_1p40K[-0.000007875],2,up,2442,1.0,
D4.2__Fig 2__SQUID_data__IVI_BS30_A1S1_I_contrl_+-0.15mA_285mK_191103__IVB__T_1p40K[-0.000008250],0,up,2537,0.998422712933754,
D4.2__Fig 2__SQUID_data__IVI_BS30_A1S1_I_contrl_+-0.15mA_285mK_191103__IVB__T_1p40K[-0.000008250],1,down,5020,0.9998007571229328,0.9850492680050684
D4.2__Fig 2__SQUID_data__IVI_BS30_A1S1_I_contrl_+-0.15mA_285mK_191103__IVB__T_1p40K[-0.000008250],2,up,2443,1.0,
D4.2__Fig 2__SQUID_data__IVI_BS30_A1S1_I_contrl_+-0.15mA_285mK_191103__IVB__T_1p40K[-0.000008625],0,up,2535,0.999605367008682,
D4.2__Fig 2__SQUID_data__IVI_BS30_A1S1_I_contrl_+-0.15mA_285mK_191103__IVB__T_1p40K[-0.000008625],1,down,5022,0.9994025094602669,0.9852782335000839
D4.2__Fig 2__SQUID_data__IVI_BS30_A1S1_I_contrl_+-0.15mA_285mK_191103__IVB__T_1p40K[-0.000008625],2,up,2443,1.0,
D4.2__Fig 2__SQUID_data__IVI_BS30_A1S1_I_contrl_+-0.15mA_285mK_191103__IVB__T_1p40K[-0.000009000],0,up,2535,0.9992107340173638,
D4.2__Fig 2__SQUID_data__IVI_BS30_A1S1_I_contrl_+-0.15mA_285mK_191103__IVB__T_1p40K[-0.000009000],1,down,5022,0.9996016729735112,0.9836133643424995
D4.2__Fig 2__SQUID_data__IVI_BS30_A1S1_I_contrl_+-0.15mA_285mK_191103__IVB__T_1p40K[-0.000009000],2,up,2443,0.9995904995904996,
D4.2__Fig 2__SQUID_data__IVI_BS30_A1S1_I_contrl_+-0.15mA_285mK_191103__IVB__T_1p40K[-0.000009375],0,up,2535,0.9992107340173638,
D4.2__Fig 2__SQUID_data__IVI_BS30_A1S1_I_contrl_+-0.15mA_285mK_191103__IVB__T_1p40K[-0.000009375],1,down,5022,0.9994025094602669,0.9863269926986425
D4.2__Fig 2__SQUID_data__IVI_BS30_A1S1_I_contrl_+-0.15mA_285mK_191103__IVB__T_1p40K[-0.000009375],2,up,2443,1.0,
D4.2__Fig 2__SQUID_data__IVI_BS30_A1S1_I_contrl_+-0.15mA_285mK_191103__IVB__T_1p40K[-0.000009750],0,up,2535,0.999605367008682,
D4.2__Fig 2__SQUID_data__IVI_BS30_A1S1_I_contrl_+-0.15mA_285mK_191103__IVB__T_1p40K[-0.000009750],1,down,5023,0.9994026284348865,0.9843651775552136
D4.2__Fig 2__SQUID_data__IVI_BS30_A1S1_I_contrl_+-0.15mA_285mK_191103__IVB__T_1p40K[-0.000009750],2,up,2442,1.0,
D4.2__Fig 2__SQUID_data__IVI_BS30_A1S1_I_contrl_+-0.15mA_285mK_191103__IVB__T_1p40K[-0.000010125],0,up,2535,0.9992107340173638,
D4.2__Fig 2__SQUID_data__IVI_BS30_A1S1_I_contrl_+-0.15mA_285mK_191103__IVB__T_1p40K[-0.000010125],1,down,5023,0.9996017522899243,0.984826187090089
D4.2__Fig 2__SQUID_data__IVI_BS30_A1S1_I_contrl_+-0.15mA_285mK_191103__IVB__T_1p40K[-0.000010125],2,up,2442,1.0,
D4.2__Fig 2__SQUID_data__IVI_BS30_A1S1_I_contrl_+-0.15mA_285mK_191103__IVB__T_1p40K[-0.000010500],0,up,2535,0.9988161010260458,
D4.2__Fig 2__SQUID_data__IVI_BS30_A1S1_I_contrl_+-0.15mA_285mK_191103__IVB__T_1p40K[-0.000010500],1,down,5023,0.9994026284348865,0.9848760879544366
D4.2__Fig 2__SQUID_data__IVI_BS30_A1S1_I_contrl_+-0.15mA_285mK_191103__IVB__T_1p40K[-0.000010500],2,up,2442,1.0,
D4.2__Fig 2__SQUID_data__IVI_BS30_A1S1_I_contrl_+-0.15mA_285mK_191103__IVB__T_1p40K[-0.000010875],0,up,2536,0.998422090729783,
D4.2__Fig 2__SQUID_data__IVI_BS30_A1S1_I_contrl_+-0.15mA_285mK_191103__IVB__T_1p40K[-0.000010875],1,down,5021,0.999601593625498,0.9840200608479971
D4.2__Fig 2__SQUID_data__IVI_BS30_A1S1_I_contrl_+-0.15mA_285mK_191103__IVB__T_1p40K[-0.000010875],2,up,2443,1.0,
D4.2__Fig 2__SQUID_data__IVI_BS30_A1S1_I_contrl_+-0.15mA_285mK_191103__IVB__T_1p40K[-0.000011250],0,up,2535,0.9988161010260458,
D4.2__Fig 2__SQUID_data__IVI_BS30_A1S1_I_contrl_+-0.15mA_285mK_191103__IVB__T_1p40K[-0.000011250],1,down,5022,0.9994025094602669,0.9832709897822274
D4.2__Fig 2__SQUID_data__IVI_BS30_A1S1_I_contrl_+-0.15mA_285mK_191103__IVB__T_1p40K[-0.000011250],2,up,2443,1.0,
D4.2__Fig 2__SQUID_data__IVI_BS30_A1S1_I_contrl_+-0.15mA_285mK_191103__IVB__T_1p40K[-0.000011625],0,up,2534,0.9988156336360048,
D4.2__Fig 2__SQUID_data__IVI_BS30_A1S1_I_contrl_+-0.15mA_285mK_191103__IVB__T_1p40K[-0.000011625],1,down,5024,0.9996018315747561,0.9853157915265996
D4.2__Fig 2__SQUID_data__IVI_BS30_A1S1_I_contrl_+-0.15mA_285mK_191103__IVB__T_1p40K[-0.000011625],2,up,2442,1.0,
D4.2__Fig 2__SQUID_data__IVI_BS30_A1S1_I_contrl_+-0.15mA_285mK_191103__IVB__T_1p40K[-0.000012000],0,up,2535,0.9992107340173638,
D4.2__Fig 2__SQUID_data__IVI_BS30_A1S1_I_contrl_+-0.15mA_285mK_191103__IVB__T_1p40K[-0.000012000],1,down,5024,0.9992036631495123,0.9855574164421405
D4.2__Fig 2__SQUID_data__IVI_BS30_A1S1_I_contrl_+-0.15mA_285mK_191103__IVB__T_1p40K[-0.000012000],2,up,2441,1.0,
D4.2__Fig 2__SQUID_data__IVI_BS30_A1S1_I_contrl_+-0.15mA_285mK_191103__IVB__T_1p40K[-0.000012375],0,up,2535,0.9992107340173638,
D4.2__Fig 2__SQUID_data__IVI_BS30_A1S1_I_contrl_+-0.15mA_285mK_191103__IVB__T_1p40K[-0.000012375],1,down,5022,0.9996016729735112,0.9838171822514655
D4.2__Fig 2__SQUID_data__IVI_BS30_A1S1_I_contrl_+-0.15mA_285mK_191103__IVB__T_1p40K[-0.000012375],2,up,2443,1.0,
D4.2__Fig 2__SQUID_data__IVI_BS30_A1S1_I_contrl_+-0.15mA_285mK_191103__IVB__T_1p40K[-0.000012750],0,up,2535,0.9992107340173638,
D4.2__Fig 2__SQUID_data__IVI_BS30_A1S1_I_contrl_+-0.15mA_285mK_191103__IVB__T_1p40K[-0.000012750],1,down,5022,0.9996016729735112,0.9857213529383879
D4.2__Fig 2__SQUID_data__IVI_BS30_A1S1_I_contrl_+-0.15mA_285mK_191103__IVB__T_1p40K[-0.000012750],2,up,2443,1.0,
D4.2__Fig 2__SQUID_data__IVI_BS30_A1S1_I_contrl_+-0.15mA_285mK_191103__IVB__T_1p40K[-0.000013125],0,up,2535,0.9992107340173638,
D4.2__Fig 2__SQUID_data__IVI_BS30_A1S1_I_contrl_+-0.15mA_285mK_191103__IVB__T_1p40K[-0.000013125],1,down,5024,0.9994027473621342,0.985192949601205
D4.2__Fig 2__SQUID_data__IVI_BS30_A1S1_I_contrl_+-0.15mA_285mK_191103__IVB__T_1p40K[-0.000013125],2,up,2441,1.0,
D4.2__Fig 2__SQUID_data__IVI_BS30_A1S1_I_contrl_+-0.15mA_285mK_191103__IVB__T_1p40K[-0.000013500],0,up,2535,0.9988161010260458,
D4.2__Fig 2__SQUID_data__IVI_BS30_A1S1_I_contrl_+-0.15mA_285mK_191103__IVB__T_1p40K[-0.000013500],1,down,5023,0.9992035045798486,0.9847739115985447
D4.2__Fig 2__SQUID_data__IVI_BS30_A1S1_I_contrl_+-0.15mA_285mK_191103__IVB__T_1p40K[-0.000013500],2,up,2442,1.0,
D4.2__Fig 2__SQUID_data__IVI_BS30_A1S1_I_contrl_+-0.15mA_285mK_191103__IVB__T_1p40K[-0.000013875],0,up,2536,0.9992110453648915,
D4.2__Fig 2__SQUID_data__IVI_BS30_A1S1_I_contrl_+-0.15mA_285mK_191103__IVB__T_1p40K[-0.000013875],1,down,5021,0.999402390438247,0.9847036026490593
D4.2__Fig 2__SQUID_data__IVI_BS30_A1S1_I_contrl_+-0.15mA_285mK_191103__IVB__T_1p40K[-0.000013875],2,up,2443,1.0,
D4.2__Fig 2__SQUID_data__IVI_BS30_A1S1_I_contrl_+-0.15mA_285mK_191103__IVB__T_1p40K[-0.000014250],0,up,2534,0.9992104224240032,
D4.2__Fig 2__SQUID_data__IVI_BS30_A1S1_I_contrl_+-0.15mA_285mK_191103__IVB__T_1p40K[-0.000014250],1,down,5023,0.9996017522899243,0.9862824031511953
D4.2__Fig 2__SQUID_data__IVI_BS30_A1S1_I_contrl_+-0.15mA_285mK_191103__IVB__T_1p40K[-0.000014250],2,up,2443,1.0,
D4.2__Fig 2__SQUID_data__IVI_BS30_A1S1_I_contrl_+-0.15mA_285mK_191103__IVB__T_1p40K[-0.000014625],0,up,2534,0.9996052112120016,
D4.2__Fig 2__SQUID_data__IVI_BS30_A1S1_I_contrl_+-0.15mA_285mK_191103__IVB__T_1p40K[-0.000014625],1,down,5024,0.9992036631495123,0.98472078282241
D4.2__Fig 2__SQUID_data__IVI_BS30_A1S1_I_contrl_+-0.15mA_285mK_191103__IVB__T_1p40K[-0.000014625],2,up,2442,1.0,
D4.2__Fig 2__SQUID_data__IVI_BS30_A1S1_I_contrl_+-0.15mA_285mK_191103__IVB__T_1p40K[-0.000015000],0,up,2535,0.9984214680347278,
D4.2__Fig 2__SQUID_data__IVI_BS30_A1S1_I_contrl_+-0.15mA_285mK_191103__IVB__T_1p40K[-0.000015000],1,down,5023,0.9994026284348865,0.9844633695736391
D4.2__Fig 2__SQUID_data__IVI_BS30_A1S1_I_contrl_+-0.15mA_285mK_191103__IVB__T_1p40K[-0.000015000],2,up,2442,1.0,
D4.2__Fig 2__SQUID_data__IVI_BS30_A1S1_I_contrl_+-0.15mA_285mK_191103__IVB__T_1p40K[-0.000015375],0,up,2536,0.9988165680473373,
D4.2__Fig 2__SQUID_data__IVI_BS30_A1S1_I_contrl_+-0.15mA_285mK_191103__IVB__T_1p40K[-0.000015375],1,down,5022,0.9994025094602669,0.9852447646357289
D4.2__Fig 2__SQUID_data__IVI_BS30_A1S1_I_contrl_+-0.15mA_285mK_191103__IVB__T_1p40K[-0.000015375],2,up,2442,1.0,
D4.2__Fig 2__SQUID_data__IVI_BS30_A1S1_I_contrl_+-0.15mA_285mK_191103__IVB__T_1p40K[-0.000015750],0,up,2535,0.9992107340173638,
D4.2__Fig 2__SQUID_data__IVI_BS30_A1S1_I_contrl_+-0.15mA_285mK_191103__IVB__T_1p40K[-0.000015750],1,down,5024,0.9996018315747561,0.9846294577579555
D4.2__Fig 2__SQUID_data__IVI_BS30_A1S1_I_contrl_+-0.15mA_285mK_191103__IVB__T_1p40K[-0.000015750],2,up,2441,1.0,
D4.2__Fig 2__SQUID_data__IVI_BS30_A1S1_I_contrl_+-0.15mA_285mK_191103__IVB__T_1p40K[-0.000016125],0,up,2536,0.9992110453648915,
D4.2__Fig 2__SQUID_data__IVI_BS30_A1S1_I_contrl_+-0.15mA_285mK_191103__IVB__T_1p40K[-0.000016125],1,down,5022,0.9992033459470225,0.9853481804997676
D4.2__Fig 2__SQUID_data__IVI_BS30_A1S1_I_contrl_+-0.15mA_285mK_191103__IVB__T_1p40K[-0.000016125],2,up,2442,0.9995903318312167,
D4.2__Fig 2__SQUID_data__IVI_BS30_A1S1_I_contrl_+-0.15mA_285mK_191103__IVB__T_1p40K[-0.000016500],0,up,2535,0.9988161010260458,
D4.2__Fig 2__SQUID_data__IVI_BS30_A1S1_I_contrl_+-0.15mA_285mK_191103__IVB__T_1p40K[-0.000016500],1,down,5023,0.9996017522899243,0.9846766432368085
D4.2__Fig 2__SQUID_data__IVI_BS30_A1S1_I_contrl_+-0.15mA_285mK_191103__IVB__T_1p40K[-0.000016500],2,up,2442,1.0,
D4.2__Fig 2__SQUID_data__IVI_BS30_A1S1_I_contrl_+-0.15mA_285mK_191103__IVB__T_1p40K[-0.000016875],0,up,2535,0.9992107340173638,
D4.2__Fig 2__SQUID_data__IVI_BS30_A1S1_I_contrl_+-0.15mA_285mK_191103__IVB__T_1p40K[-0.000016875],1,down,5022,0.9998008364867557,0.9846333654672117
D4.2__Fig 2__SQUID_data__IVI_BS30_A1S1_I_contrl_+-0.15mA_285mK_191103__IVB__T_1p40K[-0.000016875],2,up,2443,1.0,
D4.2__Fig 2__SQUID_data__IVI_BS30_A1S1_I_contrl_+-0.15mA_285mK_191103__IVB__T_1p40K[-0.000017250],0,up,2535,0.9988161010260458,
D4.2__Fig 2__SQUID_data__IVI_BS30_A1S1_I_contrl_+-0.15mA_285mK_191103__IVB__T_1p40K[-0.000017250],1,down,5023,0.9992035045798486,0.9852194275553843
D4.2__Fig 2__SQUID_data__IVI_BS30_A1S1_I_contrl_+-0.15mA_285mK_191103__IVB__T_1p40K[-0.000017250],2,up,2442,1.0,
D4.2__Fig 2__SQUID_data__IVI_BS30_A1S1_I_contrl_+-0.15mA_285mK_191103__IVB__T_1p40K[-0.000017625],0,up,2534,0.9988156336360048,
D4.2__Fig 2__SQUID_data__IVI_BS30_A1S1_I_contrl_+-0.15mA_285mK_191103__IVB__T_1p40K[-0.000017625],1,down,5024,0.9996018315747561,0.9852505829226422
D4.2__Fig 2__SQUID_data__IVI_BS30_A1S1_I_contrl_+-0.15mA_285mK_191103__IVB__T_1p40K[-0.000017625],2,up,2442,1.0,
D4.2__Fig 2__SQUID_data__IVI_BS30_A1S1_I_contrl_+-0.15mA_285mK_191103__IVB__T_1p40K[-0.000018000],0,up,2535,0.9992107340173638,
D4.2__Fig 2__SQUID_data__IVI_BS30_A1S1_I_contrl_+-0.15mA_285mK_191103__IVB__T_1p40K[-0.000018000],1,down,5022,0.9994025094602669,0.9836051070928609
D4.2__Fig 2__SQUID_data__IVI_BS30_A1S1_I_contrl_+-0.15mA_285mK_191103__IVB__T_1p40K[-0.000018000],2,up,2443,1.0,
D4.2__Fig 2__SQUID_data__IVI_BS30_A1S1_I_contrl_+-0.15mA_285mK_191103__IVB__T_1p40K[-0.000018375],0,up,2534,0.9988156336360048,
D4.2__Fig 2__SQUID_data__IVI_BS30_A1S1_I_contrl_+-0.15mA_285mK_191103__IVB__T_1p40K[-0.000018375],1,down,5023,0.9994026284348865,0.9835840295915856
D4.2__Fig 2__SQUID_data__IVI_BS30_A1S1_I_contrl_+-0.15mA_285mK_191103__IVB__T_1p40K[-0.000018375],2,up,2443,0.9995904995904996,
D4.2__Fig 2__SQUID_data__IVI_BS30_A1S1_I_contrl_+-0.15mA_285mK_191103__IVB__T_1p40K[-0.000018750],0,up,2534,0.9988156336360048,
D4.2__Fig 2__SQUID_data__IVI_BS30_A1S1_I_contrl_+-0.15mA_285mK_191103__IVB__T_1p40K[-0.000018750],1,down,5023,0.9996017522899243,0.9841073446065671
D4.2__Fig 2__SQUID_data__IVI_BS30_A1S1_I_contrl_+-0.15mA_285mK_191103__IVB__T_1p40K[-0.000018750],2,up,2443,1.0,
D4.2__Fig 2__SQUID_data__IVI_BS30_A1S1_I_contrl_+-0.15mA_285mK_191103__IVB__T_1p40K[-0.000019125],0,up,2534,0.9992104224240032,
D4.2__Fig 2__SQUID_data__IVI_BS30_A1S1_I_contrl_+-0.15mA_285mK_191103__IVB__T_1p40K[-0.000019125],1,down,5024,0.9994027473621342,0.9844652639547632
D4.2__Fig 2__SQUID_data__IVI_BS30_A1S1_I_contrl_+-0.15mA_285mK_191103__IVB__T_1p40K[-0.000019125],2,up,2442,1.0,
D4.2__Fig 2__SQUID_data__IVI_BS30_A1S1_I_contrl_+-0.15mA_285mK_191103__IVB__T_1p40K[-0.000019500],0,up,2534,0.9992104224240032,
D4.2__Fig 2__SQUID_data__IVI_BS30_A1S1_I_contrl_+-0.15mA_285mK_191103__IVB__T_1p40K[-0.000019500],1,down,5024,0.9996018315747561,0.9853141174773998
D4.2__Fig 2__SQUID_data__IVI_BS30_A1S1_I_contrl_+-0.15mA_285mK_191103__IVB__T_1p40K[-0.000019500],2,up,2442,1.0,
D4.2__Fig 2__SQUID_data__IVI_BS30_A1S1_I_contrl_+-0.15mA_285mK_191103__IVB__T_1p40K[-0.000019875],0,up,2535,0.9988161010260458,
D4.2__Fig 2__SQUID_data__IVI_BS30_A1S1_I_contrl_+-0.15mA_285mK_191103__IVB__T_1p40K[-0.000019875],1,down,5022,0.9996016729735112,0.9857054839307079
D4.2__Fig 2__SQUID_data__IVI_BS30_A1S1_I_contrl_+-0.15mA_285mK_191103__IVB__T_1p40K[-0.000019875],2,up,2443,1.0,
D4.2__Fig 2__SQUID_data__IVI_BS30_A1S1_I_contrl_+-0.15mA_285mK_191103__IVB__T_1p40K[-0.000020250],0,up,2534,0.9992104224240032,
D4.2__Fig 2__SQUID_data__IVI_BS30_A1S1_I_contrl_+-0.15mA_285mK_191103__IVB__T_1p40K[-0.000020250],1,down,5023,0.9996017522899243,0.9860904707270423
D4.2__Fig 2__SQUID_data__IVI_BS30_A1S1_I_contrl_+-0.15mA_285mK_191103__IVB__T_1p40K[-0.000020250],2,up,2443,1.0,
D4.2__Fig 2__SQUID_data__IVI_BS30_A1S1_I_contrl_+-0.15mA_285mK_191103__IVB__T_1p40K[-0.000020625],0,up,2534,0.9992104224240032,
D4.2__Fig 2__SQUID_data__IVI_BS30_A1S1_I_contrl_+-0.15mA_285mK_191103__IVB__T_1p40K[-0.000020625],1,down,5024,0.9998009157873781,0.9852073048542144
D4.2__Fig 2__SQUID_data__IVI_BS30_A1S1_I_contrl_+-0.15mA_285mK_191103__IVB__T_1p40K[-0.000020625],2,up,2442,1.0,
D4.2__Fig 2__SQUID_data__IVI_BS30_A1S1_I_contrl_+-0.15mA_285mK_191103__IVB__T_1p40K[-0.000021000],0,up,2535,0.9988161010260458,
D4.2__Fig 2__SQUID_data__IVI_BS30_A1S1_I_contrl_+-0.15mA_285mK_191103__IVB__T_1p40K[-0.000021000],1,down,5022,0.9998008364867557,0.9842673875224615
D4.2__Fig 2__SQUID_data__IVI_BS30_A1S1_I_contrl_+-0.15mA_285mK_191103__IVB__T_1p40K[-0.000021000],2,up,2443,1.0,
D4.2__Fig 2__SQUID_data__IVI_BS30_A1S1_I_contrl_+-0.15mA_285mK_191103__IVB__T_1p40K[-0.000021375],0,up,2534,0.9992104224240032,
D4.2__Fig 2__SQUID_data__IVI_BS30_A1S1_I_contrl_+-0.15mA_285mK_191103__IVB__T_1p40K[-0.000021375],1,down,5023,0.9996017522899243,0.9832488608292774
D4.2__Fig 2__SQUID_data__IVI_BS30_A1S1_I_contrl_+-0.15mA_285mK_191103__IVB__T_1p40K[-0.000021375],2,up,2443,1.0,
D4.2__Fig 2__SQUID_data__IVI_BS30_A1S1_I_contrl_+-0.15mA_285mK_191103__IVB__T_1p40K[-0.000021750],0,up,2534,0.9988156336360048,
D4.2__Fig 2__SQUID_data__IVI_BS30_A1S1_I_contrl_+-0.15mA_285mK_191103__IVB__T_1p40K[-0.000021750],1,down,5023,0.9998008761449622,0.9838183387188383
D4.2__Fig 2__SQUID_data__IVI_BS30_A1S1_I_contrl_+-0.15mA_285mK_191103__IVB__T_1p40K[-0.000021750],2,up,2443,0.9995904995904996,
D4.2__Fig 2__SQUID_data__IVI_BS30_A1S1_I_contrl_+-0.15mA_285mK_191103__IVB__T_1p40K[-0.000022125],0,up,2535,0.9992107340173638,
D4.2__Fig 2__SQUID_data__IVI_BS30_A1S1_I_contrl_+-0.15mA_285mK_191103__IVB__T_1p40K[-0.000022125],1,down,5023,0.9994026284348865,0.9850274136960901
D4.2__Fig 2__SQUID_data__IVI_BS30_A1S1_I_contrl_+-0.15mA_285mK_191103__IVB__T_1p40K[-0.000022125],2,up,2442,1.0,
D4.2__Fig 2__SQUID_data__IVI_BS30_A1S1_I_contrl_+-0.15mA_285mK_191103__IVB__T_1p40K[-0.000022500],0,up,2534,0.9996052112120016,
D4.2__Fig 2__SQUID_data__IVI_BS30_A1S1_I_contrl_+-0.15mA_285mK_191103__IVB__T_1p40K[-0.000022500],1,down,5023,0.9996017522899243,0.9856438919695938
D4.2__Fig 2__SQUID_data__IVI_BS30_A1S1_I_contrl_+-0.15mA_285mK_191103__IVB__T_1p40K[-0.000022500],2,up,2443,0.9995904995904996,
D4.2__Fig 2__SQUID_data__IVI_BS30_A1S1_I_contrl_+-0.15mA_285mK_191103__IVB__T_1p40K[-0.000022875],0,up,2534,0.9992104224240032,
D4.2__Fig 2__SQUID_data__IVI_BS30_A1S1_I_contrl_+-0.15mA_285mK_191103__IVB__T_1p40K[-0.000022875],1,down,5024,0.9994027473621342,0.9857951855442872
D4.2__Fig 2__SQUID_data__IVI_BS30_A1S1_I_contrl_+-0.15mA_285mK_191103__IVB__T_1p40K[-0.000022875],2,up,2442,0.9995903318312167,
D4.2__Fig 2__SQUID_data__IVI_BS30_A1S1_I_contrl_+-0.15mA_285mK_191103__IVB__T_1p40K[-0.000023250],0,up,2536,0.9988165680473373,
D4.2__Fig 2__SQUID_data__IVI_BS30_A1S1_I_contrl_+-0.15mA_285mK_191103__IVB__T_1p40K[-0.000023250],1,down,5022,0.9996016729735112,0.9855561485002263
D4.2__Fig 2__SQUID_data__IVI_BS30_A1S1_I_contrl_+-0.15mA_285mK_191103__IVB__T_1p40K[-0.000023250],2,up,2442,1.0,
D4.2__Fig 2__SQUID_data__IVI_BS30_A1S1_I_contrl_+-0.15mA_285mK_191103__IVB__T_1p40K[-0.000023625],0,up,2535,0.9992107340173638,
D4.2__Fig 2__SQUID_data__IVI_BS30_A1S1_I_contrl_+-0.15mA_285mK_191103__IVB__T_1p40K[-0.000023625],1,down,5022,0.9996016729735112,0.9858593766434349
D4.2__Fig 2__SQUID_data__IVI_BS30_A1S1_I_contrl_+-0.15mA_285mK_191103__IVB__T_1p40K[-0.000023625],2,up,2443,1.0,
D4.2__Fig 2__SQUID_data__IVI_BS30_A1S1_I_contrl_+-0.15mA_285mK_191103__IVB__T_1p40K[-0.000024000],0,up,2534,0.9992104224240032,
D4.2__Fig 2__SQUID_data__IVI_BS30_A1S1_I_contrl_+-0.15mA_285mK_191103__IVB__T_1p40K[-0.000024000],1,down,5024,0.9994027473621342,0.9861930759815681
D4.2__Fig 2__SQUID_data__IVI_BS30_A1S1_I_contrl_+-0.15mA_285mK_191103__IVB__T_1p40K[-0.000024000],2,up,2442,1.0,
D4.2__Fig 2__SQUID_data__IVI_BS30_A1S1_I_contrl_+-0.15mA_285mK_191103__IVB__T_1p40K[-0.000024375],0,up,2535,0.9992107340173638,
D4.2__Fig 2__SQUID_data__IVI_BS30_A1S1_I_contrl_+-0.15mA_285mK_191103__IVB__T_1p40K[-0.000024375],1,down,5022,0.9998008364867557,0.986033737045753
D4.2__Fig 2__SQUID_data__IVI_BS30_A1S1_I_contrl_+-0.15mA_285mK_191103__IVB__T_1p40K[-0.000024375],2,up,2443,1.0,
D4.2__Fig 2__SQUID_data__IVI_BS30_A1S1_I_contrl_+-0.15mA_285mK_191103__IVB__T_1p40K[-0.000024750],0,up,2534,0.9992104224240032,
D4.2__Fig 2__SQUID_data__IVI_BS30_A1S1_I_contrl_+-0.15mA_285mK_191103__IVB__T_1p40K[-0.000024750],1,down,5024,0.9994027473621342,0.9850832301594291
D4.2__Fig 2__SQUID_data__IVI_BS30_A1S1_I_contrl_+-0.15mA_285mK_191103__IVB__T_1p40K[-0.000024750],2,up,2442,1.0,
D4.2__Fig 2__SQUID_data__IVI_BS30_A1S1_I_contrl_+-0.15mA_285mK_191103__IVB__T_1p40K[-0.000025125],0,up,2534,0.9996052112120016,
D4.2__Fig 2__SQUID_data__IVI_BS30_A1S1_I_contrl_+-0.15mA_285mK_191103__IVB__T_1p40K[-0.000025125],1,down,5023,0.9996017522899243,0.9842755154715828
D4.2__Fig 2__SQUID_data__IVI_BS30_A1S1_I_contrl_+-0.15mA_285mK_191103__IVB__T_1p40K[-0.000025125],2,up,2443,1.0,
D4.2__Fig 2__SQUID_data__IVI_BS30_A1S1_I_contrl_+-0.15mA_285mK_191103__IVB__T_1p40K[-0.000025500],0,up,2534,0.9988156336360048,
D4.2__Fig 2__SQUID_data__IVI_BS30_A1S1_I_contrl_+-0.15mA_285mK_191103__IVB__T_1p40K[-0.000025500],1,down,5024,0.9994027473621342,0.9835440042240898
D4.2__Fig 2__SQUID_data__IVI_BS30_A1S1_I_contrl_+-0.15mA_285mK_191103__IVB__T_1p40K[-0.000025500],2,up,2442,0.9995903318312167,
D4.2__Fig 2__SQUID_data__IVI_BS30_A1S1_I_contrl_+-0.15mA_285mK_191103__IVB__T_1p40K[-0.000025875],0,up,2535,0.999605367008682,
D4.2__Fig 2__SQUID_data__IVI_BS30_A1S1_I_contrl_+-0.15mA_285mK_191103__IVB__T_1p40K[-0.000025875],1,down,5023,0.9996017522899243,0.9836199586612148
D4.2__Fig 2__SQUID_data__IVI_BS30_A1S1_I_contrl_+-0.15mA_285mK_191103__IVB__T_1p40K[-0.000025875],2,up,2442,1.0,
D4.2__Fig 2__SQUID_data__IVI_BS30_A1S1_I_contrl_+-0.15mA_285mK_191103__IVB__T_1p40K[-0.000026250],0,up,2535,0.9984214680347278,
D4.2__Fig 2__SQUID_data__IVI_BS30_A1S1_I_contrl_+-0.15mA_285mK_191103__IVB__T_1p40K[-0.000026250],1,down,5023,0.9996017522899243,0.9836973335709056
D4.2__Fig 2__SQUID_data__IVI_BS30_A1S1_I_contrl_+-0.15mA_285mK_191103__IVB__T_1p40K[-0.000026250],2,up,2442,1.0,
D4.2__Fig 2__SQUID_data__IVI_BS30_A1S1_I_contrl_+-0.15mA_285mK_191103__IVB__T_1p40K[-0.000026625],0,up,2534,0.9988156336360048,
D4.2__Fig 2__SQUID_data__IVI_BS30_A1S1_I_contrl_+-0.15mA_285mK_191103__IVB__T_1p40K[-0.000026625],1,down,5024,0.9992036631495123,0.9833984727133133
D4.2__Fig 2__SQUID_data__IVI_BS30_A1S1_I_contrl_+-0.15mA_285mK_191103__IVB__T_1p40K[-0.000026625],2,up,2442,1.0,
D4.2__Fig 2__SQUID_data__IVI_BS30_A1S1_I_contrl_+-0.15mA_285mK_191103__IVB__T_1p40K[-0.000027000],0,up,2535,0.9984214680347278,
D4.2__Fig 2__SQUID_data__IVI_BS30_A1S1_I_contrl_+-0.15mA_285mK_191103__IVB__T_1p40K[-0.000027000],1,down,5022,0.9998008364867557,0.9833327752073628
D4.2__Fig 2__SQUID_data__IVI_BS30_A1S1_I_contrl_+-0.15mA_285mK_191103__IVB__T_1p40K[-0.000027000],2,up,2443,1.0,
D4.2__Fig 2__SQUID_data__IVI_BS30_A1S1_I_contrl_+-0.15mA_285mK_191103__IVB__T_1p40K[-0.000027375],0,up,2534,0.9992104224240032,
D4.2__Fig 2__SQUID_data__IVI_BS30_A1S1_I_contrl_+-0.15mA_285mK_191103__IVB__T_1p40K[-0.000027375],1,down,5023,0.9998008761449622,0.9838909967656847
D4.2__Fig 2__SQUID_data__IVI_BS30_A1S1_I_contrl_+-0.15mA_285mK_191103__IVB__T_1p40K[-0.000027375],2,up,2443,1.0,
D4.2__Fig 2__SQUID_data__IVI_BS30_A1S1_I_contrl_+-0.15mA_285mK_191103__IVB__T_1p40K[-0.000027750],0,up,2535,0.9980268350434096,
D4.2__Fig 2__SQUID_data__IVI_BS30_A1S1_I_contrl_+-0.15mA_285mK_191103__IVB__T_1p40K[-0.000027750],1,down,5022,0.9998008364867557,0.9845930455909615
D4.2__Fig 2__SQUID_data__IVI_BS30_A1S1_I_contrl_+-0.15mA_285mK_191103__IVB__T_1p40K[-0.000027750],2,up,2443,1.0,
D4.2__Fig 2__SQUID_data__IVI_BS30_A1S1_I_contrl_+-0.15mA_285mK_191103__IVB__T_1p40K[-0.000028125],0,up,2535,0.9992107340173638,
D4.2__Fig 2__SQUID_data__IVI_BS30_A1S1_I_contrl_+-0.15mA_285mK_191103__IVB__T_1p40K[-0.000028125],1,down,5023,0.9994026284348865,0.9847688279064946
D4.2__Fig 2__SQUID_data__IVI_BS30_A1S1_I_contrl_+-0.15mA_285mK_191103__IVB__T_1p40K[-0.000028125],2,up,2442,1.0,
D4.2__Fig 2__SQUID_data__IVI_BS30_A1S1_I_contrl_+-0.15mA_285mK_191103__IVB__T_1p40K[-0.000028500],0,up,2536,0.998422090729783,
D4.2__Fig 2__SQUID_data__IVI_BS30_A1S1_I_contrl_+-0.15mA_285mK_191103__IVB__T_1p40K[-0.000028500],1,down,5021,0.999402390438247,0.9840483119544547
D4.2__Fig 2__SQUID_data__IVI_BS30_A1S1_I_contrl_+-0.15mA_285mK_191103__IVB__T_1p40K[-0.000028500],2,up,2443,1.0,
D4.2__Fig 2__SQUID_data__IVI_BS30_A1S1_I_contrl_+-0.15mA_285mK_191103__IVB__T_1p40K[-0.000028875],0,up,2534,0.9988156336360048,
D4.2__Fig 2__SQUID_data__IVI_BS30_A1S1_I_contrl_+-0.15mA_285mK_191103__IVB__T_1p40K[-0.000028875],1,down,5023,0.9996017522899243,0.983970548495957
D4.2__Fig 2__SQUID_data__IVI_BS30_A1S1_I_contrl_+-0.15mA_285mK_191103__IVB__T_1p40K[-0.000028875],2,up,2443,1.0,
D4.2__Fig 2__SQUID_data__IVI_BS30_A1S1_I_contrl_+-0.15mA_285mK_191103__IVB__T_1p40K[-0.000029250],0,up,2534,0.9992104224240032,
D4.2__Fig 2__SQUID_data__IVI_BS30_A1S1_I_contrl_+-0.15mA_285mK_191103__IVB__T_1p40K[-0.000029250],1,down,5024,0.9992036631495123,0.9846690424605806
D4.2__Fig 2__SQUID_data__IVI_BS30_A1S1_I_contrl_+-0.15mA_285mK_191103__IVB__T_1p40K[-0.000029250],2,up,2442,1.0,
D4.2__Fig 2__SQUID_data__IVI_BS30_A1S1_I_contrl_+-0.15mA_285mK_191103__IVB__T_1p40K[-0.000029625],0,up,2536,0.9988165680473373,
D4.2__Fig 2__SQUID_data__IVI_BS30_A1S1_I_contrl_+-0.15mA_285mK_191103__IVB__T_1p40K[-0.000029625],1,down,5021,0.999601593625498,0.9858380022864184
D4.2__Fig 2__SQUID_data__IVI_BS30_A1S1_I_contrl_+-0.15mA_285mK_191103__IVB__T_1p40K[-0.000029625],2,up,2443,1.0,
D4.2__Fig 2__SQUID_data__IVI_BS30_A1S1_I_contrl_+-0.15mA_285mK_191103__IVB__T_1p40K[-0.000030000],0,up,2535,0.9992107340173638,
D4.2__Fig 2__SQUID_data__IVI_BS30_A1S1_I_contrl_+-0.15mA_285mK_191103__IVB__T_1p40K[-0.000030000],1,down,5023,0.9994026284348865,0.9865641154543465
D4.2__Fig 2__SQUID_data__IVI_BS30_A1S1_I_contrl_+-0.15mA_285mK_191103__IVB__T_1p40K[-0.000030000],2,up,2442,1.0,
D4.2__Fig 2__SQUID_data__IVI_BS30_A1S1_I_contrl_+-0.15mA_285mK_191103__IVB__T_1p40K[-0.000030375],0,up,2534,0.9996052112120016,
D4.2__Fig 2__SQUID_data__IVI_BS30_A1S1_I_contrl_+-0.15mA_285mK_191103__IVB__T_1p40K[-0.000030375],1,down,5024,0.9996018315747561,0.986454885388726
D4.2__Fig 2__SQUID_data__IVI_BS30_A1S1_I_contrl_+-0.15mA_285mK_191103__IVB__T_1p40K[-0.000030375],2,up,2442,1.0,
D4.2__Fig 2__SQUID_data__IVI_BS30_A1S1_I_contrl_+-0.15mA_285mK_191103__IVB__T_1p40K[-0.000030750],0,up,2535,0.9984214680347278,
D4.2__Fig 2__SQUID_data__IVI_BS30_A1S1_I_contrl_+-0.15mA_285mK_191103__IVB__T_1p40K[-0.000030750],1,down,5024,0.9996018315747561,0.9861601294230473
D4.2__Fig 2__SQUID_data__IVI_BS30_A1S1_I_contrl_+-0.15mA_285mK_191103__IVB__T_1p40K[-0.000030750],2,up,2441,1.0,
D4.2__Fig 2__SQUID_data__IVI_BS30_A1S1_I_contrl_+-0.15mA_285mK_191103__IVB__T_1p40K[-0.000031125],0,up,2535,0.9992107340173638,
D4.2__Fig 2__SQUID_data__IVI_BS30_A1S1_I_contrl_+-0.15mA_285mK_191103__IVB__T_1p40K[-0.000031125],1,down,5023,0.9994026284348865,0.9863715520149602
D4.2__Fig 2__SQUID_data__IVI_BS30_A1S1_I_contrl_+-0.15mA_285mK_191103__IVB__T_1p40K[-0.000031125],2,up,2442,1.0,
D4.2__Fig 2__SQUID_data__IVI_BS30_A1S1_I_contrl_+-0.15mA_285mK_191103__IVB__T_1p40K[-0.000031500],0,up,2535,0.999605367008682,
D4.2__Fig 2__SQUID_data__IVI_BS30_A1S1_I_contrl_+-0.15mA_285mK_191103__IVB__T_1p40K[-0.000031500],1,down,5023,0.9996017522899243,0.9860989198918554
D4.2__Fig 2__SQUID_data__IVI_BS30_A1S1_I_contrl_+-0.15mA_285mK_191103__IVB__T_1p40K[-0.000031500],2,up,2442,1.0,
D4.2__Fig 2__SQUID_data__IVI_BS30_A1S1_I_contrl_+-0.15mA_285mK_191103__IVB__T_1p40K[-0.000031875],0,up,2535,0.9992107340173638,
D4.2__Fig 2__SQUID_data__IVI_BS30_A1S1_I_contrl_+-0.15mA_285mK_191103__IVB__T_1p40K[-0.000031875],1,down,5023,0.9994026284348865,0.9860281989079713
D4.2__Fig 2__SQUID_data__IVI_BS30_A1S1_I_contrl_+-0.15mA_285mK_191103__IVB__T_1p40K[-0.000031875],2,up,2442,1.0,
D4.2__Fig 2__SQUID_data__IVI_BS30_A1S1_I_contrl_+-0.15mA_285mK_191103__IVB__T_1p40K[-0.000032250],0,up,2535,0.9988161010260458,
D4.2__Fig 2__SQUID_data__IVI_BS30_A1S1_I_contrl_+-0.15mA_285mK_191103__IVB__T_1p40K[-0.000032250],1,down,5023,0.9994026284348865,0.9864236706836302
D4.2__Fig 2__SQUID_data__IVI_BS30_A1S1_I_contrl_+-0.15mA_285mK_191103__IVB__T_1p40K[-0.000032250],2,up,2442,1.0,
D4.2__Fig 2__SQUID_data__IVI_BS30_A1S1_I_contrl_+-0.15mA_285mK_191103__IVB__T_1p40K[-0.000032625],0,up,2533,0.9992101105845181,
D4.2__Fig 2__SQUID_data__IVI_BS30_A1S1_I_contrl_+-0.15mA_285mK_191103__IVB__T_1p40K[-0.000032625],1,down,5025,0.9998009554140127,0.9863187986791669
D4.2__Fig 2__SQUID_data__IVI_BS30_A1S1_I_contrl_+-0.15mA_285mK_191103__IVB__T_1p40K[-0.000032625],2,up,2442,1.0,
D4.2__Fig 2__SQUID_data__IVI_BS30_A1S1_I_contrl_+-0.15mA_285mK_191103__IVB__T_1p40K[-0.000033000],0,up,2535,0.9988161010260458,
D4.2__Fig 2__SQUID_data__IVI_BS30_A1S1_I_contrl_+-0.15mA_285mK_191103__IVB__T_1p40K[-0.000033000],1,down,5022,0.9998008364867557,0.9854676467040948
D4.2__Fig 2__SQUID_data__IVI_BS30_A1S1_I_contrl_+-0.15mA_285mK_191103__IVB__T_1p40K[-0.000033000],2,up,2443,1.0,
D4.2__Fig 2__SQUID_data__IVI_BS30_A1S1_I_contrl_+-0.15mA_285mK_191103__IVB__T_1p40K[-0.000033375],0,up,2535,0.9992107340173638,
D4.2__Fig 2__SQUID_data__IVI_BS30_A1S1_I_contrl_+-0.15mA_285mK_191103__IVB__T_1p40K[-0.000033375],1,down,5023,0.9994026284348865,0.9842308286141583
D4.2__Fig 2__SQUID_data__IVI_BS30_A1S1_I_contrl_+-0.15mA_285mK_191103__IVB__T_1p40K[-0.000033375],2,up,2442,1.0,
D4.2__Fig 2__SQUID_data__IVI_BS30_A1S1_I_contrl_+-0.15mA_285mK_191103__IVB__T_1p40K[-0.000033750],0,up,2535,0.9988161010260458,
D4.2__Fig 2__SQUID_data__IVI_BS30_A1S1_I_contrl_+-0.15mA_285mK_191103__IVB__T_1p40K[-0.000033750],1,down,5023,0.9996017522899243,0.9843327886078886
D4.2__Fig 2__SQUID_data__IVI_BS30_A1S1_I_contrl_+-0.15mA_285mK_191103__IVB__T_1p40K[-0.000033750],2,up,2442,1.0,
D4.2__Fig 2__SQUID_data__IVI_BS30_A1S1_I_contrl_+-0.15mA_285mK_191103__IVB__T_1p40K[-0.000034125],0,up,2534,0.9996052112120016,
D4.2__Fig 2__SQUID_data__IVI_BS30_A1S1_I_contrl_+-0.15mA_285mK_191103__IVB__T_1p40K[-0.000034125],1,down,5024,0.9996018315747561,0.9858300711758508
D4.2__Fig 2__SQUID_data__IVI_BS30_A1S1_I_contrl_+-0.15mA_285mK_191103__IVB__T_1p40K[-0.000034125],2,up,2442,1.0,
D4.2__Fig 2__SQUID_data__IVI_BS30_A1S1_I_contrl_+-0.15mA_285mK_191103__IVB__T_1p40K[-0.000034500],0,up,2535,0.9992107340173638,
D4.2__Fig 2__SQUID_data__IVI_BS30_A1S1_I_contrl_+-0.15mA_285mK_191103__IVB__T_1p40K[-0.000034500],1,down,5023,0.9994026284348865,0.9860729219519886
D4.2__Fig 2__SQUID_data__IVI_BS30_A1S1_I_contrl_+-0.15mA_285mK_191103__IVB__T_1p40K[-0.000034500],2,up,2442,1.0,
D4.2__Fig 2__SQUID_data__IVI_BS30_A1S1_I_contrl_+-0.15mA_285mK_191103__IVB__T_1p40K[-0.000034875],0,up,2535,0.9988161010260458,
D4.2__Fig 2__SQUID_data__IVI_BS30_A1S1_I_contrl_+-0.15mA_285mK_191103__IVB__T_1p40K[-0.000034875],1,down,5024,0.9996018315747561,0.9863951769894053
D4.2__Fig 2__SQUID_data__IVI_BS30_A1S1_I_contrl_+-0.15mA_285mK_191103__IVB__T_1p40K[-0.000034875],2,up,2441,1.0,
D4.2__Fig 2__SQUID_data__IVI_BS30_A1S1_I_contrl_+-0.15mA_285mK_191103__IVB__T_1p40K[-0.000035250],0,up,2536,0.9980276134122288,
D4.2__Fig 2__SQUID_data__IVI_BS30_A1S1_I_contrl_+-0.15mA_285mK_191103__IVB__T_1p40K[-0.000035250],1,down,5022,0.9996016729735112,0.9863116982174707
D4.2__Fig 2__SQUID_data__IVI_BS30_A1S1_I_contrl_+-0.15mA_285mK_191103__IVB__T_1p40K[-0.000035250],2,up,2442,1.0,
D4.2__Fig 2__SQUID_data__IVI_BS30_A1S1_I_contrl_+-0.15mA_285mK_191103__IVB__T_1p40K[-0.000035625],0,up,2535,0.9992107340173638,
D4.2__Fig 2__SQUID_data__IVI_BS30_A1S1_I_contrl_+-0.15mA_285mK_191103__IVB__T_1p40K[-0.000035625],1,down,5023,0.9994026284348865,0.986406974960636
D4.2__Fig 2__SQUID_data__IVI_BS30_A1S1_I_contrl_+-0.15mA_285mK_191103__IVB__T_1p40K[-0.000035625],2,up,2442,0.9991806636624334,
D4.2__Fig 2__SQUID_data__IVI_BS30_A1S1_I_contrl_+-0.15mA_285mK_191103__IVB__T_1p40K[-0.000036000],0,up,2534,0.9992104224240032,
D4.2__Fig 2__SQUID_data__IVI_BS30_A1S1_I_contrl_+-0.15mA_285mK_191103__IVB__T_1p40K[-0.000036000],1,down,5025,0.9994028662420382,0.986451233136666
D4.2__Fig 2__SQUID_data__IVI_BS30_A1S1_I_contrl_+-0.15mA_285mK_191103__IVB__T_1p40K[-0.000036000],2,up,2441,1.0,
D4.2__Fig 2__SQUID_data__IVI_BS30_A1S1_I_contrl_+-0.15mA_285mK_191103__IVB__T_1p40K[-0.000036375],0,up,2536,0.9988165680473373,
D4.2__Fig 2__SQUID_data__IVI_BS30_A1S1_I_contrl_+-0.15mA_285mK_191103__IVB__T_1p40K[-0.000036375],1,down,5022,0.9992033459470225,0.9861327353469946
D4.2__Fig 2__SQUID_data__IVI_BS30_A1S1_I_contrl_+-0.15mA_285mK_191103__IVB__T_1p40K[-0.000036375],2,up,2442,1.0,
D4.2__Fig 2__SQUID_data__IVI_BS30_A1S1_I_contrl_+-0.15mA_285mK_191103__IVB__T_1p40K[-0.000036750],0,up,2535,0.9988161010260458,
D4.2__Fig 2__SQUID_data__IVI_BS30_A1S1_I_contrl_+-0.15mA_285mK_191103__IVB__T_1p40K[-0.000036750],1,down,5022,0.9996016729735112,0.9857608379737487
D4.2__Fig 2__SQUID_data__IVI_BS30_A1S1_I_contrl_+-0.15mA_285mK_191103__IVB__T_1p40K[-0.000036750],2,up,2443,1.0,
D4.2__Fig 2__SQUID_data__IVI_BS30_A1S1_I_contrl_+-0.15mA_285mK_191103__IVB__T_1p40K[-0.000037125],0,up,2535,0.9988161010260458,
D4.2__Fig 2__SQUID_data__IVI_BS30_A1S1_I_contrl_+-0.15mA_285mK_191103__IVB__T_1p40K[-0.000037125],1,down,5022,0.9996016729735112,0.9855609726035925
D4.2__Fig 2__SQUID_data__IVI_BS30_A1S1_I_contrl_+-0.15mA_285mK_191103__IVB__T_1p40K[-0.000037125],2,up,2443,1.0,
D4.2__Fig 2__SQUID_data__IVI_BS30_A1S1_I_contrl_+-0.15mA_285mK_191103__IVB__T_1p40K[-0.000037500],0,up,2535,0.9984214680347278,
D4.2__Fig 2__SQUID_data__IVI_BS30_A1S1_I_contrl_+-0.15mA_285mK_191103__IVB__T_1p40K[-0.000037500],1,down,5022,0.9996016729735112,0.9862667877967626
D4.2__Fig 2__SQUID_data__IVI_BS30_A1S1_I_contrl_+-0.15mA_285mK_191103__IVB__T_1p40K[-0.000037500],2,up,2443,1.0,
D4.2__Fig 2__SQUID_data__IVI_BS30_A1S1_I_contrl_+-0.15mA_285mK_191103__IVB__T_1p40K[-0.000037875],0,up,2536,0.9988165680473373,
D4.2__Fig 2__SQUID_data__IVI_BS30_A1S1_I_contrl_+-0.15mA_285mK_191103__IVB__T_1p40K[-0.000037875],1,down,5022,0.9994025094602669,0.9861166671767336
D4.2__Fig 2__SQUID_data__IVI_BS30_A1S1_I_contrl_+-0.15mA_285mK_191103__IVB__T_1p40K[-0.000037875],2,up,2442,1.0,
D4.2__Fig 2__SQUID_data__IVI_BS30_A1S1_I_contrl_+-0.15mA_285mK_191103__IVB__T_1p40K[-0.000038250],0,up,2534,0.9992104224240032,
D4.2__Fig 2__SQUID_data__IVI_BS30_A1S1_I_contrl_+-0.15mA_285mK_191103__IVB__T_1p40K[-0.000038250],1,down,5023,0.9994026284348865,0.9852424947699185
D4.2__Fig 2__SQUID_data__IVI_BS30_A1S1_I_contrl_+-0.15mA_285mK_191103__IVB__T_1p40K[-0.000038250],2,up,2443,1.0,
D4.2__Fig 2__SQUID_data__IVI_BS30_A1S1_I_contrl_+-0.15mA_285mK_191103__IVB__T_1p40K[-0.000038625],0,up,2535,0.9992107340173638,
D4.2__Fig 2__SQUID_data__IVI_BS30_A1S1_I_contrl_+-0.15mA_285mK_191103__IVB__T_1p40K[-0.000038625],1,down,5023,0.9992035045798486,0.9848493369116942
D4.2__Fig 2__SQUID_data__IVI_BS30_A1S1_I_contrl_+-0.15mA_285mK_191103__IVB__T_1p40K[-0.000038625],2,up,2442,1.0,
D4.2__Fig 2__SQUID_data__IVI_BS30_A1S1_I_contrl_+-0.15mA_285mK_191103__IVB__T_1p40K[-0.000039000],0,up,2534,0.9984208448480063,
D4.2__Fig 2__SQUID_data__IVI_BS30_A1S1_I_contrl_+-0.15mA_285mK_191103__IVB__T_1p40K[-0.000039000],1,down,5023,0.9996017522899243,0.9858900339865436
D4.2__Fig 2__SQUID_data__IVI_BS30_A1S1_I_contrl_+-0.15mA_285mK_191103__IVB__T_1p40K[-0.000039000],2,up,2443,1.0,
D4.2__Fig 2__SQUID_data__IVI_BS30_A1S1_I_contrl_+-0.15mA_285mK_191103__IVB__T_1p40K[-0.000039375],0,up,2534,0.9996052112120016,
D4.2__Fig 2__SQUID_data__IVI_BS30_A1S1_I_contrl_+-0.15mA_285mK_191103__IVB__T_1p40K[-0.000039375],1,down,5024,0.9994027473621342,0.9857648267912329
D4.2__Fig 2__SQUID_data__IVI_BS30_A1S1_I_contrl_+-0.15mA_285mK_191103__IVB__T_1p40K[-0.000039375],2,up,2442,1.0,
D4.2__Fig 2__SQUID_data__IVI_BS30_A1S1_I_contrl_+-0.15mA_285mK_191103__IVB__T_1p40K[-0.000039750],0,up,2534,0.9996052112120016,
D4.2__Fig 2__SQUID_data__IVI_BS30_A1S1_I_contrl_+-0.15mA_285mK_191103__IVB__T_1p40K[-0.000039750],1,down,5024,0.9990045789368903,0.9845965433177364
D4.2__Fig 2__SQUID_data__IVI_BS30_A1S1_I_contrl_+-0.15mA_285mK_191103__IVB__T_1p40K[-0.000039750],2,up,2442,1.0,
D4.2__Fig 2__SQUID_data__IVI_BS30_A1S1_I_contrl_+-0.15mA_285mK_191103__IVB__T_1p40K[-0.000040125],0,up,2535,0.9992107340173638,
D4.2__Fig 2__SQUID_data__IVI_BS30_A1S1_I_contrl_+-0.15mA_285mK_191103__IVB__T_1p40K[-0.000040125],1,down,5023,0.9994026284348865,0.9840537265221981
D4.2__Fig 2__SQUID_data__IVI_BS30_A1S1_I_contrl_+-0.15mA_285mK_191103__IVB__T_1p40K[-0.000040125],2,up,2442,1.0,
D4.2__Fig 2__SQUID_data__IVI_BS30_A1S1_I_contrl_+-0.15mA_285mK_191103__IVB__T_1p40K[-0.000040500],0,up,2534,0.9996052112120016,
D4.2__Fig 2__SQUID_data__IVI_BS30_A1S1_I_contrl_+-0.15mA_285mK_191103__IVB__T_1p40K[-0.000040500],1,down,5024,0.9992036631495123,0.9848212743521215
D4.2__Fig 2__SQUID_data__IVI_BS30_A1S1_I_contrl_+-0.15mA_285mK_191103__IVB__T_1p40K[-0.000040500],2,up,2442,1.0,
D4.2__Fig 2__SQUID_data__IVI_BS30_A1S1_I_contrl_+-0.15mA_285mK_191103__IVB__T_1p40K[-0.000040875],0,up,2536,0.9988165680473373,
D4.2__Fig 2__SQUID_data__IVI_BS30_A1S1_I_contrl_+-0.15mA_285mK_191103__IVB__T_1p40K[-0.000040875],1,down,5023,0.9994026284348865,0.9858493939369924
D4.2__Fig 2__SQUID_data__IVI_BS30_A1S1_I_contrl_+-0.15mA_285mK_191103__IVB__T_1p40K[-0.000040875],2,up,2441,1.0,
D4.2__Fig 2__SQUID_data__IVI_BS30_A1S1_I_contrl_+-0.15mA_285mK_191103__IVB__T_1p40K[-0.000041250],0,up,2534,0.9992104224240032,
D4.2__Fig 2__SQUID_data__IVI_BS30_A1S1_I_contrl_+-0.15mA_285mK_191103__IVB__T_1p40K[-0.000041250],1,down,5024,0.9994027473621342,0.9861909926846171
D4.2__Fig 2__SQUID_data__IVI_BS30_A1S1_I_contrl_+-0.15mA_285mK_191103__IVB__T_1p40K[-0.000041250],2,up,2442,0.9995903318312167,
D4.2__Fig 2__SQUID_data__IVI_BS30_A1S1_I_contrl_+-0.15mA_285mK_191103__IVB__T_1p40K[-0.000041625],0,up,2534,0.9992104224240032,
D4.2__Fig 2__SQUID_data__IVI_BS30_A1S1_I_contrl_+-0.15mA_285mK_191103__IVB__T_1p40K[-0.000041625],1,down,5024,0.9994027473621342,0.986404337839714
D4.2__Fig 2__SQUID_data__IVI_BS30_A1S1_I_contrl_+-0.15mA_285mK_191103__IVB__T_1p40K[-0.000041625],2,up,2442,1.0,
D4.2__Fig 2__SQUID_data__IVI_BS30_A1S1_I_contrl_+-0.15mA_285mK_191103__IVB__T_1p40K[-0.000042000],0,up,2536,0.9988165680473373,
D4.2__Fig 2__SQUID_data__IVI_BS30_A1S1_I_contrl_+-0.15mA_285mK_191103__IVB__T_1p40K[-0.000042000],1,down,5022,0.9994025094602669,0.9862808088152382
D4.2__Fig 2__SQUID_data__IVI_BS30_A1S1_I_contrl_+-0.15mA_285mK_191103__IVB__T_1p40K[-0.000042000],2,up,2442,1.0,
D4.2__Fig 2__SQUID_data__IVI_BS30_A1S1_I_contrl_+-0.15mA_285mK_191103__IVB__T_1p40K[-0.000042375],0,up,2535,0.9988161010260458,
D4.2__Fig 2__SQUID_data__IVI_BS30_A1S1_I_contrl_+-0.15mA_285mK_191103__IVB__T_1p40K[-0.000042375],1,down,5023,0.9996017522899243,0.985711651448323
D4.2__Fig 2__SQUID_data__IVI_BS30_A1S1_I_contrl_+-0.15mA_285mK_191103__IVB__T_1p40K[-0.000042375],2,up,2442,1.0,
D4.2__Fig 2__SQUID_data__IVI_BS30_A1S1_I_contrl_+-0.15mA_285mK_191103__IVB__T_1p40K[-0.000042750],0,up,2535,0.9992107340173638,
D4.2__Fig 2__SQUID_data__IVI_BS30_A1S1_I_contrl_+-0.15mA_285mK_191103__IVB__T_1p40K[-0.000042750],1,down,5022,0.9996016729735112,0.9851963105360355
D4.2__Fig 2__SQUID_data__IVI_BS30_A1S1_I_contrl_+-0.15mA_285mK_191103__IVB__T_1p40K[-0.000042750],2,up,2443,1.0,
D4.2__Fig 2__SQUID_data__IVI_BS30_A1S1_I_contrl_+-0.15mA_285mK_191103__IVB__T_1p40K[-0.000043125],0,up,2535,0.9992107340173638,
D4.2__Fig 2__SQUID_data__IVI_BS30_A1S1_I_contrl_+-0.15mA_285mK_191103__IVB__T_1p40K[-0.000043125],1,down,5022,0.9996016729735112,0.9850112897479872
D4.2__Fig 2__SQUID_data__IVI_BS30_A1S1_I_contrl_+-0.15mA_285mK_191103__IVB__T_1p40K[-0.000043125],2,up,2443,1.0,
D4.2__Fig 2__SQUID_data__IVI_BS30_A1S1_I_contrl_+-0.15mA_285mK_191103__IVB__T_1p40K[-0.000043500],0,up,2535,0.9988161010260458,
D4.2__Fig 2__SQUID_data__IVI_BS30_A1S1_I_contrl_+-0.15mA_285mK_191103__IVB__T_1p40K[-0.000043500],1,down,5024,0.9992036631495123,0.9855742618785166
D4.2__Fig 2__SQUID_data__IVI_BS30_A1S1_I_contrl_+-0.15mA_285mK_191103__IVB__T_1p40K[-0.000043500],2,up,2441,1.0,
D4.2__Fig 2__SQUID_data__IVI_BS30_A1S1_I_contrl_+-0.15mA_285mK_191103__IVB__T_1p40K[-0.000043875],0,up,2535,0.9992107340173638,
D4.2__Fig 2__SQUID_data__IVI_BS30_A1S1_I_contrl_+-0.15mA_285mK_191103__IVB__T_1p40K[-0.000043875],1,down,5023,0.9996017522899243,0.9856795001479743
D4.2__Fig 2__SQUID_data__IVI_BS30_A1S1_I_contrl_+-0.15mA_285mK_191103__IVB__T_1p40K[-0.000043875],2,up,2442,1.0,
D4.2__Fig 2__SQUID_data__IVI_BS30_A1S1_I_contrl_+-0.15mA_285mK_191103__IVB__T_1p40K[-0.000044250],0,up,2534,0.9992104224240032,
D4.2__Fig 2__SQUID_data__IVI_BS30_A1S1_I_contrl_+-0.15mA_285mK_191103__IVB__T_1p40K[-0.000044250],1,down,5023,0.9994026284348865,0.9866390776411248
D4.2__Fig 2__SQUID_data__IVI_BS30_A1S1_I_contrl_+-0.15mA_285mK_191103__IVB__T_1p40K[-0.000044250],2,up,2443,1.0,
D4.2__Fig 2__SQUID_data__IVI_BS30_A1S1_I_contrl_+-0.15mA_285mK_191103__IVB__T_1p40K[-0.000044625],0,up,2536,0.9996055226824457,
D4.2__Fig 2__SQUID_data__IVI_BS30_A1S1_I_contrl_+-0.15mA_285mK_191103__IVB__T_1p40K[-0.000044625],1,down,5022,0.9994025094602669,0.9862948707440712
D4.2__Fig 2__SQUID_data__IVI_BS30_A1S1_I_contrl_+-0.15mA_285mK_191103__IVB__T_1p40K[-0.000044625],2,up,2442,1.0,
D4.2__Fig 2__SQUID_data__IVI_BS30_A1S1_I_contrl_+-0.15mA_285mK_191103__IVB__T_1p40K[-0.000045000],0,up,2535,0.9992107340173638,
D4.2__Fig 2__SQUID_data__IVI_BS30_A1S1_I_contrl_+-0.15mA_285mK_191103__IVB__T_1p40K[-0.000045000],1,down,5022,0.9998008364867557,0.986514397012479
D4.2__Fig 2__SQUID_data__IVI_BS30_A1S1_I_contrl_+-0.15mA_285mK_191103__IVB__T_1p40K[-0.000045000],2,up,2443,1.0,
D4.2__Fig 2__SQUID_data__IVI_BS30_A1S1_I_contrl_+-0.15mA_285mK_191103__IVB__T_1p40K[-0.000045375],0,up,2536,0.9988165680473373,
D4.2__Fig 2__SQUID_data__IVI_BS30_A1S1_I_contrl_+-0.15mA_285mK_191103__IVB__T_1p40K[-0.000045375],1,down,5021,0.999601593625498,0.9863308622542483
D4.2__Fig 2__SQUID_data__IVI_BS30_A1S1_I_contrl_+-0.15mA_285mK_191103__IVB__T_1p40K[-0.000045375],2,up,2443,1.0,
D4.2__Fig 2__SQUID_data__IVI_BS30_A1S1_I_contrl_+-0.15mA_285mK_191103__IVB__T_1p40K[-0.000045750],0,up,2534,0.9992104224240032,
D4.2__Fig 2__SQUID_data__IVI_BS30_A1S1_I_contrl_+-0.15mA_285mK_191103__IVB__T_1p40K[-0.000045750],1,down,5025,0.9994028662420382,0.9864635523180453
D4.2__Fig 2__SQUID_data__IVI_BS30_A1S1_I_contrl_+-0.15mA_285mK_191103__IVB__T_1p40K[-0.000045750],2,up,2441,1.0,
D4.2__Fig 2__SQUID_data__IVI_BS30_A1S1_I_contrl_+-0.15mA_285mK_191103__IVB__T_1p40K[-0.000046125],0,up,2535,0.9992107340173638,
D4.2__Fig 2__SQUID_data__IVI_BS30_A1S1_I_contrl_+-0.15mA_285mK_191103__IVB__T_1p40K[-0.000046125],1,down,5022,0.9996016729735112,0.9855862706942035
D4.2__Fig 2__SQUID_data__IVI_BS30_A1S1_I_contrl_+-0.15mA_285mK_191103__IVB__T_1p40K[-0.000046125],2,up,2443,1.0,
D4.2__Fig 2__SQUID_data__IVI_BS30_A1S1_I_contrl_+-0.15mA_285mK_191103__IVB__T_1p40K[-0.000046500],0,up,2535,0.9988161010260458,
D4.2__Fig 2__SQUID_data__IVI_BS30_A1S1_I_contrl_+-0.15mA_285mK_191103__IVB__T_1p40K[-0.000046500],1,down,5023,0.9994026284348865,0.9848696617663356
D4.2__Fig 2__SQUID_data__IVI_BS30_A1S1_I_contrl_+-0.15mA_285mK_191103__IVB__T_1p40K[-0.000046500],2,up,2442,1.0,
D4.2__Fig 2__SQUID_data__IVI_BS30_A1S1_I_contrl_+-0.15mA_285mK_191103__IVB__T_1p40K[-0.000046875],0,up,2533,0.9992101105845181,
D4.2__Fig 2__SQUID_data__IVI_BS30_A1S1_I_contrl_+-0.15mA_285mK_191103__IVB__T_1p40K[-0.000046875],1,down,5023,0.9996017522899243,0.9853887629220166
D4.2__Fig 2__SQUID_data__IVI_BS30_A1S1_I_contrl_+-0.15mA_285mK_191103__IVB__T_1p40K[-0.000046875],2,up,2444,1.0,
D4.2__Fig 2__SQUID_data__IVI_BS30_A1S1_I_contrl_+-0.15mA_285mK_191103__IVB__T_1p40K[-0.000047250],0,up,2535,0.9988161010260458,
D4.2__Fig 2__SQUID_data__IVI_BS30_A1S1_I_contrl_+-0.15mA_285mK_191103__IVB__T_1p40K[-0.000047250],1,down,5022,0.9996016729735112,0.9861011616805608
D4.2__Fig 2__SQUID_data__IVI_BS30_A1S1_I_contrl_+-0.15mA_285mK_191103__IVB__T_1p40K[-0.000047250],2,up,2443,1.0,
D4.2__Fig 2__SQUID_data__IVI_BS30_A1S1_I_contrl_+-0.15mA_285mK_191103__IVB__T_1p40K[-0.000047625],0,up,2537,0.999211356466877,
D4.2__Fig 2__SQUID_data__IVI_BS30_A1S1_I_contrl_+-0.15mA_285mK_191103__IVB__T_1p40K[-0.000047625],1,down,5022,0.9996016729735112,0.9859478715769415
D4.2__Fig 2__SQUID_data__IVI_BS30_A1S1_I_contrl_+-0.15mA_285mK_191103__IVB__T_1p40K[-0.000047625],2,up,2441,1.0,
D4.2__Fig 2__SQUID_data__IVI_BS30_A1S1_I_contrl_+-0.15mA_285mK_191103__IVB__T_1p40K[-0.000048000],0,up,2535,0.9984214680347278,
D4.2__Fig 2__SQUID_data__IVI_BS30_A1S1_I_contrl_+-0.15mA_285mK_191103__IVB__T_1p40K[-0.000048000],1,down,5022,0.9996016729735112,0.9847671380995728
D4.2__Fig 2__SQUID_data__IVI_BS30_A1S1_I_contrl_+-0.15mA_285mK_191103__IVB__T_1p40K[-0.000048000],2,up,2443,1.0,
D4.2__Fig 2__SQUID_data__IVI_BS30_A1S1_I_contrl_+-0.15mA_285mK_191103__IVB__T_1p40K[-0.000048375],0,up,2535,0.9992107340173638,
D4.2__Fig 2__SQUID_data__IVI_BS30_A1S1_I_contrl_+-0.15mA_285mK_191103__IVB__T_1p40K[-0.000048375],1,down,5023,0.9992035045798486,0.9842845188266537
D4.2__Fig 2__SQUID_data__IVI_BS30_A1S1_I_contrl_+-0.15mA_285mK_191103__IVB__T_1p40K[-0.000048375],2,up,2442,1.0,
D4.2__Fig 2__SQUID_data__IVI_BS30_A1S1_I_contrl_+-0.15mA_285mK_191103__IVB__T_1p40K[-0.000048750],0,up,2535,0.9992107340173638,
D4.2__Fig 2__SQUID_data__IVI_BS30_A1S1_I_contrl_+-0.15mA_285mK_191103__IVB__T_1p40K[-0.000048750],1,down,5023,0.9996017522899243,0.9845727873522366
D4.2__Fig 2__SQUID_data__IVI_BS30_A1S1_I_contrl_+-0.15mA_285mK_191103__IVB__T_1p40K[-0.000048750],2,up,2442,1.0,
D4.2__Fig 2__SQUID_data__IVI_BS30_A1S1_I_contrl_+-0.15mA_285mK_191103__IVB__T_1p40K[-0.000049125],0,up,2534,0.9996052112120016,
D4.2__Fig 2__SQUID_data__IVI_BS30_A1S1_I_contrl_+-0.15mA_285mK_191103__IVB__T_1p40K[-0.000049125],1,down,5023,0.9998008761449622,0.9848671083512563
D4.2__Fig 2__SQUID_data__IVI_BS30_A1S1_I_contrl_+-0.15mA_285mK_191103__IVB__T_1p40K[-0.000049125],2,up,2443,1.0,
D4.2__Fig 2__SQUID_data__IVI_BS30_A1S1_I_contrl_+-0.15mA_285mK_191103__IVB__T_1p40K[-0.000049500],0,up,2535,0.9980268350434096,
D4.2__Fig 2__SQUID_data__IVI_BS30_A1S1_I_contrl_+-0.15mA_285mK_191103__IVB__T_1p40K[-0.000049500],1,down,5022,0.9992033459470225,0.9851490190953057
D4.2__Fig 2__SQUID_data__IVI_BS30_A1S1_I_contrl_+-0.15mA_285mK_191103__IVB__T_1p40K[-0.000049500],2,up,2443,1.0,
D4.2__Fig 2__SQUID_data__IVI_BS30_A1S1_I_contrl_+-0.15mA_285mK_191103__IVB__T_1p40K[-0.000049875],0,up,2536,0.998422090729783,
D4.2__Fig 2__SQUID_data__IVI_BS30_A1S1_I_contrl_+-0.15mA_285mK_191103__IVB__T_1p40K[-0.000049875],1,down,5022,0.9994025094602669,0.9846058036214201
D4.2__Fig 2__SQUID_data__IVI_BS30_A1S1_I_contrl_+-0.15mA_285mK_191103__IVB__T_1p40K[-0.000049875],2,up,2442,1.0,
D4.2__Fig 2__SQUID_data__IVI_BS30_A1S1_I_contrl_+-0.15mA_285mK_191103__IVB__T_1p40K[-0.000050250],0,up,2536,0.9992110453648915,
D4.2__Fig 2__SQUID_data__IVI_BS30_A1S1_I_contrl_+-0.15mA_285mK_191103__IVB__T_1p40K[-0.000050250],1,down,5023,0.9994026284348865,0.9841400665481678
D4.2__Fig 2__SQUID_data__IVI_BS30_A1S1_I_contrl_+-0.15mA_285mK_191103__IVB__T_1p40K[-0.000050250],2,up,2441,1.0,
D4.2__Fig 2__SQUID_data__IVI_BS30_A1S1_I_contrl_+-0.15mA_285mK_191103__IVB__T_1p40K[-0.000050625],0,up,2535,0.9992107340173638,
D4.2__Fig 2__SQUID_data__IVI_BS30_A1S1_I_contrl_+-0.15mA_285mK_191103__IVB__T_1p40K[-0.000050625],1,down,5022,1.0,0.9837691420826407
D4.2__Fig 2__SQUID_data__IVI_BS30_A1S1_I_contrl_+-0.15mA_285mK_191103__IVB__T_1p40K[-0.000050625],2,up,2443,1.0,
D4.2__Fig 2__SQUID_data__IVI_BS30_A1S1_I_contrl_+-0.15mA_285mK_191103__IVB__T_1p40K[-0.000051000],0,up,2535,0.9988161010260458,
D4.2__Fig 2__SQUID_data__IVI_BS30_A1S1_I_contrl_+-0.15mA_285mK_191103__IVB__T_1p40K[-0.000051000],1,down,5023,0.9994026284348865,0.9844949670230664
D4.2__Fig 2__SQUID_data__IVI_BS30_A1S1_I_contrl_+-0.15mA_285mK_191103__IVB__T_1p40K[-0.000051000],2,up,2442,1.0,
D4.2__Fig 2__SQUID_data__IVI_BS30_A1S1_I_contrl_+-0.15mA_285mK_191103__IVB__T_1p40K[-0.000051375],0,up,2534,0.9992104224240032,
D4.2__Fig 2__SQUID_data__IVI_BS30_A1S1_I_contrl_+-0.15mA_285mK_191103__IVB__T_1p40K[-0.000051375],1,down,5024,0.9994027473621342,0.9853662965232084
D4.2__Fig 2__SQUID_data__IVI_BS30_A1S1_I_contrl_+-0.15mA_285mK_191103__IVB__T_1p40K[-0.000051375],2,up,2442,1.0,
D4.2__Fig 2__SQUID_data__IVI_BS30_A1S1_I_contrl_+-0.15mA_285mK_191103__IVB__T_1p40K[-0.000051750],0,up,2534,0.9996052112120016,
D4.2__Fig 2__SQUID_data__IVI_BS30_A1S1_I_contrl_+-0.15mA_285mK_191103__IVB__T_1p40K[-0.000051750],1,down,5024,0.9996018315747561,0.9855462665108797
D4.2__Fig 2__SQUID_data__IVI_BS30_A1S1_I_contrl_+-0.15mA_285mK_191103__IVB__T_1p40K[-0.000051750],2,up,2442,1.0,
D4.2__Fig 2__SQUID_data__IVI_BS30_A1S1_I_contrl_+-0.15mA_285mK_191103__IVB__T_1p40K[-0.000052125],0,up,2535,0.9992107340173638,
D4.2__Fig 2__SQUID_data__IVI_BS30_A1S1_I_contrl_+-0.15mA_285mK_191103__IVB__T_1p40K[-0.000052125],1,down,5023,0.9996017522899243,0.9853420336100442
D4.2__Fig 2__SQUID_data__IVI_BS30_A1S1_I_contrl_+-0.15mA_285mK_191103__IVB__T_1p40K[-0.000052125],2,up,2442,1.0,
D4.2__Fig 2__SQUID_data__IVI_BS30_A1S1_I_contrl_+-0.15mA_285mK_191103__IVB__T_1p40K[-0.000052500],0,up,2536,0.9988165680473373,
D4.2__Fig 2__SQUID_data__IVI_BS30_A1S1_I_contrl_+-0.15mA_285mK_191103__IVB__T_1p40K[-0.000052500],1,down,5022,0.9996016729735112,0.9854213994107792
D4.2__Fig 2__SQUID_data__IVI_BS30_A1S1_I_contrl_+-0.15mA_285mK_191103__IVB__T_1p40K[-0.000052500],2,up,2442,1.0,
D4.2__Fig 2__SQUID_data__IVI_BS30_A1S1_I_contrl_+-0.15mA_285mK_191103__IVB__T_1p40K[-0.000052875],0,up,2534,0.9992104224240032,
D4.2__Fig 2__SQUID_data__IVI_BS30_A1S1_I_contrl_+-0.15mA_285mK_191103__IVB__T_1p40K[-0.000052875],1,down,5023,0.9996017522899243,0.9861224553661077
D4.2__Fig 2__SQUID_data__IVI_BS30_A1S1_I_contrl_+-0.15mA_285mK_191103__IVB__T_1p40K[-0.000052875],2,up,2443,1.0,
D4.2__Fig 2__SQUID_data__IVI_BS30_A1S1_I_contrl_+-0.15mA_285mK_191103__IVB__T_1p40K[-0.000053250],0,up,2536,0.998422090729783,
D4.2__Fig 2__SQUID_data__IVI_BS30_A1S1_I_contrl_+-0.15mA_285mK_191103__IVB__T_1p40K[-0.000053250],1,down,5022,0.9994025094602669,0.986119299845802
D4.2__Fig 2__SQUID_data__IVI_BS30_A1S1_I_contrl_+-0.15mA_285mK_191103__IVB__T_1p40K[-0.000053250],2,up,2442,1.0,
D4.2__Fig 2__SQUID_data__IVI_BS30_A1S1_I_contrl_+-0.15mA_285mK_191103__IVB__T_1p40K[-0.000053625],0,up,2535,0.9988161010260458,
D4.2__Fig 2__SQUID_data__IVI_BS30_A1S1_I_contrl_+-0.15mA_285mK_191103__IVB__T_1p40K[-0.000053625],1,down,5021,0.999601593625498,0.9866109310975946
D4.2__Fig 2__SQUID_data__IVI_BS30_A1S1_I_contrl_+-0.15mA_285mK_191103__IVB__T_1p40K[-0.000053625],2,up,2444,1.0,
D4.2__Fig 2__SQUID_data__IVI_BS30_A1S1_I_contrl_+-0.15mA_285mK_191103__IVB__T_1p40K[-0.000054000],0,up,2535,0.9984214680347278,
D4.2__Fig 2__SQUID_data__IVI_BS30_A1S1_I_contrl_+-0.15mA_285mK_191103__IVB__T_1p40K[-0.000054000],1,down,5023,0.9994026284348865,0.9861276580466984
D4.2__Fig 2__SQUID_data__IVI_BS30_A1S1_I_contrl_+-0.15mA_285mK_191103__IVB__T_1p40K[-0.000054000],2,up,2442,1.0,
D4.2__Fig 2__SQUID_data__IVI_BS30_A1S1_I_contrl_+-0.15mA_285mK_191103__IVB__T_1p40K[-0.000054375],0,up,2535,0.9992107340173638,
D4.2__Fig 2__SQUID_data__IVI_BS30_A1S1_I_contrl_+-0.15mA_285mK_191103__IVB__T_1p40K[-0.000054375],1,down,5023,0.9994026284348865,0.9863805884172695
D4.2__Fig 2__SQUID_data__IVI_BS30_A1S1_I_contrl_+-0.15mA_285mK_191103__IVB__T_1p40K[-0.000054375],2,up,2442,0.9995903318312167,
D4.2__Fig 2__SQUID_data__IVI_BS30_A1S1_I_contrl_+-0.15mA_285mK_191103__IVB__T_1p40K[-0.000054750],0,up,2535,0.9984214680347278,
D4.2__Fig 2__SQUID_data__IVI_BS30_A1S1_I_contrl_+-0.15mA_285mK_191103__IVB__T_1p40K[-0.000054750],1,down,5023,0.9994026284348865,0.9860644686475194
D4.2__Fig 2__SQUID_data__IVI_BS30_A1S1_I_contrl_+-0.15mA_285mK_191103__IVB__T_1p40K[-0.000054750],2,up,2442,1.0,
D4.2__Fig 2__SQUID_data__IVI_BS30_A1S1_I_contrl_+-0.15mA_285mK_191103__IVB__T_1p40K[-0.000055125],0,up,2535,0.9988161010260458,
D4.2__Fig 2__SQUID_data__IVI_BS30_A1S1_I_contrl_+-0.15mA_285mK_191103__IVB__T_1p40K[-0.000055125],1,down,5022,0.9996016729735112,0.985729094515704
D4.2__Fig 2__SQUID_data__IVI_BS30_A1S1_I_contrl_+-0.15mA_285mK_191103__IVB__T_1p40K[-0.000055125],2,up,2443,1.0,
D4.2__Fig 2__SQUID_data__IVI_BS30_A1S1_I_contrl_+-0.15mA_285mK_191103__IVB__T_1p40K[-0.000055500],0,up,2535,0.9988161010260458,
D4.2__Fig 2__SQUID_data__IVI_BS30_A1S1_I_contrl_+-0.15mA_285mK_191103__IVB__T_1p40K[-0.000055500],1,down,5023,0.9996017522899243,0.9842629589611819
D4.2__Fig 2__SQUID_data__IVI_BS30_A1S1_I_contrl_+-0.15mA_285mK_191103__IVB__T_1p40K[-0.000055500],2,up,2442,1.0,
D4.2__Fig 2__SQUID_data__IVI_BS30_A1S1_I_contrl_+-0.15mA_285mK_191103__IVB__T_1p40K[-0.000055875],0,up,2535,0.9992107340173638,
D4.2__Fig 2__SQUID_data__IVI_BS30_A1S1_I_contrl_+-0.15mA_285mK_191103__IVB__T_1p40K[-0.000055875],1,down,5023,0.9994026284348865,0.9833327701242353
D4.2__Fig 2__SQUID_data__IVI_BS30_A1S1_I_contrl_+-0.15mA_285mK_191103__IVB__T_1p40K[-0.000055875],2,up,2442,1.0,
D4.2__Fig 2__SQUID_data__IVI_BS30_A1S1_I_contrl_+-0.15mA_285mK_191103__IVB__T_1p40K[-0.000056250],0,up,2534,0.9992104224240032,
D4.2__Fig 2__SQUID_data__IVI_BS30_A1S1_I_contrl_+-0.15mA_285mK_191103__IVB__T_1p40K[-0.000056250],1,down,5023,0.9996017522899243,0.9833802612548472
D4.2__Fig 2__SQUID_data__IVI_BS30_A1S1_I_contrl_+-0.15mA_285mK_191103__IVB__T_1p40K[-0.000056250],2,up,2443,0.9995904995904996,
D4.2__Fig 2__SQUID_data__IVI_BS30_A1S1_I_contrl_+-0.15mA_285mK_191103__IVB__T_1p40K[-0.000056625],0,up,2535,0.9988161010260458,
D4.2__Fig 2__SQUID_data__IVI_BS30_A1S1_I_contrl_+-0.15mA_285mK_191103__IVB__T_1p40K[-0.000056625],1,down,5022,0.9996016729735112,0.9836076704358412
D4.2__Fig 2__SQUID_data__IVI_BS30_A1S1_I_contrl_+-0.15mA_285mK_191103__IVB__T_1p40K[-0.000056625],2,up,2443,1.0,
D4.2__Fig 2__SQUID_data__IVI_BS30_A1S1_I_contrl_+-0.15mA_285mK_191103__IVB__T_1p40K[-0.000057000],0,up,2536,0.9992110453648915,
D4.2__Fig 2__SQUID_data__IVI_BS30_A1S1_I_contrl_+-0.15mA_285mK_191103__IVB__T_1p40K[-0.000057000],1,down,5021,0.999601593625498,0.983788607605516
D4.2__Fig 2__SQUID_data__IVI_BS30_A1S1_I_contrl_+-0.15mA_285mK_191103__IVB__T_1p40K[-0.000057000],2,up,2443,1.0,
D4.2__Fig 2__SQUID_data__IVI_BS30_A1S1_I_contrl_+-0.15mA_285mK_191103__IVB__T_1p40K[-0.000057375],0,up,2535,0.9992107340173638,
D4.2__Fig 2__SQUID_data__IVI_BS30_A1S1_I_contrl_+-0.15mA_285mK_191103__IVB__T_1p40K[-0.000057375],1,down,5022,0.9996016729735112,0.9836989100051562
D4.2__Fig 2__SQUID_data__IVI_BS30_A1S1_I_contrl_+-0.15mA_285mK_191103__IVB__T_1p40K[-0.000057375],2,up,2443,1.0,
D4.2__Fig 2__SQUID_data__IVI_BS30_A1S1_I_contrl_+-0.15mA_285mK_191103__IVB__T_1p40K[-0.000057750],0,up,2535,0.9984214680347278,
D4.2__Fig 2__SQUID_data__IVI_BS30_A1S1_I_contrl_+-0.15mA_285mK_191103__IVB__T_1p40K[-0.000057750],1,down,5022,0.9994025094602669,0.9836136196930862
D4.2__Fig 2__SQUID_data__IVI_BS30_A1S1_I_contrl_+-0.15mA_285mK_191103__IVB__T_1p40K[-0.000057750],2,up,2443,1.0,
D4.2__Fig 2__SQUID_data__IVI_BS30_A1S1_I_contrl_+-0.15mA_285mK_191103__IVB__T_1p40K[-0.000058125],0,up,2535,0.9992107340173638,
D4.2__Fig 2__SQUID_data__IVI_BS30_A1S1_I_contrl_+-0.15mA_285mK_191103__IVB__T_1p40K[-0.000058125],1,down,5023,0.9994026284348865,0.9837454807132151
D4.2__Fig 2__SQUID_data__IVI_BS30_A1S1_I_contrl_+-0.15mA_285mK_191103__IVB__T_1p40K[-0.000058125],2,up,2442,1.0,
D4.2__Fig 2__SQUID_data__IVI_BS30_A1S1_I_contrl_+-0.15mA_285mK_191103__IVB__T_1p40K[-0.000058500],0,up,2536,0.9988165680473373,
D4.2__Fig 2__SQUID_data__IVI_BS30_A1S1_I_contrl_+-0.15mA_285mK_191103__IVB__T_1p40K[-0.000058500],1,down,5021,0.999601593625498,0.9846126883500438
D4.2__Fig 2__SQUID_data__IVI_BS30_A1S1_I_contrl_+-0.15mA_285mK_191103__IVB__T_1p40K[-0.000058500],2,up,2443,1.0,
D4.2__Fig 2__SQUID_data__IVI_BS30_A1S1_I_contrl_+-0.15mA_285mK_191103__IVB__T_1p40K[-0.000058875],0,up,2535,0.9992107340173638,
D4.2__Fig 2__SQUID_data__IVI_BS30_A1S1_I_contrl_+-0.15mA_285mK_191103__IVB__T_1p40K[-0.000058875],1,down,5022,0.9994025094602669,0.9857581140233073
D4.2__Fig 2__SQUID_data__IVI_BS30_A1S1_I_contrl_+-0.15mA_285mK_191103__IVB__T_1p40K[-0.000058875],2,up,2443,1.0,
D4.2__Fig 2__SQUID_data__IVI_BS30_A1S1_I_contrl_+-0.15mA_285mK_191103__IVB__T_1p40K[-0.000059250],0,up,2535,0.9980268350434096,
D4.2__Fig 2__SQUID_data__IVI_BS30_A1S1_I_contrl_+-0.15mA_285mK_191103__IVB__T_1p40K[-0.000059250],1,down,5023,0.9998008761449622,0.9857718621624031
D4.2__Fig 2__SQUID_data__IVI_BS30_A1S1_I_contrl_+-0.15mA_285mK_191103__IVB__T_1p40K[-0.000059250],2,up,2442,0.9995903318312167,
D4.2__Fig 2__SQUID_data__IVI_BS30_A1S1_I_contrl_+-0.15mA_285mK_191103__IVB__T_1p40K[-0.000059625],0,up,2536,0.9992110453648915,
D4.2__Fig 2__SQUID_data__IVI_BS30_A1S1_I_contrl_+-0.15mA_285mK_191103__IVB__T_1p40K[-0.000059625],1,down,5021,0.999601593625498,0.9863996834107667
D4.2__Fig 2__SQUID_data__IVI_BS30_A1S1_I_contrl_+-0.15mA_285mK_191103__IVB__T_1p40K[-0.000059625],2,up,2443,0.9995904995904996,
D4.2__Fig 2__SQUID_data__IVI_BS30_A1S1_I_contrl_+-0.15mA_285mK_191103__IVB__T_1p40K[-0.000060000],0,up,2535,0.9992107340173638,
D4.2__Fig 2__SQUID_data__IVI_BS30_A1S1_I_contrl_+-0.15mA_285mK_191103__IVB__T_1p40K[-0.000060000],1,down,5023,0.9994026284348865,0.9867155367747297
D4.2__Fig 2__SQUID_data__IVI_BS30_A1S1_I_contrl_+-0.15mA_285mK_191103__IVB__T_1p40K[-0.000060000],2,up,2442,0.9995903318312167,
D4.2__Fig 2__SQUID_data__IVI_BS30_A1S1_I_contrl_+-0.15mA_285mK_191103__IVB__T_1p40K[-0.000060375],0,up,2536,0.9988165680473373,
D4.2__Fig 2__SQUID_data__IVI_BS30_A1S1_I_contrl_+-0.15mA_285mK_191103__IVB__T_1p40K[-0.000060375],1,down,5022,0.9994025094602669,0.9864044491047187
D4.2__Fig 2__SQUID_data__IVI_BS30_A1S1_I_contrl_+-0.15mA_285mK_191103__IVB__T_1p40K[-0.000060375],2,up,2442,1.0,
D4.2__Fig 2__SQUID_data__IVI_BS30_A1S1_I_contrl_+-0.15mA_285mK_191103__IVB__T_1p40K[-0.000060750],0,up,2536,0.9988165680473373,
D4.2__Fig 2__SQUID_data__IVI_BS30_A1S1_I_contrl_+-0.15mA_285mK_191103__IVB__T_1p40K[-0.000060750],1,down,5023,0.9992035045798486,0.9865135445664834
D4.2__Fig 2__SQUID_data__IVI_BS30_A1S1_I_contrl_+-0.15mA_285mK_191103__IVB__T_1p40K[-0.000060750],2,up,2441,1.0,
D4.2__Fig 2__SQUID_data__IVI_BS30_A1S1_I_contrl_+-0.15mA_285mK_191103__IVB__T_1p40K[-0.000061125],0,up,2535,0.9992107340173638,
D4.2__Fig 2__SQUID_data__IVI_BS30_A1S1_I_contrl_+-0.15mA_285mK_191103__IVB__T_1p40K[-0.000061125],1,down,5023,0.9996017522899243,0.9865229629625705
D4.2__Fig 2__SQUID_data__IVI_BS30_A1S1_I_contrl_+-0.15mA_285mK_191103__IVB__T_1p40K[-0.000061125],2,up,2442,0.9995903318312167,
D4.2__Fig 2__SQUID_data__IVI_BS30_A1S1_I_contrl_+-0.15mA_285mK_191103__IVB__T_1p40K[-0.000061500],0,up,2535,0.9988161010260458,
D4.2__Fig 2__SQUID_data__IVI_BS30_A1S1_I_contrl_+-0.15mA_285mK_191103__IVB__T_1p40K[-0.000061500],1,down,5022,0.9996016729735112,0.986364535372067
D4.2__Fig 2__SQUID_data__IVI_BS30_A1S1_I_contrl_+-0.15mA_285mK_191103__IVB__T_1p40K[-0.000061500],2,up,2443,1.0,
D4.2__Fig 2__SQUID_data__IVI_BS30_A1S1_I_contrl_+-0.15mA_285mK_191103__IVB__T_1p40K[-0.000061875],0,up,2534,0.9996052112120016,
D4.2__Fig 2__SQUID_data__IVI_BS30_A1S1_I_contrl_+-0.15mA_285mK_191103__IVB__T_1p40K[-0.000061875],1,down,5023,0.9996017522899243,0.9861319018105372
D4.2__Fig 2__SQUID_data__IVI_BS30_A1S1_I_contrl_+-0.15mA_285mK_191103__IVB__T_1p40K[-0.000061875],2,up,2443,1.0,
D4.2__Fig 2__SQUID_data__IVI_BS30_A1S1_I_contrl_+-0.15mA_285mK_191103__IVB__T_1p40K[-0.000062250],0,up,2534,0.9992104224240032,
D4.2__Fig 2__SQUID_data__IVI_BS30_A1S1_I_contrl_+-0.15mA_285mK_191103__IVB__T_1p40K[-0.000062250],1,down,5025,0.9994028662420382,0.9859577564728582
D4.2__Fig 2__SQUID_data__IVI_BS30_A1S1_I_contrl_+-0.15mA_285mK_191103__IVB__T_1p40K[-0.000062250],2,up,2441,1.0,
D4.2__Fig 2__SQUID_data__IVI_BS30_A1S1_I_contrl_+-0.15mA_285mK_191103__IVB__T_1p40K[-0.000062625],0,up,2535,0.9992107340173638,
D4.2__Fig 2__SQUID_data__IVI_BS30_A1S1_I_contrl_+-0.15mA_285mK_191103__IVB__T_1p40K[-0.000062625],1,down,5023,0.9996017522899243,0.9858254079989567
D4.2__Fig 2__SQUID_data__IVI_BS30_A1S1_I_contrl_+-0.15mA_285mK_191103__IVB__T_1p40K[-0.000062625],2,up,2442,1.0,
D4.2__Fig 2__SQUID_data__IVI_BS30_A1S1_I_contrl_+-0.15mA_285mK_191103__IVB__T_1p40K[-0.000063000],0,up,2534,0.9988156336360048,
D4.2__Fig 2__SQUID_data__IVI_BS30_A1S1_I_contrl_+-0.15mA_285mK_191103__IVB__T_1p40K[-0.000063000],1,down,5023,0.9994026284348865,0.9861928480765326
D4.2__Fig 2__SQUID_data__IVI_BS30_A1S1_I_contrl_+-0.15mA_285mK_191103__IVB__T_1p40K[-0.000063000],2,up,2443,1.0,
D4.2__Fig 2__SQUID_data__IVI_BS30_A1S1_I_contrl_+-0.15mA_285mK_191103__IVB__T_1p40K[-0.000063375],0,up,2536,0.998422090729783,
D4.2__Fig 2__SQUID_data__IVI_BS30_A1S1_I_contrl_+-0.15mA_285mK_191103__IVB__T_1p40K[-0.000063375],1,down,5023,0.9996017522899243,0.9864259794864195
D4.2__Fig 2__SQUID_data__IVI_BS30_A1S1_I_contrl_+-0.15mA_285mK_191103__IVB__T_1p40K[-0.000063375],2,up,2441,1.0,
D4.2__Fig 2__SQUID_data__IVI_BS30_A1S1_I_contrl_+-0.15mA_285mK_191103__IVB__T_1p40K[-0.000063750],0,up,2534,0.9996052112120016,
D4.2__Fig 2__SQUID_data__IVI_BS30_A1S1_I_contrl_+-0.15mA_285mK_191103__IVB__T_1p40K[-0.000063750],1,down,5023,0.9994026284348865,0.9866138391396512
D4.2__Fig 2__SQUID_data__IVI_BS30_A1S1_I_contrl_+-0.15mA_285mK_191103__IVB__T_1p40K[-0.000063750],2,up,2443,0.9995904995904996,
D4.2__Fig 2__SQUID_data__IVI_BS30_A1S1_I_contrl_+-0.15mA_285mK_191103__IVB__T_1p40K[-0.000064125],0,up,2535,0.9984214680347278,
D4.2__Fig 2__SQUID_data__IVI_BS30_A1S1_I_contrl_+-0.15mA_285mK_191103__IVB__T_1p40K[-0.000064125],1,down,5023,0.9994026284348865,0.9858552711901395
D4.2__Fig 2__SQUID_data__IVI_BS30_A1S1_I_contrl_+-0.15mA_285mK_191103__IVB__T_1p40K[-0.000064125],2,up,2442,1.0,
D4.2__Fig 2__SQUID_data__IVI_BS30_A1S1_I_contrl_+-0.15mA_285mK_191103__IVB__T_1p40K[-0.000064500],0,up,2535,0.9992107340173638,
D4.2__Fig 2__SQUID_data__IVI_BS30_A1S1_I_contrl_+-0.15mA_285mK_191103__IVB__T_1p40K[-0.000064500],1,down,5023,0.9996017522899243,0.9861613296458382
D4.2__Fig 2__SQUID_data__IVI_BS30_A1S1_I_contrl_+-0.15mA_285mK_191103__IVB__T_1p40K[-0.000064500],2,up,2442,1.0,
D4.2__Fig 2__SQUID_data__IVI_BS30_A1S1_I_contrl_+-0.15mA_285mK_191103__IVB__T_1p40K[-0.000064875],0,up,2535,0.9988161010260458,
D4.2__Fig 2__SQUID_data__IVI_BS30_A1S1_I_contrl_+-0.15mA_285mK_191103__IVB__T_1p40K[-0.000064875],1,down,5022,0.9996016729735112,0.9856276141210149
D4.2__Fig 2__SQUID_data__IVI_BS30_A1S1_I_contrl_+-0.15mA_285mK_191103__IVB__T_1p40K[-0.000064875],2,up,2443,1.0,
D4.2__Fig 2__SQUID_data__IVI_BS30_A1S1_I_contrl_+-0.15mA_285mK_191103__IVB__T_1p40K[-0.000065250],0,up,2533,0.9996050552922591,
D4.2__Fig 2__SQUID_data__IVI_BS30_A1S1_I_contrl_+-0.15mA_285mK_191103__IVB__T_1p40K[-0.000065250],1,down,5026,0.9994029850746269,0.9849619702863245
D4.2__Fig 2__SQUID_data__IVI_BS30_A1S1_I_contrl_+-0.15mA_285mK_191103__IVB__T_1p40K[-0.000065250],2,up,2441,1.0,
D4.2__Fig 2__SQUID_data__IVI_BS30_A1S1_I_contrl_+-0.15mA_285mK_191103__IVB__T_1p40K[-0.000065625],0,up,2534,0.9988156336360048,
D4.2__Fig 2__SQUID_data__IVI_BS30_A1S1_I_contrl_+-0.15mA_285mK_191103__IVB__T_1p40K[-0.000065625],1,down,5024,0.9996018315747561,0.984237064995787
D4.2__Fig 2__SQUID_data__IVI_BS30_A1S1_I_contrl_+-0.15mA_285mK_191103__IVB__T_1p40K[-0.000065625],2,up,2442,1.0,
D4.2__Fig 2__SQUID_data__IVI_BS30_A1S1_I_contrl_+-0.15mA_285mK_191103__IVB__T_1p40K[-0.000066000],0,up,2535,0.9992107340173638,
D4.2__Fig 2__SQUID_data__IVI_BS30_A1S1_I_contrl_+-0.15mA_285mK_191103__IVB__T_1p40K[-0.000066000],1,down,5023,0.9990043807248108,0.9845423829480148
D4.2__Fig 2__SQUID_data__IVI_BS30_A1S1_I_contrl_+-0.15mA_285mK_191103__IVB__T_1p40K[-0.000066000],2,up,2442,1.0,
D4.2__Fig 2__SQUID_data__IVI_BS30_A1S1_I_contrl_+-0.15mA_285mK_191103__IVB__T_1p40K[-0.000066375],0,up,2535,0.9992107340173638,
D4.2__Fig 2__SQUID_data__IVI_BS30_A1S1_I_contrl_+-0.15mA_285mK_191103__IVB__T_1p40K[-0.000066375],1,down,5023,0.9992035045798486,0.9855650751475764
D4.2__Fig 2__SQUID_data__IVI_BS30_A1S1_I_contrl_+-0.15mA_285mK_191103__IVB__T_1p40K[-0.000066375],2,up,2442,1.0,
D4.2__Fig 2__SQUID_data__IVI_BS30_A1S1_I_contrl_+-0.15mA_285mK_191103__IVB__T_1p40K[-0.000066750],0,up,2535,0.9992107340173638,
D4.2__Fig 2__SQUID_data__IVI_BS30_A1S1_I_contrl_+-0.15mA_285mK_191103__IVB__T_1p40K[-0.000066750],1,down,5022,0.9996016729735112,0.9863230256879161
D4.2__Fig 2__SQUID_data__IVI_BS30_A1S1_I_contrl_+-0.15mA_285mK_191103__IVB__T_1p40K[-0.000066750],2,up,2443,1.0,
D4.2__Fig 2__SQUID_data__IVI_BS30_A1S1_I_contrl_+-0.15mA_285mK_191103__IVB__T_1p40K[-0.000067125],0,up,2535,0.9992107340173638,
D4.2__Fig 2__SQUID_data__IVI_BS30_A1S1_I_contrl_+-0.15mA_285mK_191103__IVB__T_1p40K[-0.000067125],1,down,5023,0.9996017522899243,0.9864703809449565
D4.2__Fig 2__SQUID_data__IVI_BS30_A1S1_I_contrl_+-0.15mA_285mK_191103__IVB__T_1p40K[-0.000067125],2,up,2442,1.0,
D4.2__Fig 2__SQUID_data__IVI_BS30_A1S1_I_contrl_+-0.15mA_285mK_191103__IVB__T_1p40K[-0.000067500],0,up,2535,0.9992107340173638,
D4.2__Fig 2__SQUID_data__IVI_BS30_A1S1_I_contrl_+-0.15mA_285mK_191103__IVB__T_1p40K[-0.000067500],1,down,5022,0.9998008364867557,0.9864645933753818
D4.2__Fig 2__SQUID_data__IVI_BS30_A1S1_I_contrl_+-0.15mA_285mK_191103__IVB__T_1p40K[-0.000067500],2,up,2443,1.0,
D4.2__Fig 2__SQUID_data__IVI_BS30_A1S1_I_contrl_+-0.15mA_285mK_191103__IVB__T_1p40K[-0.000067875],0,up,2535,0.9992107340173638,
D4.2__Fig 2__SQUID_data__IVI_BS30_A1S1_I_contrl_+-0.15mA_285mK_191103__IVB__T_1p40K[-0.000067875],1,down,5023,0.9998008761449622,0.9867643673299664
D4.2__Fig 2__SQUID_data__IVI_BS30_A1S1_I_contrl_+-0.15mA_285mK_191103__IVB__T_1p40K[-0.000067875],2,up,2442,1.0,
D4.2__Fig 2__SQUID_data__IVI_BS30_A1S1_I_contrl_+-0.15mA_285mK_191103__IVB__T_1p40K[-0.000068250],0,up,2535,0.9992107340173638,
D4.2__Fig 2__SQUID_data__IVI_BS30_A1S1_I_contrl_+-0.15mA_285mK_191103__IVB__T_1p40K[-0.000068250],1,down,5022,0.9996016729735112,0.9864126711430264
D4.2__Fig 2__SQUID_data__IVI_BS30_A1S1_I_contrl_+-0.15mA_285mK_191103__IVB__T_1p40K[-0.000068250],2,up,2443,0.9995904995904996,
D4.2__Fig 2__SQUID_data__IVI_BS30_A1S1_I_contrl_+-0.15mA_285mK_191103__IVB__T_1p40K[-0.000068625],0,up,2536,0.9992110453648915,
D4.2__Fig 2__SQUID_data__IVI_BS30_A1S1_I_contrl_+-0.15mA_285mK_191103__IVB__T_1p40K[-0.000068625],1,down,5022,0.9996016729735112,0.9863381988440822
D4.2__Fig 2__SQUID_data__IVI_BS30_A1S1_I_contrl_+-0.15mA_285mK_191103__IVB__T_1p40K[-0.000068625],2,up,2442,1.0,
D4.2__Fig 2__SQUID_data__IVI_BS30_A1S1_I_contrl_+-0.15mA_285mK_191103__IVB__T_1p40K[-0.000069000],0,up,2535,0.9984214680347278,
D4.2__Fig 2__SQUID_data__IVI_BS30_A1S1_I_contrl_+-0.15mA_285mK_191103__IVB__T_1p40K[-0.000069000],1,down,5024,0.9996018315747561,0.9867027062425835
D4.2__Fig 2__SQUID_data__IVI_BS30_A1S1_I_contrl_+-0.15mA_285mK_191103__IVB__T_1p40K[-0.000069000],2,up,2441,1.0,
D4.2__Fig 2__SQUID_data__IVI_BS30_A1S1_I_contrl_+-0.15mA_285mK_191103__IVB__T_1p40K[-0.000069375],0,up,2534,0.9992104224240032,
D4.2__Fig 2__SQUID_data__IVI_BS30_A1S1_I_contrl_+-0.15mA_285mK_191103__IVB__T_1p40K[-0.000069375],1,down,5023,0.9996017522899243,0.9862921702872701
D4.2__Fig 2__SQUID_data__IVI_BS30_A1S1_I_contrl_+-0.15mA_285mK_191103__IVB__T_1p40K[-0.000069375],2,up,2443,1.0,
D4.2__Fig 2__SQUID_data__IVI_BS30_A1S1_I_contrl_+-0.15mA_285mK_191103__IVB__T_1p40K[-0.000069750],0,up,2535,0.9988161010260458,
D4.2__Fig 2__SQUID_data__IVI_BS30_A1S1_I_contrl_+-0.15mA_285mK_191103__IVB__T_1p40K[-0.000069750],1,down,5023,0.9994026284348865,0.9840777211716567
D4.2__Fig 2__SQUID_data__IVI_BS30_A1S1_I_contrl_+-0.15mA_285mK_191103__IVB__T_1p40K[-0.000069750],2,up,2442,1.0,
D4.2__Fig 2__SQUID_data__IVI_BS30_A1S1_I_contrl_+-0.15mA_285mK_191103__IVB__T_1p40K[-0.000070125],0,up,2536,0.9988165680473373,
D4.2__Fig 2__SQUID_data__IVI_BS30_A1S1_I_contrl_+-0.15mA_285mK_191103__IVB__T_1p40K[-0.000070125],1,down,5021,0.999601593625498,0.9838138956286544
D4.2__Fig 2__SQUID_data__IVI_BS30_A1S1_I_contrl_+-0.15mA_285mK_191103__IVB__T_1p40K[-0.000070125],2,up,2443,1.0,
D4.2__Fig 2__SQUID_data__IVI_BS30_A1S1_I_contrl_+-0.15mA_285mK_191103__IVB__T_1p40K[-0.000070500],0,up,2534,0.9996052112120016,
D4.2__Fig 2__SQUID_data__IVI_BS30_A1S1_I_contrl_+-0.15mA_285mK_191103__IVB__T_1p40K[-0.000070500],1,down,5023,0.9996017522899243,0.9850782895108344
D4.2__Fig 2__SQUID_data__IVI_BS30_A1S1_I_contrl_+-0.15mA_285mK_191103__IVB__T_1p40K[-0.000070500],2,up,2443,0.9995904995904996,
D4.2__Fig 2__SQUID_data__IVI_BS30_A1S1_I_contrl_+-0.15mA_285mK_191103__IVB__T_1p40K[-0.000070875],0,up,2534,0.9992104224240032,
D4.2__Fig 2__SQUID_data__IVI_BS30_A1S1_I_contrl_+-0.15mA_285mK_191103__IVB__T_1p40K[-0.000070875],1,down,5023,0.9998008761449622,0.9865252647742057
D4.2__Fig 2__SQUID_data__IVI_BS30_A1S1_I_contrl_+-0.15mA_285mK_191103__IVB__T_1p40K[-0.000070875],2,up,2443,1.0,
D4.2__Fig 2__SQUID_data__IVI_BS30_A1S1_I_contrl_+-0.15mA_285mK_191103__IVB__T_1p40K[-0.000071250],0,up,2535,0.9988161010260458,
D4.2__Fig 2__SQUID_data__IVI_BS30_A1S1_I_contrl_+-0.15mA_285mK_191103__IVB__T_1p40K[-0.000071250],1,down,5022,0.9996016729735112,0.986410300453969
D4.2__Fig 2__SQUID_data__IVI_BS30_A1S1_I_contrl_+-0.15mA_285mK_191103__IVB__T_1p40K[-0.000071250],2,up,2443,1.0,
D4.2__Fig 2__SQUID_data__IVI_BS30_A1S1_I_contrl_+-0.15mA_285mK_191103__IVB__T_1p40K[-0.000071625],0,up,2534,0.9992104224240032,
D4.2__Fig 2__SQUID_data__IVI_BS30_A1S1_I_contrl_+-0.15mA_285mK_191103__IVB__T_1p40K[-0.000071625],1,down,5024,0.9998009157873781,0.98651366094263
D4.2__Fig 2__SQUID_data__IVI_BS30_A1S1_I_contrl_+-0.15mA_285mK_191103__IVB__T_1p40K[-0.000071625],2,up,2442,1.0,
D4.2__Fig 2__SQUID_data__IVI_BS30_A1S1_I_contrl_+-0.15mA_285mK_191103__IVB__T_1p40K[-0.000072000],0,up,2535,0.9988161010260458,
D4.2__Fig 2__SQUID_data__IVI_BS30_A1S1_I_contrl_+-0.15mA_285mK_191103__IVB__T_1p40K[-0.000072000],1,down,5022,0.9994025094602669,0.985736540999658
D4.2__Fig 2__SQUID_data__IVI_BS30_A1S1_I_contrl_+-0.15mA_285mK_191103__IVB__T_1p40K[-0.000072000],2,up,2443,1.0,
D4.2__Fig 2__SQUID_data__IVI_BS30_A1S1_I_contrl_+-0.15mA_285mK_191103__IVB__T_1p40K[-0.000072375],0,up,2534,0.9996052112120016,
D4.2__Fig 2__SQUID_data__IVI_BS30_A1S1_I_contrl_+-0.15mA_285mK_191103__IVB__T_1p40K[-0.000072375],1,down,5021,0.999800796812749,0.9842272989772355
D4.2__Fig 2__SQUID_data__IVI_BS30_A1S1_I_contrl_+-0.15mA_285mK_191103__IVB__T_1p40K[-0.000072375],2,up,2445,1.0,
D4.2__Fig 2__SQUID_data__IVI_BS30_A1S1_I_contrl_+-0.15mA_285mK_191103__IVB__T_1p40K[-0.000072750],0,up,2535,0.999605367008682,
D4.2__Fig 2__SQUID_data__IVI_BS30_A1S1_I_contrl_+-0.15mA_285mK_191103__IVB__T_1p40K[-0.000072750],1,down,5023,0.9994026284348865,0.9837916277531212
D4.2__Fig 2__SQUID_data__IVI_BS30_A1S1_I_contrl_+-0.15mA_285mK_191103__IVB__T_1p40K[-0.000072750],2,up,2442,1.0,
D4.2__Fig 2__SQUID_data__IVI_BS30_A1S1_I_contrl_+-0.15mA_285mK_191103__IVB__T_1p40K[-0.000073125],0,up,2536,0.9988165680473373,
D4.2__Fig 2__SQUID_data__IVI_BS30_A1S1_I_contrl_+-0.15mA_285mK_191103__IVB__T_1p40K[-0.000073125],1,down,5021,0.999601593625498,0.9833830255298972
D4.2__Fig 2__SQUID_data__IVI_BS30_A1S1_I_contrl_+-0.15mA_285mK_191103__IVB__T_1p40K[-0.000073125],2,up,2443,0.9995904995904996,
D4.2__Fig 2__SQUID_data__IVI_BS30_A1S1_I_contrl_+-0.15mA_285mK_191103__IVB__T_1p40K[-0.000073500],0,up,2536,0.9988165680473373,
D4.2__Fig 2__SQUID_data__IVI_BS30_A1S1_I_contrl_+-0.15mA_285mK_191103__IVB__T_1p40K[-0.000073500],1,down,5022,0.9996016729735112,0.9836862589159681
D4.2__Fig 2__SQUID_data__IVI_BS30_A1S1_I_contrl_+-0.15mA_285mK_191103__IVB__T_1p40K[-0.000073500],2,up,2442,1.0,
D4.2__Fig 2__SQUID_data__IVI_BS30_A1S1_I_contrl_+-0.15mA_285mK_191103__IVB__T_1p40K[-0.000073875],0,up,2535,0.999605367008682,
D4.2__Fig 2__SQUID_data__IVI_BS30_A1S1_I_contrl_+-0.15mA_285mK_191103__IVB__T_1p40K[-0.000073875],1,down,5022,0.9994025094602669,0.9842454137230235
D4.2__Fig 2__SQUID_data__IVI_BS30_A1S1_I_contrl_+-0.15mA_285mK_191103__IVB__T_1p40K[-0.000073875],2,up,2443,1.0,
D4.2__Fig 2__SQUID_data__IVI_BS30_A1S1_I_contrl_+-0.15mA_285mK_191103__IVB__T_1p40K[-0.000074250],0,up,2534,0.9996052112120016,
D4.2__Fig 2__SQUID_data__IVI_BS30_A1S1_I_contrl_+-0.15mA_285mK_191103__IVB__T_1p40K[-0.000074250],1,down,5024,0.9994027473621342,0.9849689763282677
D4.2__Fig 2__SQUID_data__IVI_BS30_A1S1_I_contrl_+-0.15mA_285mK_191103__IVB__T_1p40K[-0.000074250],2,up,2442,1.0,
D4.2__Fig 2__SQUID_data__IVI_BS30_A1S1_I_contrl_+-0.15mA_285mK_191103__IVB__T_1p40K[-0.000074625],0,up,2535,0.9988161010260458,
D4.2__Fig 2__SQUID_data__IVI_BS30_A1S1_I_contrl_+-0.15mA_285mK_191103__IVB__T_1p40K[-0.000074625],1,down,5023,0.9994026284348865,0.9854534264748404
D4.2__Fig 2__SQUID_data__IVI_BS30_A1S1_I_contrl_+-0.15mA_285mK_191103__IVB__T_1p40K[-0.000074625],2,up,2442,1.0,
D4.2__Fig 2__SQUID_data__IVI_BS30_A1S1_I_contrl_+-0.15mA_285mK_191103__IVB__T_1p40K[-0.000075000],0,up,2535,0.9992107340173638,
D4.2__Fig 2__SQUID_data__IVI_BS30_A1S1_I_contrl_+-0.15mA_285mK_191103__IVB__T_1p40K[-0.000075000],1,down,5024,0.9992036631495123,0.9857482803376477
D4.2__Fig 2__SQUID_data__IVI_BS30_A1S1_I_contrl_+-0.15mA_285mK_191103__IVB__T_1p40K[-0.000075000],2,up,2441,1.0,
D4.2__Fig 2__SQUID_data__IVI_BS30_A1S1_I_contrl_+-0.15mA_285mK_191103__IVB__T_1p40K[-0.000075375],0,up,2535,0.9984214680347278,
D4.2__Fig 2__SQUID_data__IVI_BS30_A1S1_I_contrl_+-0.15mA_285mK_191103__IVB__T_1p40K[-0.000075375],1,down,5023,0.9992035045798486,0.9857538268968127
D4.2__Fig 2__SQUID_data__IVI_BS30_A1S1_I_contrl_+-0.15mA_285mK_191103__IVB__T_1p40K[-0.000075375],2,up,2442,1.0,
D4.2__Fig 2__SQUID_data__IVI_BS30_A1S1_I_contrl_+-0.15mA_285mK_191103__IVB__T_1p40K[-0.000075750],0,up,2535,0.9992107340173638,
D4.2__Fig 2__SQUID_data__IVI_BS30_A1S1_I_contrl_+-0.15mA_285mK_191103__IVB__T_1p40K[-0.000075750],1,down,5023,0.9994026284348865,0.9866143651902309
D4.2__Fig 2__SQUID_data__IVI_BS30_A1S1_I_contrl_+-0.15mA_285mK_191103__IVB__T_1p40K[-0.000075750],2,up,2442,0.9995903318312167,
D4.2__Fig 2__SQUID_data__IVI_BS30_A1S1_I_contrl_+-0.15mA_285mK_191103__IVB__T_1p40K[-0.000076125],0,up,2535,0.9992107340173638,
D4.2__Fig 2__SQUID_data__IVI_BS30_A1S1_I_contrl_+-0.15mA_285mK_191103__IVB__T_1p40K[-0.000076125],1,down,5023,0.9996017522899243,0.9865663695406114
D4.2__Fig 2__SQUID_data__IVI_BS30_A1S1_I_contrl_+-0.15mA_285mK_191103__IVB__T_1p40K[-0.000076125],2,up,2442,1.0,
D4.2__Fig 2__SQUID_data__IVI_BS30_A1S1_I_contrl_+-0.15mA_285mK_191103__IVB__T_1p40K[-0.000076500],0,up,2535,0.9992107340173638,
D4.2__Fig 2__SQUID_data__IVI_BS30_A1S1_I_contrl_+-0.15mA_285mK_191103__IVB__T_1p40K[-0.000076500],1,down,5022,0.9996016729735112,0.9863910240199945
D4.2__Fig 2__SQUID_data__IVI_BS30_A1S1_I_contrl_+-0.15mA_285mK_191103__IVB__T_1p40K[-0.000076500],2,up,2443,1.0,
D4.2__Fig 2__SQUID_data__IVI_BS30_A1S1_I_contrl_+-0.15mA_285mK_191103__IVB__T_1p40K[-0.000076875],0,up,2535,0.9992107340173638,
D4.2__Fig 2__SQUID_data__IVI_BS30_A1S1_I_contrl_+-0.15mA_285mK_191103__IVB__T_1p40K[-0.000076875],1,down,5023,0.9994026284348865,0.9861003668079326
D4.2__Fig 2__SQUID_data__IVI_BS30_A1S1_I_contrl_+-0.15mA_285mK_191103__IVB__T_1p40K[-0.000076875],2,up,2442,1.0,
D4.2__Fig 2__SQUID_data__IVI_BS30_A1S1_I_contrl_+-0.15mA_285mK_191103__IVB__T_1p40K[-0.000077250],0,up,2535,0.9992107340173638,
D4.2__Fig 2__SQUID_data__IVI_BS30_A1S1_I_contrl_+-0.15mA_285mK_191103__IVB__T_1p40K[-0.000077250],1,down,5022,0.9996016729735112,0.9853174469030072
D4.2__Fig 2__SQUID_data__IVI_BS30_A1S1_I_contrl_+-0.15mA_285mK_191103__IVB__T_1p40K[-0.000077250],2,up,2443,1.0,
D4.2__Fig 2__SQUID_data__IVI_BS30_A1S1_I_contrl_+-0.15mA_285mK_191103__IVB__T_1p40K[-0.000077625],0,up,2535,0.999605367008682,
D4.2__Fig 2__SQUID_data__IVI_BS30_A1S1_I_contrl_+-0.15mA_285mK_191103__IVB__T_1p40K[-0.000077625],1,down,5023,0.9996017522899243,0.9850726849836297
D4.2__Fig 2__SQUID_data__IVI_BS30_A1S1_I_contrl_+-0.15mA_285mK_191103__IVB__T_1p40K[-0.000077625],2,up,2442,1.0,
D4.2__Fig 2__SQUID_data__IVI_BS30_A1S1_I_contrl_+-0.15mA_285mK_191103__IVB__T_1p40K[-0.000078000],0,up,2535,0.9992107340173638,
D4.2__Fig 2__SQUID_data__IVI_BS30_A1S1_I_contrl_+-0.15mA_285mK_191103__IVB__T_1p40K[-0.000078000],1,down,5024,0.9996018315747561,0.984418779741
D4.2__Fig 2__SQUID_data__IVI_BS30_A1S1_I_contrl_+-0.15mA_285mK_191103__IVB__T_1p40K[-0.000078000],2,up,2441,1.0,
D4.2__Fig 2__SQUID_data__IVI_BS30_A1S1_I_contrl_+-0.15mA_285mK_191103__IVB__T_1p40K[-0.000078375],0,up,2534,0.9992104224240032,
D4.2__Fig 2__SQUID_data__IVI_BS30_A1S1_I_contrl_+-0.15mA_285mK_191103__IVB__T_1p40K[-0.000078375],1,down,5023,0.9994026284348865,0.9837952439348698
D4.2__Fig 2__SQUID_data__IVI_BS30_A1S1_I_contrl_+-0.15mA_285mK_191103__IVB__T_1p40K[-0.000078375],2,up,2443,1.0,
D4.2__Fig 2__SQUID_data__IVI_BS30_A1S1_I_contrl_+-0.15mA_285mK_191103__IVB__T_1p40K[-0.000078750],0,up,2534,0.9996052112120016,
D4.2__Fig 2__SQUID_data__IVI_BS30_A1S1_I_contrl_+-0.15mA_285mK_191103__IVB__T_1p40K[-0.000078750],1,down,5024,0.9996018315747561,0.9841139992810551
D4.2__Fig 2__SQUID_data__IVI_BS30_A1S1_I_contrl_+-0.15mA_285mK_191103__IVB__T_1p40K[-0.000078750],2,up,2442,0.9995903318312167,
D4.2__Fig 2__SQUID_data__IVI_BS30_A1S1_I_contrl_+-0.15mA_285mK_191103__IVB__T_1p40K[-0.000079125],0,up,2534,0.9988156336360048,
D4.2__Fig 2__SQUID_data__IVI_BS30_A1S1_I_contrl_+-0.15mA_285mK_191103__IVB__T_1p40K[-0.000079125],1,down,5024,0.9992036631495123,0.9853333332757451
D4.2__Fig 2__SQUID_data__IVI_BS30_A1S1_I_contrl_+-0.15mA_285mK_191103__IVB__T_1p40K[-0.000079125],2,up,2442,1.0,
D4.2__Fig 2__SQUID_data__IVI_BS30_A1S1_I_contrl_+-0.15mA_285mK_191103__IVB__T_1p40K[-0.000079500],0,up,2534,0.9992104224240032,
D4.2__Fig 2__SQUID_data__IVI_BS30_A1S1_I_contrl_+-0.15mA_285mK_191103__IVB__T_1p40K[-0.000079500],1,down,5023,0.9996017522899243,0.9862197745662359
D4.2__Fig 2__SQUID_data__IVI_BS30_A1S1_I_contrl_+-0.15mA_285mK_191103__IVB__T_1p40K[-0.000079500],2,up,2443,1.0,
D4.2__Fig 2__SQUID_data__IVI_BS30_A1S1_I_contrl_+-0.15mA_285mK_191103__IVB__T_1p40K[-0.000079875],0,up,2535,0.9992107340173638,
D4.2__Fig 2__SQUID_data__IVI_BS30_A1S1_I_contrl_+-0.15mA_285mK_191103__IVB__T_1p40K[-0.000079875],1,down,5022,0.9996016729735112,0.9857864426901624
D4.2__Fig 2__SQUID_data__IVI_BS30_A1S1_I_contrl_+-0.15mA_285mK_191103__IVB__T_1p40K[-0.000079875],2,up,2443,1.0,
D4.2__Fig 2__SQUID_data__IVI_BS30_A1S1_I_contrl_+-0.15mA_285mK_191103__IVB__T_1p40K[-0.000080250],0,up,2534,0.9992104224240032,
D4.2__Fig 2__SQUID_data__IVI_BS30_A1S1_I_contrl_+-0.15mA_285mK_191103__IVB__T_1p40K[-0.000080250],1,down,5024,0.9996018315747561,0.9846324838988159
D4.2__Fig 2__SQUID_data__IVI_BS30_A1S1_I_contrl_+-0.15mA_285mK_191103__IVB__T_1p40K[-0.000080250],2,up,2442,1.0,
D4.2__Fig 2__SQUID_data__IVI_BS30_A1S1_I_contrl_+-0.15mA_285mK_191103__IVB__T_1p40K[-0.000080625],0,up,2534,0.9992104224240032,
D4.2__Fig 2__SQUID_data__IVI_BS30_A1S1_I_contrl_+-0.15mA_285mK_191103__IVB__T_1p40K[-0.000080625],1,down,5024,0.9992036631495123,0.9842249094795297
D4.2__Fig 2__SQUID_data__IVI_BS30_A1S1_I_contrl_+-0.15mA_285mK_191103__IVB__T_1p40K[-0.000080625],2,up,2442,1.0,
D4.2__Fig 2__SQUID_data__IVI_BS30_A1S1_I_contrl_+-0.15mA_285mK_191103__IVB__T_1p40K[-0.000081000],0,up,2534,0.9992104224240032,
D4.2__Fig 2__SQUID_data__IVI_BS30_A1S1_I_contrl_+-0.15mA_285mK_191103__IVB__T_1p40K[-0.000081000],1,down,5023,0.9998008761449622,0.9837451445884255
D4.2__Fig 2__SQUID_data__IVI_BS30_A1S1_I_contrl_+-0.15mA_285mK_191103__IVB__T_1p40K[-0.000081000],2,up,2443,1.0,
D4.2__Fig 2__SQUID_data__IVI_BS30_A1S1_I_contrl_+-0.15mA_285mK_191103__IVB__T_1p40K[-0.000081375],0,up,2535,0.9992107340173638,
D4.2__Fig 2__SQUID_data__IVI_BS30_A1S1_I_contrl_+-0.15mA_285mK_191103__IVB__T_1p40K[-0.000081375],1,down,5022,0.9996016729735112,0.9839284696079624
D4.2__Fig 2__SQUID_data__IVI_BS30_A1S1_I_contrl_+-0.15mA_285mK_191103__IVB__T_1p40K[-0.000081375],2,up,2443,1.0,
D4.2__Fig 2__SQUID_data__IVI_BS30_A1S1_I_contrl_+-0.15mA_285mK_191103__IVB__T_1p40K[-0.000081750],0,up,2535,0.9992107340173638,
D4.2__Fig 2__SQUID_data__IVI_BS30_A1S1_I_contrl_+-0.15mA_285mK_191103__IVB__T_1p40K[-0.000081750],1,down,5023,0.9994026284348865,0.9858287514283565
D4.2__Fig 2__SQUID_data__IVI_BS30_A1S1_I_contrl_+-0.15mA_285mK_191103__IVB__T_1p40K[-0.000081750],2,up,2442,1.0,
D4.2__Fig 2__SQUID_data__IVI_BS30_A1S1_I_contrl_+-0.15mA_285mK_191103__IVB__T_1p40K[-0.000082125],0,up,2536,0.9988165680473373,
D4.2__Fig 2__SQUID_data__IVI_BS30_A1S1_I_contrl_+-0.15mA_285mK_191103__IVB__T_1p40K[-0.000082125],1,down,5022,0.9996016729735112,0.9855890938464352
D4.2__Fig 2__SQUID_data__IVI_BS30_A1S1_I_contrl_+-0.15mA_285mK_191103__IVB__T_1p40K[-0.000082125],2,up,2442,1.0,
D4.2__Fig 2__SQUID_data__IVI_BS30_A1S1_I_contrl_+-0.15mA_285mK_191103__IVB__T_1p40K[-0.000082500],0,up,2535,0.9984214680347278,
D4.2__Fig 2__SQUID_data__IVI_BS30_A1S1_I_contrl_+-0.15mA_285mK_191103__IVB__T_1p40K[-0.000082500],1,down,5023,0.9996017522899243,0.9855612143209485
D4.2__Fig 2__SQUID_data__IVI_BS30_A1S1_I_contrl_+-0.15mA_285mK_191103__IVB__T_1p40K[-0.000082500],2,up,2442,1.0,
D4.2__Fig 2__SQUID_data__IVI_BS30_A1S1_I_contrl_+-0.15mA_285mK_191103__IVB__T_1p40K[-0.000082875],0,up,2535,0.9992107340173638,
D4.2__Fig 2__SQUID_data__IVI_BS30_A1S1_I_contrl_+-0.15mA_285mK_191103__IVB__T_1p40K[-0.000082875],1,down,5022,0.9994025094602669,0.9842100660971767
D4.2__Fig 2__SQUID_data__IVI_BS30_A1S1_I_contrl_+-0.15mA_285mK_191103__IVB__T_1p40K[-0.000082875],2,up,2443,1.0,
D4.2__Fig 2__SQUID_data__IVI_BS30_A1S1_I_contrl_+-0.15mA_285mK_191103__IVB__T_1p40K[-0.000083250],0,up,2535,0.9992107340173638,
D4.2__Fig 2__SQUID_data__IVI_BS30_A1S1_I_contrl_+-0.15mA_285mK_191103__IVB__T_1p40K[-0.000083250],1,down,5022,0.9996016729735112,0.9844692146019763
D4.2__Fig 2__SQUID_data__IVI_BS30_A1S1_I_contrl_+-0.15mA_285mK_191103__IVB__T_1p40K[-0.000083250],2,up,2443,1.0,
D4.2__Fig 2__SQUID_data__IVI_BS30_A1S1_I_contrl_+-0.15mA_285mK_191103__IVB__T_1p40K[-0.000083625],0,up,2534,0.9992104224240032,
D4.2__Fig 2__SQUID_data__IVI_BS30_A1S1_I_contrl_+-0.15mA_285mK_191103__IVB__T_1p40K[-0.000083625],1,down,5023,0.9996017522899243,0.9854570929700486
D4.2__Fig 2__SQUID_data__IVI_BS30_A1S1_I_contrl_+-0.15mA_285mK_191103__IVB__T_1p40K[-0.000083625],2,up,2443,0.9995904995904996,
D4.2__Fig 2__SQUID_data__IVI_BS30_A1S1_I_contrl_+-0.15mA_285mK_191103__IVB__T_1p40K[-0.000084000],0,up,2534,0.9992104224240032,
D4.2__Fig 2__SQUID_data__IVI_BS30_A1S1_I_contrl_+-0.15mA_285mK_191103__IVB__T_1p40K[-0.000084000],1,down,5023,0.9994026284348865,0.9854313101517528
D4.2__Fig 2__SQUID_data__IVI_BS30_A1S1_I_contrl_+-0.15mA_285mK_191103__IVB__T_1p40K[-0.000084000],2,up,2443,1.0,
D4.2__Fig 2__SQUID_data__IVI_BS30_A1S1_I_contrl_+-0.15mA_285mK_191103__IVB__T_1p40K[-0.000084375],0,up,2535,0.9984214680347278,
D4.2__Fig 2__SQUID_data__IVI_BS30_A1S1_I_contrl_+-0.15mA_285mK_191103__IVB__T_1p40K[-0.000084375],1,down,5023,0.9992035045798486,0.9856971737800023
D4.2__Fig 2__SQUID_data__IVI_BS30_A1S1_I_contrl_+-0.15mA_285mK_191103__IVB__T_1p40K[-0.000084375],2,up,2442,1.0,
D4.2__Fig 2__SQUID_data__IVI_BS30_A1S1_I_contrl_+-0.15mA_285mK_191103__IVB__T_1p40K[-0.000084750],0,up,2535,0.9988161010260458,
D4.2__Fig 2__SQUID_data__IVI_BS30_A1S1_I_contrl_+-0.15mA_285mK_191103__IVB__T_1p40K[-0.000084750],1,down,5023,0.9994026284348865,0.9861883603676376
D4.2__Fig 2__SQUID_data__IVI_BS30_A1S1_I_contrl_+-0.15mA_285mK_191103__IVB__T_1p40K[-0.000084750],2,up,2442,1.0,
D4.2__Fig 2__SQUID_data__IVI_BS30_A1S1_I_contrl_+-0.15mA_285mK_191103__IVB__T_1p40K[-0.000085125],0,up,2535,0.9992107340173638,
D4.2__Fig 2__SQUID_data__IVI_BS30_A1S1_I_contrl_+-0.15mA_285mK_191103__IVB__T_1p40K[-0.000085125],1,down,5023,0.9996017522899243,0.9863533318067021
D4.2__Fig 2__SQUID_data__IVI_BS30_A1S1_I_contrl_+-0.15mA_285mK_191103__IVB__T_1p40K[-0.000085125],2,up,2442,1.0,
D4.2__Fig 2__SQUID_data__IVI_BS30_A1S1_I_contrl_+-0.15mA_285mK_191103__IVB__T_1p40K[-0.000085500],0,up,2534,0.9996052112120016,
D4.2__Fig 2__SQUID_data__IVI_BS30_A1S1_I_contrl_+-0.15mA_285mK_191103__IVB__T_1p40K[-0.000085500],1,down,5024,0.9994027473621342,0.9856502859420104
D4.2__Fig 2__SQUID_data__IVI_BS30_A1S1_I_contrl_+-0.15mA_285mK_191103__IVB__T_1p40K[-0.000085500],2,up,2442,1.0,
D4.2__Fig 2__SQUID_data__IVI_BS30_A1S1_I_contrl_+-0.15mA_285mK_191103__IVB__T_1p40K[-0.000085875],0,up,2535,0.9988161010260458,
D4.2__Fig 2__SQUID_data__IVI_BS30_A1S1_I_contrl_+-0.15mA_285mK_191103__IVB__T_1p40K[-0.000085875],1,down,5023,0.9996017522899243,0.984508209211975
D4.2__Fig 2__SQUID_data__IVI_BS30_A1S1_I_contrl_+-0.15mA_285mK_191103__IVB__T_1p40K[-0.000085875],2,up,2442,1.0,
D4.2__Fig 2__SQUID_data__IVI_BS30_A1S1_I_contrl_+-0.15mA_285mK_191103__IVB__T_1p40K[-0.000086250],0,up,2535,0.9992107340173638,
D4.2__Fig 2__SQUID_data__IVI_BS30_A1S1_I_contrl_+-0.15mA_285mK_191103__IVB__T_1p40K[-0.000086250],1,down,5023,0.9996017522899243,0.9855407424970064
D4.2__Fig 2__SQUID_data__IVI_BS30_A1S1_I_contrl_+-0.15mA_285mK_191103__IVB__T_1p40K[-0.000086250],2,up,2442,1.0,
D4.2__Fig 2__SQUID_data__IVI_BS30_A1S1_I_contrl_+-0.15mA_285mK_191103__IVB__T_1p40K[-0.000086625],0,up,2535,0.999605367008682,
D4.2__Fig 2__SQUID_data__IVI_BS30_A1S1_I_contrl_+-0.15mA_285mK_191103__IVB__T_1p40K[-0.000086625],1,down,5023,0.9992035045798486,0.9844164130684548
D4.2__Fig 2__SQUID_data__IVI_BS30_A1S1_I_contrl_+-0.15mA_285mK_191103__IVB__T_1p40K[-0.000086625],2,up,2442,1.0,
D4.2__Fig 2__SQUID_data__IVI_BS30_A1S1_I_contrl_+-0.15mA_285mK_191103__IVB__T_1p40K[-0.000087000],0,up,2536,0.9988165680473373,
D4.2__Fig 2__SQUID_data__IVI_BS30_A1S1_I_contrl_+-0.15mA_285mK_191103__IVB__T_1p40K[-0.000087000],1,down,5021,0.999601593625498,0.9848106778557262
D4.2__Fig 2__SQUID_data__IVI_BS30_A1S1_I_contrl_+-0.15mA_285mK_191103__IVB__T_1p40K[-0.000087000],2,up,2443,1.0,
D4.2__Fig 2__SQUID_data__IVI_BS30_A1S1_I_contrl_+-0.15mA_285mK_191103__IVB__T_1p40K[-0.000087375],0,up,2536,0.9988165680473373,
D4.2__Fig 2__SQUID_data__IVI_BS30_A1S1_I_contrl_+-0.15mA_285mK_191103__IVB__T_1p40K[-0.000087375],1,down,5021,0.999402390438247,0.9839794589155829
D4.2__Fig 2__SQUID_data__IVI_BS30_A1S1_I_contrl_+-0.15mA_285mK_191103__IVB__T_1p40K[-0.000087375],2,up,2443,0.9995904995904996,
D4.2__Fig 2__SQUID_data__IVI_BS30_A1S1_I_contrl_+-0.15mA_285mK_191103__IVB__T_1p40K[-0.000087750],0,up,2535,0.9988161010260458,
D4.2__Fig 2__SQUID_data__IVI_BS30_A1S1_I_contrl_+-0.15mA_285mK_191103__IVB__T_1p40K[-0.000087750],1,down,5023,0.9994026284348865,0.9854180650770912
D4.2__Fig 2__SQUID_data__IVI_BS30_A1S1_I_contrl_+-0.15mA_285mK_191103__IVB__T_1p40K[-0.000087750],2,up,2442,1.0,
D4.2__Fig 2__SQUID_data__IVI_BS30_A1S1_I_contrl_+-0.15mA_285mK_191103__IVB__T_1p40K[-0.000088125],0,up,2535,0.9988161010260458,
D4.2__Fig 2__SQUID_data__IVI_BS30_A1S1_I_contrl_+-0.15mA_285mK_191103__IVB__T_1p40K[-0.000088125],1,down,5021,1.0,0.9847881819488536
D4.2__Fig 2__SQUID_data__IVI_BS30_A1S1_I_contrl_+-0.15mA_285mK_191103__IVB__T_1p40K[-0.000088125],2,up,2444,1.0,
D4.2__Fig 2__SQUID_data__IVI_BS30_A1S1_I_contrl_+-0.15mA_285mK_191103__IVB__T_1p40K[-0.000088500],0,up,2535,0.9992107340173638,
D4.2__Fig 2__SQUID_data__IVI_BS30_A1S1_I_contrl_+-0.15mA_285mK_191103__IVB__T_1p40K[-0.000088500],1,down,5023,0.9996017522899243,0.9854295696932531
D4.2__Fig 2__SQUID_data__IVI_BS30_A1S1_I_contrl_+-0.15mA_285mK_191103__IVB__T_1p40K[-0.000088500],2,up,2442,1.0,
D4.2__Fig 2__SQUID_data__IVI_BS30_A1S1_I_contrl_+-0.15mA_285mK_191103__IVB__T_1p40K[-0.000088875],0,up,2535,0.999605367008682,
D4.2__Fig 2__SQUID_data__IVI_BS30_A1S1_I_contrl_+-0.15mA_285mK_191103__IVB__T_1p40K[-0.000088875],1,down,5023,0.9996017522899243,0.9860863887048382
D4.2__Fig 2__SQUID_data__IVI_BS30_A1S1_I_contrl_+-0.15mA_285mK_191103__IVB__T_1p40K[-0.000088875],2,up,2442,1.0,
D4.2__Fig 2__SQUID_data__IVI_BS30_A1S1_I_contrl_+-0.15mA_285mK_191103__IVB__T_1p40K[-0.000089250],0,up,2534,0.9992104224240032,
D4.2__Fig 2__SQUID_data__IVI_BS30_A1S1_I_contrl_+-0.15mA_285mK_191103__IVB__T_1p40K[-0.000089250],1,down,5023,0.9994026284348865,0.9866842705452001
D4.2__Fig 2__SQUID_data__IVI_BS30_A1S1_I_contrl_+-0.15mA_285mK_191103__IVB__T_1p40K[-0.000089250],2,up,2443,0.9995904995904996,
D4.2__Fig 2__SQUID_data__IVI_BS30_A1S1_I_contrl_+-0.15mA_285mK_191103__IVB__T_1p40K[-0.000089625],0,up,2534,0.9988156336360048,
D4.2__Fig 2__SQUID_data__IVI_BS30_A1S1_I_contrl_+-0.15mA_285mK_191103__IVB__T_1p40K[-0.000089625],1,down,5025,0.9994028662420382,0.9865195366920605
D4.2__Fig 2__SQUID_data__IVI_BS30_A1S1_I_contrl_+-0.15mA_285mK_191103__IVB__T_1p40K[-0.000089625],2,up,2441,1.0,
D4.2__Fig 2__SQUID_data__IVI_BS30_A1S1_I_contrl_+-0.15mA_285mK_191103__IVB__T_1p40K[-0.000090000],0,up,2535,0.9988161010260458,
D4.2__Fig 2__SQUID_data__IVI_BS30_A1S1_I_contrl_+-0.15mA_285mK_191103__IVB__T_1p40K[-0.000090000],1,down,5023,0.9994026284348865,0.984907755092626
D4.2__Fig 2__SQUID_data__IVI_BS30_A1S1_I_contrl_+-0.15mA_285mK_191103__IVB__T_1p40K[-0.000090000],2,up,2442,1.0,
D4.2__Fig 2__SQUID_data__IVI_BS30_A1S1_I_contrl_+-0.15mA_285mK_191103__IVB__T_1p40K[-0.000090375],0,up,2534,0.9988156336360048,
D4.2__Fig 2__SQUID_data__IVI_BS30_A1S1_I_contrl_+-0.15mA_285mK_191103__IVB__T_1p40K[-0.000090375],1,down,5024,0.9994027473621342,0.9842069957295632
D4.2__Fig 2__SQUID_data__IVI_BS30_A1S1_I_contrl_+-0.15mA_285mK_191103__IVB__T_1p40K[-0.000090375],2,up,2442,1.0,
D4.2__Fig 2__SQUID_data__IVI_BS30_A1S1_I_contrl_+-0.15mA_285mK_191103__IVB__T_1p40K[-0.000090750],0,up,2536,0.998422090729783,
D4.2__Fig 2__SQUID_data__IVI_BS30_A1S1_I_contrl_+-0.15mA_285mK_191103__IVB__T_1p40K[-0.000090750],1,down,5021,0.999601593625498,0.9850813198791877
D4.2__Fig 2__SQUID_data__IVI_BS30_A1S1_I_contrl_+-0.15mA_285mK_191103__IVB__T_1p40K[-0.000090750],2,up,2443,1.0,
D4.2__Fig 2__SQUID_data__IVI_BS30_A1S1_I_contrl_+-0.15mA_285mK_191103__IVB__T_1p40K[-0.000091125],0,up,2535,0.9988161010260458,
D4.2__Fig 2__SQUID_data__IVI_BS30_A1S1_I_contrl_+-0.15mA_285mK_191103__IVB__T_1p40K[-0.000091125],1,down,5022,0.9996016729735112,0.9865301229831983
D4.2__Fig 2__SQUID_data__IVI_BS30_A1S1_I_contrl_+-0.15mA_285mK_191103__IVB__T_1p40K[-0.000091125],2,up,2443,1.0,
D4.2__Fig 2__SQUID_data__IVI_BS30_A1S1_I_contrl_+-0.15mA_285mK_191103__IVB__T_1p40K[-0.000091500],0,up,2535,0.9988161010260458,
D4.2__Fig 2__SQUID_data__IVI_BS30_A1S1_I_contrl_+-0.15mA_285mK_191103__IVB__T_1p40K[-0.000091500],1,down,5022,0.9996016729735112,0.9860095379782201
D4.2__Fig 2__SQUID_data__IVI_BS30_A1S1_I_contrl_+-0.15mA_285mK_191103__IVB__T_1p40K[-0.000091500],2,up,2443,1.0,
D4.2__Fig 2__SQUID_data__IVI_BS30_A1S1_I_contrl_+-0.15mA_285mK_191103__IVB__T_1p40K[-0.000091875],0,up,2535,0.9992107340173638,
D4.2__Fig 2__SQUID_data__IVI_BS30_A1S1_I_contrl_+-0.15mA_285mK_191103__IVB__T_1p40K[-0.000091875],1,down,5023,0.9994026284348865,0.9839714270061533
D4.2__Fig 2__SQUID_data__IVI_BS30_A1S1_I_contrl_+-0.15mA_285mK_191103__IVB__T_1p40K[-0.000091875],2,up,2442,1.0,
D4.2__Fig 2__SQUID_data__IVI_BS30_A1S1_I_contrl_+-0.15mA_285mK_191103__IVB__T_1p40K[-0.000092250],0,up,2534,0.9996052112120016,
D4.2__Fig 2__SQUID_data__IVI_BS30_A1S1_I_contrl_+-0.15mA_285mK_191103__IVB__T_1p40K[-0.000092250],1,down,5024,0.9996018315747561,0.9835045308927958
D4.2__Fig 2__SQUID_data__IVI_BS30_A1S1_I_contrl_+-0.15mA_285mK_191103__IVB__T_1p40K[-0.000092250],2,up,2442,1.0,
D4.2__Fig 2__SQUID_data__IVI_BS30_A1S1_I_contrl_+-0.15mA_285mK_191103__IVB__T_1p40K[-0.000092625],0,up,2535,0.9992107340173638,
D4.2__Fig 2__SQUID_data__IVI_BS30_A1S1_I_contrl_+-0.15mA_285mK_191103__IVB__T_1p40K[-0.000092625],1,down,5023,0.9996017522899243,0.983631048313292
D4.2__Fig 2__SQUID_data__IVI_BS30_A1S1_I_contrl_+-0.15mA_285mK_191103__IVB__T_1p40K[-0.000092625],2,up,2442,1.0,
D4.2__Fig 2__SQUID_data__IVI_BS30_A1S1_I_contrl_+-0.15mA_285mK_191103__IVB__T_1p40K[-0.000093000],0,up,2536,0.9988165680473373,
D4.2__Fig 2__SQUID_data__IVI_BS30_A1S1_I_contrl_+-0.15mA_285mK_191103__IVB__T_1p40K[-0.000093000],1,down,5023,0.9994026284348865,0.9839763542946782
D4.2__Fig 2__SQUID_data__IVI_BS30_A1S1_I_contrl_+-0.15mA_285mK_191103__IVB__T_1p40K[-0.000093000],2,up,2441,1.0,
D4.2__Fig 2__SQUID_data__IVI_BS30_A1S1_I_contrl_+-0.15mA_285mK_191103__IVB__T_1p40K[-0.000093375],0,up,2536,0.9988165680473373,
D4.2__Fig 2__SQUID_data__IVI_BS30_A1S1_I_contrl_+-0.15mA_285mK_191103__IVB__T_1p40K[-0.000093375],1,down,5022,0.9996016729735112,0.9852867761801473
D4.2__Fig 2__SQUID_data__IVI_BS30_A1S1_I_contrl_+-0.15mA_285mK_191103__IVB__T_1p40K[-0.000093375],2,up,2442,1.0,
D4.2__Fig 2__SQUID_data__IVI_BS30_A1S1_I_contrl_+-0.15mA_285mK_191103__IVB__T_1p40K[-0.000093750],0,up,2534,0.9992104224240032,
D4.2__Fig 2__SQUID_data__IVI_BS30_A1S1_I_contrl_+-0.15mA_285mK_191103__IVB__T_1p40K[-0.000093750],1,down,5023,0.9998008761449622,0.985467991152881
D4.2__Fig 2__SQUID_data__IVI_BS30_A1S1_I_contrl_+-0.15mA_285mK_191103__IVB__T_1p40K[-0.000093750],2,up,2443,1.0,
D4.2__Fig 2__SQUID_data__IVI_BS30_A1S1_I_contrl_+-0.15mA_285mK_191103__IVB__T_1p40K[-0.000094125],0,up,2534,0.9996052112120016,
D4.2__Fig 2__SQUID_data__IVI_BS30_A1S1_I_contrl_+-0.15mA_285mK_191103__IVB__T_1p40K[-0.000094125],1,down,5024,0.9994027473621342,0.9854071776099437
D4.2__Fig 2__SQUID_data__IVI_BS30_A1S1_I_contrl_+-0.15mA_285mK_191103__IVB__T_1p40K[-0.000094125],2,up,2442,1.0,
D4.2__Fig 2__SQUID_data__IVI_BS30_A1S1_I_contrl_+-0.15mA_285mK_191103__IVB__T_1p40K[-0.000094500],0,up,2534,0.9992104224240032,
D4.2__Fig 2__SQUID_data__IVI_BS30_A1S1_I_contrl_+-0.15mA_285mK_191103__IVB__T_1p40K[-0.000094500],1,down,5024,0.9992036631495123,0.985574323586077
D4.2__Fig 2__SQUID_data__IVI_BS30_A1S1_I_contrl_+-0.15mA_285mK_191103__IVB__T_1p40K[-0.000094500],2,up,2442,1.0,
D4.2__Fig 2__SQUID_data__IVI_BS30_A1S1_I_contrl_+-0.15mA_285mK_191103__IVB__T_1p40K[-0.000094875],0,up,2536,0.998422090729783,
D4.2__Fig 2__SQUID_data__IVI_BS30_A1S1_I_contrl_+-0.15mA_285mK_191103__IVB__T_1p40K[-0.000094875],1,down,5022,0.9996016729735112,0.985241114348885
D4.2__Fig 2__SQUID_data__IVI_BS30_A1S1_I_contrl_+-0.15mA_285mK_191103__IVB__T_1p40K[-0.000094875],2,up,2442,1.0,
D4.2__Fig 2__SQUID_data__IVI_BS30_A1S1_I_contrl_+-0.15mA_285mK_191103__IVB__T_1p40K[-0.000095250],0,up,2535,0.9992107340173638,
D4.2__Fig 2__SQUID_data__IVI_BS30_A1S1_I_contrl_+-0.15mA_285mK_191103__IVB__T_1p40K[-0.000095250],1,down,5023,0.9996017522899243,0.9858442082807857
D4.2__Fig 2__SQUID_data__IVI_BS30_A1S1_I_contrl_+-0.15mA_285mK_191103__IVB__T_1p40K[-0.000095250],2,up,2442,1.0,
D4.2__Fig 2__SQUID_data__IVI_BS30_A1S1_I_contrl_+-0.15mA_285mK_191103__IVB__T_1p40K[-0.000095625],0,up,2534,0.9996052112120016,
D4.2__Fig 2__SQUID_data__IVI_BS30_A1S1_I_contrl_+-0.15mA_285mK_191103__IVB__T_1p40K[-0.000095625],1,down,5023,0.9996017522899243,0.9863427881326511
D4.2__Fig 2__SQUID_data__IVI_BS30_A1S1_I_contrl_+-0.15mA_285mK_191103__IVB__T_1p40K[-0.000095625],2,up,2443,1.0,
D4.2__Fig 2__SQUID_data__IVI_BS30_A1S1_I_contrl_+-0.15mA_285mK_191103__IVB__T_1p40K[-0.000096000],0,up,2536,0.9988165680473373,
D4.2__Fig 2__SQUID_data__IVI_BS30_A1S1_I_contrl_+-0.15mA_285mK_191103__IVB__T_1p40K[-0.000096000],1,down,5024,0.9990045789368903,0.9859093753221025
D4.2__Fig 2__SQUID_data__IVI_BS30_A1S1_I_contrl_+-0.15mA_285mK_191103__IVB__T_1p40K[-0.000096000],2,up,2440,1.0,
D4.2__Fig 2__SQUID_data__IVI_BS30_A1S1_I_contrl_+-0.15mA_285mK_191103__IVB__T_1p40K[-0.000096375],0,up,2535,0.9984214680347278,
D4.2__Fig 2__SQUID_data__IVI_BS30_A1S1_I_contrl_+-0.15mA_285mK_191103__IVB__T_1p40K[-0.000096375],1,down,5022,0.9994025094602669,0.9848519140554846
D4.2__Fig 2__SQUID_data__IVI_BS30_A1S1_I_contrl_+-0.15mA_285mK_191103__IVB__T_1p40K[-0.000096375],2,up,2443,1.0,
D4.2__Fig 2__SQUID_data__IVI_BS30_A1S1_I_contrl_+-0.15mA_285mK_191103__IVB__T_1p40K[-0.000096750],0,up,2536,0.998422090729783,
D4.2__Fig 2__SQUID_data__IVI_BS30_A1S1_I_contrl_+-0.15mA_285mK_191103__IVB__T_1p40K[-0.000096750],1,down,5021,0.999601593625498,0.9847046707432716
D4.2__Fig 2__SQUID_data__IVI_BS30_A1S1_I_contrl_+-0.15mA_285mK_191103__IVB__T_1p40K[-0.000096750],2,up,2443,1.0,
D4.2__Fig 2__SQUID_data__IVI_BS30_A1S1_I_contrl_+-0.15mA_285mK_191103__IVB__T_1p40K[-0.000097125],0,up,2535,0.9984214680347278,
D4.2__Fig 2__SQUID_data__IVI_BS30_A1S1_I_contrl_+-0.15mA_285mK_191103__IVB__T_1p40K[-0.000097125],1,down,5022,0.9998008364867557,0.9852669186844151
D4.2__Fig 2__SQUID_data__IVI_BS30_A1S1_I_contrl_+-0.15mA_285mK_191103__IVB__T_1p40K[-0.000097125],2,up,2443,0.9995904995904996,
D4.2__Fig 2__SQUID_data__IVI_BS30_A1S1_I_contrl_+-0.15mA_285mK_191103__IVB__T_1p40K[-0.000097500],0,up,2535,0.9992107340173638,
D4.2__Fig 2__SQUID_data__IVI_BS30_A1S1_I_contrl_+-0.15mA_285mK_191103__IVB__T_1p40K[-0.000097500],1,down,5022,0.9996016729735112,0.986510983180749
D4.2__Fig 2__SQUID_data__IVI_BS30_A1S1_I_contrl_+-0.15mA_285mK_191103__IVB__T_1p40K[-0.000097500],2,up,2443,1.0,
D4.2__Fig 2__SQUID_data__IVI_BS30_A1S1_I_contrl_+-0.15mA_285mK_191103__IVB__T_1p40K[-0.000097875],0,up,2535,0.9992107340173638,
D4.2__Fig 2__SQUID_data__IVI_BS30_A1S1_I_contrl_+-0.15mA_285mK_191103__IVB__T_1p40K[-0.000097875],1,down,5023,0.9996017522899243,0.9859144081303968
D4.2__Fig 2__SQUID_data__IVI_BS30_A1S1_I_contrl_+-0.15mA_285mK_191103__IVB__T_1p40K[-0.000097875],2,up,2442,1.0,
D4.2__Fig 2__SQUID_data__IVI_BS30_A1S1_I_contrl_+-0.15mA_285mK_191103__IVB__T_1p40K[-0.000098250],0,up,2534,0.9992104224240032,
D4.2__Fig 2__SQUID_data__IVI_BS30_A1S1_I_contrl_+-0.15mA_285mK_191103__IVB__T_1p40K[-0.000098250],1,down,5024,0.9996018315747561,0.9844956508207027
D4.2__Fig 2__SQUID_data__IVI_BS30_A1S1_I_contrl_+-0.15mA_285mK_191103__IVB__T_1p40K[-0.000098250],2,up,2442,1.0,
D4.2__Fig 2__SQUID_data__IVI_BS30_A1S1_I_contrl_+-0.15mA_285mK_191103__IVB__T_1p40K[-0.000098625],0,up,2535,0.9992107340173638,
D4.2__Fig 2__SQUID_data__IVI_BS30_A1S1_I_contrl_+-0.15mA_285mK_191103__IVB__T_1p40K[-0.000098625],1,down,5023,0.9994026284348865,0.9857343779450423
D4.2__Fig 2__SQUID_data__IVI_BS30_A1S1_I_contrl_+-0.15mA_285mK_191103__IVB__T_1p40K[-0.000098625],2,up,2442,1.0,
D4.2__Fig 2__SQUID_data__IVI_BS30_A1S1_I_contrl_+-0.15mA_285mK_191103__IVB__T_1p40K[-0.000099000],0,up,2535,0.9992107340173638,
D4.2__Fig 2__SQUID_data__IVI_BS30_A1S1_I_contrl_+-0.15mA_285mK_191103__IVB__T_1p40K[-0.000099000],1,down,5022,0.9996016729735112,0.9859224553254113
D4.2__Fig 2__SQUID_data__IVI_BS30_A1S1_I_contrl_+-0.15mA_285mK_191103__IVB__T_1p40K[-0.000099000],2,up,2443,1.0,
D4.2__Fig 2__SQUID_data__IVI_BS30_A1S1_I_contrl_+-0.15mA_285mK_191103__IVB__T_1p40K[-0.000099375],0,up,2535,0.9992107340173638,
D4.2__Fig 2__SQUID_data__IVI_BS30_A1S1_I_contrl_+-0.15mA_285mK_191103__IVB__T_1p40K[-0.000099375],1,down,5022,0.9996016729735112,0.9843276242321857
D4.2__Fig 2__SQUID_data__IVI_BS30_A1S1_I_contrl_+-0.15mA_285mK_191103__IVB__T_1p40K[-0.000099375],2,up,2443,1.0,
D4.2__Fig 2__SQUID_data__IVI_BS30_A1S1_I_contrl_+-0.15mA_285mK_191103__IVB__T_1p40K[-0.000099750],0,up,2535,0.9992107340173638,
D4.2__Fig 2__SQUID_data__IVI_BS30_A1S1_I_contrl_+-0.15mA_285mK_191103__IVB__T_1p40K[-0.000099750],1,down,5022,0.9994025094602669,0.9850564983712369
D4.2__Fig 2__SQUID_data__IVI_BS30_A1S1_I_contrl_+-0.15mA_285mK_191103__IVB__T_1p40K[-0.000099750],2,up,2443,0.9995904995904996,
D4.2__Fig 2__SQUID_data__IVI_BS30_A1S1_I_contrl_+-0.15mA_285mK_191103__IVB__T_1p40K[-0.000100125],0,up,2535,0.9992107340173638,
D4.2__Fig 2__SQUID_data__IVI_BS30_A1S1_I_contrl_+-0.15mA_285mK_191103__IVB__T_1p40K[-0.000100125],1,down,5023,0.9994026284348865,0.986759511967671
D4.2__Fig 2__SQUID_data__IVI_BS30_A1S1_I_contrl_+-0.15mA_285mK_191103__IVB__T_1p40K[-0.000100125],2,up,2442,1.0,
D4.2__Fig 2__SQUID_data__IVI_BS30_A1S1_I_contrl_+-0.15mA_285mK_191103__IVB__T_1p40K[-0.000100500],0,up,2535,0.9988161010260458,
D4.2__Fig 2__SQUID_data__IVI_BS30_A1S1_I_contrl_+-0.15mA_285mK_191103__IVB__T_1p40K[-0.000100500],1,down,5023,0.9994026284348865,0.9846954696708403
D4.2__Fig 2__SQUID_data__IVI_BS30_A1S1_I_contrl_+-0.15mA_285mK_191103__IVB__T_1p40K[-0.000100500],2,up,2442,1.0,
D4.2__Fig 2__SQUID_data__IVI_BS30_A1S1_I_contrl_+-0.15mA_285mK_191103__IVB__T_1p40K[-0.000100875],0,up,2535,0.9992107340173638,
D4.2__Fig 2__SQUID_data__IVI_BS30_A1S1_I_contrl_+-0.15mA_285mK_191103__IVB__T_1p40K[-0.000100875],1,down,5023,0.9996017522899243,0.9845972260173383
D4.2__Fig 2__SQUID_data__IVI_BS30_A1S1_I_contrl_+-0.15mA_285mK_191103__IVB__T_1p40K[-0.000100875],2,up,2442,1.0,
D4.2__Fig 2__SQUID_data__IVI_BS30_A1S1_I_contrl_+-0.15mA_285mK_191103__IVB__T_1p40K[-0.000101250],0,up,2535,0.9992107340173638,
D4.2__Fig 2__SQUID_data__IVI_BS30_A1S1_I_contrl_+-0.15mA_285mK_191103__IVB__T_1p40K[-0.000101250],1,down,5023,0.9996017522899243,0.9856798582670429
D4.2__Fig 2__SQUID_data__IVI_BS30_A1S1_I_contrl_+-0.15mA_285mK_191103__IVB__T_1p40K[-0.000101250],2,up,2442,1.0,
D4.2__Fig 2__SQUID_data__IVI_BS30_A1S1_I_contrl_+-0.15mA_285mK_191103__IVB__T_1p40K[-0.000101625],0,up,2535,0.9988161010260458,
D4.2__Fig 2__SQUID_data__IVI_BS30_A1S1_I_contrl_+-0.15mA_285mK_191103__IVB__T_1p40K[-0.000101625],1,down,5023,0.9996017522899243,0.984893794552181
D4.2__Fig 2__SQUID_data__IVI_BS30_A1S1_I_contrl_+-0.15mA_285mK_191103__IVB__T_1p40K[-0.000101625],2,up,2442,1.0,
D4.2__Fig 2__SQUID_data__IVI_BS30_A1S1_I_contrl_+-0.15mA_285mK_191103__IVB__T_1p40K[-0.000102000],0,up,2535,0.999605367008682,
D4.2__Fig 2__SQUID_data__IVI_BS30_A1S1_I_contrl_+-0.15mA_285mK_191103__IVB__T_1p40K[-0.000102000],1,down,5023,0.9996017522899243,0.9848538759834377
D4.2__Fig 2__SQUID_data__IVI_BS30_A1S1_I_contrl_+-0.15mA_285mK_191103__IVB__T_1p40K[-0.000102000],2,up,2442,1.0,
D4.2__Fig 2__SQUID_data__IVI_BS30_A1S1_I_contrl_+-0.15mA_285mK_191103__IVB__T_1p40K[-0.000102375],0,up,2535,0.999605367008682,
D4.2__Fig 2__SQUID_data__IVI_BS30_A1S1_I_contrl_+-0.15mA_285mK_191103__IVB__T_1p40K[-0.000102375],1,down,5023,0.9998008761449622,0.9853128403564684
D4.2__Fig 2__SQUID_data__IVI_BS30_A1S1_I_contrl_+-0.15mA_285mK_191103__IVB__T_1p40K[-0.000102375],2,up,2442,1.0,
D4.2__Fig 2__SQUID_data__IVI_BS30_A1S1_I_contrl_+-0.15mA_285mK_191103__IVB__T_1p40K[-0.000102750],0,up,2534,0.9992104224240032,
D4.2__Fig 2__SQUID_data__IVI_BS30_A1S1_I_contrl_+-0.15mA_285mK_191103__IVB__T_1p40K[-0.000102750],1,down,5024,0.9996018315747561,0.985400439240905
D4.2__Fig 2__SQUID_data__IVI_BS30_A1S1_I_contrl_+-0.15mA_285mK_191103__IVB__T_1p40K[-0.000102750],2,up,2442,1.0,
D4.2__Fig 2__SQUID_data__IVI_BS30_A1S1_I_contrl_+-0.15mA_285mK_191103__IVB__T_1p40K[-0.000103125],0,up,2534,0.9992104224240032,
D4.2__Fig 2__SQUID_data__IVI_BS30_A1S1_I_contrl_+-0.15mA_285mK_191103__IVB__T_1p40K[-0.000103125],1,down,5025,0.9994028662420382,0.9857736248304423
D4.2__Fig 2__SQUID_data__IVI_BS30_A1S1_I_contrl_+-0.15mA_285mK_191103__IVB__T_1p40K[-0.000103125],2,up,2441,1.0,
D4.2__Fig 2__SQUID_data__IVI_BS30_A1S1_I_contrl_+-0.15mA_285mK_191103__IVB__T_1p40K[-0.000103500],0,up,2535,0.9988161010260458,
D4.2__Fig 2__SQUID_data__IVI_BS30_A1S1_I_contrl_+-0.15mA_285mK_191103__IVB__T_1p40K[-0.000103500],1,down,5023,0.9996017522899243,0.9846141260227633
D4.2__Fig 2__SQUID_data__IVI_BS30_A1S1_I_contrl_+-0.15mA_285mK_191103__IVB__T_1p40K[-0.000103500],2,up,2442,1.0,
D4.2__Fig 2__SQUID_data__IVI_BS30_A1S1_I_contrl_+-0.15mA_285mK_191103__IVB__T_1p40K[-0.000103875],0,up,2534,0.9992104224240032,
D4.2__Fig 2__SQUID_data__IVI_BS30_A1S1_I_contrl_+-0.15mA_285mK_191103__IVB__T_1p40K[-0.000103875],1,down,5024,0.9994027473621342,0.9840322819202831
D4.2__Fig 2__SQUID_data__IVI_BS30_A1S1_I_contrl_+-0.15mA_285mK_191103__IVB__T_1p40K[-0.000103875],2,up,2442,1.0,
D4.2__Fig 2__SQUID_data__IVI_BS30_A1S1_I_contrl_+-0.15mA_285mK_191103__IVB__T_1p40K[-0.000104250],0,up,2536,0.998422090729783,
D4.2__Fig 2__SQUID_data__IVI_BS30_A1S1_I_contrl_+-0.15mA_285mK_191103__IVB__T_1p40K[-0.000104250],1,down,5021,0.999601593625498,0.9855330174631177
D4.2__Fig 2__SQUID_data__IVI_BS30_A1S1_I_contrl_+-0.15mA_285mK_191103__IVB__T_1p40K[-0.000104250],2,up,2443,1.0,
D4.2__Fig 2__SQUID_data__IVI_BS30_A1S1_I_contrl_+-0.15mA_285mK_191103__IVB__T_1p40K[-0.000104625],0,up,2534,0.9996052112120016,
D4.2__Fig 2__SQUID_data__IVI_BS30_A1S1_I_contrl_+-0.15mA_285mK_191103__IVB__T_1p40K[-0.000104625],1,down,5024,0.9990045789368903,0.9866490547136317
D4.2__Fig 2__SQUID_data__IVI_BS30_A1S1_I_contrl_+-0.15mA_285mK_191103__IVB__T_1p40K[-0.000104625],2,up,2442,0.9995903318312167,
D4.2__Fig 2__SQUID_data__IVI_BS30_A1S1_I_contrl_+-0.15mA_285mK_191103__IVB__T_1p40K[-0.000105000],0,up,2535,0.9988161010260458,
D4.2__Fig 2__SQUID_data__IVI_BS30_A1S1_I_contrl_+-0.15mA_285mK_191103__IVB__T_1p40K[-0.000105000],1,down,5021,0.999601593625498,0.9856784312902023
D4.2__Fig 2__SQUID_data__IVI_BS30_A1S1_I_contrl_+-0.15mA_285mK_191103__IVB__T_1p40K[-0.000105000],2,up,2444,1.0,
D4.2__Fig 2__SQUID_data__IVI_BS30_A1S1_I_contrl_+-0.15mA_285mK_191103__IVB__T_1p40K[-0.000105375],0,up,2535,0.9992107340173638,
D4.2__Fig 2__SQUID_data__IVI_BS30_A1S1_I_contrl_+-0.15mA_285mK_191103__IVB__T_1p40K[-0.000105375],1,down,5022,0.9996016729735112,0.9848555307727598
D4.2__Fig 2__SQUID_data__IVI_BS30_A1S1_I_contrl_+-0.15mA_285mK_191103__IVB__T_1p40K[-0.000105375],2,up,2443,1.0,
D4.2__Fig 2__SQUID_data__IVI_BS30_A1S1_I_contrl_+-0.15mA_285mK_191103__IVB__T_1p40K[-0.000105750],0,up,2535,0.9992107340173638,
D4.2__Fig 2__SQUID_data__IVI_BS30_A1S1_I_contrl_+-0.15mA_285mK_191103__IVB__T_1p40K[-0.000105750],1,down,5023,0.9996017522899243,0.985657367370688
D4.2__Fig 2__SQUID_data__IVI_BS30_A1S1_I_contrl_+-0.15mA_285mK_191103__IVB__T_1p40K[-0.000105750],2,up,2442,1.0,
D4.2__Fig 2__SQUID_data__IVI_BS30_A1S1_I_contrl_+-0.15mA_285mK_191103__IVB__T_1p40K[-0.000106125],0,up,2534,0.9988156336360048,
D4.2__Fig 2__SQUID_data__IVI_BS30_A1S1_I_contrl_+-0.15mA_285mK_191103__IVB__T_1p40K[-0.000106125],1,down,5024,0.9994027473621342,0.9851995863264572
D4.2__Fig 2__SQUID_data__IVI_BS30_A1S1_I_contrl_+-0.15mA_285mK_191103__IVB__T_1p40K[-0.000106125],2,up,2442,1.0,
D4.2__Fig 2__SQUID_data__IVI_BS30_A1S1_I_contrl_+-0.15mA_285mK_191103__IVB__T_1p40K[-0.000106500],0,up,2535,0.9988161010260458,
D4.2__Fig 2__SQUID_data__IVI_BS30_A1S1_I_contrl_+-0.15mA_285mK_191103__IVB__T_1p40K[-0.000106500],1,down,5022,0.9994025094602669,0.9837574350100785
D4.2__Fig 2__SQUID_data__IVI_BS30_A1S1_I_contrl_+-0.15mA_285mK_191103__IVB__T_1p40K[-0.000106500],2,up,2443,1.0,
D4.2__Fig 2__SQUID_data__IVI_BS30_A1S1_I_contrl_+-0.15mA_285mK_191103__IVB__T_1p40K[-0.000106875],0,up,2534,0.9988156336360048,
D4.2__Fig 2__SQUID_data__IVI_BS30_A1S1_I_contrl_+-0.15mA_285mK_191103__IVB__T_1p40K[-0.000106875],1,down,5025,0.9996019108280255,0.9840867650138868
D4.2__Fig 2__SQUID_data__IVI_BS30_A1S1_I_contrl_+-0.15mA_285mK_191103__IVB__T_1p40K[-0.000106875],2,up,2441,1.0,
D4.2__Fig 2__SQUID_data__IVI_BS30_A1S1_I_contrl_+-0.15mA_285mK_191103__IVB__T_1p40K[-0.000107250],0,up,2535,0.9992107340173638,
D4.2__Fig 2__SQUID_data__IVI_BS30_A1S1_I_contrl_+-0.15mA_285mK_191103__IVB__T_1p40K[-0.000107250],1,down,5023,0.9994026284348865,0.986476647233887
D4.2__Fig 2__SQUID_data__IVI_BS30_A1S1_I_contrl_+-0.15mA_285mK_191103__IVB__T_1p40K[-0.000107250],2,up,2442,0.9995903318312167,
D4.2__Fig 2__SQUID_data__IVI_BS30_A1S1_I_contrl_+-0.15mA_285mK_191103__IVB__T_1p40K[-0.000107625],0,up,2535,0.9992107340173638,
D4.2__Fig 2__SQUID_data__IVI_BS30_A1S1_I_contrl_+-0.15mA_285mK_191103__IVB__T_1p40K[-0.000107625],1,down,5024,0.9994027473621342,0.9859655391989324
D4.2__Fig 2__SQUID_data__IVI_BS30_A1S1_I_contrl_+-0.15mA_285mK_191103__IVB__T_1p40K[-0.000107625],2,up,2441,1.0,
D4.2__Fig 2__SQUID_data__IVI_BS30_A1S1_I_contrl_+-0.15mA_285mK_191103__IVB__T_1p40K[-0.000108000],0,up,2534,0.9996052112120016,
D4.2__Fig 2__SQUID_data__IVI_BS30_A1S1_I_contrl_+-0.15mA_285mK_191103__IVB__T_1p40K[-0.000108000],1,down,5024,0.9994027473621342,0.9850632815257551
D4.2__Fig 2__SQUID_data__IVI_BS30_A1S1_I_contrl_+-0.15mA_285mK_191103__IVB__T_1p40K[-0.000108000],2,up,2442,1.0,
D4.2__Fig 2__SQUID_data__IVI_BS30_A1S1_I_contrl_+-0.15mA_285mK_191103__IVB__T_1p40K[-0.000108375],0,up,2536,0.998422090729783,
D4.2__Fig 2__SQUID_data__IVI_BS30_A1S1_I_contrl_+-0.15mA_285mK_191103__IVB__T_1p40K[-0.000108375],1,down,5021,0.999601593625498,0.9839632736084176
D4.2__Fig 2__SQUID_data__IVI_BS30_A1S1_I_contrl_+-0.15mA_285mK_191103__IVB__T_1p40K[-0.000108375],2,up,2443,1.0,
D4.2__Fig 2__SQUID_data__IVI_BS30_A1S1_I_contrl_+-0.15mA_285mK_191103__IVB__T_1p40K[-0.000108750],0,up,2534,0.9992104224240032,
D4.2__Fig 2__SQUID_data__IVI_BS30_A1S1_I_contrl_+-0.15mA_285mK_191103__IVB__T_1p40K[-0.000108750],1,down,5024,0.9996018315747561,0.9842587272641391
D4.2__Fig 2__SQUID_data__IVI_BS30_A1S1_I_contrl_+-0.15mA_285mK_191103__IVB__T_1p40K[-0.000108750],2,up,2442,1.0,
D4.2__Fig 2__SQUID_data__IVI_BS30_A1S1_I_contrl_+-0.15mA_285mK_191103__IVB__T_1p40K[-0.000109125],0,up,2535,0.9992107340173638,
D4.2__Fig 2__SQUID_data__IVI_BS30_A1S1_I_contrl_+-0.15mA_285mK_191103__IVB__T_1p40K[-0.000109125],1,down,5022,0.9996016729735112,0.9861068211238555
D4.2__Fig 2__SQUID_data__IVI_BS30_A1S1_I_contrl_+-0.15mA_285mK_191103__IVB__T_1p40K[-0.000109125],2,up,2443,1.0,
D4.2__Fig 2__SQUID_data__IVI_BS30_A1S1_I_contrl_+-0.15mA_285mK_191103__IVB__T_1p40K[-0.000109500],0,up,2535,0.9984214680347278,
D4.2__Fig 2__SQUID_data__IVI_BS30_A1S1_I_contrl_+-0.15mA_285mK_191103__IVB__T_1p40K[-0.000109500],1,down,5023,0.9994026284348865,0.985606882049067
D4.2__Fig 2__SQUID_data__IVI_BS30_A1S1_I_contrl_+-0.15mA_285mK_191103__IVB__T_1p40K[-0.000109500],2,up,2442,1.0,
D4.2__Fig 2__SQUID_data__IVI_BS30_A1S1_I_contrl_+-0.15mA_285mK_191103__IVB__T_1p40K[-0.000109875],0,up,2535,0.9992107340173638,
D4.2__Fig 2__SQUID_data__IVI_BS30_A1S1_I_contrl_+-0.15mA_285mK_191103__IVB__T_1p40K[-0.000109875],1,down,5022,0.9994025094602669,0.9844752964177977
D4.2__Fig 2__SQUID_data__IVI_BS30_A1S1_I_contrl_+-0.15mA_285mK_191103__IVB__T_1p40K[-0.000109875],2,up,2443,1.0,
D4.2__Fig 2__SQUID_data__IVI_BS30_A1S1_I_contrl_+-0.15mA_285mK_191103__IVB__T_1p40K[-0.000110250],0,up,2535,0.9988161010260458,
D4.2__Fig 2__SQUID_data__IVI_BS30_A1S1_I_contrl_+-0.15mA_285mK_191103__IVB__T_1p40K[-0.000110250],1,down,5023,0.9994026284348865,0.9865199108820766
D4.2__Fig 2__SQUID_data__IVI_BS30_A1S1_I_contrl_+-0.15mA_285mK_191103__IVB__T_1p40K[-0.000110250],2,up,2442,1.0,
D4.2__Fig 2__SQUID_data__IVI_BS30_A1S1_I_contrl_+-0.15mA_285mK_191103__IVB__T_1p40K[-0.000110625],0,up,2535,0.9992107340173638,
D4.2__Fig 2__SQUID_data__IVI_BS30_A1S1_I_contrl_+-0.15mA_285mK_191103__IVB__T_1p40K[-0.000110625],1,down,5022,0.9994025094602669,0.9860854763114698
D4.2__Fig 2__SQUID_data__IVI_BS30_A1S1_I_contrl_+-0.15mA_285mK_191103__IVB__T_1p40K[-0.000110625],2,up,2443,1.0,
D4.2__Fig 2__SQUID_data__IVI_BS30_A1S1_I_contrl_+-0.15mA_285mK_191103__IVB__T_1p40K[-0.000111000],0,up,2534,0.9992104224240032,
D4.2__Fig 2__SQUID_data__IVI_BS30_A1S1_I_contrl_+-0.15mA_285mK_191103__IVB__T_1p40K[-0.000111000],1,down,5024,0.9996018315747561,0.9844318237809094
D4.2__Fig 2__SQUID_data__IVI_BS30_A1S1_I_contrl_+-0.15mA_285mK_191103__IVB__T_1p40K[-0.000111000],2,up,2442,1.0,
D4.2__Fig 2__SQUID_data__IVI_BS30_A1S1_I_contrl_+-0.15mA_285mK_191103__IVB__T_1p40K[-0.000111375],0,up,2535,0.9992107340173638,
D4.2__Fig 2__SQUID_data__IVI_BS30_A1S1_I_contrl_+-0.15mA_285mK_191103__IVB__T_1p40K[-0.000111375],1,down,5023,0.9994026284348865,0.983962671027064
D4.2__Fig 2__SQUID_data__IVI_BS30_A1S1_I_contrl_+-0.15mA_285mK_191103__IVB__T_1p40K[-0.000111375],2,up,2442,1.0,
D4.2__Fig 2__SQUID_data__IVI_BS30_A1S1_I_contrl_+-0.15mA_285mK_191103__IVB__T_1p40K[-0.000111750],0,up,2535,0.9988161010260458,
D4.2__Fig 2__SQUID_data__IVI_BS30_A1S1_I_contrl_+-0.15mA_285mK_191103__IVB__T_1p40K[-0.000111750],1,down,5023,0.9996017522899243,0.9853457983176932
D4.2__Fig 2__SQUID_data__IVI_BS30_A1S1_I_contrl_+-0.15mA_285mK_191103__IVB__T_1p40K[-0.000111750],2,up,2442,1.0,
D4.2__Fig 2__SQUID_data__IVI_BS30_A1S1_I_contrl_+-0.15mA_285mK_191103__IVB__T_1p40K[-0.000112125],0,up,2535,0.9988161010260458,
D4.2__Fig 2__SQUID_data__IVI_BS30_A1S1_I_contrl_+-0.15mA_285mK_191103__IVB__T_1p40K[-0.000112125],1,down,5022,0.9994025094602669,0.9862842719169455
D4.2__Fig 2__SQUID_data__IVI_BS30_A1S1_I_contrl_+-0.15mA_285mK_191103__IVB__T_1p40K[-0.000112125],2,up,2443,0.9995904995904996,
D4.2__Fig 2__SQUID_data__IVI_BS30_A1S1_I_contrl_+-0.15mA_285mK_191103__IVB__T_1p40K[-0.000112500],0,up,2536,0.9992110453648915,
D4.2__Fig 2__SQUID_data__IVI_BS30_A1S1_I_contrl_+-0.15mA_285mK_191103__IVB__T_1p40K[-0.000112500],1,down,5022,0.9996016729735112,0.9865422960987758
D4.2__Fig 2__SQUID_data__IVI_BS30_A1S1_I_contrl_+-0.15mA_285mK_191103__IVB__T_1p40K[-0.000112500],2,up,2442,1.0,
D4.2__Fig 2__SQUID_data__IVI_BS30_A1S1_I_contrl_+-0.15mA_285mK_191103__IVB__T_1p40K[-0.000112875],0,up,2534,0.9988156336360048,
D4.2__Fig 2__SQUID_data__IVI_BS30_A1S1_I_contrl_+-0.15mA_285mK_191103__IVB__T_1p40K[-0.000112875],1,down,5023,0.9996017522899243,0.9862153707651456
D4.2__Fig 2__SQUID_data__IVI_BS30_A1S1_I_contrl_+-0.15mA_285mK_191103__IVB__T_1p40K[-0.000112875],2,up,2443,1.0,
D4.2__Fig 2__SQUID_data__IVI_BS30_A1S1_I_contrl_+-0.15mA_285mK_191103__IVB__T_1p40K[-0.000113250],0,up,2535,0.9992107340173638,
D4.2__Fig 2__SQUID_data__IVI_BS30_A1S1_I_contrl_+-0.15mA_285mK_191103__IVB__T_1p40K[-0.000113250],1,down,5023,0.9996017522899243,0.9862479203706891
D4.2__Fig 2__SQUID_data__IVI_BS30_A1S1_I_contrl_+-0.15mA_285mK_191103__IVB__T_1p40K[-0.000113250],2,up,2442,1.0,
D4.2__Fig 2__SQUID_data__IVI_BS30_A1S1_I_contrl_+-0.15mA_285mK_191103__IVB__T_1p40K[-0.000113625],0,up,2535,0.9992107340173638,
D4.2__Fig 2__SQUID_data__IVI_BS30_A1S1_I_contrl_+-0.15mA_285mK_191103__IVB__T_1p40K[-0.000113625],1,down,5022,0.9996016729735112,0.9863444941451367
D4.2__Fig 2__SQUID_data__IVI_BS30_A1S1_I_contrl_+-0.15mA_285mK_191103__IVB__T_1p40K[-0.000113625],2,up,2443,1.0,
D4.2__Fig 2__SQUID_data__IVI_BS30_A1S1_I_contrl_+-0.15mA_285mK_191103__IVB__T_1p40K[-0.000114000],0,up,2535,0.9992107340173638,
D4.2__Fig 2__SQUID_data__IVI_BS30_A1S1_I_contrl_+-0.15mA_285mK_191103__IVB__T_1p40K[-0.000114000],1,down,5022,0.9998008364867557,0.9853973394224403
D4.2__Fig 2__SQUID_data__IVI_BS30_A1S1_I_contrl_+-0.15mA_285mK_191103__IVB__T_1p40K[-0.000114000],2,up,2443,1.0,
D4.2__Fig 2__SQUID_data__IVI_BS30_A1S1_I_contrl_+-0.15mA_285mK_191103__IVB__T_1p40K[-0.000114375],0,up,2534,0.9992104224240032,
D4.2__Fig 2__SQUID_data__IVI_BS30_A1S1_I_contrl_+-0.15mA_285mK_191103__IVB__T_1p40K[-0.000114375],1,down,5024,0.9994027473621342,0.9846410214258682
D4.2__Fig 2__SQUID_data__IVI_BS30_A1S1_I_contrl_+-0.15mA_285mK_191103__IVB__T_1p40K[-0.000114375],2,up,2442,1.0,
D4.2__Fig 2__SQUID_data__IVI_BS30_A1S1_I_contrl_+-0.15mA_285mK_191103__IVB__T_1p40K[-0.000114750],0,up,2535,0.9988161010260458,
D4.2__Fig 2__SQUID_data__IVI_BS30_A1S1_I_contrl_+-0.15mA_285mK_191103__IVB__T_1p40K[-0.000114750],1,down,5022,0.9998008364867557,0.9839493208037924
D4.2__Fig 2__SQUID_data__IVI_BS30_A1S1_I_contrl_+-0.15mA_285mK_191103__IVB__T_1p40K[-0.000114750],2,up,2443,1.0,
D4.2__Fig 2__SQUID_data__IVI_BS30_A1S1_I_contrl_+-0.15mA_285mK_191103__IVB__T_1p40K[-0.000115125],0,up,2535,0.9992107340173638,
D4.2__Fig 2__SQUID_data__IVI_BS30_A1S1_I_contrl_+-0.15mA_285mK_191103__IVB__T_1p40K[-0.000115125],1,down,5023,0.9994026284348865,0.9858167741958185
D4.2__Fig 2__SQUID_data__IVI_BS30_A1S1_I_contrl_+-0.15mA_285mK_191103__IVB__T_1p40K[-0.000115125],2,up,2442,1.0,
D4.2__Fig 2__SQUID_data__IVI_BS30_A1S1_I_contrl_+-0.15mA_285mK_191103__IVB__T_1p40K[-0.000115500],0,up,2535,0.9992107340173638,
D4.2__Fig 2__SQUID_data__IVI_BS30_A1S1_I_contrl_+-0.15mA_285mK_191103__IVB__T_1p40K[-0.000115500],1,down,5023,0.9994026284348865,0.984844756281816
D4.2__Fig 2__SQUID_data__IVI_BS30_A1S1_I_contrl_+-0.15mA_285mK_191103__IVB__T_1p40K[-0.000115500],2,up,2442,0.9995903318312167,
D4.2__Fig 2__SQUID_data__IVI_BS30_A1S1_I_contrl_+-0.15mA_285mK_191103__IVB__T_1p40K[-0.000115875],0,up,2534,0.9992104224240032,
D4.2__Fig 2__SQUID_data__IVI_BS30_A1S1_I_contrl_+-0.15mA_285mK_191103__IVB__T_1p40K[-0.000115875],1,down,5025,0.9994028662420382,0.9843766120462003
D4.2__Fig 2__SQUID_data__IVI_BS30_A1S1_I_contrl_+-0.15mA_285mK_191103__IVB__T_1p40K[-0.000115875],2,up,2441,1.0,
D4.2__Fig 2__SQUID_data__IVI_BS30_A1S1_I_contrl_+-0.15mA_285mK_191103__IVB__T_1p40K[-0.000116250],0,up,2535,0.9992107340173638,
D4.2__Fig 2__SQUID_data__IVI_BS30_A1S1_I_contrl_+-0.15mA_285mK_191103__IVB__T_1p40K[-0.000116250],1,down,5023,0.9994026284348865,0.9852581301863458
D4.2__Fig 2__SQUID_data__IVI_BS30_A1S1_I_contrl_+-0.15mA_285mK_191103__IVB__T_1p40K[-0.000116250],2,up,2442,1.0,
D4.2__Fig 2__SQUID_data__IVI_BS30_A1S1_I_contrl_+-0.15mA_285mK_191103__IVB__T_1p40K[-0.000116625],0,up,2534,0.9992104224240032,
D4.2__Fig 2__SQUID_data__IVI_BS30_A1S1_I_contrl_+-0.15mA_285mK_191103__IVB__T_1p40K[-0.000116625],1,down,5024,0.9994027473621342,0.985609338595848
D4.2__Fig 2__SQUID_data__IVI_BS30_A1S1_I_contrl_+-0.15mA_285mK_191103__IVB__T_1p40K[-0.000116625],2,up,2442,1.0,
D4.2__Fig 2__SQUID_data__IVI_BS30_A1S1_I_contrl_+-0.15mA_285mK_191103__IVB__T_1p40K[-0.000117000],0,up,2536,0.9988165680473373,
D4.2__Fig 2__SQUID_data__IVI_BS30_A1S1_I_contrl_+-0.15mA_285mK_191103__IVB__T_1p40K[-0.000117000],1,down,5021,0.999601593625498,0.9849319197013234
D4.2__Fig 2__SQUID_data__IVI_BS30_A1S1_I_contrl_+-0.15mA_285mK_191103__IVB__T_1p40K[-0.000117000],2,up,2443,1.0,
D4.2__Fig 2__SQUID_data__IVI_BS30_A1S1_I_contrl_+-0.15mA_285mK_191103__IVB__T_1p40K[-0.000117375],0,up,2536,0.9992110453648915,
D4.2__Fig 2__SQUID_data__IVI_BS30_A1S1_I_contrl_+-0.15mA_285mK_191103__IVB__T_1p40K[-0.000117375],1,down,5021,0.999601593625498,0.9850085743937671
D4.2__Fig 2__SQUID_data__IVI_BS30_A1S1_I_contrl_+-0.15mA_285mK_191103__IVB__T_1p40K[-0.000117375],2,up,2443,1.0,
D4.2__Fig 2__SQUID_data__IVI_BS30_A1S1_I_contrl_+-0.15mA_285mK_191103__IVB__T_1p40K[-0.000117750],0,up,2535,0.9992107340173638,
D4.2__Fig 2__SQUID_data__IVI_BS30_A1S1_I_contrl_+-0.15mA_285mK_191103__IVB__T_1p40K[-0.000117750],1,down,5022,0.9996016729735112,0.9849563931501376
D4.2__Fig 2__SQUID_data__IVI_BS30_A1S1_I_contrl_+-0.15mA_285mK_191103__IVB__T_1p40K[-0.000117750],2,up,2443,1.0,
D4.2__Fig 2__SQUID_data__IVI_BS30_A1S1_I_contrl_+-0.15mA_285mK_191103__IVB__T_1p40K[-0.000118125],0,up,2536,0.9988165680473373,
D4.2__Fig 2__SQUID_data__IVI_BS30_A1S1_I_contrl_+-0.15mA_285mK_191103__IVB__T_1p40K[-0.000118125],1,down,5021,0.999601593625498,0.9852322297846047
D4.2__Fig 2__SQUID_data__IVI_BS30_A1S1_I_contrl_+-0.15mA_285mK_191103__IVB__T_1p40K[-0.000118125],2,up,2443,1.0,
D4.2__Fig 2__SQUID_data__IVI_BS30_A1S1_I_contrl_+-0.15mA_285mK_191103__IVB__T_1p40K[-0.000118500],0,up,2535,0.9988161010260458,
D4.2__Fig 2__SQUID_data__IVI_BS30_A1S1_I_contrl_+-0.15mA_285mK_191103__IVB__T_1p40K[-0.000118500],1,down,5023,0.9994026284348865,0.9850380211420804
D4.2__Fig 2__SQUID_data__IVI_BS30_A1S1_I_contrl_+-0.15mA_285mK_191103__IVB__T_1p40K[-0.000118500],2,up,2442,1.0,
D4.2__Fig 2__SQUID_data__IVI_BS30_A1S1_I_contrl_+-0.15mA_285mK_191103__IVB__T_1p40K[-0.000118875],0,up,2535,0.9988161010260458,
D4.2__Fig 2__SQUID_data__IVI_BS30_A1S1_I_contrl_+-0.15mA_285mK_191103__IVB__T_1p40K[-0.000118875],1,down,5023,0.9994026284348865,0.985268084807304
D4.2__Fig 2__SQUID_data__IVI_BS30_A1S1_I_contrl_+-0.15mA_285mK_191103__IVB__T_1p40K[-0.000118875],2,up,2442,1.0,
D4.2__Fig 2__SQUID_data__IVI_BS30_A1S1_I_contrl_+-0.15mA_285mK_191103__IVB__T_1p40K[-0.000119250],0,up,2535,0.9992107340173638,
D4.2__Fig 2__SQUID_data__IVI_BS30_A1S1_I_contrl_+-0.15mA_285mK_191103__IVB__T_1p40K[-0.000119250],1,down,5022,0.9996016729735112,0.9851944863297847
D4.2__Fig 2__SQUID_data__IVI_BS30_A1S1_I_contrl_+-0.15mA_285mK_191103__IVB__T_1p40K[-0.000119250],2,up,2443,1.0,
D4.2__Fig 2__SQUID_data__IVI_BS30_A1S1_I_contrl_+-0.15mA_285mK_191103__IVB__T_1p40K[-0.000119625],0,up,2536,0.9988165680473373,
D4.2__Fig 2__SQUID_data__IVI_BS30_A1S1_I_contrl_+-0.15mA_285mK_191103__IVB__T_1p40K[-0.000119625],1,down,5021,0.999601593625498,0.985502859122169
D4.2__Fig 2__SQUID_data__IVI_BS30_A1S1_I_contrl_+-0.15mA_285mK_191103__IVB__T_1p40K[-0.000119625],2,up,2443,1.0,
D4.2__Fig 2__SQUID_data__IVI_BS30_A1S1_I_contrl_+-0.15mA_285mK_191103__IVB__T_1p40K[-0.000120000],0,up,2535,0.9992107340173638,
D4.2__Fig 2__SQUID_data__IVI_BS30_A1S1_I_contrl_+-0.15mA_285mK_191103__IVB__T_1p40K[-0.000120000],1,down,5023,0.9996017522899243,0.9848098072513689
D4.2__Fig 2__SQUID_data__IVI_BS30_A1S1_I_contrl_+-0.15mA_285mK_191103__IVB__T_1p40K[-0.000120000],2,up,2442,1.0,
D4.2__Fig 2__SQUID_data__IVI_BS30_A1S1_I_contrl_+-0.15mA_285mK_191103__IVB__T_1p40K[-0.000120375],0,up,2535,0.999605367008682,
D4.2__Fig 2__SQUID_data__IVI_BS30_A1S1_I_contrl_+-0.15mA_285mK_191103__IVB__T_1p40K[-0.000120375],1,down,5023,0.9996017522899243,0.9848568087924467
D4.2__Fig 2__SQUID_data__IVI_BS30_A1S1_I_contrl_+-0.15mA_285mK_191103__IVB__T_1p40K[-0.000120375],2,up,2442,1.0,
D4.2__Fig 2__SQUID_data__IVI_BS30_A1S1_I_contrl_+-0.15mA_285mK_191103__IVB__T_1p40K[-0.000120750],0,up,2534,0.9996052112120016,
D4.2__Fig 2__SQUID_data__IVI_BS30_A1S1_I_contrl_+-0.15mA_285mK_191103__IVB__T_1p40K[-0.000120750],1,down,5024,0.9998009157873781,0.985736921560968
D4.2__Fig 2__SQUID_data__IVI_BS30_A1S1_I_contrl_+-0.15mA_285mK_191103__IVB__T_1p40K[-0.000120750],2,up,2442,1.0,
D4.2__Fig 2__SQUID_data__IVI_BS30_A1S1_I_contrl_+-0.15mA_285mK_191103__IVB__T_1p40K[-0.000121125],0,up,2535,0.9988161010260458,
D4.2__Fig 2__SQUID_data__IVI_BS30_A1S1_I_contrl_+-0.15mA_285mK_191103__IVB__T_1p40K[-0.000121125],1,down,5023,0.9992035045798486,0.9845345919092952
D4.2__Fig 2__SQUID_data__IVI_BS30_A1S1_I_contrl_+-0.15mA_285mK_191103__IVB__T_1p40K[-0.000121125],2,up,2442,1.0,
D4.2__Fig 2__SQUID_data__IVI_BS30_A1S1_I_contrl_+-0.15mA_285mK_191103__IVB__T_1p40K[-0.000121500],0,up,2534,0.9996052112120016,
D4.2__Fig 2__SQUID_data__IVI_BS30_A1S1_I_contrl_+-0.15mA_285mK_191103__IVB__T_1p40K[-0.000121500],1,down,5025,0.9994028662420382,0.9855979609955282
D4.2__Fig 2__SQUID_data__IVI_BS30_A1S1_I_contrl_+-0.15mA_285mK_191103__IVB__T_1p40K[-0.000121500],2,up,2441,1.0,
D4.2__Fig 2__SQUID_data__IVI_BS30_A1S1_I_contrl_+-0.15mA_285mK_191103__IVB__T_1p40K[-0.000121875],0,up,2534,0.9996052112120016,
D4.2__Fig 2__SQUID_data__IVI_BS30_A1S1_I_contrl_+-0.15mA_285mK_191103__IVB__T_1p40K[-0.000121875],1,down,5024,0.9996018315747561,0.9852925258152921
D4.2__Fig 2__SQUID_data__IVI_BS30_A1S1_I_contrl_+-0.15mA_285mK_191103__IVB__T_1p40K[-0.000121875],2,up,2442,1.0,
D4.2__Fig 2__SQUID_data__IVI_BS30_A1S1_I_contrl_+-0.15mA_285mK_191103__IVB__T_1p40K[-0.000122250],0,up,2535,0.9988161010260458,
D4.2__Fig 2__SQUID_data__IVI_BS30_A1S1_I_contrl_+-0.15mA_285mK_191103__IVB__T_1p40K[-0.000122250],1,down,5023,0.9994026284348865,0.98498745690432
D4.2__Fig 2__SQUID_data__IVI_BS30_A1S1_I_contrl_+-0.15mA_285mK_191103__IVB__T_1p40K[-0.000122250],2,up,2442,1.0,
D4.2__Fig 2__SQUID_data__IVI_BS30_A1S1_I_contrl_+-0.15mA_285mK_191103__IVB__T_1p40K[-0.000122625],0,up,2534,0.9988156336360048,
D4.2__Fig 2__SQUID_data__IVI_BS30_A1S1_I_contrl_+-0.15mA_285mK_191103__IVB__T_1p40K[-0.000122625],1,down,5024,0.9994027473621342,0.9853669848531658
D4.2__Fig 2__SQUID_data__IVI_BS30_A1S1_I_contrl_+-0.15mA_285mK_191103__IVB__T_1p40K[-0.000122625],2,up,2442,1.0,
D4.2__Fig 2__SQUID_data__IVI_BS30_A1S1_I_contrl_+-0.15mA_285mK_191103__IVB__T_1p40K[-0.000123000],0,up,2533,0.9996050552922591,
D4.2__Fig 2__SQUID_data__IVI_BS30_A1S1_I_contrl_+-0.15mA_285mK_191103__IVB__T_1p40K[-0.000123000],1,down,5025,0.9994028662420382,0.9849446097575066
D4.2__Fig 2__SQUID_data__IVI_BS30_A1S1_I_contrl_+-0.15mA_285mK_191103__IVB__T_1p40K[-0.000123000],2,up,2442,1.0,
D4.2__Fig 2__SQUID_data__IVI_BS30_A1S1_I_contrl_+-0.15mA_285mK_191103__IVB__T_1p40K[-0.000123375],0,up,2535,0.9988161010260458,
D4.2__Fig 2__SQUID_data__IVI_BS30_A1S1_I_contrl_+-0.15mA_285mK_191103__IVB__T_1p40K[-0.000123375],1,down,5023,0.9996017522899243,0.9856833537751317
D4.2__Fig 2__SQUID_data__IVI_BS30_A1S1_I_contrl_+-0.15mA_285mK_191103__IVB__T_1p40K[-0.000123375],2,up,2442,1.0,
D4.2__Fig 2__SQUID_data__IVI_BS30_A1S1_I_contrl_+-0.15mA_285mK_191103__IVB__T_1p40K[-0.000123750],0,up,2535,0.9988161010260458,
D4.2__Fig 2__SQUID_data__IVI_BS30_A1S1_I_contrl_+-0.15mA_285mK_191103__IVB__T_1p40K[-0.000123750],1,down,5023,0.9996017522899243,0.984597404396421
D4.2__Fig 2__SQUID_data__IVI_BS30_A1S1_I_contrl_+-0.15mA_285mK_191103__IVB__T_1p40K[-0.000123750],2,up,2442,1.0,
D4.2__Fig 2__SQUID_data__IVI_BS30_A1S1_I_contrl_+-0.15mA_285mK_191103__IVB__T_1p40K[-0.000124125],0,up,2535,0.9992107340173638,
D4.2__Fig 2__SQUID_data__IVI_BS30_A1S1_I_contrl_+-0.15mA_285mK_191103__IVB__T_1p40K[-0.000124125],1,down,5023,0.9996017522899243,0.985252509249343
D4.2__Fig 2__SQUID_data__IVI_BS30_A1S1_I_contrl_+-0.15mA_285mK_191103__IVB__T_1p40K[-0.000124125],2,up,2442,1.0,
D4.2__Fig 2__SQUID_data__IVI_BS30_A1S1_I_contrl_+-0.15mA_285mK_191103__IVB__T_1p40K[-0.000124500],0,up,2535,0.9988161010260458,
D4.2__Fig 2__SQUID_data__IVI_BS30_A1S1_I_contrl_+-0.15mA_285mK_191103__IVB__T_1p40K[-0.000124500],1,down,5023,0.9996017522899243,0.9858977103541764
D4.2__Fig 2__SQUID_data__IVI_BS30_A1S1_I_contrl_+-0.15mA_285mK_191103__IVB__T_1p40K[-0.000124500],2,up,2442,1.0,
D4.2__Fig 2__SQUID_data__IVI_BS30_A1S1_I_contrl_+-0.15mA_285mK_191103__IVB__T_1p40K[-0.000124875],0,up,2536,0.9996055226824457,
D4.2__Fig 2__SQUID_data__IVI_BS30_A1S1_I_contrl_+-0.15mA_285mK_191103__IVB__T_1p40K[-0.000124875],1,down,5021,0.999601593625498,0.9842409309260269
D4.2__Fig 2__SQUID_data__IVI_BS30_A1S1_I_contrl_+-0.15mA_285mK_191103__IVB__T_1p40K[-0.000124875],2,up,2443,0.9995904995904996,
D4.2__Fig 2__SQUID_data__IVI_BS30_A1S1_I_contrl_+-0.15mA_285mK_191103__IVB__T_1p40K[-0.000125250],0,up,2534,0.9992104224240032,
D4.2__Fig 2__SQUID_data__IVI_BS30_A1S1_I_contrl_+-0.15mA_285mK_191103__IVB__T_1p40K[-0.000125250],1,down,5024,0.9996018315747561,0.9858228997047898
D4.2__Fig 2__SQUID_data__IVI_BS30_A1S1_I_contrl_+-0.15mA_285mK_191103__IVB__T_1p40K[-0.000125250],2,up,2442,1.0,
D4.2__Fig 2__SQUID_data__IVI_BS30_A1S1_I_contrl_+-0.15mA_285mK_191103__IVB__T_1p40K[-0.000125625],0,up,2534,0.9992104224240032,
D4.2__Fig 2__SQUID_data__IVI_BS30_A1S1_I_contrl_+-0.15mA_285mK_191103__IVB__T_1p40K[-0.000125625],1,down,5023,0.9996017522899243,0.9857615094126918
D4.2__Fig 2__SQUID_data__IVI_BS30_A1S1_I_contrl_+-0.15mA_285mK_191103__IVB__T_1p40K[-0.000125625],2,up,2443,1.0,
D4.2__Fig 2__SQUID_data__IVI_BS30_A1S1_I_contrl_+-0.15mA_285mK_191103__IVB__T_1p40K[-0.000126000],0,up,2534,0.9992104224240032,
D4.2__Fig 2__SQUID_data__IVI_BS30_A1S1_I_contrl_+-0.15mA_285mK_191103__IVB__T_1p40K[-0.000126000],1,down,5024,0.9996018315747561,0.9840617223358633
D4.2__Fig 2__SQUID_data__IVI_BS30_A1S1_I_contrl_+-0.15mA_285mK_191103__IVB__T_1p40K[-0.000126000],2,up,2442,1.0,
D4.2__Fig 2__SQUID_data__IVI_BS30_A1S1_I_contrl_+-0.15mA_285mK_191103__IVB__T_1p40K[-0.000126375],0,up,2536,0.9988165680473373,
D4.2__Fig 2__SQUID_data__IVI_BS30_A1S1_I_contrl_+-0.15mA_285mK_191103__IVB__T_1p40K[-0.000126375],1,down,5021,0.999402390438247,0.9856631605620549
D4.2__Fig 2__SQUID_data__IVI_BS30_A1S1_I_contrl_+-0.15mA_285mK_191103__IVB__T_1p40K[-0.000126375],2,up,2443,1.0,
D4.2__Fig 2__SQUID_data__IVI_BS30_A1S1_I_contrl_+-0.15mA_285mK_191103__IVB__T_1p40K[-0.000126750],0,up,2535,0.9992107340173638,
D4.2__Fig 2__SQUID_data__IVI_BS30_A1S1_I_contrl_+-0.15mA_285mK_191103__IVB__T_1p40K[-0.000126750],1,down,5023,0.9994026284348865,0.9860104102267656
D4.2__Fig 2__SQUID_data__IVI_BS30_A1S1_I_contrl_+-0.15mA_285mK_191103__IVB__T_1p40K[-0.000126750],2,up,2442,1.0,
D4.2__Fig 2__SQUID_data__IVI_BS30_A1S1_I_contrl_+-0.15mA_285mK_191103__IVB__T_1p40K[-0.000127125],0,up,2535,0.9992107340173638,
D4.2__Fig 2__SQUID_data__IVI_BS30_A1S1_I_contrl_+-0.15mA_285mK_191103__IVB__T_1p40K[-0.000127125],1,down,5023,0.9994026284348865,0.9855481419979552
D4.2__Fig 2__SQUID_data__IVI_BS30_A1S1_I_contrl_+-0.15mA_285mK_191103__IVB__T_1p40K[-0.000127125],2,up,2442,1.0,
D4.2__Fig 2__SQUID_data__IVI_BS30_A1S1_I_contrl_+-0.15mA_285mK_191103__IVB__T_1p40K[-0.000127500],0,up,2534,0.9988156336360048,
D4.2__Fig 2__SQUID_data__IVI_BS30_A1S1_I_contrl_+-0.15mA_285mK_191103__IVB__T_1p40K[-0.000127500],1,down,5024,0.9994027473621342,0.9846149022088725
D4.2__Fig 2__SQUID_data__IVI_BS30_A1S1_I_contrl_+-0.15mA_285mK_191103__IVB__T_1p40K[-0.000127500],2,up,2442,1.0,
D4.2__Fig 2__SQUID_data__IVI_BS30_A1S1_I_contrl_+-0.15mA_285mK_191103__IVB__T_1p40K[-0.000127875],0,up,2535,0.9988161010260458,
D4.2__Fig 2__SQUID_data__IVI_BS30_A1S1_I_contrl_+-0.15mA_285mK_191103__IVB__T_1p40K[-0.000127875],1,down,5023,0.9994026284348865,0.9843592183719515
D4.2__Fig 2__SQUID_data__IVI_BS30_A1S1_I_contrl_+-0.15mA_285mK_191103__IVB__T_1p40K[-0.000127875],2,up,2442,1.0,
D4.2__Fig 2__SQUID_data__IVI_BS30_A1S1_I_contrl_+-0.15mA_285mK_191103__IVB__T_1p40K[-0.000128250],0,up,2534,0.9996052112120016,
D4.2__Fig 2__SQUID_data__IVI_BS30_A1S1_I_contrl_+-0.15mA_285mK_191103__IVB__T_1p40K[-0.000128250],1,down,5024,0.9996018315747561,0.9840806864841267
D4.2__Fig 2__SQUID_data__IVI_BS30_A1S1_I_contrl_+-0.15mA_285mK_191103__IVB__T_1p40K[-0.000128250],2,up,2442,1.0,
D4.2__Fig 2__SQUID_data__IVI_BS30_A1S1_I_contrl_+-0.15mA_285mK_191103__IVB__T_1p40K[-0.000128625],0,up,2534,0.9988156336360048,
D4.2__Fig 2__SQUID_data__IVI_BS30_A1S1_I_contrl_+-0.15mA_285mK_191103__IVB__T_1p40K[-0.000128625],1,down,5023,0.9996017522899243,0.9839828044457668
D4.2__Fig 2__SQUID_data__IVI_BS30_A1S1_I_contrl_+-0.15mA_285mK_191103__IVB__T_1p40K[-0.000128625],2,up,2443,1.0,
D4.2__Fig 2__SQUID_data__IVI_BS30_A1S1_I_contrl_+-0.15mA_285mK_191103__IVB__T_1p40K[-0.000129000],0,up,2535,0.9988161010260458,
D4.2__Fig 2__SQUID_data__IVI_BS30_A1S1_I_contrl_+-0.15mA_285mK_191103__IVB__T_1p40K[-0.000129000],1,down,5023,0.9994026284348865,0.9861528045851685
D4.2__Fig 2__SQUID_data__IVI_BS30_A1S1_I_contrl_+-0.15mA_285mK_191103__IVB__T_1p40K[-0.000129000],2,up,2442,1.0,
D4.2__Fig 2__SQUID_data__IVI_BS30_A1S1_I_contrl_+-0.15mA_285mK_191103__IVB__T_1p40K[-0.000129375],0,up,2535,0.9992107340173638,
D4.2__Fig 2__SQUID_data__IVI_BS30_A1S1_I_contrl_+-0.15mA_285mK_191103__IVB__T_1p40K[-0.000129375],1,down,5023,0.9998008761449622,0.9860997700472212
D4.2__Fig 2__SQUID_data__IVI_BS30_A1S1_I_contrl_+-0.15mA_285mK_191103__IVB__T_1p40K[-0.000129375],2,up,2442,1.0,
D4.2__Fig 2__SQUID_data__IVI_BS30_A1S1_I_contrl_+-0.15mA_285mK_191103__IVB__T_1p40K[-0.000129750],0,up,2534,1.0,
D4.2__Fig 2__SQUID_data__IVI_BS30_A1S1_I_contrl_+-0.15mA_285mK_191103__IVB__T_1p40K[-0.000129750],1,down,5025,0.9992038216560509,0.9848137659885627
D4.2__Fig 2__SQUID_data__IVI_BS30_A1S1_I_contrl_+-0.15mA_285mK_191103__IVB__T_1p40K[-0.000129750],2,up,2441,1.0,
D4.2__Fig 2__SQUID_data__IVI_BS30_A1S1_I_contrl_+-0.15mA_285mK_191103__IVB__T_1p40K[-0.000130125],0,up,2535,0.9988161010260458,
D4.2__Fig 2__SQUID_data__IVI_BS30_A1S1_I_contrl_+-0.15mA_285mK_191103__IVB__T_1p40K[-0.000130125],1,down,5023,0.9994026284348865,0.98530863179164
D4.2__Fig 2__SQUID_data__IVI_BS30_A1S1_I_contrl_+-0.15mA_285mK_191103__IVB__T_1p40K[-0.000130125],2,up,2442,1.0,
D4.2__Fig 2__SQUID_data__IVI_BS30_A1S1_I_contrl_+-0.15mA_285mK_191103__IVB__T_1p40K[-0.000130500],0,up,2535,0.9992107340173638,
D4.2__Fig 2__SQUID_data__IVI_BS30_A1S1_I_contrl_+-0.15mA_285mK_191103__IVB__T_1p40K[-0.000130500],1,down,5023,0.9994026284348865,0.9852110808218902
D4.2__Fig 2__SQUID_data__IVI_BS30_A1S1_I_contrl_+-0.15mA_285mK_191103__IVB__T_1p40K[-0.000130500],2,up,2442,1.0,
D4.2__Fig 2__SQUID_data__IVI_BS30_A1S1_I_contrl_+-0.15mA_285mK_191103__IVB__T_1p40K[-0.000130875],0,up,2535,0.999605367008682,
D4.2__Fig 2__SQUID_data__IVI_BS30_A1S1_I_contrl_+-0.15mA_285mK_191103__IVB__T_1p40K[-0.000130875],1,down,5023,0.9992035045798486,0.9849392489731315
D4.2__Fig 2__SQUID_data__IVI_BS30_A1S1_I_contrl_+-0.15mA_285mK_191103__IVB__T_1p40K[-0.000130875],2,up,2442,1.0,
D4.2__Fig 2__SQUID_data__IVI_BS30_A1S1_I_contrl_+-0.15mA_285mK_191103__IVB__T_1p40K[-0.000131250],0,up,2535,0.999605367008682,
D4.2__Fig 2__SQUID_data__IVI_BS30_A1S1_I_contrl_+-0.15mA_285mK_191103__IVB__T_1p40K[-0.000131250],1,down,5023,0.9994026284348865,0.9850114198156049
D4.2__Fig 2__SQUID_data__IVI_BS30_A1S1_I_contrl_+-0.15mA_285mK_191103__IVB__T_1p40K[-0.000131250],2,up,2442,1.0,
D4.2__Fig 2__SQUID_data__IVI_BS30_A1S1_I_contrl_+-0.15mA_285mK_191103__IVB__T_1p40K[-0.000131625],0,up,2534,0.9992104224240032,
D4.2__Fig 2__SQUID_data__IVI_BS30_A1S1_I_contrl_+-0.15mA_285mK_191103__IVB__T_1p40K[-0.000131625],1,down,5024,0.9994027473621342,0.9849110436081537
D4.2__Fig 2__SQUID_data__IVI_BS30_A1S1_I_contrl_+-0.15mA_285mK_191103__IVB__T_1p40K[-0.000131625],2,up,2442,1.0,
D4.2__Fig 2__SQUID_data__IVI_BS30_A1S1_I_contrl_+-0.15mA_285mK_191103__IVB__T_1p40K[-0.000132000],0,up,2535,0.9988161010260458,
D4.2__Fig 2__SQUID_data__IVI_BS30_A1S1_I_contrl_+-0.15mA_285mK_191103__IVB__T_1p40K[-0.000132000],1,down,5023,0.9996017522899243,0.9852941023053293
D4.2__Fig 2__SQUID_data__IVI_BS30_A1S1_I_contrl_+-0.15mA_285mK_191103__IVB__T_1p40K[-0.000132000],2,up,2442,1.0,
D4.2__Fig 2__SQUID_data__IVI_BS30_A1S1_I_contrl_+-0.15mA_285mK_191103__IVB__T_1p40K[-0.000132375],0,up,2533,0.9992101105845181,
D4.2__Fig 2__SQUID_data__IVI_BS30_A1S1_I_contrl_+-0.15mA_285mK_191103__IVB__T_1p40K[-0.000132375],1,down,5025,0.9994028662420382,0.984321665486159
D4.2__Fig 2__SQUID_data__IVI_BS30_A1S1_I_contrl_+-0.15mA_285mK_191103__IVB__T_1p40K[-0.000132375],2,up,2442,1.0,
D4.2__Fig 2__SQUID_data__IVI_BS30_A1S1_I_contrl_+-0.15mA_285mK_191103__IVB__T_1p40K[-0.000132750],0,up,2536,0.9988165680473373,
D4.2__Fig 2__SQUID_data__IVI_BS30_A1S1_I_contrl_+-0.15mA_285mK_191103__IVB__T_1p40K[-0.000132750],1,down,5022,0.9996016729735112,0.9847150353869853
D4.2__Fig 2__SQUID_data__IVI_BS30_A1S1_I_contrl_+-0.15mA_285mK_191103__IVB__T_1p40K[-0.000132750],2,up,2442,1.0,
D4.2__Fig 2__SQUID_data__IVI_BS30_A1S1_I_contrl_+-0.15mA_285mK_191103__IVB__T_1p40K[-0.000133125],0,up,2534,0.9988156336360048,
D4.2__Fig 2__SQUID_data__IVI_BS30_A1S1_I_contrl_+-0.15mA_285mK_191103__IVB__T_1p40K[-0.000133125],1,down,5025,0.9994028662420382,0.9862150231011285
D4.2__Fig 2__SQUID_data__IVI_BS30_A1S1_I_contrl_+-0.15mA_285mK_191103__IVB__T_1p40K[-0.000133125],2,up,2441,1.0,
D4.2__Fig 2__SQUID_data__IVI_BS30_A1S1_I_contrl_+-0.15mA_285mK_191103__IVB__T_1p40K[-0.000133500],0,up,2534,0.9988156336360048,
D4.2__Fig 2__SQUID_data__IVI_BS30_A1S1_I_contrl_+-0.15mA_285mK_191103__IVB__T_1p40K[-0.000133500],1,down,5024,0.9994027473621342,0.9851049074375748
D4.2__Fig 2__SQUID_data__IVI_BS30_A1S1_I_contrl_+-0.15mA_285mK_191103__IVB__T_1p40K[-0.000133500],2,up,2442,1.0,
D4.2__Fig 2__SQUID_data__IVI_BS30_A1S1_I_contrl_+-0.15mA_285mK_191103__IVB__T_1p40K[-0.000133875],0,up,2536,0.9988165680473373,
D4.2__Fig 2__SQUID_data__IVI_BS30_A1S1_I_contrl_+-0.15mA_285mK_191103__IVB__T_1p40K[-0.000133875],1,down,5021,0.999601593625498,0.9852632320492356
D4.2__Fig 2__SQUID_data__IVI_BS30_A1S1_I_contrl_+-0.15mA_285mK_191103__IVB__T_1p40K[-0.000133875],2,up,2443,1.0,
D4.2__Fig 2__SQUID_data__IVI_BS30_A1S1_I_contrl_+-0.15mA_285mK_191103__IVB__T_1p40K[-0.000134250],0,up,2533,0.9996050552922591,
D4.2__Fig 2__SQUID_data__IVI_BS30_A1S1_I_contrl_+-0.15mA_285mK_191103__IVB__T_1p40K[-0.000134250],1,down,5025,0.9996019108280255,0.9848747594725037
D4.2__Fig 2__SQUID_data__IVI_BS30_A1S1_I_contrl_+-0.15mA_285mK_191103__IVB__T_1p40K[-0.000134250],2,up,2442,1.0,
D4.2__Fig 2__SQUID_data__IVI_BS30_A1S1_I_contrl_+-0.15mA_285mK_191103__IVB__T_1p40K[-0.000134625],0,up,2536,0.9992110453648915,
D4.2__Fig 2__SQUID_data__IVI_BS30_A1S1_I_contrl_+-0.15mA_285mK_191103__IVB__T_1p40K[-0.000134625],1,down,5021,0.999402390438247,0.9857097331057109
D4.2__Fig 2__SQUID_data__IVI_BS30_A1S1_I_contrl_+-0.15mA_285mK_191103__IVB__T_1p40K[-0.000134625],2,up,2443,1.0,
D4.2__Fig 2__SQUID_data__IVI_BS30_A1S1_I_contrl_+-0.15mA_285mK_191103__IVB__T_1p40K[-0.000135000],0,up,2536,0.9988165680473373,
D4.2__Fig 2__SQUID_data__IVI_BS30_A1S1_I_contrl_+-0.15mA_285mK_191103__IVB__T_1p40K[-0.000135000],1,down,5020,0.9996015142458657,0.9847592555708664
D4.2__Fig 2__SQUID_data__IVI_BS30_A1S1_I_contrl_+-0.15mA_285mK_191103__IVB__T_1p40K[-0.000135000],2,up,2444,1.0,
D4.2__Fig 2__SQUID_data__IVI_BS30_A1S1_I_contrl_+-0.15mA_285mK_191103__IVB__T_1p40K[-0.000135375],0,up,2534,0.9988156336360048,
D4.2__Fig 2__SQUID_data__IVI_BS30_A1S1_I_contrl_+-0.15mA_285mK_191103__IVB__T_1p40K[-0.000135375],1,down,5024,0.9994027473621342,0.9847812916138705
D4.2__Fig 2__SQUID_data__IVI_BS30_A1S1_I_contrl_+-0.15mA_285mK_191103__IVB__T_1p40K[-0.000135375],2,up,2442,1.0,
D4.2__Fig 2__SQUID_data__IVI_BS30_A1S1_I_contrl_+-0.15mA_285mK_191103__IVB__T_1p40K[-0.000135750],0,up,2535,0.9992107340173638,
D4.2__Fig 2__SQUID_data__IVI_BS30_A1S1_I_contrl_+-0.15mA_285mK_191103__IVB__T_1p40K[-0.000135750],1,down,5023,0.9996017522899243,0.9859737680927335
D4.2__Fig 2__SQUID_data__IVI_BS30_A1S1_I_contrl_+-0.15mA_285mK_191103__IVB__T_1p40K[-0.000135750],2,up,2442,1.0,
D4.2__Fig 2__SQUID_data__IVI_BS30_A1S1_I_contrl_+-0.15mA_285mK_191103__IVB__T_1p40K[-0.000136125],0,up,2535,0.9988161010260458,
D4.2__Fig 2__SQUID_data__IVI_BS30_A1S1_I_contrl_+-0.15mA_285mK_191103__IVB__T_1p40K[-0.000136125],1,down,5022,0.9998008364867557,0.9843660710879936
D4.2__Fig 2__SQUID_data__IVI_BS30_A1S1_I_contrl_+-0.15mA_285mK_191103__IVB__T_1p40K[-0.000136125],2,up,2443,0.9995904995904996,
D4.2__Fig 2__SQUID_data__IVI_BS30_A1S1_I_contrl_+-0.15mA_285mK_191103__IVB__T_1p40K[-0.000136500],0,up,2536,0.998422090729783,
D4.2__Fig 2__SQUID_data__IVI_BS30_A1S1_I_contrl_+-0.15mA_285mK_191103__IVB__T_1p40K[-0.000136500],1,down,5022,0.9994025094602669,0.9852585856043531
D4.2__Fig 2__SQUID_data__IVI_BS30_A1S1_I_contrl_+-0.15mA_285mK_191103__IVB__T_1p40K[-0.000136500],2,up,2442,1.0,
D4.2__Fig 2__SQUID_data__IVI_BS30_A1S1_I_contrl_+-0.15mA_285mK_191103__IVB__T_1p40K[-0.000136875],0,up,2534,0.9992104224240032,
D4.2__Fig 2__SQUID_data__IVI_BS30_A1S1_I_contrl_+-0.15mA_285mK_191103__IVB__T_1p40K[-0.000136875],1,down,5024,0.9996018315747561,0.9853567003977165
D4.2__Fig 2__SQUID_data__IVI_BS30_A1S1_I_contrl_+-0.15mA_285mK_191103__IVB__T_1p40K[-0.000136875],2,up,2442,1.0,
D4.2__Fig 2__SQUID_data__IVI_BS30_A1S1_I_contrl_+-0.15mA_285mK_191103__IVB__T_1p40K[-0.000137250],0,up,2534,0.9992104224240032,
D4.2__Fig 2__SQUID_data__IVI_BS30_A1S1_I_contrl_+-0.15mA_285mK_191103__IVB__T_1p40K[-0.000137250],1,down,5024,0.9994027473621342,0.9847200520354847
D4.2__Fig 2__SQUID_data__IVI_BS30_A1S1_I_contrl_+-0.15mA_285mK_191103__IVB__T_1p40K[-0.000137250],2,up,2442,0.9995903318312167,
D4.2__Fig 2__SQUID_data__IVI_BS30_A1S1_I_contrl_+-0.15mA_285mK_191103__IVB__T_1p40K[-0.000137625],0,up,2535,0.9988161010260458,
D4.2__Fig 2__SQUID_data__IVI_BS30_A1S1_I_contrl_+-0.15mA_285mK_191103__IVB__T_1p40K[-0.000137625],1,down,5022,0.9996016729735112,0.9858409931387522
D4.2__Fig 2__SQUID_data__IVI_BS30_A1S1_I_contrl_+-0.15mA_285mK_191103__IVB__T_1p40K[-0.000137625],2,up,2443,1.0,
D4.2__Fig 2__SQUID_data__IVI_BS30_A1S1_I_contrl_+-0.15mA_285mK_191103__IVB__T_1p40K[-0.000138000],0,up,2534,0.9992104224240032,
D4.2__Fig 2__SQUID_data__IVI_BS30_A1S1_I_contrl_+-0.15mA_285mK_191103__IVB__T_1p40K[-0.000138000],1,down,5024,0.9994027473621342,0.9845194324374278
D4.2__Fig 2__SQUID_data__IVI_BS30_A1S1_I_contrl_+-0.15mA_285mK_191103__IVB__T_1p40K[-0.000138000],2,up,2442,1.0,
D4.2__Fig 2__SQUID_data__IVI_BS30_A1S1_I_contrl_+-0.15mA_285mK_191103__IVB__T_1p40K[-0.000138375],0,up,2535,0.9992107340173638,
D4.2__Fig 2__SQUID_data__IVI_BS30_A1S1_I_contrl_+-0.15mA_285mK_191103__IVB__T_1p40K[-0.000138375],1,down,5023,0.9994026284348865,0.9853875420799431
D4.2__Fig 2__SQUID_data__IVI_BS30_A1S1_I_contrl_+-0.15mA_285mK_191103__IVB__T_1p40K[-0.000138375],2,up,2442,1.0,
D4.2__Fig 2__SQUID_data__IVI_BS30_A1S1_I_contrl_+-0.15mA_285mK_191103__IVB__T_1p40K[-0.000138750],0,up,2534,0.9988156336360048,
D4.2__Fig 2__SQUID_data__IVI_BS30_A1S1_I_contrl_+-0.15mA_285mK_191103__IVB__T_1p40K[-0.000138750],1,down,5024,0.9994027473621342,0.985454570341599
D4.2__Fig 2__SQUID_data__IVI_BS30_A1S1_I_contrl_+-0.15mA_285mK_191103__IVB__T_1p40K[-0.000138750],2,up,2442,1.0,
D4.2__Fig 2__SQUID_data__IVI_BS30_A1S1_I_contrl_+-0.15mA_285mK_191103__IVB__T_1p40K[-0.000139125],0,up,2535,0.9988161010260458,
D4.2__Fig 2__SQUID_data__IVI_BS30_A1S1_I_contrl_+-0.15mA_285mK_191103__IVB__T_1p40K[-0.000139125],1,down,5023,0.9998008761449622,0.9858405510707847
D4.2__Fig 2__SQUID_data__IVI_BS30_A1S1_I_contrl_+-0.15mA_285mK_191103__IVB__T_1p40K[-0.000139125],2,up,2442,1.0,
D4.2__Fig 2__SQUID_data__IVI_BS30_A1S1_I_contrl_+-0.15mA_285mK_191103__IVB__T_1p40K[-0.000139500],0,up,2536,0.9992110453648915,
D4.2__Fig 2__SQUID_data__IVI_BS30_A1S1_I_contrl_+-0.15mA_285mK_191103__IVB__T_1p40K[-0.000139500],1,down,5022,0.9996016729735112,0.9864007876766626
D4.2__Fig 2__SQUID_data__IVI_BS30_A1S1_I_contrl_+-0.15mA_285mK_191103__IVB__T_1p40K[-0.000139500],2,up,2442,1.0,
D4.2__Fig 2__SQUID_data__IVI_BS30_A1S1_I_contrl_+-0.15mA_285mK_191103__IVB__T_1p40K[-0.000139875],0,up,2535,0.9988161010260458,
D4.2__Fig 2__SQUID_data__IVI_BS30_A1S1_I_contrl_+-0.15mA_285mK_191103__IVB__T_1p40K[-0.000139875],1,down,5022,0.9998008364867557,0.9860360611549758
D4.2__Fig 2__SQUID_data__IVI_BS30_A1S1_I_contrl_+-0.15mA_285mK_191103__IVB__T_1p40K[-0.000139875],2,up,2443,1.0,
D4.2__Fig 2__SQUID_data__IVI_BS30_A1S1_I_contrl_+-0.15mA_285mK_191103__IVB__T_1p40K[-0.000140250],0,up,2534,0.9992104224240032,
D4.2__Fig 2__SQUID_data__IVI_BS30_A1S1_I_contrl_+-0.15mA_285mK_191103__IVB__T_1p40K[-0.000140250],1,down,5025,0.9994028662420382,0.9838948697320523
D4.2__Fig 2__SQUID_data__IVI_BS30_A1S1_I_contrl_+-0.15mA_285mK_191103__IVB__T_1p40K[-0.000140250],2,up,2441,1.0,
D4.2__Fig 2__SQUID_data__IVI_BS30_A1S1_I_contrl_+-0.15mA_285mK_191103__IVB__T_1p40K[-0.000140625],0,up,2535,0.999605367008682,
D4.2__Fig 2__SQUID_data__IVI_BS30_A1S1_I_contrl_+-0.15mA_285mK_191103__IVB__T_1p40K[-0.000140625],1,down,5023,0.9994026284348865,0.9847801706905044
D4.2__Fig 2__SQUID_data__IVI_BS30_A1S1_I_contrl_+-0.15mA_285mK_191103__IVB__T_1p40K[-0.000140625],2,up,2442,1.0,
D4.2__Fig 2__SQUID_data__IVI_BS30_A1S1_I_contrl_+-0.15mA_285mK_191103__IVB__T_1p40K[-0.000141000],0,up,2535,0.9988161010260458,
D4.2__Fig 2__SQUID_data__IVI_BS30_A1S1_I_contrl_+-0.15mA_285mK_191103__IVB__T_1p40K[-0.000141000],1,down,5023,0.9996017522899243,0.9855564633326434
D4.2__Fig 2__SQUID_data__IVI_BS30_A1S1_I_contrl_+-0.15mA_285mK_191103__IVB__T_1p40K[-0.000141000],2,up,2442,1.0,
D4.2__Fig 2__SQUID_data__IVI_BS30_A1S1_I_contrl_+-0.15mA_285mK_191103__IVB__T_1p40K[-0.000141375],0,up,2535,0.9992107340173638,
D4.2__Fig 2__SQUID_data__IVI_BS30_A1S1_I_contrl_+-0.15mA_285mK_191103__IVB__T_1p40K[-0.000141375],1,down,5023,0.9994026284348865,0.9849593607586292
D4.2__Fig 2__SQUID_data__IVI_BS30_A1S1_I_contrl_+-0.15mA_285mK_191103__IVB__T_1p40K[-0.000141375],2,up,2442,1.0,
D4.2__Fig 2__SQUID_data__IVI_BS30_A1S1_I_contrl_+-0.15mA_285mK_191103__IVB__T_1p40K[-0.000141750],0,up,2535,0.9988161010260458,
D4.2__Fig 2__SQUID_data__IVI_BS30_A1S1_I_contrl_+-0.15mA_285mK_191103__IVB__T_1p40K[-0.000141750],1,down,5022,0.9996016729735112,0.9852557008218116
D4.2__Fig 2__SQUID_data__IVI_BS30_A1S1_I_contrl_+-0.15mA_285mK_191103__IVB__T_1p40K[-0.000141750],2,up,2443,0.9995904995904996,
D4.2__Fig 2__SQUID_data__IVI_BS30_A1S1_I_contrl_+-0.15mA_285mK_191103__IVB__T_1p40K[-0.000142125],0,up,2535,0.9988161010260458,
D4.2__Fig 2__SQUID_data__IVI_BS30_A1S1_I_contrl_+-0.15mA_285mK_191103__IVB__T_1p40K[-0.000142125],1,down,5023,0.9994026284348865,0.9849124661155749
D4.2__Fig 2__SQUID_data__IVI_BS30_A1S1_I_contrl_+-0.15mA_285mK_191103__IVB__T_1p40K[-0.000142125],2,up,2442,1.0,
D4.2__Fig 2__SQUID_data__IVI_BS30_A1S1_I_contrl_+-0.15mA_285mK_191103__IVB__T_1p40K[-0.000142500],0,up,2534,0.9992104224240032,
D4.2__Fig 2__SQUID_data__IVI_BS30_A1S1_I_contrl_+-0.15mA_285mK_191103__IVB__T_1p40K[-0.000142500],1,down,5024,0.9994027473621342,0.9853698018611083
D4.2__Fig 2__SQUID_data__IVI_BS30_A1S1_I_contrl_+-0.15mA_285mK_191103__IVB__T_1p40K[-0.000142500],2,up,2442,1.0,
D4.2__Fig 2__SQUID_data__IVI_BS30_A1S1_I_contrl_+-0.15mA_285mK_191103__IVB__T_1p40K[-0.000142875],0,up,2535,0.9992107340173638,
D4.2__Fig 2__SQUID_data__IVI_BS30_A1S1_I_contrl_+-0.15mA_285mK_191103__IVB__T_1p40K[-0.000142875],1,down,5023,0.9996017522899243,0.9850017737677791
D4.2__Fig 2__SQUID_data__IVI_BS30_A1S1_I_contrl_+-0.15mA_285mK_191103__IVB__T_1p40K[-0.000142875],2,up,2442,1.0,
D4.2__Fig 2__SQUID_data__IVI_BS30_A1S1_I_contrl_+-0.15mA_285mK_191103__IVB__T_1p40K[-0.000143250],0,up,2535,0.9992107340173638,
D4.2__Fig 2__SQUID_data__IVI_BS30_A1S1_I_contrl_+-0.15mA_285mK_191103__IVB__T_1p40K[-0.000143250],1,down,5022,0.9996016729735112,0.9852478813020143
D4.2__Fig 2__SQUID_data__IVI_BS30_A1S1_I_contrl_+-0.15mA_285mK_191103__IVB__T_1p40K[-0.000143250],2,up,2443,1.0,
D4.2__Fig 2__SQUID_data__IVI_BS30_A1S1_I_contrl_+-0.15mA_285mK_191103__IVB__T_1p40K[-0.000143625],0,up,2534,0.9992104224240032,
D4.2__Fig 2__SQUID_data__IVI_BS30_A1S1_I_contrl_+-0.15mA_285mK_191103__IVB__T_1p40K[-0.000143625],1,down,5024,0.9994027473621342,0.9854011258942982
D4.2__Fig 2__SQUID_data__IVI_BS30_A1S1_I_contrl_+-0.15mA_285mK_191103__IVB__T_1p40K[-0.000143625],2,up,2442,1.0,
D4.2__Fig 2__SQUID_data__IVI_BS30_A1S1_I_contrl_+-0.15mA_285mK_191103__IVB__T_1p40K[-0.000144000],0,up,2534,0.9992104224240032,
D4.2__Fig 2__SQUID_data__IVI_BS30_A1S1_I_contrl_+-0.15mA_285mK_191103__IVB__T_1p40K[-0.000144000],1,down,5024,0.9994027473621342,0.9857422412174583
D4.2__Fig 2__SQUID_data__IVI_BS30_A1S1_I_contrl_+-0.15mA_285mK_191103__IVB__T_1p40K[-0.000144000],2,up,2442,1.0,
D4.2__Fig 2__SQUID_data__IVI_BS30_A1S1_I_contrl_+-0.15mA_285mK_191103__IVB__T_1p40K[-0.000144375],0,up,2536,0.998422090729783,
D4.2__Fig 2__SQUID_data__IVI_BS30_A1S1_I_contrl_+-0.15mA_285mK_191103__IVB__T_1p40K[-0.000144375],1,down,5021,0.999402390438247,0.9849744768580199
D4.2__Fig 2__SQUID_data__IVI_BS30_A1S1_I_contrl_+-0.15mA_285mK_191103__IVB__T_1p40K[-0.000144375],2,up,2443,1.0,
D4.2__Fig 2__SQUID_data__IVI_BS30_A1S1_I_contrl_+-0.15mA_285mK_191103__IVB__T_1p40K[-0.000144750],0,up,2535,0.9992107340173638,
D4.2__Fig 2__SQUID_data__IVI_BS30_A1S1_I_contrl_+-0.15mA_285mK_191103__IVB__T_1p40K[-0.000144750],1,down,5023,0.9994026284348865,0.9855045182756486
D4.2__Fig 2__SQUID_data__IVI_BS30_A1S1_I_contrl_+-0.15mA_285mK_191103__IVB__T_1p40K[-0.000144750],2,up,2442,1.0,
D4.2__Fig 2__SQUID_data__IVI_BS30_A1S1_I_contrl_+-0.15mA_285mK_191103__IVB__T_1p40K[-0.000145125],0,up,2535,0.999605367008682,
D4.2__Fig 2__SQUID_data__IVI_BS30_A1S1_I_contrl_+-0.15mA_285mK_191103__IVB__T_1p40K[-0.000145125],1,down,5024,0.9994027473621342,0.9849233519302791
D4.2__Fig 2__SQUID_data__IVI_BS30_A1S1_I_contrl_+-0.15mA_285mK_191103__IVB__T_1p40K[-0.000145125],2,up,2441,1.0,
D4.2__Fig 2__SQUID_data__IVI_BS30_A1S1_I_contrl_+-0.15mA_285mK_191103__IVB__T_1p40K[-0.000145500],0,up,2535,0.9988161010260458,
D4.2__Fig 2__SQUID_data__IVI_BS30_A1S1_I_contrl_+-0.15mA_285mK_191103__IVB__T_1p40K[-0.000145500],1,down,5022,0.9996016729735112,0.9851862551763187
D4.2__Fig 2__SQUID_data__IVI_BS30_A1S1_I_contrl_+-0.15mA_285mK_191103__IVB__T_1p40K[-0.000145500],2,up,2443,1.0,
D4.2__Fig 2__SQUID_data__IVI_BS30_A1S1_I_contrl_+-0.15mA_285mK_191103__IVB__T_1p40K[-0.000145875],0,up,2535,0.9992107340173638,
D4.2__Fig 2__SQUID_data__IVI_BS30_A1S1_I_contrl_+-0.15mA_285mK_191103__IVB__T_1p40K[-0.000145875],1,down,5023,0.9992035045798486,0.985670460893941
D4.2__Fig 2__SQUID_data__IVI_BS30_A1S1_I_contrl_+-0.15mA_285mK_191103__IVB__T_1p40K[-0.000145875],2,up,2442,1.0,
D4.2__Fig 2__SQUID_data__IVI_BS30_A1S1_I_contrl_+-0.15mA_285mK_191103__IVB__T_1p40K[-0.000146250],0,up,2535,0.9992107340173638,
D4.2__Fig 2__SQUID_data__IVI_BS30_A1S1_I_contrl_+-0.15mA_285mK_191103__IVB__T_1p40K[-0.000146250],1,down,5022,0.9996016729735112,0.9836695303745849
D4.2__Fig 2__SQUID_data__IVI_BS30_A1S1_I_contrl_+-0.15mA_285mK_191103__IVB__T_1p40K[-0.000146250],2,up,2443,1.0,
D4.2__Fig 2__SQUID_data__IVI_BS30_A1S1_I_contrl_+-0.15mA_285mK_191103__IVB__T_1p40K[-0.000146625],0,up,2535,0.9992107340173638,
D4.2__Fig 2__SQUID_data__IVI_BS30_A1S1_I_contrl_+-0.15mA_285mK_191103__IVB__T_1p40K[-0.000146625],1,down,5023,0.9998008761449622,0.9854396377229768
D4.2__Fig 2__SQUID_data__IVI_BS30_A1S1_I_contrl_+-0.15mA_285mK_191103__IVB__T_1p40K[-0.000146625],2,up,2442,1.0,
D4.2__Fig 2__SQUID_data__IVI_BS30_A1S1_I_contrl_+-0.15mA_285mK_191103__IVB__T_1p40K[-0.000147000],0,up,2536,0.9992110453648915,
D4.2__Fig 2__SQUID_data__IVI_BS30_A1S1_I_contrl_+-0.15mA_285mK_191103__IVB__T_1p40K[-0.000147000],1,down,5021,0.999601593625498,0.9864420772380839
D4.2__Fig 2__SQUID_data__IVI_BS30_A1S1_I_contrl_+-0.15mA_285mK_191103__IVB__T_1p40K[-0.000147000],2,up,2443,1.0,
D4.2__Fig 2__SQUID_data__IVI_BS30_A1S1_I_contrl_+-0.15mA_285mK_191103__IVB__T_1p40K[-0.000147375],0,up,2534,0.9992104224240032,
D4.2__Fig 2__SQUID_data__IVI_BS30_A1S1_I_contrl_+-0.15mA_285mK_191103__IVB__T_1p40K[-0.000147375],1,down,5024,0.9992036631495123,0.986020410234182
D4.2__Fig 2__SQUID_data__IVI_BS30_A1S1_I_contrl_+-0.15mA_285mK_191103__IVB__T_1p40K[-0.000147375],2,up,2442,1.0,
D4.2__Fig 2__SQUID_data__IVI_BS30_A1S1_I_contrl_+-0.15mA_285mK_191103__IVB__T_1p40K[-0.000147750],0,up,2535,0.9980268350434096,
D4.2__Fig 2__SQUID_data__IVI_BS30_A1S1_I_contrl_+-0.15mA_285mK_191103__IVB__T_1p40K[-0.000147750],1,down,5023,0.9994026284348865,0.984865279185226
D4.2__Fig 2__SQUID_data__IVI_BS30_A1S1_I_contrl_+-0.15mA_285mK_191103__IVB__T_1p40K[-0.000147750],2,up,2442,1.0,
D4.2__Fig 2__SQUID_data__IVI_BS30_A1S1_I_contrl_+-0.15mA_285mK_191103__IVB__T_1p40K[-0.000148125],0,up,2533,0.9992101105845181,
D4.2__Fig 2__SQUID_data__IVI_BS30_A1S1_I_contrl_+-0.15mA_285mK_191103__IVB__T_1p40K[-0.000148125],1,down,5025,0.9996019108280255,0.98549688012396
D4.2__Fig 2__SQUID_data__IVI_BS30_A1S1_I_contrl_+-0.15mA_285mK_191103__IVB__T_1p40K[-0.000148125],2,up,2442,1.0,
D4.2__Fig 2__SQUID_data__IVI_BS30_A1S1_I_contrl_+-0.15mA_285mK_191103__IVB__T_1p40K[-0.000148500],0,up,2535,0.9992107340173638,
D4.2__Fig 2__SQUID_data__IVI_BS30_A1S1_I_contrl_+-0.15mA_285mK_191103__IVB__T_1p40K[-0.000148500],1,down,5022,0.9996016729735112,0.9859344223357409
D4.2__Fig 2__SQUID_data__IVI_BS30_A1S1_I_contrl_+-0.15mA_285mK_191103__IVB__T_1p40K[-0.000148500],2,up,2443,0.9995904995904996,
D4.2__Fig 2__SQUID_data__IVI_BS30_A1S1_I_contrl_+-0.15mA_285mK_191103__IVB__T_1p40K[-0.000148875],0,up,2533,0.9992101105845181,
D4.2__Fig 2__SQUID_data__IVI_BS30_A1S1_I_contrl_+-0.15mA_285mK_191103__IVB__T_1p40K[-0.000148875],1,down,5026,0.9996019900497513,0.9856365980241574
D4.2__Fig 2__SQUID_data__IVI_BS30_A1S1_I_contrl_+-0.15mA_285mK_191103__IVB__T_1p40K[-0.000148875],2,up,2441,1.0,
D4.2__Fig 2__SQUID_data__IVI_BS30_A1S1_I_contrl_+-0.15mA_285mK_191103__IVB__T_1p40K[-0.000149250],0,up,2535,0.9992107340173638,
D4.2__Fig 2__SQUID_data__IVI_BS30_A1S1_I_contrl_+-0.15mA_285mK_191103__IVB__T_1p40K[-0.000149250],1,down,5023,0.9992035045798486,0.9842991266007001
D4.2__Fig 2__SQUID_data__IVI_BS30_A1S1_I_contrl_+-0.15mA_285mK_191103__IVB__T_1p40K[-0.000149250],2,up,2442,1.0,
D4.2__Fig 2__SQUID_data__IVI_BS30_A1S1_I_contrl_+-0.15mA_285mK_191103__IVB__T_1p40K[-0.000149625],0,up,2535,0.9988161010260458,
D4.2__Fig 2__SQUID_data__IVI_BS30_A1S1_I_contrl_+-0.15mA_285mK_191103__IVB__T_1p40K[-0.000149625],1,down,5022,0.9996016729735112,0.9845050605779918
D4.2__Fig 2__SQUID_data__IVI_BS30_A1S1_I_contrl_+-0.15mA_285mK_191103__IVB__T_1p40K[-0.000149625],2,up,2443,1.0,
D4.2__Fig 2__SQUID_data__IVI_BS30_A1S1_I_contrl_+-0.15mA_285mK_191103__IVB__T_1p40K[-0.000150000],0,up,2535,0.999605367008682,
D4.2__Fig 2__SQUID_data__IVI_BS30_A1S1_I_contrl_+-0.15mA_285mK_191103__IVB__T_1p40K[-0.000150000],1,down,5023,0.9996017522899243,0.9857108639012115
D4.2__Fig 2__SQUID_data__IVI_BS30_A1S1_I_contrl_+-0.15mA_285mK_191103__IVB__T_1p40K[-0.000150000],2,up,2442,1.0,
D4.2__Fig 2__SQUID_data__IVI_BS30_A1S1_I_contrl_+-0.15mA_285mK_191103__IVB__T_1p40K[0.000000000],0,up,2535,0.9988161010260458,
D4.2__Fig 2__SQUID_data__IVI_BS30_A1S1_I_contrl_+-0.15mA_285mK_191103__IVB__T_1p40K[0.000000000],1,down,5024,0.9992036631495123,0.9848759726275497
D4.2__Fig 2__SQUID_data__IVI_BS30_A1S1_I_contrl_+-0.15mA_285mK_191103__IVB__T_1p40K[0.000000000],2,up,2441,1.0,
D4.2__Fig 2__SQUID_data__IVI_BS30_A1S1_I_contrl_+-0.15mA_285mK_191103__IVB__T_1p40K[0.000000375],0,up,2534,0.9988156336360048,
D4.2__Fig 2__SQUID_data__IVI_BS30_A1S1_I_contrl_+-0.15mA_285mK_191103__IVB__T_1p40K[0.000000375],1,down,5025,0.9994028662420382,0.9849690470186167
D4.2__Fig 2__SQUID_data__IVI_BS30_A1S1_I_contrl_+-0.15mA_285mK_191103__IVB__T_1p40K[0.000000375],2,up,2441,1.0,
D4.2__Fig 2__SQUID_data__IVI_BS30_A1S1_I_contrl_+-0.15mA_285mK_191103__IVB__T_1p40K[0.000000750],0,up,2534,0.9988156336360048,
D4.2__Fig 2__SQUID_data__IVI_BS30_A1S1_I_contrl_+-0.15mA_285mK_191103__IVB__T_1p40K[0.000000750],1,down,5024,0.9994027473621342,0.9848157243654034
D4.2__Fig 2__SQUID_data__IVI_BS30_A1S1_I_contrl_+-0.15mA_285mK_191103__IVB__T_1p40K[0.000000750],2,up,2442,1.0,
D4.2__Fig 2__SQUID_data__IVI_BS30_A1S1_I_contrl_+-0.15mA_285mK_191103__IVB__T_1p40K[0.000001125],0,up,2534,0.9992104224240032,
D4.2__Fig 2__SQUID_data__IVI_BS30_A1S1_I_contrl_+-0.15mA_285mK_191103__IVB__T_1p40K[0.000001125],1,down,5024,0.9996018315747561,0.9846417366834329
D4.2__Fig 2__SQUID_data__IVI_BS30_A1S1_I_contrl_+-0.15mA_285mK_191103__IVB__T_1p40K[0.000001125],2,up,2442,1.0,
D4.2__Fig 2__SQUID_data__IVI_BS30_A1S1_I_contrl_+-0.15mA_285mK_191103__IVB__T_1p40K[0.000001500],0,up,2534,0.9992104224240032,
D4.2__Fig 2__SQUID_data__IVI_BS30_A1S1_I_contrl_+-0.15mA_285mK_191103__IVB__T_1p40K[0.000001500],1,down,5024,0.9994027473621342,0.985220826280933
D4.2__Fig 2__SQUID_data__IVI_BS30_A1S1_I_contrl_+-0.15mA_285mK_191103__IVB__T_1p40K[0.000001500],2,up,2442,1.0,
D4.2__Fig 2__SQUID_data__IVI_BS30_A1S1_I_contrl_+-0.15mA_285mK_191103__IVB__T_1p40K[0.000001875],0,up,2535,0.9992107340173638,
D4.2__Fig 2__SQUID_data__IVI_BS30_A1S1_I_contrl_+-0.15mA_285mK_191103__IVB__T_1p40K[0.000001875],1,down,5023,0.9994026284348865,0.9842274704274581
D4.2__Fig 2__SQUID_data__IVI_BS30_A1S1_I_contrl_+-0.15mA_285mK_191103__IVB__T_1p40K[0.000001875],2,up,2442,1.0,
D4.2__Fig 2__SQUID_data__IVI_BS30_A1S1_I_contrl_+-0.15mA_285mK_191103__IVB__T_1p40K[0.000002250],0,up,2535,0.9992107340173638,
D4.2__Fig 2__SQUID_data__IVI_BS30_A1S1_I_contrl_+-0.15mA_285mK_191103__IVB__T_1p40K[0.000002250],1,down,5022,0.9996016729735112,0.9853535689520512
D4.2__Fig 2__SQUID_data__IVI_BS30_A1S1_I_contrl_+-0.15mA_285mK_191103__IVB__T_1p40K[0.000002250],2,up,2443,1.0,
D4.2__Fig 2__SQUID_data__IVI_BS30_A1S1_I_contrl_+-0.15mA_285mK_191103__IVB__T_1p40K[0.000002625],0,up,2534,0.9996052112120016,
D4.2__Fig 2__SQUID_data__IVI_BS30_A1S1_I_contrl_+-0.15mA_285mK_191103__IVB__T_1p40K[0.000002625],1,down,5024,0.9994027473621342,0.9843367456869606
D4.2__Fig 2__SQUID_data__IVI_BS30_A1S1_I_contrl_+-0.15mA_285mK_191103__IVB__T_1p40K[0.000002625],2,up,2442,1.0,
D4.2__Fig 2__SQUID_data__IVI_BS30_A1S1_I_contrl_+-0.15mA_285mK_191103__IVB__T_1p40K[0.000003000],0,up,2534,0.9988156336360048,
D4.2__Fig 2__SQUID_data__IVI_BS30_A1S1_I_contrl_+-0.15mA_285mK_191103__IVB__T_1p40K[0.000003000],1,down,5023,0.9992035045798486,0.9835780255942869
D4.2__Fig 2__SQUID_data__IVI_BS30_A1S1_I_contrl_+-0.15mA_285mK_191103__IVB__T_1p40K[0.000003000],2,up,2443,1.0,
D4.2__Fig 2__SQUID_data__IVI_BS30_A1S1_I_contrl_+-0.15mA_285mK_191103__IVB__T_1p40K[0.000003375],0,up,2535,0.9992107340173638,
D4.2__Fig 2__SQUID_data__IVI_BS30_A1S1_I_contrl_+-0.15mA_285mK_191103__IVB__T_1p40K[0.000003375],1,down,5022,0.9998008364867557,0.9840519594890669
D4.2__Fig 2__SQUID_data__IVI_BS30_A1S1_I_contrl_+-0.15mA_285mK_191103__IVB__T_1p40K[0.000003375],2,up,2443,1.0,
D4.2__Fig 2__SQUID_data__IVI_BS30_A1S1_I_contrl_+-0.15mA_285mK_191103__IVB__T_1p40K[0.000003750],0,up,2534,0.9992104224240032,
D4.2__Fig 2__SQUID_data__IVI_BS30_A1S1_I_contrl_+-0.15mA_285mK_191103__IVB__T_1p40K[0.000003750],1,down,5024,0.9996018315747561,0.9851888692479323
D4.2__Fig 2__SQUID_data__IVI_BS30_A1S1_I_contrl_+-0.15mA_285mK_191103__IVB__T_1p40K[0.000003750],2,up,2442,1.0,
D4.2__Fig 2__SQUID_data__IVI_BS30_A1S1_I_contrl_+-0.15mA_285mK_191103__IVB__T_1p40K[0.000004125],0,up,2535,0.9988161010260458,
D4.2__Fig 2__SQUID_data__IVI_BS30_A1S1_I_contrl_+-0.15mA_285mK_191103__IVB__T_1p40K[0.000004125],1,down,5022,0.9998008364867557,0.985955887365245
D4.2__Fig 2__SQUID_data__IVI_BS30_A1S1_I_contrl_+-0.15mA_285mK_191103__IVB__T_1p40K[0.000004125],2,up,2443,1.0,
D4.2__Fig 2__SQUID_data__IVI_BS30_A1S1_I_contrl_+-0.15mA_285mK_191103__IVB__T_1p40K[0.000004500],0,up,2535,0.9992107340173638,
D4.2__Fig 2__SQUID_data__IVI_BS30_A1S1_I_contrl_+-0.15mA_285mK_191103__IVB__T_1p40K[0.000004500],1,down,5023,0.9998008761449622,0.9864144297905149
D4.2__Fig 2__SQUID_data__IVI_BS30_A1S1_I_contrl_+-0.15mA_285mK_191103__IVB__T_1p40K[0.000004500],2,up,2442,1.0,
D4.2__Fig 2__SQUID_data__IVI_BS30_A1S1_I_contrl_+-0.15mA_285mK_191103__IVB__T_1p40K[0.000004875],0,up,2534,0.9992104224240032,
D4.2__Fig 2__SQUID_data__IVI_BS30_A1S1_I_contrl_+-0.15mA_285mK_191103__IVB__T_1p40K[0.000004875],1,down,5024,0.9992036631495123,0.9864673127688782
D4.2__Fig 2__SQUID_data__IVI_BS30_A1S1_I_contrl_+-0.15mA_285mK_191103__IVB__T_1p40K[0.000004875],2,up,2442,1.0,
D4.2__Fig 2__SQUID_data__IVI_BS30_A1S1_I_contrl_+-0.15mA_285mK_191103__IVB__T_1p40K[0.000005250],0,up,2536,0.9992110453648915,
D4.2__Fig 2__SQUID_data__IVI_BS30_A1S1_I_contrl_+-0.15mA_285mK_191103__IVB__T_1p40K[0.000005250],1,down,5022,0.9996016729735112,0.986105224154309
D4.2__Fig 2__SQUID_data__IVI_BS30_A1S1_I_contrl_+-0.15mA_285mK_191103__IVB__T_1p40K[0.000005250],2,up,2442,1.0,
D4.2__Fig 2__SQUID_data__IVI_BS30_A1S1_I_contrl_+-0.15mA_285mK_191103__IVB__T_1p40K[0.000005625],0,up,2535,0.9984214680347278,
D4.2__Fig 2__SQUID_data__IVI_BS30_A1S1_I_contrl_+-0.15mA_285mK_191103__IVB__T_1p40K[0.000005625],1,down,5022,0.9998008364867557,0.9863170581213625
D4.2__Fig 2__SQUID_data__IVI_BS30_A1S1_I_contrl_+-0.15mA_285mK_191103__IVB__T_1p40K[0.000005625],2,up,2443,1.0,
D4.2__Fig 2__SQUID_data__IVI_BS30_A1S1_I_contrl_+-0.15mA_285mK_191103__IVB__T_1p40K[0.000006000],0,up,2535,0.9992107340173638,
D4.2__Fig 2__SQUID_data__IVI_BS30_A1S1_I_contrl_+-0.15mA_285mK_191103__IVB__T_1p40K[0.000006000],1,down,5022,0.9996016729735112,0.9849276445515804
D4.2__Fig 2__SQUID_data__IVI_BS30_A1S1_I_contrl_+-0.15mA_285mK_191103__IVB__T_1p40K[0.000006000],2,up,2443,1.0,
D4.2__Fig 2__SQUID_data__IVI_BS30_A1S1_I_contrl_+-0.15mA_285mK_191103__IVB__T_1p40K[0.000006375],0,up,2535,0.9992107340173638,
D4.2__Fig 2__SQUID_data__IVI_BS30_A1S1_I_contrl_+-0.15mA_285mK_191103__IVB__T_1p40K[0.000006375],1,down,5022,0.9996016729735112,0.9837789534782154
D4.2__Fig 2__SQUID_data__IVI_BS30_A1S1_I_contrl_+-0.15mA_285mK_191103__IVB__T_1p40K[0.000006375],2,up,2443,1.0,
D4.2__Fig 2__SQUID_data__IVI_BS30_A1S1_I_contrl_+-0.15mA_285mK_191103__IVB__T_1p40K[0.000006750],0,up,2535,0.9988161010260458,
D4.2__Fig 2__SQUID_data__IVI_BS30_A1S1_I_contrl_+-0.15mA_285mK_191103__IVB__T_1p40K[0.000006750],1,down,5023,0.9994026284348865,0.9853519015135399
D4.2__Fig 2__SQUID_data__IVI_BS30_A1S1_I_contrl_+-0.15mA_285mK_191103__IVB__T_1p40K[0.000006750],2,up,2442,1.0,
D4.2__Fig 2__SQUID_data__IVI_BS30_A1S1_I_contrl_+-0.15mA_285mK_191103__IVB__T_1p40K[0.000007125],0,up,2535,0.9988161010260458,
D4.2__Fig 2__SQUID_data__IVI_BS30_A1S1_I_contrl_+-0.15mA_285mK_191103__IVB__T_1p40K[0.000007125],1,down,5023,0.9996017522899243,0.9847364326569354
D4.2__Fig 2__SQUID_data__IVI_BS30_A1S1_I_contrl_+-0.15mA_285mK_191103__IVB__T_1p40K[0.000007125],2,up,2442,1.0,
D4.2__Fig 2__SQUID_data__IVI_BS30_A1S1_I_contrl_+-0.15mA_285mK_191103__IVB__T_1p40K[0.000007500],0,up,2535,0.999605367008682,
D4.2__Fig 2__SQUID_data__IVI_BS30_A1S1_I_contrl_+-0.15mA_285mK_191103__IVB__T_1p40K[0.000007500],1,down,5023,0.9990043807248108,0.9850827994541296
D4.2__Fig 2__SQUID_data__IVI_BS30_A1S1_I_contrl_+-0.15mA_285mK_191103__IVB__T_1p40K[0.000007500],2,up,2442,1.0,
D4.2__Fig 2__SQUID_data__IVI_BS30_A1S1_I_contrl_+-0.15mA_285mK_191103__IVB__T_1p40K[0.000007875],0,up,2534,0.9996052112120016,
D4.2__Fig 2__SQUID_data__IVI_BS30_A1S1_I_contrl_+-0.15mA_285mK_191103__IVB__T_1p40K[0.000007875],1,down,5024,0.9996018315747561,0.9849497098524692
D4.2__Fig 2__SQUID_data__IVI_BS30_A1S1_I_contrl_+-0.15mA_285mK_191103__IVB__T_1p40K[0.000007875],2,up,2442,1.0,
D4.2__Fig 2__SQUID_data__IVI_BS30_A1S1_I_contrl_+-0.15mA_285mK_191103__IVB__T_1p40K[0.000008250],0,up,2535,0.999605367008682,
D4.2__Fig 2__SQUID_data__IVI_BS30_A1S1_I_contrl_+-0.15mA_285mK_191103__IVB__T_1p40K[0.000008250],1,down,5022,0.9996016729735112,0.9841879726144771
D4.2__Fig 2__SQUID_data__IVI_BS30_A1S1_I_contrl_+-0.15mA_285mK_191103__IVB__T_1p40K[0.000008250],2,up,2443,1.0,
D4.2__Fig 2__SQUID_data__IVI_BS30_A1S1_I_contrl_+-0.15mA_285mK_191103__IVB__T_1p40K[0.000008625],0,up,2534,0.9988156336360048,
D4.2__Fig 2__SQUID_data__IVI_BS30_A1S1_I_contrl_+-0.15mA_285mK_191103__IVB__T_1p40K[0.000008625],1,down,5025,0.9992038216560509,0.9857999008052626
D4.2__Fig 2__SQUID_data__IVI_BS30_A1S1_I_contrl_+-0.15mA_285mK_191103__IVB__T_1p40K[0.000008625],2,up,2441,1.0,
D4.2__Fig 2__SQUID_data__IVI_BS30_A1S1_I_contrl_+-0.15mA_285mK_191103__IVB__T_1p40K[0.000009000],0,up,2535,0.9988161010260458,
D4.2__Fig 2__SQUID_data__IVI_BS30_A1S1_I_contrl_+-0.15mA_285mK_191103__IVB__T_1p40K[0.000009000],1,down,5022,0.9998008364867557,0.9847367824796524
D4.2__Fig 2__SQUID_data__IVI_BS30_A1S1_I_contrl_+-0.15mA_285mK_191103__IVB__T_1p40K[0.000009000],2,up,2443,1.0,
D4.2__Fig 2__SQUID_data__IVI_BS30_A1S1_I_contrl_+-0.15mA_285mK_191103__IVB__T_1p40K[0.000009375],0,up,2535,0.999605367008682,
D4.2__Fig 2__SQUID_data__IVI_BS30_A1S1_I_contrl_+-0.15mA_285mK_191103__IVB__T_1p40K[0.000009375],1,down,5023,0.9992035045798486,0.9850917360477788
D4.2__Fig 2__SQUID_data__IVI_BS30_A1S1_I_contrl_+-0.15mA_285mK_191103__IVB__T_1p40K[0.000009375],2,up,2442,1.0,
D4.2__Fig 2__SQUID_data__IVI_BS30_A1S1_I_contrl_+-0.15mA_285mK_191103__IVB__T_1p40K[0.000009750],0,up,2535,0.9992107340173638,
D4.2__Fig 2__SQUID_data__IVI_BS30_A1S1_I_contrl_+-0.15mA_285mK_191103__IVB__T_1p40K[0.000009750],1,down,5022,0.9996016729735112,0.9849263612217739
D4.2__Fig 2__SQUID_data__IVI_BS30_A1S1_I_contrl_+-0.15mA_285mK_191103__IVB__T_1p40K[0.000009750],2,up,2443,1.0,
D4.2__Fig 2__SQUID_data__IVI_BS30_A1S1_I_contrl_+-0.15mA_285mK_191103__IVB__T_1p40K[0.000010125],0,up,2535,0.9992107340173638,
D4.2__Fig 2__SQUID_data__IVI_BS30_A1S1_I_contrl_+-0.15mA_285mK_191103__IVB__T_1p40K[0.000010125],1,down,5022,0.9994025094602669,0.9832526939382512
D4.2__Fig 2__SQUID_data__IVI_BS30_A1S1_I_contrl_+-0.15mA_285mK_191103__IVB__T_1p40K[0.000010125],2,up,2443,1.0,
D4.2__Fig 2__SQUID_data__IVI_BS30_A1S1_I_contrl_+-0.15mA_285mK_191103__IVB__T_1p40K[0.000010500],0,up,2535,0.9992107340173638,
D4.2__Fig 2__SQUID_data__IVI_BS30_A1S1_I_contrl_+-0.15mA_285mK_191103__IVB__T_1p40K[0.000010500],1,down,5022,0.9996016729735112,0.9858558878660212
D4.2__Fig 2__SQUID_data__IVI_BS30_A1S1_I_contrl_+-0.15mA_285mK_191103__IVB__T_1p40K[0.000010500],2,up,2443,1.0,
D4.2__Fig 2__SQUID_data__IVI_BS30_A1S1_I_contrl_+-0.15mA_285mK_191103__IVB__T_1p40K[0.000010875],0,up,2535,0.9984214680347278,
D4.2__Fig 2__SQUID_data__IVI_BS30_A1S1_I_contrl_+-0.15mA_285mK_191103__IVB__T_1p40K[0.000010875],1,down,5023,0.9996017522899243,0.9856558228319628
D4.2__Fig 2__SQUID_data__IVI_BS30_A1S1_I_contrl_+-0.15mA_285mK_191103__IVB__T_1p40K[0.000010875],2,up,2442,1.0,
D4.2__Fig 2__SQUID_data__IVI_BS30_A1S1_I_contrl_+-0.15mA_285mK_191103__IVB__T_1p40K[0.000011250],0,up,2536,0.9992110453648915,
D4.2__Fig 2__SQUID_data__IVI_BS30_A1S1_I_contrl_+-0.15mA_285mK_191103__IVB__T_1p40K[0.000011250],1,down,5021,0.999203187250996,0.9845552168316634
D4.2__Fig 2__SQUID_data__IVI_BS30_A1S1_I_contrl_+-0.15mA_285mK_191103__IVB__T_1p40K[0.000011250],2,up,2443,1.0,
D4.2__Fig 2__SQUID_data__IVI_BS30_A1S1_I_contrl_+-0.15mA_285mK_191103__IVB__T_1p40K[0.000011625],0,up,2536,0.998422090729783,
D4.2__Fig 2__SQUID_data__IVI_BS30_A1S1_I_contrl_+-0.15mA_285mK_191103__IVB__T_1p40K[0.000011625],1,down,5021,0.999601593625498,0.9836050260654751
D4.2__Fig 2__SQUID_data__IVI_BS30_A1S1_I_contrl_+-0.15mA_285mK_191103__IVB__T_1p40K[0.000011625],2,up,2443,0.9995904995904996,
D4.2__Fig 2__SQUID_data__IVI_BS30_A1S1_I_contrl_+-0.15mA_285mK_191103__IVB__T_1p40K[0.000012000],0,up,2535,0.9992107340173638,
D4.2__Fig 2__SQUID_data__IVI_BS30_A1S1_I_contrl_+-0.15mA_285mK_191103__IVB__T_1p40K[0.000012000],1,down,5023,0.9994026284348865,0.9840052451085696
D4.2__Fig 2__SQUID_data__IVI_BS30_A1S1_I_contrl_+-0.15mA_285mK_191103__IVB__T_1p40K[0.000012000],2,up,2442,1.0,
D4.2__Fig 2__SQUID_data__IVI_BS30_A1S1_I_contrl_+-0.15mA_285mK_191103__IVB__T_1p40K[0.000012375],0,up,2536,0.9988165680473373,
D4.2__Fig 2__SQUID_data__IVI_BS30_A1S1_I_contrl_+-0.15mA_285mK_191103__IVB__T_1p40K[0.000012375],1,down,5021,0.999601593625498,0.9854136096128521
D4.2__Fig 2__SQUID_data__IVI_BS30_A1S1_I_contrl_+-0.15mA_285mK_191103__IVB__T_1p40K[0.000012375],2,up,2443,1.0,
D4.2__Fig 2__SQUID_data__IVI_BS30_A1S1_I_contrl_+-0.15mA_285mK_191103__IVB__T_1p40K[0.000012750],0,up,2534,0.9996052112120016,
D4.2__Fig 2__SQUID_data__IVI_BS30_A1S1_I_contrl_+-0.15mA_285mK_191103__IVB__T_1p40K[0.000012750],1,down,5023,0.9996017522899243,0.9864114771196962
D4.2__Fig 2__SQUID_data__IVI_BS30_A1S1_I_contrl_+-0.15mA_285mK_191103__IVB__T_1p40K[0.000012750],2,up,2443,0.9995904995904996,
D4.2__Fig 2__SQUID_data__IVI_BS30_A1S1_I_contrl_+-0.15mA_285mK_191103__IVB__T_1p40K[0.000013125],0,up,2535,0.9988161010260458,
D4.2__Fig 2__SQUID_data__IVI_BS30_A1S1_I_contrl_+-0.15mA_285mK_191103__IVB__T_1p40K[0.000013125],1,down,5022,0.9996016729735112,0.9837846958989751
D4.2__Fig 2__SQUID_data__IVI_BS30_A1S1_I_contrl_+-0.15mA_285mK_191103__IVB__T_1p40K[0.000013125],2,up,2443,1.0,
D4.2__Fig 2__SQUID_data__IVI_BS30_A1S1_I_contrl_+-0.15mA_285mK_191103__IVB__T_1p40K[0.000013500],0,up,2535,0.9984214680347278,
D4.2__Fig 2__SQUID_data__IVI_BS30_A1S1_I_contrl_+-0.15mA_285mK_191103__IVB__T_1p40K[0.000013500],1,down,5022,0.9996016729735112,0.9844083418103375
D4.2__Fig 2__SQUID_data__IVI_BS30_A1S1_I_contrl_+-0.15mA_285mK_191103__IVB__T_1p40K[0.000013500],2,up,2443,1.0,
D4.2__Fig 2__SQUID_data__IVI_BS30_A1S1_I_contrl_+-0.15mA_285mK_191103__IVB__T_1p40K[0.000013875],0,up,2534,0.9992104224240032,
D4.2__Fig 2__SQUID_data__IVI_BS30_A1S1_I_contrl_+-0.15mA_285mK_191103__IVB__T_1p40K[0.000013875],1,down,5023,0.9996017522899243,0.9864942551958962
D4.2__Fig 2__SQUID_data__IVI_BS30_A1S1_I_contrl_+-0.15mA_285mK_191103__IVB__T_1p40K[0.000013875],2,up,2443,1.0,
D4.2__Fig 2__SQUID_data__IVI_BS30_A1S1_I_contrl_+-0.15mA_285mK_191103__IVB__T_1p40K[0.000014250],0,up,2536,0.9992110453648915,
D4.2__Fig 2__SQUID_data__IVI_BS30_A1S1_I_contrl_+-0.15mA_285mK_191103__IVB__T_1p40K[0.000014250],1,down,5022,0.9996016729735112,0.9854846573765443
D4.2__Fig 2__SQUID_data__IVI_BS30_A1S1_I_contrl_+-0.15mA_285mK_191103__IVB__T_1p40K[0.000014250],2,up,2442,1.0,
D4.2__Fig 2__SQUID_data__IVI_BS30_A1S1_I_contrl_+-0.15mA_285mK_191103__IVB__T_1p40K[0.000014625],0,up,2534,0.9992104224240032,
D4.2__Fig 2__SQUID_data__IVI_BS30_A1S1_I_contrl_+-0.15mA_285mK_191103__IVB__T_1p40K[0.000014625],1,down,5024,0.9994027473621342,0.9842962001024183
D4.2__Fig 2__SQUID_data__IVI_BS30_A1S1_I_contrl_+-0.15mA_285mK_191103__IVB__T_1p40K[0.000014625],2,up,2442,1.0,
D4.2__Fig 2__SQUID_data__IVI_BS30_A1S1_I_contrl_+-0.15mA_285mK_191103__IVB__T_1p40K[0.000015000],0,up,2535,0.9988161010260458,
D4.2__Fig 2__SQUID_data__IVI_BS30_A1S1_I_contrl_+-0.15mA_285mK_191103__IVB__T_1p40K[0.000015000],1,down,5023,0.9996017522899243,0.9851572749615003
D4.2__Fig 2__SQUID_data__IVI_BS30_A1S1_I_contrl_+-0.15mA_285mK_191103__IVB__T_1p40K[0.000015000],2,up,2442,1.0,
D4.2__Fig 2__SQUID_data__IVI_BS30_A1S1_I_contrl_+-0.15mA_285mK_191103__IVB__T_1p40K[0.000015375],0,up,2535,0.9988161010260458,
D4.2__Fig 2__SQUID_data__IVI_BS30_A1S1_I_contrl_+-0.15mA_285mK_191103__IVB__T_1p40K[0.000015375],1,down,5023,0.9994026284348865,0.9854024064194695
D4.2__Fig 2__SQUID_data__IVI_BS30_A1S1_I_contrl_+-0.15mA_285mK_191103__IVB__T_1p40K[0.000015375],2,up,2442,0.9995903318312167,
D4.2__Fig 2__SQUID_data__IVI_BS30_A1S1_I_contrl_+-0.15mA_285mK_191103__IVB__T_1p40K[0.000015750],0,up,2536,0.998422090729783,
D4.2__Fig 2__SQUID_data__IVI_BS30_A1S1_I_contrl_+-0.15mA_285mK_191103__IVB__T_1p40K[0.000015750],1,down,5022,0.9992033459470225,0.983541747779277
D4.2__Fig 2__SQUID_data__IVI_BS30_A1S1_I_contrl_+-0.15mA_285mK_191103__IVB__T_1p40K[0.000015750],2,up,2442,1.0,
D4.2__Fig 2__SQUID_data__IVI_BS30_A1S1_I_contrl_+-0.15mA_285mK_191103__IVB__T_1p40K[0.000016125],0,up,2535,0.9992107340173638,
D4.2__Fig 2__SQUID_data__IVI_BS30_A1S1_I_contrl_+-0.15mA_285mK_191103__IVB__T_1p40K[0.000016125],1,down,5023,0.9996017522899243,0.9860055958779548
D4.2__Fig 2__SQUID_data__IVI_BS30_A1S1_I_contrl_+-0.15mA_285mK_191103__IVB__T_1p40K[0.000016125],2,up,2442,1.0,
D4.2__Fig 2__SQUID_data__IVI_BS30_A1S1_I_contrl_+-0.15mA_285mK_191103__IVB__T_1p40K[0.000016500],0,up,2536,0.9988165680473373,
D4.2__Fig 2__SQUID_data__IVI_BS30_A1S1_I_contrl_+-0.15mA_285mK_191103__IVB__T_1p40K[0.000016500],1,down,5020,0.9996015142458657,0.9850708806312977
D4.2__Fig 2__SQUID_data__IVI_BS30_A1S1_I_contrl_+-0.15mA_285mK_191103__IVB__T_1p40K[0.000016500],2,up,2444,1.0,
D4.2__Fig 2__SQUID_data__IVI_BS30_A1S1_I_contrl_+-0.15mA_285mK_191103__IVB__T_1p40K[0.000016875],0,up,2535,0.999605367008682,
D4.2__Fig 2__SQUID_data__IVI_BS30_A1S1_I_contrl_+-0.15mA_285mK_191103__IVB__T_1p40K[0.000016875],1,down,5022,0.9996016729735112,0.9842707860417818
D4.2__Fig 2__SQUID_data__IVI_BS30_A1S1_I_contrl_+-0.15mA_285mK_191103__IVB__T_1p40K[0.000016875],2,up,2443,1.0,
D4.2__Fig 2__SQUID_data__IVI_BS30_A1S1_I_contrl_+-0.15mA_285mK_191103__IVB__T_1p40K[0.000017250],0,up,2535,0.9992107340173638,
D4.2__Fig 2__SQUID_data__IVI_BS30_A1S1_I_contrl_+-0.15mA_285mK_191103__IVB__T_1p40K[0.000017250],1,down,5022,0.9998008364867557,0.9833045516622443
D4.2__Fig 2__SQUID_data__IVI_BS30_A1S1_I_contrl_+-0.15mA_285mK_191103__IVB__T_1p40K[0.000017250],2,up,2443,1.0,
D4.2__Fig 2__SQUID_data__IVI_BS30_A1S1_I_contrl_+-0.15mA_285mK_191103__IVB__T_1p40K[0.000017625],0,up,2535,0.9988161010260458,
D4.2__Fig 2__SQUID_data__IVI_BS30_A1S1_I_contrl_+-0.15mA_285mK_191103__IVB__T_1p40K[0.000017625],1,down,5023,0.9994026284348865,0.9841297962658386
D4.2__Fig 2__SQUID_data__IVI_BS30_A1S1_I_contrl_+-0.15mA_285mK_191103__IVB__T_1p40K[0.000017625],2,up,2442,1.0,
D4.2__Fig 2__SQUID_data__IVI_BS30_A1S1_I_contrl_+-0.15mA_285mK_191103__IVB__T_1p40K[0.000018000],0,up,2535,0.999605367008682,
D4.2__Fig 2__SQUID_data__IVI_BS30_A1S1_I_contrl_+-0.15mA_285mK_191103__IVB__T_1p40K[0.000018000],1,down,5023,0.9994026284348865,0.984983921331655
D4.2__Fig 2__SQUID_data__IVI_BS30_A1S1_I_contrl_+-0.15mA_285mK_191103__IVB__T_1p40K[0.000018000],2,up,2442,1.0,
D4.2__Fig 2__SQUID_data__IVI_BS30_A1S1_I_contrl_+-0.15mA_285mK_191103__IVB__T_1p40K[0.000018375],0,up,2536,0.9988165680473373,
D4.2__Fig 2__SQUID_data__IVI_BS30_A1S1_I_contrl_+-0.15mA_285mK_191103__IVB__T_1p40K[0.000018375],1,down,5022,0.9994025094602669,0.9859980737766051
D4.2__Fig 2__SQUID_data__IVI_BS30_A1S1_I_contrl_+-0.15mA_285mK_191103__IVB__T_1p40K[0.000018375],2,up,2442,1.0,
D4.2__Fig 2__SQUID_data__IVI_BS30_A1S1_I_contrl_+-0.15mA_285mK_191103__IVB__T_1p40K[0.000018750],0,up,2536,0.9992110453648915,
D4.2__Fig 2__SQUID_data__IVI_BS30_A1S1_I_contrl_+-0.15mA_285mK_191103__IVB__T_1p40K[0.000018750],1,down,5021,0.999601593625498,0.9849634285818689
D4.2__Fig 2__SQUID_data__IVI_BS30_A1S1_I_contrl_+-0.15mA_285mK_191103__IVB__T_1p40K[0.000018750],2,up,2443,1.0,
D4.2__Fig 2__SQUID_data__IVI_BS30_A1S1_I_contrl_+-0.15mA_285mK_191103__IVB__T_1p40K[0.000019125],0,up,2536,0.9988165680473373,
D4.2__Fig 2__SQUID_data__IVI_BS30_A1S1_I_contrl_+-0.15mA_285mK_191103__IVB__T_1p40K[0.000019125],1,down,5020,0.9996015142458657,0.984424109732813
D4.2__Fig 2__SQUID_data__IVI_BS30_A1S1_I_contrl_+-0.15mA_285mK_191103__IVB__T_1p40K[0.000019125],2,up,2444,1.0,
D4.2__Fig 2__SQUID_data__IVI_BS30_A1S1_I_contrl_+-0.15mA_285mK_191103__IVB__T_1p40K[0.000019500],0,up,2534,0.9988156336360048,
D4.2__Fig 2__SQUID_data__IVI_BS30_A1S1_I_contrl_+-0.15mA_285mK_191103__IVB__T_1p40K[0.000019500],1,down,5024,0.9994027473621342,0.9845988235978966
D4.2__Fig 2__SQUID_data__IVI_BS30_A1S1_I_contrl_+-0.15mA_285mK_191103__IVB__T_1p40K[0.000019500],2,up,2442,1.0,
D4.2__Fig 2__SQUID_data__IVI_BS30_A1S1_I_contrl_+-0.15mA_285mK_191103__IVB__T_1p40K[0.000019875],0,up,2535,0.9988161010260458,
D4.2__Fig 2__SQUID_data__IVI_BS30_A1S1_I_contrl_+-0.15mA_285mK_191103__IVB__T_1p40K[0.000019875],1,down,5023,0.9996017522899243,0.9857105707582043
D4.2__Fig 2__SQUID_data__IVI_BS30_A1S1_I_contrl_+-0.15mA_285mK_191103__IVB__T_1p40K[0.000019875],2,up,2442,1.0,
D4.2__Fig 2__SQUID_data__IVI_BS30_A1S1_I_contrl_+-0.15mA_285mK_191103__IVB__T_1p40K[0.000020250],0,up,2536,0.9988165680473373,
D4.2__Fig 2__SQUID_data__IVI_BS30_A1S1_I_contrl_+-0.15mA_285mK_191103__IVB__T_1p40K[0.000020250],1,down,5023,0.9992035045798486,0.9840908450525042
D4.2__Fig 2__SQUID_data__IVI_BS30_A1S1_I_contrl_+-0.15mA_285mK_191103__IVB__T_1p40K[0.000020250],2,up,2441,1.0,
D4.2__Fig 2__SQUID_data__IVI_BS30_A1S1_I_contrl_+-0.15mA_285mK_191103__IVB__T_1p40K[0.000020625],0,up,2535,0.9984214680347278,
D4.2__Fig 2__SQUID_data__IVI_BS30_A1S1_I_contrl_+-0.15mA_285mK_191103__IVB__T_1p40K[0.000020625],1,down,5023,0.9994026284348865,0.9851143105468072
D4.2__Fig 2__SQUID_data__IVI_BS30_A1S1_I_contrl_+-0.15mA_285mK_191103__IVB__T_1p40K[0.000020625],2,up,2442,1.0,
D4.2__Fig 2__SQUID_data__IVI_BS30_A1S1_I_contrl_+-0.15mA_285mK_191103__IVB__T_1p40K[0.000021000],0,up,2535,0.999605367008682,
D4.2__Fig 2__SQUID_data__IVI_BS30_A1S1_I_contrl_+-0.15mA_285mK_191103__IVB__T_1p40K[0.000021000],1,down,5023,0.9992035045798486,0.984794981162952
D4.2__Fig 2__SQUID_data__IVI_BS30_A1S1_I_contrl_+-0.15mA_285mK_191103__IVB__T_1p40K[0.000021000],2,up,2442,1.0,
D4.2__Fig 2__SQUID_data__IVI_BS30_A1S1_I_contrl_+-0.15mA_285mK_191103__IVB__T_1p40K[0.000021375],0,up,2535,0.9988161010260458,
D4.2__Fig 2__SQUID_data__IVI_BS30_A1S1_I_contrl_+-0.15mA_285mK_191103__IVB__T_1p40K[0.000021375],1,down,5023,0.9996017522899243,0.9842359864591651
D4.2__Fig 2__SQUID_data__IVI_BS30_A1S1_I_contrl_+-0.15mA_285mK_191103__IVB__T_1p40K[0.000021375],2,up,2442,1.0,
D4.2__Fig 2__SQUID_data__IVI_BS30_A1S1_I_contrl_+-0.15mA_285mK_191103__IVB__T_1p40K[0.000021750],0,up,2534,0.9996052112120016,
D4.2__Fig 2__SQUID_data__IVI_BS30_A1S1_I_contrl_+-0.15mA_285mK_191103__IVB__T_1p40K[0.000021750],1,down,5024,0.9994027473621342,0.9853154326111326
D4.2__Fig 2__SQUID_data__IVI_BS30_A1S1_I_contrl_+-0.15mA_285mK_191103__IVB__T_1p40K[0.000021750],2,up,2442,1.0,
D4.2__Fig 2__SQUID_data__IVI_BS30_A1S1_I_contrl_+-0.15mA_285mK_191103__IVB__T_1p40K[0.000022125],0,up,2534,0.9992104224240032,
D4.2__Fig 2__SQUID_data__IVI_BS30_A1S1_I_contrl_+-0.15mA_285mK_191103__IVB__T_1p40K[0.000022125],1,down,5024,0.9990045789368903,0.9847436207762611
D4.2__Fig 2__SQUID_data__IVI_BS30_A1S1_I_contrl_+-0.15mA_285mK_191103__IVB__T_1p40K[0.000022125],2,up,2442,1.0,
D4.2__Fig 2__SQUID_data__IVI_BS30_A1S1_I_contrl_+-0.15mA_285mK_191103__IVB__T_1p40K[0.000022500],0,up,2536,0.9988165680473373,
D4.2__Fig 2__SQUID_data__IVI_BS30_A1S1_I_contrl_+-0.15mA_285mK_191103__IVB__T_1p40K[0.000022500],1,down,5022,0.9994025094602669,0.9851831259416729
D4.2__Fig 2__SQUID_data__IVI_BS30_A1S1_I_contrl_+-0.15mA_285mK_191103__IVB__T_1p40K[0.000022500],2,up,2442,1.0,
D4.2__Fig 2__SQUID_data__IVI_BS30_A1S1_I_contrl_+-0.15mA_285mK_191103__IVB__T_1p40K[0.000022875],0,up,2535,0.9992107340173638,
D4.2__Fig 2__SQUID_data__IVI_BS30_A1S1_I_contrl_+-0.15mA_285mK_191103__IVB__T_1p40K[0.000022875],1,down,5023,0.9994026284348865,0.9845069294232128
D4.2__Fig 2__SQUID_data__IVI_BS30_A1S1_I_contrl_+-0.15mA_285mK_191103__IVB__T_1p40K[0.000022875],2,up,2442,1.0,
D4.2__Fig 2__SQUID_data__IVI_BS30_A1S1_I_contrl_+-0.15mA_285mK_191103__IVB__T_1p40K[0.000023250],0,up,2535,0.999605367008682,
D4.2__Fig 2__SQUID_data__IVI_BS30_A1S1_I_contrl_+-0.15mA_285mK_191103__IVB__T_1p40K[0.000023250],1,down,5023,0.9992035045798486,0.983326128238642
D4.2__Fig 2__SQUID_data__IVI_BS30_A1S1_I_contrl_+-0.15mA_285mK_191103__IVB__T_1p40K[0.000023250],2,up,2442,1.0,
D4.2__Fig 2__SQUID_data__IVI_BS30_A1S1_I_contrl_+-0.15mA_285mK_191103__IVB__T_1p40K[0.000023625],0,up,2535,0.9988161010260458,
D4.2__Fig 2__SQUID_data__IVI_BS30_A1S1_I_contrl_+-0.15mA_285mK_191103__IVB__T_1p40K[0.000023625],1,down,5023,0.9996017522899243,0.9858111003554967
D4.2__Fig 2__SQUID_data__IVI_BS30_A1S1_I_contrl_+-0.15mA_285mK_191103__IVB__T_1p40K[0.000023625],2,up,2442,0.9995903318312167,
D4.2__Fig 2__SQUID_data__IVI_BS30_A1S1_I_contrl_+-0.15mA_285mK_191103__IVB__T_1p40K[0.000024000],0,up,2535,0.9992107340173638,
D4.2__Fig 2__SQUID_data__IVI_BS30_A1S1_I_contrl_+-0.15mA_285mK_191103__IVB__T_1p40K[0.000024000],1,down,5022,0.9992033459470225,0.986212881941142
D4.2__Fig 2__SQUID_data__IVI_BS30_A1S1_I_contrl_+-0.15mA_285mK_191103__IVB__T_1p40K[0.000024000],2,up,2443,1.0,
D4.2__Fig 2__SQUID_data__IVI_BS30_A1S1_I_contrl_+-0.15mA_285mK_191103__IVB__T_1p40K[0.000024375],0,up,2536,0.998422090729783,
D4.2__Fig 2__SQUID_data__IVI_BS30_A1S1_I_contrl_+-0.15mA_285mK_191103__IVB__T_1p40K[0.000024375],1,down,5022,0.9994025094602669,0.9848755009780013
D4.2__Fig 2__SQUID_data__IVI_BS30_A1S1_I_contrl_+-0.15mA_285mK_191103__IVB__T_1p40K[0.000024375],2,up,2442,1.0,
D4.2__Fig 2__SQUID_data__IVI_BS30_A1S1_I_contrl_+-0.15mA_285mK_191103__IVB__T_1p40K[0.000024750],0,up,2535,0.9988161010260458,
D4.2__Fig 2__SQUID_data__IVI_BS30_A1S1_I_contrl_+-0.15mA_285mK_191103__IVB__T_1p40K[0.000024750],1,down,5024,0.9992036631495123,0.983376175861544
D4.2__Fig 2__SQUID_data__IVI_BS30_A1S1_I_contrl_+-0.15mA_285mK_191103__IVB__T_1p40K[0.000024750],2,up,2441,1.0,
D4.2__Fig 2__SQUID_data__IVI_BS30_A1S1_I_contrl_+-0.15mA_285mK_191103__IVB__T_1p40K[0.000025125],0,up,2535,0.9988161010260458,
D4.2__Fig 2__SQUID_data__IVI_BS30_A1S1_I_contrl_+-0.15mA_285mK_191103__IVB__T_1p40K[0.000025125],1,down,5023,0.9992035045798486,0.9845932975147431
D4.2__Fig 2__SQUID_data__IVI_BS30_A1S1_I_contrl_+-0.15mA_285mK_191103__IVB__T_1p40K[0.000025125],2,up,2442,1.0,
D4.2__Fig 2__SQUID_data__IVI_BS30_A1S1_I_contrl_+-0.15mA_285mK_191103__IVB__T_1p40K[0.000025500],0,up,2534,0.9992104224240032,
D4.2__Fig 2__SQUID_data__IVI_BS30_A1S1_I_contrl_+-0.15mA_285mK_191103__IVB__T_1p40K[0.000025500],1,down,5024,0.9998009157873781,0.9857338410511278
D4.2__Fig 2__SQUID_data__IVI_BS30_A1S1_I_contrl_+-0.15mA_285mK_191103__IVB__T_1p40K[0.000025500],2,up,2442,1.0,
D4.2__Fig 2__SQUID_data__IVI_BS30_A1S1_I_contrl_+-0.15mA_285mK_191103__IVB__T_1p40K[0.000025875],0,up,2535,0.9984214680347278,
D4.2__Fig 2__SQUID_data__IVI_BS30_A1S1_I_contrl_+-0.15mA_285mK_191103__IVB__T_1p40K[0.000025875],1,down,5023,0.9996017522899243,0.9862810488256594
D4.2__Fig 2__SQUID_data__IVI_BS30_A1S1_I_contrl_+-0.15mA_285mK_191103__IVB__T_1p40K[0.000025875],2,up,2442,1.0,
D4.2__Fig 2__SQUID_data__IVI_BS30_A1S1_I_contrl_+-0.15mA_285mK_191103__IVB__T_1p40K[0.000026250],0,up,2535,0.9992107340173638,
D4.2__Fig 2__SQUID_data__IVI_BS30_A1S1_I_contrl_+-0.15mA_285mK_191103__IVB__T_1p40K[0.000026250],1,down,5022,0.9998008364867557,0.9838558228704193
D4.2__Fig 2__SQUID_data__IVI_BS30_A1S1_I_contrl_+-0.15mA_285mK_191103__IVB__T_1p40K[0.000026250],2,up,2443,1.0,
D4.2__Fig 2__SQUID_data__IVI_BS30_A1S1_I_contrl_+-0.15mA_285mK_191103__IVB__T_1p40K[0.000026625],0,up,2534,0.9996052112120016,
D4.2__Fig 2__SQUID_data__IVI_BS30_A1S1_I_contrl_+-0.15mA_285mK_191103__IVB__T_1p40K[0.000026625],1,down,5024,0.9996018315747561,0.9837924240341233
D4.2__Fig 2__SQUID_data__IVI_BS30_A1S1_I_contrl_+-0.15mA_285mK_191103__IVB__T_1p40K[0.000026625],2,up,2442,1.0,
D4.2__Fig 2__SQUID_data__IVI_BS30_A1S1_I_contrl_+-0.15mA_285mK_191103__IVB__T_1p40K[0.000027000],0,up,2535,0.9992107340173638,
D4.2__Fig 2__SQUID_data__IVI_BS30_A1S1_I_contrl_+-0.15mA_285mK_191103__IVB__T_1p40K[0.000027000],1,down,5022,0.9992033459470225,0.985358674437274
D4.2__Fig 2__SQUID_data__IVI_BS30_A1S1_I_contrl_+-0.15mA_285mK_191103__IVB__T_1p40K[0.000027000],2,up,2443,1.0,
D4.2__Fig 2__SQUID_data__IVI_BS30_A1S1_I_contrl_+-0.15mA_285mK_191103__IVB__T_1p40K[0.000027375],0,up,2534,0.9992104224240032,
D4.2__Fig 2__SQUID_data__IVI_BS30_A1S1_I_contrl_+-0.15mA_285mK_191103__IVB__T_1p40K[0.000027375],1,down,5023,0.9998008761449622,0.9846569234596723
D4.2__Fig 2__SQUID_data__IVI_BS30_A1S1_I_contrl_+-0.15mA_285mK_191103__IVB__T_1p40K[0.000027375],2,up,2443,1.0,
D4.2__Fig 2__SQUID_data__IVI_BS30_A1S1_I_contrl_+-0.15mA_285mK_191103__IVB__T_1p40K[0.000027750],0,up,2536,0.9992110453648915,
D4.2__Fig 2__SQUID_data__IVI_BS30_A1S1_I_contrl_+-0.15mA_285mK_191103__IVB__T_1p40K[0.000027750],1,down,5021,0.999601593625498,0.9844914861391955
D4.2__Fig 2__SQUID_data__IVI_BS30_A1S1_I_contrl_+-0.15mA_285mK_191103__IVB__T_1p40K[0.000027750],2,up,2443,1.0,
D4.2__Fig 2__SQUID_data__IVI_BS30_A1S1_I_contrl_+-0.15mA_285mK_191103__IVB__T_1p40K[0.000028125],0,up,2537,0.998422712933754,
D4.2__Fig 2__SQUID_data__IVI_BS30_A1S1_I_contrl_+-0.15mA_285mK_191103__IVB__T_1p40K[0.000028125],1,down,5020,0.9996015142458657,0.9845513509623751
D4.2__Fig 2__SQUID_data__IVI_BS30_A1S1_I_contrl_+-0.15mA_285mK_191103__IVB__T_1p40K[0.000028125],2,up,2443,1.0,
D4.2__Fig 2__SQUID_data__IVI_BS30_A1S1_I_contrl_+-0.15mA_285mK_191103__IVB__T_1p40K[0.000028500],0,up,2536,0.9988165680473373,
D4.2__Fig 2__SQUID_data__IVI_BS30_A1S1_I_contrl_+-0.15mA_285mK_191103__IVB__T_1p40K[0.000028500],1,down,5021,0.999402390438247,0.9853948117078281
D4.2__Fig 2__SQUID_data__IVI_BS30_A1S1_I_contrl_+-0.15mA_285mK_191103__IVB__T_1p40K[0.000028500],2,up,2443,1.0,
D4.2__Fig 2__SQUID_data__IVI_BS30_A1S1_I_contrl_+-0.15mA_285mK_191103__IVB__T_1p40K[0.000028875],0,up,2535,0.9992107340173638,
D4.2__Fig 2__SQUID_data__IVI_BS30_A1S1_I_contrl_+-0.15mA_285mK_191103__IVB__T_1p40K[0.000028875],1,down,5023,0.9994026284348865,0.9847021740030292
D4.2__Fig 2__SQUID_data__IVI_BS30_A1S1_I_contrl_+-0.15mA_285mK_191103__IVB__T_1p40K[0.000028875],2,up,2442,1.0,
D4.2__Fig 2__SQUID_data__IVI_BS30_A1S1_I_contrl_+-0.15mA_285mK_191103__IVB__T_1p40K[0.000029250],0,up,2536,0.9992110453648915,
D4.2__Fig 2__SQUID_data__IVI_BS30_A1S1_I_contrl_+-0.15mA_285mK_191103__IVB__T_1p40K[0.000029250],1,down,5021,0.999601593625498,0.9836736376398195
D4.2__Fig 2__SQUID_data__IVI_BS30_A1S1_I_contrl_+-0.15mA_285mK_191103__IVB__T_1p40K[0.000029250],2,up,2443,1.0,
D4.2__Fig 2__SQUID_data__IVI_BS30_A1S1_I_contrl_+-0.15mA_285mK_191103__IVB__T_1p40K[0.000029625],0,up,2536,0.9988165680473373,
D4.2__Fig 2__SQUID_data__IVI_BS30_A1S1_I_contrl_+-0.15mA_285mK_191103__IVB__T_1p40K[0.000029625],1,down,5021,0.999402390438247,0.9859479422951343
D4.2__Fig 2__SQUID_data__IVI_BS30_A1S1_I_contrl_+-0.15mA_285mK_191103__IVB__T_1p40K[0.000029625],2,up,2443,1.0,
D4.2__Fig 2__SQUID_data__IVI_BS30_A1S1_I_contrl_+-0.15mA_285mK_191103__IVB__T_1p40K[0.000030000],0,up,2535,0.9992107340173638,
D4.2__Fig 2__SQUID_data__IVI_BS30_A1S1_I_contrl_+-0.15mA_285mK_191103__IVB__T_1p40K[0.000030000],1,down,5023,0.9996017522899243,0.9860880797846004
D4.2__Fig 2__SQUID_data__IVI_BS30_A1S1_I_contrl_+-0.15mA_285mK_191103__IVB__T_1p40K[0.000030000],2,up,2442,1.0,
D4.2__Fig 2__SQUID_data__IVI_BS30_A1S1_I_contrl_+-0.15mA_285mK_191103__IVB__T_1p40K[0.000030375],0,up,2535,0.9984214680347278,
D4.2__Fig 2__SQUID_data__IVI_BS30_A1S1_I_contrl_+-0.15mA_285mK_191103__IVB__T_1p40K[0.000030375],1,down,5023,0.9996017522899243,0.9839606148262539
D4.2__Fig 2__SQUID_data__IVI_BS30_A1S1_I_contrl_+-0.15mA_285mK_191103__IVB__T_1p40K[0.000030375],2,up,2442,1.0,
D4.2__Fig 2__SQUID_data__IVI_BS30_A1S1_I_contrl_+-0.15mA_285mK_191103__IVB__T_1p40K[0.000030750],0,up,2535,0.9992107340173638,
D4.2__Fig 2__SQUID_data__IVI_BS30_A1S1_I_contrl_+-0.15mA_285mK_191103__IVB__T_1p40K[0.000030750],1,down,5022,0.9996016729735112,0.9835656878398957
D4.2__Fig 2__SQUID_data__IVI_BS30_A1S1_I_contrl_+-0.15mA_285mK_191103__IVB__T_1p40K[0.000030750],2,up,2443,1.0,
D4.2__Fig 2__SQUID_data__IVI_BS30_A1S1_I_contrl_+-0.15mA_285mK_191103__IVB__T_1p40K[0.000031125],0,up,2535,0.9988161010260458,
D4.2__Fig 2__SQUID_data__IVI_BS30_A1S1_I_contrl_+-0.15mA_285mK_191103__IVB__T_1p40K[0.000031125],1,down,5023,0.9994026284348865,0.9849500197388743
D4.2__Fig 2__SQUID_data__IVI_BS30_A1S1_I_contrl_+-0.15mA_285mK_191103__IVB__T_1p40K[0.000031125],2,up,2442,1.0,
D4.2__Fig 2__SQUID_data__IVI_BS30_A1S1_I_contrl_+-0.15mA_285mK_191103__IVB__T_1p40K[0.000031500],0,up,2534,0.9988156336360048,
D4.2__Fig 2__SQUID_data__IVI_BS30_A1S1_I_contrl_+-0.15mA_285mK_191103__IVB__T_1p40K[0.000031500],1,down,5024,0.9996018315747561,0.9861850494967501
D4.2__Fig 2__SQUID_data__IVI_BS30_A1S1_I_contrl_+-0.15mA_285mK_191103__IVB__T_1p40K[0.000031500],2,up,2442,1.0,
D4.2__Fig 2__SQUID_data__IVI_BS30_A1S1_I_contrl_+-0.15mA_285mK_191103__IVB__T_1p40K[0.000031875],0,up,2536,0.9988165680473373,
D4.2__Fig 2__SQUID_data__IVI_BS30_A1S1_I_contrl_+-0.15mA_285mK_191103__IVB__T_1p40K[0.000031875],1,down,5020,0.9998007571229328,0.9848965708535414
D4.2__Fig 2__SQUID_data__IVI_BS30_A1S1_I_contrl_+-0.15mA_285mK_191103__IVB__T_1p40K[0.000031875],2,up,2444,0.9995906672124437,
D4.2__Fig 2__SQUID_data__IVI_BS30_A1S1_I_contrl_+-0.15mA_285mK_191103__IVB__T_1p40K[0.000032250],0,up,2536,0.9996055226824457,
D4.2__Fig 2__SQUID_data__IVI_BS30_A1S1_I_contrl_+-0.15mA_285mK_191103__IVB__T_1p40K[0.000032250],1,down,5021,0.999203187250996,0.9842161228080004
D4.2__Fig 2__SQUID_data__IVI_BS30_A1S1_I_contrl_+-0.15mA_285mK_191103__IVB__T_1p40K[0.000032250],2,up,2443,1.0,
D4.2__Fig 2__SQUID_data__IVI_BS30_A1S1_I_contrl_+-0.15mA_285mK_191103__IVB__T_1p40K[0.000032625],0,up,2534,0.9992104224240032,
D4.2__Fig 2__SQUID_data__IVI_BS30_A1S1_I_contrl_+-0.15mA_285mK_191103__IVB__T_1p40K[0.000032625],1,down,5024,0.9994027473621342,0.985038165117369
D4.2__Fig 2__SQUID_data__IVI_BS30_A1S1_I_contrl_+-0.15mA_285mK_191103__IVB__T_1p40K[0.000032625],2,up,2442,1.0,
D4.2__Fig 2__SQUID_data__IVI_BS30_A1S1_I_contrl_+-0.15mA_285mK_191103__IVB__T_1p40K[0.000033000],0,up,2535,0.9988161010260458,
D4.2__Fig 2__SQUID_data__IVI_BS30_A1S1_I_contrl_+-0.15mA_285mK_191103__IVB__T_1p40K[0.000033000],1,down,5022,0.9994025094602669,0.9855975296716519
D4.2__Fig 2__SQUID_data__IVI_BS30_A1S1_I_contrl_+-0.15mA_285mK_191103__IVB__T_1p40K[0.000033000],2,up,2443,0.9995904995904996,
D4.2__Fig 2__SQUID_data__IVI_BS30_A1S1_I_contrl_+-0.15mA_285mK_191103__IVB__T_1p40K[0.000033375],0,up,2535,0.9988161010260458,
D4.2__Fig 2__SQUID_data__IVI_BS30_A1S1_I_contrl_+-0.15mA_285mK_191103__IVB__T_1p40K[0.000033375],1,down,5023,0.9996017522899243,0.9840283751139653
D4.2__Fig 2__SQUID_data__IVI_BS30_A1S1_I_contrl_+-0.15mA_285mK_191103__IVB__T_1p40K[0.000033375],2,up,2442,1.0,
D4.2__Fig 2__SQUID_data__IVI_BS30_A1S1_I_contrl_+-0.15mA_285mK_191103__IVB__T_1p40K[0.000033750],0,up,2535,0.9988161010260458,
D4.2__Fig 2__SQUID_data__IVI_BS30_A1S1_I_contrl_+-0.15mA_285mK_191103__IVB__T_1p40K[0.000033750],1,down,5022,0.9996016729735112,0.9852339664610471
D4.2__Fig 2__SQUID_data__IVI_BS30_A1S1_I_contrl_+-0.15mA_285mK_191103__IVB__T_1p40K[0.000033750],2,up,2443,1.0,
D4.2__Fig 2__SQUID_data__IVI_BS30_A1S1_I_contrl_+-0.15mA_285mK_191103__IVB__T_1p40K[0.000034125],0,up,2534,0.9992104224240032,
D4.2__Fig 2__SQUID_data__IVI_BS30_A1S1_I_contrl_+-0.15mA_285mK_191103__IVB__T_1p40K[0.000034125],1,down,5024,0.9996018315747561,0.9846096136047215
D4.2__Fig 2__SQUID_data__IVI_BS30_A1S1_I_contrl_+-0.15mA_285mK_191103__IVB__T_1p40K[0.000034125],2,up,2442,1.0,
D4.2__Fig 2__SQUID_data__IVI_BS30_A1S1_I_contrl_+-0.15mA_285mK_191103__IVB__T_1p40K[0.000034500],0,up,2534,0.9988156336360048,
D4.2__Fig 2__SQUID_data__IVI_BS30_A1S1_I_contrl_+-0.15mA_285mK_191103__IVB__T_1p40K[0.000034500],1,down,5023,0.9998008761449622,0.9847872766431982
D4.2__Fig 2__SQUID_data__IVI_BS30_A1S1_I_contrl_+-0.15mA_285mK_191103__IVB__T_1p40K[0.000034500],2,up,2443,1.0,
D4.2__Fig 2__SQUID_data__IVI_BS30_A1S1_I_contrl_+-0.15mA_285mK_191103__IVB__T_1p40K[0.000034875],0,up,2534,0.9996052112120016,
D4.2__Fig 2__SQUID_data__IVI_BS30_A1S1_I_contrl_+-0.15mA_285mK_191103__IVB__T_1p40K[0.000034875],1,down,5023,0.9994026284348865,0.9830797343533421
D4.2__Fig 2__SQUID_data__IVI_BS30_A1S1_I_contrl_+-0.15mA_285mK_191103__IVB__T_1p40K[0.000034875],2,up,2443,1.0,
D4.2__Fig 2__SQUID_data__IVI_BS30_A1S1_I_contrl_+-0.15mA_285mK_191103__IVB__T_1p40K[0.000035250],0,up,2535,0.9988161010260458,
D4.2__Fig 2__SQUID_data__IVI_BS30_A1S1_I_contrl_+-0.15mA_285mK_191103__IVB__T_1p40K[0.000035250],1,down,5024,0.9994027473621342,0.9848353799834376
D4.2__Fig 2__SQUID_data__IVI_BS30_A1S1_I_contrl_+-0.15mA_285mK_191103__IVB__T_1p40K[0.000035250],2,up,2441,1.0,
D4.2__Fig 2__SQUID_data__IVI_BS30_A1S1_I_contrl_+-0.15mA_285mK_191103__IVB__T_1p40K[0.000035625],0,up,2536,0.9988165680473373,
D4.2__Fig 2__SQUID_data__IVI_BS30_A1S1_I_contrl_+-0.15mA_285mK_191103__IVB__T_1p40K[0.000035625],1,down,5021,0.999402390438247,0.9858354803621691
D4.2__Fig 2__SQUID_data__IVI_BS30_A1S1_I_contrl_+-0.15mA_285mK_191103__IVB__T_1p40K[0.000035625],2,up,2443,1.0,
D4.2__Fig 2__SQUID_data__IVI_BS30_A1S1_I_contrl_+-0.15mA_285mK_191103__IVB__T_1p40K[0.000036000],0,up,2535,0.9992107340173638,
D4.2__Fig 2__SQUID_data__IVI_BS30_A1S1_I_contrl_+-0.15mA_285mK_191103__IVB__T_1p40K[0.000036000],1,down,5022,0.9996016729735112,0.9841404966548286
D4.2__Fig 2__SQUID_data__IVI_BS30_A1S1_I_contrl_+-0.15mA_285mK_191103__IVB__T_1p40K[0.000036000],2,up,2443,1.0,
D4.2__Fig 2__SQUID_data__IVI_BS30_A1S1_I_contrl_+-0.15mA_285mK_191103__IVB__T_1p40K[0.000036375],0,up,2534,0.9992104224240032,
D4.2__Fig 2__SQUID_data__IVI_BS30_A1S1_I_contrl_+-0.15mA_285mK_191103__IVB__T_1p40K[0.000036375],1,down,5024,0.9994027473621342,0.9836806577971919
D4.2__Fig 2__SQUID_data__IVI_BS30_A1S1_I_contrl_+-0.15mA_285mK_191103__IVB__T_1p40K[0.000036375],2,up,2442,1.0,
D4.2__Fig 2__SQUID_data__IVI_BS30_A1S1_I_contrl_+-0.15mA_285mK_191103__IVB__T_1p40K[0.000036750],0,up,2534,0.9992104224240032,
D4.2__Fig 2__SQUID_data__IVI_BS30_A1S1_I_contrl_+-0.15mA_285mK_191103__IVB__T_1p40K[0.000036750],1,down,5024,0.9994027473621342,0.984962735031569
D4.2__Fig 2__SQUID_data__IVI_BS30_A1S1_I_contrl_+-0.15mA_285mK_191103__IVB__T_1p40K[0.000036750],2,up,2442,0.9995903318312167,
D4.2__Fig 2__SQUID_data__IVI_BS30_A1S1_I_contrl_+-0.15mA_285mK_191103__IVB__T_1p40K[0.000037125],0,up,2535,0.9988161010260458,
D4.2__Fig 2__SQUID_data__IVI_BS30_A1S1_I_contrl_+-0.15mA_285mK_191103__IVB__T_1p40K[0.000037125],1,down,5023,0.9994026284348865,0.9862938941732069
D4.2__Fig 2__SQUID_data__IVI_BS30_A1S1_I_contrl_+-0.15mA_285mK_191103__IVB__T_1p40K[0.000037125],2,up,2442,1.0,
D4.2__Fig 2__SQUID_data__IVI_BS30_A1S1_I_contrl_+-0.15mA_285mK_191103__IVB__T_1p40K[0.000037500],0,up,2535,0.9992107340173638,
D4.2__Fig 2__SQUID_data__IVI_BS30_A1S1_I_contrl_+-0.15mA_285mK_191103__IVB__T_1p40K[0.000037500],1,down,5022,0.9994025094602669,0.9835840230151297
D4.2__Fig 2__SQUID_data__IVI_BS30_A1S1_I_contrl_+-0.15mA_285mK_191103__IVB__T_1p40K[0.000037500],2,up,2443,1.0,
D4.2__Fig 2__SQUID_data__IVI_BS30_A1S1_I_contrl_+-0.15mA_285mK_191103__IVB__T_1p40K[0.000037875],0,up,2534,0.9992104224240032,
D4.2__Fig 2__SQUID_data__IVI_BS30_A1S1_I_contrl_+-0.15mA_285mK_191103__IVB__T_1p40K[0.000037875],1,down,5023,0.9994026284348865,0.9853526799879632
D4.2__Fig 2__SQUID_data__IVI_BS30_A1S1_I_contrl_+-0.15mA_285mK_191103__IVB__T_1p40K[0.000037875],2,up,2443,1.0,
D4.2__Fig 2__SQUID_data__IVI_BS30_A1S1_I_contrl_+-0.15mA_285mK_191103__IVB__T_1p40K[0.000038250],0,up,2534,0.9992104224240032,
D4.2__Fig 2__SQUID_data__IVI_BS30_A1S1_I_contrl_+-0.15mA_285mK_191103__IVB__T_1p40K[0.000038250],1,down,5024,0.9994027473621342,0.985638904229864
D4.2__Fig 2__SQUID_data__IVI_BS30_A1S1_I_contrl_+-0.15mA_285mK_191103__IVB__T_1p40K[0.000038250],2,up,2442,1.0,
D4.2__Fig 2__SQUID_data__IVI_BS30_A1S1_I_contrl_+-0.15mA_285mK_191103__IVB__T_1p40K[0.000038625],0,up,2534,0.9992104224240032,
D4.2__Fig 2__SQUID_data__IVI_BS30_A1S1_I_contrl_+-0.15mA_285mK_191103__IVB__T_1p40K[0.000038625],1,down,5024,0.9994027473621342,0.9832859392798812
D4.2__Fig 2__SQUID_data__IVI_BS30_A1S1_I_contrl_+-0.15mA_285mK_191103__IVB__T_1p40K[0.000038625],2,up,2442,1.0,
D4.2__Fig 2__SQUID_data__IVI_BS30_A1S1_I_contrl_+-0.15mA_285mK_191103__IVB__T_1p40K[0.000039000],0,up,2534,0.9988156336360048,
D4.2__Fig 2__SQUID_data__IVI_BS30_A1S1_I_contrl_+-0.15mA_285mK_191103__IVB__T_1p40K[0.000039000],1,down,5025,0.9990047770700637,0.9844426352690359
D4.2__Fig 2__SQUID_data__IVI_BS30_A1S1_I_contrl_+-0.15mA_285mK_191103__IVB__T_1p40K[0.000039000],2,up,2441,1.0,
D4.2__Fig 2__SQUID_data__IVI_BS30_A1S1_I_contrl_+-0.15mA_285mK_191103__IVB__T_1p40K[0.000039375],0,up,2535,0.9992107340173638,
D4.2__Fig 2__SQUID_data__IVI_BS30_A1S1_I_contrl_+-0.15mA_285mK_191103__IVB__T_1p40K[0.000039375],1,down,5023,0.9994026284348865,0.9844364651264277
D4.2__Fig 2__SQUID_data__IVI_BS30_A1S1_I_contrl_+-0.15mA_285mK_191103__IVB__T_1p40K[0.000039375],2,up,2442,1.0,
D4.2__Fig 2__SQUID_data__IVI_BS30_A1S1_I_contrl_+-0.15mA_285mK_191103__IVB__T_1p40K[0.000039750],0,up,2535,0.9992107340173638,
D4.2__Fig 2__SQUID_data__IVI_BS30_A1S1_I_contrl_+-0.15mA_285mK_191103__IVB__T_1p40K[0.000039750],1,down,5023,0.9992035045798486,0.9849047501516763
D4.2__Fig 2__SQUID_data__IVI_BS30_A1S1_I_contrl_+-0.15mA_285mK_191103__IVB__T_1p40K[0.000039750],2,up,2442,1.0,
D4.2__Fig 2__SQUID_data__IVI_BS30_A1S1_I_contrl_+-0.15mA_285mK_191103__IVB__T_1p40K[0.000040125],0,up,2534,0.9992104224240032,
D4.2__Fig 2__SQUID_data__IVI_BS30_A1S1_I_contrl_+-0.15mA_285mK_191103__IVB__T_1p40K[0.000040125],1,down,5024,0.9996018315747561,0.9844490624955307
D4.2__Fig 2__SQUID_data__IVI_BS30_A1S1_I_contrl_+-0.15mA_285mK_191103__IVB__T_1p40K[0.000040125],2,up,2442,0.9995903318312167,
D4.2__Fig 2__SQUID_data__IVI_BS30_A1S1_I_contrl_+-0.15mA_285mK_191103__IVB__T_1p40K[0.000040500],0,up,2535,0.9988161010260458,
D4.2__Fig 2__SQUID_data__IVI_BS30_A1S1_I_contrl_+-0.15mA_285mK_191103__IVB__T_1p40K[0.000040500],1,down,5023,0.9994026284348865,0.9853202370692001
D4.2__Fig 2__SQUID_data__IVI_BS30_A1S1_I_contrl_+-0.15mA_285mK_191103__IVB__T_1p40K[0.000040500],2,up,2442,0.9995903318312167,
D4.2__Fig 2__SQUID_data__IVI_BS30_A1S1_I_contrl_+-0.15mA_285mK_191103__IVB__T_1p40K[0.000040875],0,up,2535,0.9988161010260458,
D4.2__Fig 2__SQUID_data__IVI_BS30_A1S1_I_contrl_+-0.15mA_285mK_191103__IVB__T_1p40K[0.000040875],1,down,5023,0.9996017522899243,0.9848091992362371
D4.2__Fig 2__SQUID_data__IVI_BS30_A1S1_I_contrl_+-0.15mA_285mK_191103__IVB__T_1p40K[0.000040875],2,up,2442,1.0,
D4.2__Fig 2__SQUID_data__IVI_BS30_A1S1_I_contrl_+-0.15mA_285mK_191103__IVB__T_1p40K[0.000041250],0,up,2534,0.9988156336360048,
D4.2__Fig 2__SQUID_data__IVI_BS30_A1S1_I_contrl_+-0.15mA_285mK_191103__IVB__T_1p40K[0.000041250],1,down,5024,0.9994027473621342,0.9844612639629223
D4.2__Fig 2__SQUID_data__IVI_BS30_A1S1_I_contrl_+-0.15mA_285mK_191103__IVB__T_1p40K[0.000041250],2,up,2442,1.0,
D4.2__Fig 2__SQUID_data__IVI_BS30_A1S1_I_contrl_+-0.15mA_285mK_191103__IVB__T_1p40K[0.000041625],0,up,2535,0.9992107340173638,
D4.2__Fig 2__SQUID_data__IVI_BS30_A1S1_I_contrl_+-0.15mA_285mK_191103__IVB__T_1p40K[0.000041625],1,down,5022,0.9996016729735112,0.9853322708444934
D4.2__Fig 2__SQUID_data__IVI_BS30_A1S1_I_contrl_+-0.15mA_285mK_191103__IVB__T_1p40K[0.000041625],2,up,2443,1.0,
D4.2__Fig 2__SQUID_data__IVI_BS30_A1S1_I_contrl_+-0.15mA_285mK_191103__IVB__T_1p40K[0.000042000],0,up,2534,0.9996052112120016,
D4.2__Fig 2__SQUID_data__IVI_BS30_A1S1_I_contrl_+-0.15mA_285mK_191103__IVB__T_1p40K[0.000042000],1,down,5023,0.9996017522899243,0.9839930145257831
D4.2__Fig 2__SQUID_data__IVI_BS30_A1S1_I_contrl_+-0.15mA_285mK_191103__IVB__T_1p40K[0.000042000],2,up,2443,1.0,
D4.2__Fig 2__SQUID_data__IVI_BS30_A1S1_I_contrl_+-0.15mA_285mK_191103__IVB__T_1p40K[0.000042375],0,up,2534,0.9992104224240032,
D4.2__Fig 2__SQUID_data__IVI_BS30_A1S1_I_contrl_+-0.15mA_285mK_191103__IVB__T_1p40K[0.000042375],1,down,5024,0.9996018315747561,0.9855544950948004
D4.2__Fig 2__SQUID_data__IVI_BS30_A1S1_I_contrl_+-0.15mA_285mK_191103__IVB__T_1p40K[0.000042375],2,up,2442,1.0,
D4.2__Fig 2__SQUID_data__IVI_BS30_A1S1_I_contrl_+-0.15mA_285mK_191103__IVB__T_1p40K[0.000042750],0,up,2535,0.9992107340173638,
D4.2__Fig 2__SQUID_data__IVI_BS30_A1S1_I_contrl_+-0.15mA_285mK_191103__IVB__T_1p40K[0.000042750],1,down,5023,0.9994026284348865,0.9846970600626526
D4.2__Fig 2__SQUID_data__IVI_BS30_A1S1_I_contrl_+-0.15mA_285mK_191103__IVB__T_1p40K[0.000042750],2,up,2442,1.0,
D4.2__Fig 2__SQUID_data__IVI_BS30_A1S1_I_contrl_+-0.15mA_285mK_191103__IVB__T_1p40K[0.000043125],0,up,2535,0.9992107340173638,
D4.2__Fig 2__SQUID_data__IVI_BS30_A1S1_I_contrl_+-0.15mA_285mK_191103__IVB__T_1p40K[0.000043125],1,down,5022,0.9996016729735112,0.9838854232636369
D4.2__Fig 2__SQUID_data__IVI_BS30_A1S1_I_contrl_+-0.15mA_285mK_191103__IVB__T_1p40K[0.000043125],2,up,2443,1.0,
D4.2__Fig 2__SQUID_data__IVI_BS30_A1S1_I_contrl_+-0.15mA_285mK_191103__IVB__T_1p40K[0.000043500],0,up,2535,0.9992107340173638,
D4.2__Fig 2__SQUID_data__IVI_BS30_A1S1_I_contrl_+-0.15mA_285mK_191103__IVB__T_1p40K[0.000043500],1,down,5023,0.9992035045798486,0.9836523012638243
D4.2__Fig 2__SQUID_data__IVI_BS30_A1S1_I_contrl_+-0.15mA_285mK_191103__IVB__T_1p40K[0.000043500],2,up,2442,1.0,
D4.2__Fig 2__SQUID_data__IVI_BS30_A1S1_I_contrl_+-0.15mA_285mK_191103__IVB__T_1p40K[0.000043875],0,up,2534,0.9992104224240032,
D4.2__Fig 2__SQUID_data__IVI_BS30_A1S1_I_contrl_+-0.15mA_285mK_191103__IVB__T_1p40K[0.000043875],1,down,5024,0.9994027473621342,0.9845078723429282
D4.2__Fig 2__SQUID_data__IVI_BS30_A1S1_I_contrl_+-0.15mA_285mK_191103__IVB__T_1p40K[0.000043875],2,up,2442,1.0,
D4.2__Fig 2__SQUID_data__IVI_BS30_A1S1_I_contrl_+-0.15mA_285mK_191103__IVB__T_1p40K[0.000044250],0,up,2535,0.9992107340173638,
D4.2__Fig 2__SQUID_data__IVI_BS30_A1S1_I_contrl_+-0.15mA_285mK_191103__IVB__T_1p40K[0.000044250],1,down,5021,0.999601593625498,0.9856294317311186
D4.2__Fig 2__SQUID_data__IVI_BS30_A1S1_I_contrl_+-0.15mA_285mK_191103__IVB__T_1p40K[0.000044250],2,up,2444,1.0,
D4.2__Fig 2__SQUID_data__IVI_BS30_A1S1_I_contrl_+-0.15mA_285mK_191103__IVB__T_1p40K[0.000044625],0,up,2535,0.9992107340173638,
D4.2__Fig 2__SQUID_data__IVI_BS30_A1S1_I_contrl_+-0.15mA_285mK_191103__IVB__T_1p40K[0.000044625],1,down,5022,0.9996016729735112,0.9856213180497945
D4.2__Fig 2__SQUID_data__IVI_BS30_A1S1_I_contrl_+-0.15mA_285mK_191103__IVB__T_1p40K[0.000044625],2,up,2443,1.0,
D4.2__Fig 2__SQUID_data__IVI_BS30_A1S1_I_contrl_+-0.15mA_285mK_191103__IVB__T_1p40K[0.000045000],0,up,2533,0.9992101105845181,
D4.2__Fig 2__SQUID_data__IVI_BS30_A1S1_I_contrl_+-0.15mA_285mK_191103__IVB__T_1p40K[0.000045000],1,down,5025,0.9996019108280255,0.9840953818558735
D4.2__Fig 2__SQUID_data__IVI_BS30_A1S1_I_contrl_+-0.15mA_285mK_191103__IVB__T_1p40K[0.000045000],2,up,2442,1.0,
D4.2__Fig 2__SQUID_data__IVI_BS30_A1S1_I_contrl_+-0.15mA_285mK_191103__IVB__T_1p40K[0.000045375],0,up,2534,0.9992104224240032,
D4.2__Fig 2__SQUID_data__IVI_BS30_A1S1_I_contrl_+-0.15mA_285mK_191103__IVB__T_1p40K[0.000045375],1,down,5024,0.9998009157873781,0.985863922969111
D4.2__Fig 2__SQUID_data__IVI_BS30_A1S1_I_contrl_+-0.15mA_285mK_191103__IVB__T_1p40K[0.000045375],2,up,2442,1.0,
D4.2__Fig 2__SQUID_data__IVI_BS30_A1S1_I_contrl_+-0.15mA_285mK_191103__IVB__T_1p40K[0.000045750],0,up,2535,0.9988161010260458,
D4.2__Fig 2__SQUID_data__IVI_BS30_A1S1_I_contrl_+-0.15mA_285mK_191103__IVB__T_1p40K[0.000045750],1,down,5024,0.9996018315747561,0.9859488323769847
D4.2__Fig 2__SQUID_data__IVI_BS30_A1S1_I_contrl_+-0.15mA_285mK_191103__IVB__T_1p40K[0.000045750],2,up,2441,1.0,
D4.2__Fig 2__SQUID_data__IVI_BS30_A1S1_I_contrl_+-0.15mA_285mK_191103__IVB__T_1p40K[0.000046125],0,up,2534,0.9988156336360048,
D4.2__Fig 2__SQUID_data__IVI_BS30_A1S1_I_contrl_+-0.15mA_285mK_191103__IVB__T_1p40K[0.000046125],1,down,5024,0.9992036631495123,0.9854447453578955
D4.2__Fig 2__SQUID_data__IVI_BS30_A1S1_I_contrl_+-0.15mA_285mK_191103__IVB__T_1p40K[0.000046125],2,up,2442,1.0,
D4.2__Fig 2__SQUID_data__IVI_BS30_A1S1_I_contrl_+-0.15mA_285mK_191103__IVB__T_1p40K[0.000046500],0,up,2534,0.9992104224240032,
D4.2__Fig 2__SQUID_data__IVI_BS30_A1S1_I_contrl_+-0.15mA_285mK_191103__IVB__T_1p40K[0.000046500],1,down,5025,0.9998009554140127,0.9836266738078836
D4.2__Fig 2__SQUID_data__IVI_BS30_A1S1_I_contrl_+-0.15mA_285mK_191103__IVB__T_1p40K[0.000046500],2,up,2441,1.0,
D4.2__Fig 2__SQUID_data__IVI_BS30_A1S1_I_contrl_+-0.15mA_285mK_191103__IVB__T_1p40K[0.000046875],0,up,2535,0.999605367008682,
D4.2__Fig 2__SQUID_data__IVI_BS30_A1S1_I_contrl_+-0.15mA_285mK_191103__IVB__T_1p40K[0.000046875],1,down,5023,0.9994026284348865,0.9850886927519947
D4.2__Fig 2__SQUID_data__IVI_BS30_A1S1_I_contrl_+-0.15mA_285mK_191103__IVB__T_1p40K[0.000046875],2,up,2442,1.0,
D4.2__Fig 2__SQUID_data__IVI_BS30_A1S1_I_contrl_+-0.15mA_285mK_191103__IVB__T_1p40K[0.000047250],0,up,2535,0.9988161010260458,
D4.2__Fig 2__SQUID_data__IVI_BS30_A1S1_I_contrl_+-0.15mA_285mK_191103__IVB__T_1p40K[0.000047250],1,down,5022,0.9994025094602669,0.9849173090704011
D4.2__Fig 2__SQUID_data__IVI_BS30_A1S1_I_contrl_+-0.15mA_285mK_191103__IVB__T_1p40K[0.000047250],2,up,2443,1.0,
D4.2__Fig 2__SQUID_data__IVI_BS30_A1S1_I_contrl_+-0.15mA_285mK_191103__IVB__T_1p40K[0.000047625],0,up,2535,0.9988161010260458,
D4.2__Fig 2__SQUID_data__IVI_BS30_A1S1_I_contrl_+-0.15mA_285mK_191103__IVB__T_1p40K[0.000047625],1,down,5023,0.9996017522899243,0.9842626252491808
D4.2__Fig 2__SQUID_data__IVI_BS30_A1S1_I_contrl_+-0.15mA_285mK_191103__IVB__T_1p40K[0.000047625],2,up,2442,0.9995903318312167,
D4.2__Fig 2__SQUID_data__IVI_BS30_A1S1_I_contrl_+-0.15mA_285mK_191103__IVB__T_1p40K[0.000048000],0,up,2535,0.9992107340173638,
D4.2__Fig 2__SQUID_data__IVI_BS30_A1S1_I_contrl_+-0.15mA_285mK_191103__IVB__T_1p40K[0.000048000],1,down,5023,0.9992035045798486,0.9852576495388913
D4.2__Fig 2__SQUID_data__IVI_BS30_A1S1_I_contrl_+-0.15mA_285mK_191103__IVB__T_1p40K[0.000048000],2,up,2442,1.0,
D4.2__Fig 2__SQUID_data__IVI_BS30_A1S1_I_contrl_+-0.15mA_285mK_191103__IVB__T_1p40K[0.000048375],0,up,2535,0.9988161010260458,
D4.2__Fig 2__SQUID_data__IVI_BS30_A1S1_I_contrl_+-0.15mA_285mK_191103__IVB__T_1p40K[0.000048375],1,down,5023,0.9996017522899243,0.984214406929732
D4.2__Fig 2__SQUID_data__IVI_BS30_A1S1_I_contrl_+-0.15mA_285mK_191103__IVB__T_1p40K[0.000048375],2,up,2442,1.0,
D4.2__Fig 2__SQUID_data__IVI_BS30_A1S1_I_contrl_+-0.15mA_285mK_191103__IVB__T_1p40K[0.000048750],0,up,2535,0.9992107340173638,
D4.2__Fig 2__SQUID_data__IVI_BS30_A1S1_I_contrl_+-0.15mA_285mK_191103__IVB__T_1p40K[0.000048750],1,down,5022,0.9998008364867557,0.9849773737432764
D4.2__Fig 2__SQUID_data__IVI_BS30_A1S1_I_contrl_+-0.15mA_285mK_191103__IVB__T_1p40K[0.000048750],2,up,2443,1.0,
D4.2__Fig 2__SQUID_data__IVI_BS30_A1S1_I_contrl_+-0.15mA_285mK_191103__IVB__T_1p40K[0.000049125],0,up,2534,0.9984208448480063,
D4.2__Fig 2__SQUID_data__IVI_BS30_A1S1_I_contrl_+-0.15mA_285mK_191103__IVB__T_1p40K[0.000049125],1,down,5024,0.9994027473621342,0.9850878598726518
D4.2__Fig 2__SQUID_data__IVI_BS30_A1S1_I_contrl_+-0.15mA_285mK_191103__IVB__T_1p40K[0.000049125],2,up,2442,1.0,
D4.2__Fig 2__SQUID_data__IVI_BS30_A1S1_I_contrl_+-0.15mA_285mK_191103__IVB__T_1p40K[0.000049500],0,up,2534,0.9984208448480063,
D4.2__Fig 2__SQUID_data__IVI_BS30_A1S1_I_contrl_+-0.15mA_285mK_191103__IVB__T_1p40K[0.000049500],1,down,5025,0.9994028662420382,0.9842879384118843
D4.2__Fig 2__SQUID_data__IVI_BS30_A1S1_I_contrl_+-0.15mA_285mK_191103__IVB__T_1p40K[0.000049500],2,up,2441,1.0,
D4.2__Fig 2__SQUID_data__IVI_BS30_A1S1_I_contrl_+-0.15mA_285mK_191103__IVB__T_1p40K[0.000049875],0,up,2535,0.9992107340173638,
D4.2__Fig 2__SQUID_data__IVI_BS30_A1S1_I_contrl_+-0.15mA_285mK_191103__IVB__T_1p40K[0.000049875],1,down,5023,0.9994026284348865,0.9857073543921231
D4.2__Fig 2__SQUID_data__IVI_BS30_A1S1_I_contrl_+-0.15mA_285mK_191103__IVB__T_1p40K[0.000049875],2,up,2442,1.0,
D4.2__Fig 2__SQUID_data__IVI_BS30_A1S1_I_contrl_+-0.15mA_285mK_191103__IVB__T_1p40K[0.000050250],0,up,2534,0.9988156336360048,
D4.2__Fig 2__SQUID_data__IVI_BS30_A1S1_I_contrl_+-0.15mA_285mK_191103__IVB__T_1p40K[0.000050250],1,down,5023,0.9996017522899243,0.985284307555132
D4.2__Fig 2__SQUID_data__IVI_BS30_A1S1_I_contrl_+-0.15mA_285mK_191103__IVB__T_1p40K[0.000050250],2,up,2443,1.0,
D4.2__Fig 2__SQUID_data__IVI_BS30_A1S1_I_contrl_+-0.15mA_285mK_191103__IVB__T_1p40K[0.000050625],0,up,2535,0.999605367008682,
D4.2__Fig 2__SQUID_data__IVI_BS30_A1S1_I_contrl_+-0.15mA_285mK_191103__IVB__T_1p40K[0.000050625],1,down,5023,0.9996017522899243,0.9843794213589293
D4.2__Fig 2__SQUID_data__IVI_BS30_A1S1_I_contrl_+-0.15mA_285mK_191103__IVB__T_1p40K[0.000050625],2,up,2442,1.0,
D4.2__Fig 2__SQUID_data__IVI_BS30_A1S1_I_contrl_+-0.15mA_285mK_191103__IVB__T_1p40K[0.000051000],0,up,2535,0.9988161010260458,
D4.2__Fig 2__SQUID_data__IVI_BS30_A1S1_I_contrl_+-0.15mA_285mK_191103__IVB__T_1p40K[0.000051000],1,down,5023,0.9994026284348865,0.9851546352098456
D4.2__Fig 2__SQUID_data__IVI_BS30_A1S1_I_contrl_+-0.15mA_285mK_191103__IVB__T_1p40K[0.000051000],2,up,2442,1.0,
D4.2__Fig 2__SQUID_data__IVI_BS30_A1S1_I_contrl_+-0.15mA_285mK_191103__IVB__T_1p40K[0.000051375],0,up,2536,0.9988165680473373,
D4.2__Fig 2__SQUID_data__IVI_BS30_A1S1_I_contrl_+-0.15mA_285mK_191103__IVB__T_1p40K[0.000051375],1,down,5023,0.9992035045798486,0.984464337696386
D4.2__Fig 2__SQUID_data__IVI_BS30_A1S1_I_contrl_+-0.15mA_285mK_191103__IVB__T_1p40K[0.000051375],2,up,2441,1.0,
D4.2__Fig 2__SQUID_data__IVI_BS30_A1S1_I_contrl_+-0.15mA_285mK_191103__IVB__T_1p40K[0.000051750],0,up,2536,0.9992110453648915,
D4.2__Fig 2__SQUID_data__IVI_BS30_A1S1_I_contrl_+-0.15mA_285mK_191103__IVB__T_1p40K[0.000051750],1,down,5021,0.999402390438247,0.9847302491744745
D4.2__Fig 2__SQUID_data__IVI_BS30_A1S1_I_contrl_+-0.15mA_285mK_191103__IVB__T_1p40K[0.000051750],2,up,2443,1.0,
D4.2__Fig 2__SQUID_data__IVI_BS30_A1S1_I_contrl_+-0.15mA_285mK_191103__IVB__T_1p40K[0.000052125],0,up,2535,0.9992107340173638,
D4.2__Fig 2__SQUID_data__IVI_BS30_A1S1_I_contrl_+-0.15mA_285mK_191103__IVB__T_1p40K[0.000052125],1,down,5023,0.9994026284348865,0.9854372184108007
D4.2__Fig 2__SQUID_data__IVI_BS30_A1S1_I_contrl_+-0.15mA_285mK_191103__IVB__T_1p40K[0.000052125],2,up,2442,1.0,
D4.2__Fig 2__SQUID_data__IVI_BS30_A1S1_I_contrl_+-0.15mA_285mK_191103__IVB__T_1p40K[0.000052500],0,up,2534,0.9992104224240032,
D4.2__Fig 2__SQUID_data__IVI_BS30_A1S1_I_contrl_+-0.15mA_285mK_191103__IVB__T_1p40K[0.000052500],1,down,5023,0.9998008761449622,0.9839765144809618
D4.2__Fig 2__SQUID_data__IVI_BS30_A1S1_I_contrl_+-0.15mA_285mK_191103__IVB__T_1p40K[0.000052500],2,up,2443,1.0,
D4.2__Fig 2__SQUID_data__IVI_BS30_A1S1_I_contrl_+-0.15mA_285mK_191103__IVB__T_1p40K[0.000052875],0,up,2534,0.9992104224240032,
D4.2__Fig 2__SQUID_data__IVI_BS30_A1S1_I_contrl_+-0.15mA_285mK_191103__IVB__T_1p40K[0.000052875],1,down,5023,0.9994026284348865,0.9850028682791829
D4.2__Fig 2__SQUID_data__IVI_BS30_A1S1_I_contrl_+-0.15mA_285mK_191103__IVB__T_1p40K[0.000052875],2,up,2443,1.0,
D4.2__Fig 2__SQUID_data__IVI_BS30_A1S1_I_contrl_+-0.15mA_285mK_191103__IVB__T_1p40K[0.000053250],0,up,2534,0.9988156336360048,
D4.2__Fig 2__SQUID_data__IVI_BS30_A1S1_I_contrl_+-0.15mA_285mK_191103__IVB__T_1p40K[0.000053250],1,down,5025,0.9994028662420382,0.9851271625909205
D4.2__Fig 2__SQUID_data__IVI_BS30_A1S1_I_contrl_+-0.15mA_285mK_191103__IVB__T_1p40K[0.000053250],2,up,2441,1.0,
D4.2__Fig 2__SQUID_data__IVI_BS30_A1S1_I_contrl_+-0.15mA_285mK_191103__IVB__T_1p40K[0.000053625],0,up,2535,0.999605367008682,
D4.2__Fig 2__SQUID_data__IVI_BS30_A1S1_I_contrl_+-0.15mA_285mK_191103__IVB__T_1p40K[0.000053625],1,down,5022,0.9992033459470225,0.9843532191612174
D4.2__Fig 2__SQUID_data__IVI_BS30_A1S1_I_contrl_+-0.15mA_285mK_191103__IVB__T_1p40K[0.000053625],2,up,2443,1.0,
D4.2__Fig 2__SQUID_data__IVI_BS30_A1S1_I_contrl_+-0.15mA_285mK_191103__IVB__T_1p40K[0.000054000],0,up,2534,0.9992104224240032,
D4.2__Fig 2__SQUID_data__IVI_BS30_A1S1_I_contrl_+-0.15mA_285mK_191103__IVB__T_1p40K[0.000054000],1,down,5023,0.9992035045798486,0.9859419521502714
D4.2__Fig 2__SQUID_data__IVI_BS30_A1S1_I_contrl_+-0.15mA_285mK_191103__IVB__T_1p40K[0.000054000],2,up,2443,1.0,
D4.2__Fig 2__SQUID_data__IVI_BS30_A1S1_I_contrl_+-0.15mA_285mK_191103__IVB__T_1p40K[0.000054375],0,up,2536,0.9988165680473373,
D4.2__Fig 2__SQUID_data__IVI_BS30_A1S1_I_contrl_+-0.15mA_285mK_191103__IVB__T_1p40K[0.000054375],1,down,5021,0.999601593625498,0.9866586568732958
D4.2__Fig 2__SQUID_data__IVI_BS30_A1S1_I_contrl_+-0.15mA_285mK_191103__IVB__T_1p40K[0.000054375],2,up,2443,1.0,
D4.2__Fig 2__SQUID_data__IVI_BS30_A1S1_I_contrl_+-0.15mA_285mK_191103__IVB__T_1p40K[0.000054750],0,up,2536,0.9988165680473373,
D4.2__Fig 2__SQUID_data__IVI_BS30_A1S1_I_contrl_+-0.15mA_285mK_191103__IVB__T_1p40K[0.000054750],1,down,5021,0.999601593625498,0.9858449816228473
D4.2__Fig 2__SQUID_data__IVI_BS30_A1S1_I_contrl_+-0.15mA_285mK_191103__IVB__T_1p40K[0.000054750],2,up,2443,1.0,
D4.2__Fig 2__SQUID_data__IVI_BS30_A1S1_I_contrl_+-0.15mA_285mK_191103__IVB__T_1p40K[0.000055125],0,up,2534,0.9992104224240032,
D4.2__Fig 2__SQUID_data__IVI_BS30_A1S1_I_contrl_+-0.15mA_285mK_191103__IVB__T_1p40K[0.000055125],1,down,5024,0.9996018315747561,0.9843886882891796
D4.2__Fig 2__SQUID_data__IVI_BS30_A1S1_I_contrl_+-0.15mA_285mK_191103__IVB__T_1p40K[0.000055125],2,up,2442,0.9995903318312167,
D4.2__Fig 2__SQUID_data__IVI_BS30_A1S1_I_contrl_+-0.15mA_285mK_191103__IVB__T_1p40K[0.000055500],0,up,2534,0.9996052112120016,
D4.2__Fig 2__SQUID_data__IVI_BS30_A1S1_I_contrl_+-0.15mA_285mK_191103__IVB__T_1p40K[0.000055500],1,down,5024,0.9996018315747561,0.9835086646572743
D4.2__Fig 2__SQUID_data__IVI_BS30_A1S1_I_contrl_+-0.15mA_285mK_191103__IVB__T_1p40K[0.000055500],2,up,2442,0.9995903318312167,
D4.2__Fig 2__SQUID_data__IVI_BS30_A1S1_I_contrl_+-0.15mA_285mK_191103__IVB__T_1p40K[0.000055875],0,up,2534,0.9992104224240032,
D4.2__Fig 2__SQUID_data__IVI_BS30_A1S1_I_contrl_+-0.15mA_285mK_191103__IVB__T_1p40K[0.000055875],1,down,5024,0.9998009157873781,0.985253337443117
D4.2__Fig 2__SQUID_data__IVI_BS30_A1S1_I_contrl_+-0.15mA_285mK_191103__IVB__T_1p40K[0.000055875],2,up,2442,1.0,
D4.2__Fig 2__SQUID_data__IVI_BS30_A1S1_I_contrl_+-0.15mA_285mK_191103__IVB__T_1p40K[0.000056250],0,up,2534,0.9992104224240032,
D4.2__Fig 2__SQUID_data__IVI_BS30_A1S1_I_contrl_+-0.15mA_285mK_191103__IVB__T_1p40K[0.000056250],1,down,5025,0.9994028662420382,0.9868123848311555
D4.2__Fig 2__SQUID_data__IVI_BS30_A1S1_I_contrl_+-0.15mA_285mK_191103__IVB__T_1p40K[0.000056250],2,up,2441,0.9995901639344262,
D4.2__Fig 2__SQUID_data__IVI_BS30_A1S1_I_contrl_+-0.15mA_285mK_191103__IVB__T_1p40K[0.000056625],0,up,2535,0.9988161010260458,
D4.2__Fig 2__SQUID_data__IVI_BS30_A1S1_I_contrl_+-0.15mA_285mK_191103__IVB__T_1p40K[0.000056625],1,down,5023,0.9994026284348865,0.9847715238631921
D4.2__Fig 2__SQUID_data__IVI_BS30_A1S1_I_contrl_+-0.15mA_285mK_191103__IVB__T_1p40K[0.000056625],2,up,2442,1.0,
D4.2__Fig 2__SQUID_data__IVI_BS30_A1S1_I_contrl_+-0.15mA_285mK_191103__IVB__T_1p40K[0.000057000],0,up,2534,0.9992104224240032,
D4.2__Fig 2__SQUID_data__IVI_BS30_A1S1_I_contrl_+-0.15mA_285mK_191103__IVB__T_1p40K[0.000057000],1,down,5023,0.9996017522899243,0.9835350475384672
D4.2__Fig 2__SQUID_data__IVI_BS30_A1S1_I_contrl_+-0.15mA_285mK_191103__IVB__T_1p40K[0.000057000],2,up,2443,1.0,
D4.2__Fig 2__SQUID_data__IVI_BS30_A1S1_I_contrl_+-0.15mA_285mK_191103__IVB__T_1p40K[0.000057375],0,up,2535,0.9988161010260458,
D4.2__Fig 2__SQUID_data__IVI_BS30_A1S1_I_contrl_+-0.15mA_285mK_191103__IVB__T_1p40K[0.000057375],1,down,5022,0.9996016729735112,0.9835695955837351
D4.2__Fig 2__SQUID_data__IVI_BS30_A1S1_I_contrl_+-0.15mA_285mK_191103__IVB__T_1p40K[0.000057375],2,up,2443,1.0,
D4.2__Fig 2__SQUID_data__IVI_BS30_A1S1_I_contrl_+-0.15mA_285mK_191103__IVB__T_1p40K[0.000057750],0,up,2534,0.9988156336360048,
D4.2__Fig 2__SQUID_data__IVI_BS30_A1S1_I_contrl_+-0.15mA_285mK_191103__IVB__T_1p40K[0.000057750],1,down,5024,0.9994027473621342,0.986540280558491
D4.2__Fig 2__SQUID_data__IVI_BS30_A1S1_I_contrl_+-0.15mA_285mK_191103__IVB__T_1p40K[0.000057750],2,up,2442,1.0,
D4.2__Fig 2__SQUID_data__IVI_BS30_A1S1_I_contrl_+-0.15mA_285mK_191103__IVB__T_1p40K[0.000058125],0,up,2534,0.9988156336360048,
D4.2__Fig 2__SQUID_data__IVI_BS30_A1S1_I_contrl_+-0.15mA_285mK_191103__IVB__T_1p40K[0.000058125],1,down,5025,0.9994028662420382,0.9863445277922651
D4.2__Fig 2__SQUID_data__IVI_BS30_A1S1_I_contrl_+-0.15mA_285mK_191103__IVB__T_1p40K[0.000058125],2,up,2441,1.0,
D4.2__Fig 2__SQUID_data__IVI_BS30_A1S1_I_contrl_+-0.15mA_285mK_191103__IVB__T_1p40K[0.000058500],0,up,2535,0.9992107340173638,
D4.2__Fig 2__SQUID_data__IVI_BS30_A1S1_I_contrl_+-0.15mA_285mK_191103__IVB__T_1p40K[0.000058500],1,down,5023,0.9994026284348865,0.9841971858529525
D4.2__Fig 2__SQUID_data__IVI_BS30_A1S1_I_contrl_+-0.15mA_285mK_191103__IVB__T_1p40K[0.000058500],2,up,2442,1.0,
D4.2__Fig 2__SQUID_data__IVI_BS30_A1S1_I_contrl_+-0.15mA_285mK_191103__IVB__T_1p40K[0.000058875],0,up,2535,0.9992107340173638,
D4.2__Fig 2__SQUID_data__IVI_BS30_A1S1_I_contrl_+-0.15mA_285mK_191103__IVB__T_1p40K[0.000058875],1,down,5022,0.9994025094602669,0.9852679107702915
D4.2__Fig 2__SQUID_data__IVI_BS30_A1S1_I_contrl_+-0.15mA_285mK_191103__IVB__T_1p40K[0.000058875],2,up,2443,1.0,
D4.2__Fig 2__SQUID_data__IVI_BS30_A1S1_I_contrl_+-0.15mA_285mK_191103__IVB__T_1p40K[0.000059250],0,up,2534,0.9988156336360048,
D4.2__Fig 2__SQUID_data__IVI_BS30_A1S1_I_contrl_+-0.15mA_285mK_191103__IVB__T_1p40K[0.000059250],1,down,5024,0.9998009157873781,0.9853396451745939
D4.2__Fig 2__SQUID_data__IVI_BS30_A1S1_I_contrl_+-0.15mA_285mK_191103__IVB__T_1p40K[0.000059250],2,up,2442,0.9995903318312167,
D4.2__Fig 2__SQUID_data__IVI_BS30_A1S1_I_contrl_+-0.15mA_285mK_191103__IVB__T_1p40K[0.000059625],0,up,2535,0.9988161010260458,
D4.2__Fig 2__SQUID_data__IVI_BS30_A1S1_I_contrl_+-0.15mA_285mK_191103__IVB__T_1p40K[0.000059625],1,down,5022,1.0,0.9847055025553826
D4.2__Fig 2__SQUID_data__IVI_BS30_A1S1_I_contrl_+-0.15mA_285mK_191103__IVB__T_1p40K[0.000059625],2,up,2443,1.0,
D4.2__Fig 2__SQUID_data__IVI_BS30_A1S1_I_contrl_+-0.15mA_285mK_191103__IVB__T_1p40K[0.000060000],0,up,2534,0.9996052112120016,
D4.2__Fig 2__SQUID_data__IVI_BS30_A1S1_I_contrl_+-0.15mA_285mK_191103__IVB__T_1p40K[0.000060000],1,down,5024,0.9992036631495123,0.9843161683172271
D4.2__Fig 2__SQUID_data__IVI_BS30_A1S1_I_contrl_+-0.15mA_285mK_191103__IVB__T_1p40K[0.000060000],2,up,2442,1.0,
D4.2__Fig 2__SQUID_data__IVI_BS30_A1S1_I_contrl_+-0.15mA_285mK_191103__IVB__T_1p40K[0.000060375],0,up,2535,0.9992107340173638,
D4.2__Fig 2__SQUID_data__IVI_BS30_A1S1_I_contrl_+-0.15mA_285mK_191103__IVB__T_1p40K[0.000060375],1,down,5023,0.9994026284348865,0.9853991564606652
D4.2__Fig 2__SQUID_data__IVI_BS30_A1S1_I_contrl_+-0.15mA_285mK_191103__IVB__T_1p40K[0.000060375],2,up,2442,1.0,
D4.2__Fig 2__SQUID_data__IVI_BS30_A1S1_I_contrl_+-0.15mA_285mK_191103__IVB__T_1p40K[0.000060750],0,up,2535,0.9980268350434096,
D4.2__Fig 2__SQUID_data__IVI_BS30_A1S1_I_contrl_+-0.15mA_285mK_191103__IVB__T_1p40K[0.000060750],1,down,5023,0.9996017522899243,0.986412450909824
D4.2__Fig 2__SQUID_data__IVI_BS30_A1S1_I_contrl_+-0.15mA_285mK_191103__IVB__T_1p40K[0.000060750],2,up,2442,1.0,
D4.2__Fig 2__SQUID_data__IVI_BS30_A1S1_I_contrl_+-0.15mA_285mK_191103__IVB__T_1p40K[0.000061125],0,up,2535,0.9992107340173638,
D4.2__Fig 2__SQUID_data__IVI_BS30_A1S1_I_contrl_+-0.15mA_285mK_191103__IVB__T_1p40K[0.000061125],1,down,5023,0.9994026284348865,0.9861869709198603
D4.2__Fig 2__SQUID_data__IVI_BS30_A1S1_I_contrl_+-0.15mA_285mK_191103__IVB__T_1p40K[0.000061125],2,up,2442,1.0,
D4.2__Fig 2__SQUID_data__IVI_BS30_A1S1_I_contrl_+-0.15mA_285mK_191103__IVB__T_1p40K[0.000061500],0,up,2535,0.9988161010260458,
D4.2__Fig 2__SQUID_data__IVI_BS30_A1S1_I_contrl_+-0.15mA_285mK_191103__IVB__T_1p40K[0.000061500],1,down,5023,0.9992035045798486,0.9848584051547252
D4.2__Fig 2__SQUID_data__IVI_BS30_A1S1_I_contrl_+-0.15mA_285mK_191103__IVB__T_1p40K[0.000061500],2,up,2442,1.0,
D4.2__Fig 2__SQUID_data__IVI_BS30_A1S1_I_contrl_+-0.15mA_285mK_191103__IVB__T_1p40K[0.000061875],0,up,2534,0.9992104224240032,
D4.2__Fig 2__SQUID_data__IVI_BS30_A1S1_I_contrl_+-0.15mA_285mK_191103__IVB__T_1p40K[0.000061875],1,down,5025,0.9990047770700637,0.9836945520409752
D4.2__Fig 2__SQUID_data__IVI_BS30_A1S1_I_contrl_+-0.15mA_285mK_191103__IVB__T_1p40K[0.000061875],2,up,2441,0.9995901639344262,
D4.2__Fig 2__SQUID_data__IVI_BS30_A1S1_I_contrl_+-0.15mA_285mK_191103__IVB__T_1p40K[0.000062250],0,up,2535,0.9988161010260458,
D4.2__Fig 2__SQUID_data__IVI_BS30_A1S1_I_contrl_+-0.15mA_285mK_191103__IVB__T_1p40K[0.000062250],1,down,5023,0.9996017522899243,0.9844222270039852
D4.2__Fig 2__SQUID_data__IVI_BS30_A1S1_I_contrl_+-0.15mA_285mK_191103__IVB__T_1p40K[0.000062250],2,up,2442,1.0,
D4.2__Fig 2__SQUID_data__IVI_BS30_A1S1_I_contrl_+-0.15mA_285mK_191103__IVB__T_1p40K[0.000062625],0,up,2535,0.9992107340173638,
D4.2__Fig 2__SQUID_data__IVI_BS30_A1S1_I_contrl_+-0.15mA_285mK_191103__IVB__T_1p40K[0.000062625],1,down,5023,0.9992035045798486,0.9852759242162199
D4.2__Fig 2__SQUID_data__IVI_BS30_A1S1_I_contrl_+-0.15mA_285mK_191103__IVB__T_1p40K[0.000062625],2,up,2442,1.0,
D4.2__Fig 2__SQUID_data__IVI_BS30_A1S1_I_contrl_+-0.15mA_285mK_191103__IVB__T_1p40K[0.000063000],0,up,2535,0.9992107340173638,
D4.2__Fig 2__SQUID_data__IVI_BS30_A1S1_I_contrl_+-0.15mA_285mK_191103__IVB__T_1p40K[0.000063000],1,down,5023,0.9996017522899243,0.9841012083050016
D4.2__Fig 2__SQUID_data__IVI_BS30_A1S1_I_contrl_+-0.15mA_285mK_191103__IVB__T_1p40K[0.000063000],2,up,2442,1.0,
D4.2__Fig 2__SQUID_data__IVI_BS30_A1S1_I_contrl_+-0.15mA_285mK_191103__IVB__T_1p40K[0.000063375],0,up,2535,0.9992107340173638,
D4.2__Fig 2__SQUID_data__IVI_BS30_A1S1_I_contrl_+-0.15mA_285mK_191103__IVB__T_1p40K[0.000063375],1,down,5023,0.9994026284348865,0.9850702161757582
D4.2__Fig 2__SQUID_data__IVI_BS30_A1S1_I_contrl_+-0.15mA_285mK_191103__IVB__T_1p40K[0.000063375],2,up,2442,1.0,
D4.2__Fig 2__SQUID_data__IVI_BS30_A1S1_I_contrl_+-0.15mA_285mK_191103__IVB__T_1p40K[0.000063750],0,up,2534,0.9992104224240032,
D4.2__Fig 2__SQUID_data__IVI_BS30_A1S1_I_contrl_+-0.15mA_285mK_191103__IVB__T_1p40K[0.000063750],1,down,5024,0.9994027473621342,0.9849452381832635
D4.2__Fig 2__SQUID_data__IVI_BS30_A1S1_I_contrl_+-0.15mA_285mK_191103__IVB__T_1p40K[0.000063750],2,up,2442,0.9995903318312167,
D4.2__Fig 2__SQUID_data__IVI_BS30_A1S1_I_contrl_+-0.15mA_285mK_191103__IVB__T_1p40K[0.000064125],0,up,2535,0.9988161010260458,
D4.2__Fig 2__SQUID_data__IVI_BS30_A1S1_I_contrl_+-0.15mA_285mK_191103__IVB__T_1p40K[0.000064125],1,down,5022,0.9996016729735112,0.9840497817332582
D4.2__Fig 2__SQUID_data__IVI_BS30_A1S1_I_contrl_+-0.15mA_285mK_191103__IVB__T_1p40K[0.000064125],2,up,2443,1.0,
D4.2__Fig 2__SQUID_data__IVI_BS30_A1S1_I_contrl_+-0.15mA_285mK_191103__IVB__T_1p40K[0.000064500],0,up,2534,0.9992104224240032,
D4.2__Fig 2__SQUID_data__IVI_BS30_A1S1_I_contrl_+-0.15mA_285mK_191103__IVB__T_1p40K[0.000064500],1,down,5024,0.9996018315747561,0.986219752725619
D4.2__Fig 2__SQUID_data__IVI_BS30_A1S1_I_contrl_+-0.15mA_285mK_191103__IVB__T_1p40K[0.000064500],2,up,2442,1.0,
D4.2__Fig 2__SQUID_data__IVI_BS30_A1S1_I_contrl_+-0.15mA_285mK_191103__IVB__T_1p40K[0.000064875],0,up,2534,0.9992104224240032,
D4.2__Fig 2__SQUID_data__IVI_BS30_A1S1_I_contrl_+-0.15mA_285mK_191103__IVB__T_1p40K[0.000064875],1,down,5023,0.9994026284348865,0.9857512007858793
D4.2__Fig 2__SQUID_data__IVI_BS30_A1S1_I_contrl_+-0.15mA_285mK_191103__IVB__T_1p40K[0.000064875],2,up,2443,1.0,
D4.2__Fig 2__SQUID_data__IVI_BS30_A1S1_I_contrl_+-0.15mA_285mK_191103__IVB__T_1p40K[0.000065250],0,up,2534,0.9992104224240032,
D4.2__Fig 2__SQUID_data__IVI_BS30_A1S1_I_contrl_+-0.15mA_285mK_191103__IVB__T_1p40K[0.000065250],1,down,5023,0.9992035045798486,0.9857074754807885
D4.2__Fig 2__SQUID_data__IVI_BS30_A1S1_I_contrl_+-0.15mA_285mK_191103__IVB__T_1p40K[0.000065250],2,up,2443,1.0,
D4.2__Fig 2__SQUID_data__IVI_BS30_A1S1_I_contrl_+-0.15mA_285mK_191103__IVB__T_1p40K[0.000065625],0,up,2535,0.9992107340173638,
D4.2__Fig 2__SQUID_data__IVI_BS30_A1S1_I_contrl_+-0.15mA_285mK_191103__IVB__T_1p40K[0.000065625],1,down,5023,0.9994026284348865,0.9846331955043861
D4.2__Fig 2__SQUID_data__IVI_BS30_A1S1_I_contrl_+-0.15mA_285mK_191103__IVB__T_1p40K[0.000065625],2,up,2442,1.0,
D4.2__Fig 2__SQUID_data__IVI_BS30_A1S1_I_contrl_+-0.15mA_285mK_191103__IVB__T_1p40K[0.000066000],0,up,2535,0.9988161010260458,
D4.2__Fig 2__SQUID_data__IVI_BS30_A1S1_I_contrl_+-0.15mA_285mK_191103__IVB__T_1p40K[0.000066000],1,down,5023,0.9992035045798486,0.9839475207133737
D4.2__Fig 2__SQUID_data__IVI_BS30_A1S1_I_contrl_+-0.15mA_285mK_191103__IVB__T_1p40K[0.000066000],2,up,2442,1.0,
D4.2__Fig 2__SQUID_data__IVI_BS30_A1S1_I_contrl_+-0.15mA_285mK_191103__IVB__T_1p40K[0.000066375],0,up,2534,0.9996052112120016,
D4.2__Fig 2__SQUID_data__IVI_BS30_A1S1_I_contrl_+-0.15mA_285mK_191103__IVB__T_1p40K[0.000066375],1,down,5024,0.9990045789368903,0.9833582169119448
D4.2__Fig 2__SQUID_data__IVI_BS30_A1S1_I_contrl_+-0.15mA_285mK_191103__IVB__T_1p40K[0.000066375],2,up,2442,1.0,
D4.2__Fig 2__SQUID_data__IVI_BS30_A1S1_I_contrl_+-0.15mA_285mK_191103__IVB__T_1p40K[0.000066750],0,up,2534,0.9992104224240032,
D4.2__Fig 2__SQUID_data__IVI_BS30_A1S1_I_contrl_+-0.15mA_285mK_191103__IVB__T_1p40K[0.000066750],1,down,5023,0.9998008761449622,0.983614878827156
D4.2__Fig 2__SQUID_data__IVI_BS30_A1S1_I_contrl_+-0.15mA_285mK_191103__IVB__T_1p40K[0.000066750],2,up,2443,1.0,
D4.2__Fig 2__SQUID_data__IVI_BS30_A1S1_I_contrl_+-0.15mA_285mK_191103__IVB__T_1p40K[0.000067125],0,up,2535,0.9992107340173638,
D4.2__Fig 2__SQUID_data__IVI_BS30_A1S1_I_contrl_+-0.15mA_285mK_191103__IVB__T_1p40K[0.000067125],1,down,5023,0.9992035045798486,0.9849125013199018
D4.2__Fig 2__SQUID_data__IVI_BS30_A1S1_I_contrl_+-0.15mA_285mK_191103__IVB__T_1p40K[0.000067125],2,up,2442,1.0,
D4.2__Fig 2__SQUID_data__IVI_BS30_A1S1_I_contrl_+-0.15mA_285mK_191103__IVB__T_1p40K[0.000067500],0,up,2535,0.9988161010260458,
D4.2__Fig 2__SQUID_data__IVI_BS30_A1S1_I_contrl_+-0.15mA_285mK_191103__IVB__T_1p40K[0.000067500],1,down,5023,0.9994026284348865,0.9861912782273283
D4.2__Fig 2__SQUID_data__IVI_BS30_A1S1_I_contrl_+-0.15mA_285mK_191103__IVB__T_1p40K[0.000067500],2,up,2442,1.0,
D4.2__Fig 2__SQUID_data__IVI_BS30_A1S1_I_contrl_+-0.15mA_285mK_191103__IVB__T_1p40K[0.000067875],0,up,2536,0.9988165680473373,
D4.2__Fig 2__SQUID_data__IVI_BS30_A1S1_I_contrl_+-0.15mA_285mK_191103__IVB__T_1p40K[0.000067875],1,down,5022,0.9994025094602669,0.9849736640873438
D4.2__Fig 2__SQUID_data__IVI_BS30_A1S1_I_contrl_+-0.15mA_285mK_191103__IVB__T_1p40K[0.000067875],2,up,2442,1.0,
D4.2__Fig 2__SQUID_data__IVI_BS30_A1S1_I_contrl_+-0.15mA_285mK_191103__IVB__T_1p40K[0.000068250],0,up,2535,0.9988161010260458,
D4.2__Fig 2__SQUID_data__IVI_BS30_A1S1_I_contrl_+-0.15mA_285mK_191103__IVB__T_1p40K[0.000068250],1,down,5022,0.9992033459470225,0.9842562209517141
D4.2__Fig 2__SQUID_data__IVI_BS30_A1S1_I_contrl_+-0.15mA_285mK_191103__IVB__T_1p40K[0.000068250],2,up,2443,1.0,
D4.2__Fig 2__SQUID_data__IVI_BS30_A1S1_I_contrl_+-0.15mA_285mK_191103__IVB__T_1p40K[0.000068625],0,up,2535,0.999605367008682,
D4.2__Fig 2__SQUID_data__IVI_BS30_A1S1_I_contrl_+-0.15mA_285mK_191103__IVB__T_1p40K[0.000068625],1,down,5022,0.9994025094602669,0.9852506341126883
D4.2__Fig 2__SQUID_data__IVI_BS30_A1S1_I_contrl_+-0.15mA_285mK_191103__IVB__T_1p40K[0.000068625],2,up,2443,1.0,
D4.2__Fig 2__SQUID_data__IVI_BS30_A1S1_I_contrl_+-0.15mA_285mK_191103__IVB__T_1p40K[0.000069000],0,up,2534,0.9992104224240032,
D4.2__Fig 2__SQUID_data__IVI_BS30_A1S1_I_contrl_+-0.15mA_285mK_191103__IVB__T_1p40K[0.000069000],1,down,5023,0.9998008761449622,0.9844167250636491
D4.2__Fig 2__SQUID_data__IVI_BS30_A1S1_I_contrl_+-0.15mA_285mK_191103__IVB__T_1p40K[0.000069000],2,up,2443,1.0,
D4.2__Fig 2__SQUID_data__IVI_BS30_A1S1_I_contrl_+-0.15mA_285mK_191103__IVB__T_1p40K[0.000069375],0,up,2536,0.9988165680473373,
D4.2__Fig 2__SQUID_data__IVI_BS30_A1S1_I_contrl_+-0.15mA_285mK_191103__IVB__T_1p40K[0.000069375],1,down,5021,0.999402390438247,0.9846825793465125
D4.2__Fig 2__SQUID_data__IVI_BS30_A1S1_I_contrl_+-0.15mA_285mK_191103__IVB__T_1p40K[0.000069375],2,up,2443,1.0,
D4.2__Fig 2__SQUID_data__IVI_BS30_A1S1_I_contrl_+-0.15mA_285mK_191103__IVB__T_1p40K[0.000069750],0,up,2535,0.9988161010260458,
D4.2__Fig 2__SQUID_data__IVI_BS30_A1S1_I_contrl_+-0.15mA_285mK_191103__IVB__T_1p40K[0.000069750],1,down,5022,0.9998008364867557,0.9853063868082521
D4.2__Fig 2__SQUID_data__IVI_BS30_A1S1_I_contrl_+-0.15mA_285mK_191103__IVB__T_1p40K[0.000069750],2,up,2443,1.0,
D4.2__Fig 2__SQUID_data__IVI_BS30_A1S1_I_contrl_+-0.15mA_285mK_191103__IVB__T_1p40K[0.000070125],0,up,2536,0.9988165680473373,
D4.2__Fig 2__SQUID_data__IVI_BS30_A1S1_I_contrl_+-0.15mA_285mK_191103__IVB__T_1p40K[0.000070125],1,down,5021,0.999601593625498,0.9833262394499593
D4.2__Fig 2__SQUID_data__IVI_BS30_A1S1_I_contrl_+-0.15mA_285mK_191103__IVB__T_1p40K[0.000070125],2,up,2443,1.0,
D4.2__Fig 2__SQUID_data__IVI_BS30_A1S1_I_contrl_+-0.15mA_285mK_191103__IVB__T_1p40K[0.000070500],0,up,2534,0.9992104224240032,
D4.2__Fig 2__SQUID_data__IVI_BS30_A1S1_I_contrl_+-0.15mA_285mK_191103__IVB__T_1p40K[0.000070500],1,down,5025,0.9994028662420382,0.9843631205790626
D4.2__Fig 2__SQUID_data__IVI_BS30_A1S1_I_contrl_+-0.15mA_285mK_191103__IVB__T_1p40K[0.000070500],2,up,2441,1.0,
D4.2__Fig 2__SQUID_data__IVI_BS30_A1S1_I_contrl_+-0.15mA_285mK_191103__IVB__T_1p40K[0.000070875],0,up,2536,0.9992110453648915,
D4.2__Fig 2__SQUID_data__IVI_BS30_A1S1_I_contrl_+-0.15mA_285mK_191103__IVB__T_1p40K[0.000070875],1,down,5021,0.999601593625498,0.9853749504899268
D4.2__Fig 2__SQUID_data__IVI_BS30_A1S1_I_contrl_+-0.15mA_285mK_191103__IVB__T_1p40K[0.000070875],2,up,2443,1.0,
D4.2__Fig 2__SQUID_data__IVI_BS30_A1S1_I_contrl_+-0.15mA_285mK_191103__IVB__T_1p40K[0.000071250],0,up,2535,0.9992107340173638,
D4.2__Fig 2__SQUID_data__IVI_BS30_A1S1_I_contrl_+-0.15mA_285mK_191103__IVB__T_1p40K[0.000071250],1,down,5023,0.9990043807248108,0.985242897480589
D4.2__Fig 2__SQUID_data__IVI_BS30_A1S1_I_contrl_+-0.15mA_285mK_191103__IVB__T_1p40K[0.000071250],2,up,2442,1.0,
D4.2__Fig 2__SQUID_data__IVI_BS30_A1S1_I_contrl_+-0.15mA_285mK_191103__IVB__T_1p40K[0.000071625],0,up,2535,0.9992107340173638,
D4.2__Fig 2__SQUID_data__IVI_BS30_A1S1_I_contrl_+-0.15mA_285mK_191103__IVB__T_1p40K[0.000071625],1,down,5023,0.9992035045798486,0.9829987247415092
D4.2__Fig 2__SQUID_data__IVI_BS30_A1S1_I_contrl_+-0.15mA_285mK_191103__IVB__T_1p40K[0.000071625],2,up,2442,1.0,
D4.2__Fig 2__SQUID_data__IVI_BS30_A1S1_I_contrl_+-0.15mA_285mK_191103__IVB__T_1p40K[0.000072000],0,up,2534,0.9992104224240032,
D4.2__Fig 2__SQUID_data__IVI_BS30_A1S1_I_contrl_+-0.15mA_285mK_191103__IVB__T_1p40K[0.000072000],1,down,5024,0.9996018315747561,0.9840426038195881
D4.2__Fig 2__SQUID_data__IVI_BS30_A1S1_I_contrl_+-0.15mA_285mK_191103__IVB__T_1p40K[0.000072000],2,up,2442,1.0,
D4.2__Fig 2__SQUID_data__IVI_BS30_A1S1_I_contrl_+-0.15mA_285mK_191103__IVB__T_1p40K[0.000072375],0,up,2535,0.9988161010260458,
D4.2__Fig 2__SQUID_data__IVI_BS30_A1S1_I_contrl_+-0.15mA_285mK_191103__IVB__T_1p40K[0.000072375],1,down,5022,0.9996016729735112,0.9843983848262073
D4.2__Fig 2__SQUID_data__IVI_BS30_A1S1_I_contrl_+-0.15mA_285mK_191103__IVB__T_1p40K[0.000072375],2,up,2443,0.9995904995904996,
D4.2__Fig 2__SQUID_data__IVI_BS30_A1S1_I_contrl_+-0.15mA_285mK_191103__IVB__T_1p40K[0.000072750],0,up,2535,0.9988161010260458,
D4.2__Fig 2__SQUID_data__IVI_BS30_A1S1_I_contrl_+-0.15mA_285mK_191103__IVB__T_1p40K[0.000072750],1,down,5022,0.9998008364867557,0.9851558504681416
D4.2__Fig 2__SQUID_data__IVI_BS30_A1S1_I_contrl_+-0.15mA_285mK_191103__IVB__T_1p40K[0.000072750],2,up,2443,1.0,
D4.2__Fig 2__SQUID_data__IVI_BS30_A1S1_I_contrl_+-0.15mA_285mK_191103__IVB__T_1p40K[0.000073125],0,up,2535,0.9988161010260458,
D4.2__Fig 2__SQUID_data__IVI_BS30_A1S1_I_contrl_+-0.15mA_285mK_191103__IVB__T_1p40K[0.000073125],1,down,5022,0.9996016729735112,0.9855448021333545
D4.2__Fig 2__SQUID_data__IVI_BS30_A1S1_I_contrl_+-0.15mA_285mK_191103__IVB__T_1p40K[0.000073125],2,up,2443,1.0,
D4.2__Fig 2__SQUID_data__IVI_BS30_A1S1_I_contrl_+-0.15mA_285mK_191103__IVB__T_1p40K[0.000073500],0,up,2535,0.9992107340173638,
D4.2__Fig 2__SQUID_data__IVI_BS30_A1S1_I_contrl_+-0.15mA_285mK_191103__IVB__T_1p40K[0.000073500],1,down,5023,0.9992035045798486,0.9859516391609287
D4.2__Fig 2__SQUID_data__IVI_BS30_A1S1_I_contrl_+-0.15mA_285mK_191103__IVB__T_1p40K[0.000073500],2,up,2442,1.0,
D4.2__Fig 2__SQUID_data__IVI_BS30_A1S1_I_contrl_+-0.15mA_285mK_191103__IVB__T_1p40K[0.000073875],0,up,2535,0.9984214680347278,
D4.2__Fig 2__SQUID_data__IVI_BS30_A1S1_I_contrl_+-0.15mA_285mK_191103__IVB__T_1p40K[0.000073875],1,down,5023,0.9996017522899243,0.9856172537314595
D4.2__Fig 2__SQUID_data__IVI_BS30_A1S1_I_contrl_+-0.15mA_285mK_191103__IVB__T_1p40K[0.000073875],2,up,2442,1.0,
D4.2__Fig 2__SQUID_data__IVI_BS30_A1S1_I_contrl_+-0.15mA_285mK_191103__IVB__T_1p40K[0.000074250],0,up,2536,0.9992110453648915,
D4.2__Fig 2__SQUID_data__IVI_BS30_A1S1_I_contrl_+-0.15mA_285mK_191103__IVB__T_1p40K[0.000074250],1,down,5021,0.999800796812749,0.9845738159333889
D4.2__Fig 2__SQUID_data__IVI_BS30_A1S1_I_contrl_+-0.15mA_285mK_191103__IVB__T_1p40K[0.000074250],2,up,2443,1.0,
D4.2__Fig 2__SQUID_data__IVI_BS30_A1S1_I_contrl_+-0.15mA_285mK_191103__IVB__T_1p40K[0.000074625],0,up,2534,0.9988156336360048,
D4.2__Fig 2__SQUID_data__IVI_BS30_A1S1_I_contrl_+-0.15mA_285mK_191103__IVB__T_1p40K[0.000074625],1,down,5025,0.9994028662420382,0.9834709154038188
D4.2__Fig 2__SQUID_data__IVI_BS30_A1S1_I_contrl_+-0.15mA_285mK_191103__IVB__T_1p40K[0.000074625],2,up,2441,1.0,
D4.2__Fig 2__SQUID_data__IVI_BS30_A1S1_I_contrl_+-0.15mA_285mK_191103__IVB__T_1p40K[0.000075000],0,up,2535,0.9992107340173638,
D4.2__Fig 2__SQUID_data__IVI_BS30_A1S1_I_contrl_+-0.15mA_285mK_191103__IVB__T_1p40K[0.000075000],1,down,5023,0.9992035045798486,0.9843857262735478
D4.2__Fig 2__SQUID_data__IVI_BS30_A1S1_I_contrl_+-0.15mA_285mK_191103__IVB__T_1p40K[0.000075000],2,up,2442,1.0,
D4.2__Fig 2__SQUID_data__IVI_BS30_A1S1_I_contrl_+-0.15mA_285mK_191103__IVB__T_1p40K[0.000075375],0,up,2535,0.9988161010260458,
D4.2__Fig 2__SQUID_data__IVI_BS30_A1S1_I_contrl_+-0.15mA_285mK_191103__IVB__T_1p40K[0.000075375],1,down,5023,0.9994026284348865,0.9847872521227915
D4.2__Fig 2__SQUID_data__IVI_BS30_A1S1_I_contrl_+-0.15mA_285mK_191103__IVB__T_1p40K[0.000075375],2,up,2442,1.0,
D4.2__Fig 2__SQUID_data__IVI_BS30_A1S1_I_contrl_+-0.15mA_285mK_191103__IVB__T_1p40K[0.000075750],0,up,2534,0.9992104224240032,
D4.2__Fig 2__SQUID_data__IVI_BS30_A1S1_I_contrl_+-0.15mA_285mK_191103__IVB__T_1p40K[0.000075750],1,down,5024,0.9992036631495123,0.9848838845947783
D4.2__Fig 2__SQUID_data__IVI_BS30_A1S1_I_contrl_+-0.15mA_285mK_191103__IVB__T_1p40K[0.000075750],2,up,2442,1.0,
D4.2__Fig 2__SQUID_data__IVI_BS30_A1S1_I_contrl_+-0.15mA_285mK_191103__IVB__T_1p40K[0.000076125],0,up,2535,0.9992107340173638,
D4.2__Fig 2__SQUID_data__IVI_BS30_A1S1_I_contrl_+-0.15mA_285mK_191103__IVB__T_1p40K[0.000076125],1,down,5023,0.9998008761449622,0.9839908722916783
D4.2__Fig 2__SQUID_data__IVI_BS30_A1S1_I_contrl_+-0.15mA_285mK_191103__IVB__T_1p40K[0.000076125],2,up,2442,1.0,
D4.2__Fig 2__SQUID_data__IVI_BS30_A1S1_I_contrl_+-0.15mA_285mK_191103__IVB__T_1p40K[0.000076500],0,up,2534,0.9992104224240032,
D4.2__Fig 2__SQUID_data__IVI_BS30_A1S1_I_contrl_+-0.15mA_285mK_191103__IVB__T_1p40K[0.000076500],1,down,5023,0.9996017522899243,0.9847898776939812
D4.2__Fig 2__SQUID_data__IVI_BS30_A1S1_I_contrl_+-0.15mA_285mK_191103__IVB__T_1p40K[0.000076500],2,up,2443,1.0,
D4.2__Fig 2__SQUID_data__IVI_BS30_A1S1_I_contrl_+-0.15mA_285mK_191103__IVB__T_1p40K[0.000076875],0,up,2536,0.9988165680473373,
D4.2__Fig 2__SQUID_data__IVI_BS30_A1S1_I_contrl_+-0.15mA_285mK_191103__IVB__T_1p40K[0.000076875],1,down,5021,0.999402390438247,0.9849807376071019
D4.2__Fig 2__SQUID_data__IVI_BS30_A1S1_I_contrl_+-0.15mA_285mK_191103__IVB__T_1p40K[0.000076875],2,up,2443,1.0,
D4.2__Fig 2__SQUID_data__IVI_BS30_A1S1_I_contrl_+-0.15mA_285mK_191103__IVB__T_1p40K[0.000077250],0,up,2534,0.9992104224240032,
D4.2__Fig 2__SQUID_data__IVI_BS30_A1S1_I_contrl_+-0.15mA_285mK_191103__IVB__T_1p40K[0.000077250],1,down,5024,0.9996018315747561,0.9854648313769422
D4.2__Fig 2__SQUID_data__IVI_BS30_A1S1_I_contrl_+-0.15mA_285mK_191103__IVB__T_1p40K[0.000077250],2,up,2442,1.0,
D4.2__Fig 2__SQUID_data__IVI_BS30_A1S1_I_contrl_+-0.15mA_285mK_191103__IVB__T_1p40K[0.000077625],0,up,2535,0.9988161010260458,
D4.2__Fig 2__SQUID_data__IVI_BS30_A1S1_I_contrl_+-0.15mA_285mK_191103__IVB__T_1p40K[0.000077625],1,down,5023,0.9994026284348865,0.9860361577244032
D4.2__Fig 2__SQUID_data__IVI_BS30_A1S1_I_contrl_+-0.15mA_285mK_191103__IVB__T_1p40K[0.000077625],2,up,2442,0.9995903318312167,
D4.2__Fig 2__SQUID_data__IVI_BS30_A1S1_I_contrl_+-0.15mA_285mK_191103__IVB__T_1p40K[0.000078000],0,up,2535,0.9988161010260458,
D4.2__Fig 2__SQUID_data__IVI_BS30_A1S1_I_contrl_+-0.15mA_285mK_191103__IVB__T_1p40K[0.000078000],1,down,5024,0.9996018315747561,0.9850835633248777
D4.2__Fig 2__SQUID_data__IVI_BS30_A1S1_I_contrl_+-0.15mA_285mK_191103__IVB__T_1p40K[0.000078000],2,up,2441,1.0,
D4.2__Fig 2__SQUID_data__IVI_BS30_A1S1_I_contrl_+-0.15mA_285mK_191103__IVB__T_1p40K[0.000078375],0,up,2536,0.9980276134122288,
D4.2__Fig 2__SQUID_data__IVI_BS30_A1S1_I_contrl_+-0.15mA_285mK_191103__IVB__T_1p40K[0.000078375],1,down,5021,0.999601593625498,0.9836726600198139
D4.2__Fig 2__SQUID_data__IVI_BS30_A1S1_I_contrl_+-0.15mA_285mK_191103__IVB__T_1p40K[0.000078375],2,up,2443,1.0,
D4.2__Fig 2__SQUID_data__IVI_BS30_A1S1_I_contrl_+-0.15mA_285mK_191103__IVB__T_1p40K[0.000078750],0,up,2535,0.9992107340173638,
D4.2__Fig 2__SQUID_data__IVI_BS30_A1S1_I_contrl_+-0.15mA_285mK_191103__IVB__T_1p40K[0.000078750],1,down,5023,0.9998008761449622,0.9835118287608821
D4.2__Fig 2__SQUID_data__IVI_BS30_A1S1_I_contrl_+-0.15mA_285mK_191103__IVB__T_1p40K[0.000078750],2,up,2442,1.0,
D4.2__Fig 2__SQUID_data__IVI_BS30_A1S1_I_contrl_+-0.15mA_285mK_191103__IVB__T_1p40K[0.000079125],0,up,2535,0.999605367008682,
D4.2__Fig 2__SQUID_data__IVI_BS30_A1S1_I_contrl_+-0.15mA_285mK_191103__IVB__T_1p40K[0.000079125],1,down,5021,0.999800796812749,0.9852326440976557
D4.2__Fig 2__SQUID_data__IVI_BS30_A1S1_I_contrl_+-0.15mA_285mK_191103__IVB__T_1p40K[0.000079125],2,up,2444,1.0,
D4.2__Fig 2__SQUID_data__IVI_BS30_A1S1_I_contrl_+-0.15mA_285mK_191103__IVB__T_1p40K[0.000079500],0,up,2535,0.9992107340173638,
D4.2__Fig 2__SQUID_data__IVI_BS30_A1S1_I_contrl_+-0.15mA_285mK_191103__IVB__T_1p40K[0.000079500],1,down,5023,0.9992035045798486,0.9864990710792385
D4.2__Fig 2__SQUID_data__IVI_BS30_A1S1_I_contrl_+-0.15mA_285mK_191103__IVB__T_1p40K[0.000079500],2,up,2442,1.0,
D4.2__Fig 2__SQUID_data__IVI_BS30_A1S1_I_contrl_+-0.15mA_285mK_191103__IVB__T_1p40K[0.000079875],0,up,2534,0.9996052112120016,
D4.2__Fig 2__SQUID_data__IVI_BS30_A1S1_I_contrl_+-0.15mA_285mK_191103__IVB__T_1p40K[0.000079875],1,down,5024,0.9996018315747561,0.9833349037976251
D4.2__Fig 2__SQUID_data__IVI_BS30_A1S1_I_contrl_+-0.15mA_285mK_191103__IVB__T_1p40K[0.000079875],2,up,2442,1.0,
D4.2__Fig 2__SQUID_data__IVI_BS30_A1S1_I_contrl_+-0.15mA_285mK_191103__IVB__T_1p40K[0.000080250],0,up,2535,0.9992107340173638,
D4.2__Fig 2__SQUID_data__IVI_BS30_A1S1_I_contrl_+-0.15mA_285mK_191103__IVB__T_1p40K[0.000080250],1,down,5023,0.9996017522899243,0.983451737888288
D4.2__Fig 2__SQUID_data__IVI_BS30_A1S1_I_contrl_+-0.15mA_285mK_191103__IVB__T_1p40K[0.000080250],2,up,2442,1.0,
D4.2__Fig 2__SQUID_data__IVI_BS30_A1S1_I_contrl_+-0.15mA_285mK_191103__IVB__T_1p40K[0.000080625],0,up,2534,0.9988156336360048,
D4.2__Fig 2__SQUID_data__IVI_BS30_A1S1_I_contrl_+-0.15mA_285mK_191103__IVB__T_1p40K[0.000080625],1,down,5024,0.9994027473621342,0.9846907990916347
D4.2__Fig 2__SQUID_data__IVI_BS30_A1S1_I_contrl_+-0.15mA_285mK_191103__IVB__T_1p40K[0.000080625],2,up,2442,1.0,
D4.2__Fig 2__SQUID_data__IVI_BS30_A1S1_I_contrl_+-0.15mA_285mK_191103__IVB__T_1p40K[0.000081000],0,up,2535,0.9992107340173638,
D4.2__Fig 2__SQUID_data__IVI_BS30_A1S1_I_contrl_+-0.15mA_285mK_191103__IVB__T_1p40K[0.000081000],1,down,5023,0.9994026284348865,0.9855798866952076
D4.2__Fig 2__SQUID_data__IVI_BS30_A1S1_I_contrl_+-0.15mA_285mK_191103__IVB__T_1p40K[0.000081000],2,up,2442,1.0,
D4.2__Fig 2__SQUID_data__IVI_BS30_A1S1_I_contrl_+-0.15mA_285mK_191103__IVB__T_1p40K[0.000081375],0,up,2535,0.9992107340173638,
D4.2__Fig 2__SQUID_data__IVI_BS30_A1S1_I_contrl_+-0.15mA_285mK_191103__IVB__T_1p40K[0.000081375],1,down,5023,0.9994026284348865,0.9860488569473101
D4.2__Fig 2__SQUID_data__IVI_BS30_A1S1_I_contrl_+-0.15mA_285mK_191103__IVB__T_1p40K[0.000081375],2,up,2442,1.0,
D4.2__Fig 2__SQUID_data__IVI_BS30_A1S1_I_contrl_+-0.15mA_285mK_191103__IVB__T_1p40K[0.000081750],0,up,2536,0.998422090729783,
D4.2__Fig 2__SQUID_data__IVI_BS30_A1S1_I_contrl_+-0.15mA_285mK_191103__IVB__T_1p40K[0.000081750],1,down,5021,0.999402390438247,0.9838096624346468
D4.2__Fig 2__SQUID_data__IVI_BS30_A1S1_I_contrl_+-0.15mA_285mK_191103__IVB__T_1p40K[0.000081750],2,up,2443,1.0,
D4.2__Fig 2__SQUID_data__IVI_BS30_A1S1_I_contrl_+-0.15mA_285mK_191103__IVB__T_1p40K[0.000082125],0,up,2534,0.9988156336360048,
D4.2__Fig 2__SQUID_data__IVI_BS30_A1S1_I_contrl_+-0.15mA_285mK_191103__IVB__T_1p40K[0.000082125],1,down,5024,0.9996018315747561,0.9832191960207135
D4.2__Fig 2__SQUID_data__IVI_BS30_A1S1_I_contrl_+-0.15mA_285mK_191103__IVB__T_1p40K[0.000082125],2,up,2442,1.0,
D4.2__Fig 2__SQUID_data__IVI_BS30_A1S1_I_contrl_+-0.15mA_285mK_191103__IVB__T_1p40K[0.000082500],0,up,2536,0.998422090729783,
D4.2__Fig 2__SQUID_data__IVI_BS30_A1S1_I_contrl_+-0.15mA_285mK_191103__IVB__T_1p40K[0.000082500],1,down,5022,0.9994025094602669,0.9852957245849101
D4.2__Fig 2__SQUID_data__IVI_BS30_A1S1_I_contrl_+-0.15mA_285mK_191103__IVB__T_1p40K[0.000082500],2,up,2442,1.0,
D4.2__Fig 2__SQUID_data__IVI_BS30_A1S1_I_contrl_+-0.15mA_285mK_191103__IVB__T_1p40K[0.000082875],0,up,2535,0.9992107340173638,
D4.2__Fig 2__SQUID_data__IVI_BS30_A1S1_I_contrl_+-0.15mA_285mK_191103__IVB__T_1p40K[0.000082875],1,down,5023,0.9994026284348865,0.9845099278536313
D4.2__Fig 2__SQUID_data__IVI_BS30_A1S1_I_contrl_+-0.15mA_285mK_191103__IVB__T_1p40K[0.000082875],2,up,2442,0.9995903318312167,
D4.2__Fig 2__SQUID_data__IVI_BS30_A1S1_I_contrl_+-0.15mA_285mK_191103__IVB__T_1p40K[0.000083250],0,up,2534,0.9992104224240032,
D4.2__Fig 2__SQUID_data__IVI_BS30_A1S1_I_contrl_+-0.15mA_285mK_191103__IVB__T_1p40K[0.000083250],1,down,5024,0.9996018315747561,0.984386311672757
D4.2__Fig 2__SQUID_data__IVI_BS30_A1S1_I_contrl_+-0.15mA_285mK_191103__IVB__T_1p40K[0.000083250],2,up,2442,1.0,
D4.2__Fig 2__SQUID_data__IVI_BS30_A1S1_I_contrl_+-0.15mA_285mK_191103__IVB__T_1p40K[0.000083625],0,up,2536,0.9988165680473373,
D4.2__Fig 2__SQUID_data__IVI_BS30_A1S1_I_contrl_+-0.15mA_285mK_191103__IVB__T_1p40K[0.000083625],1,down,5022,0.9994025094602669,0.9845562546035067
D4.2__Fig 2__SQUID_data__IVI_BS30_A1S1_I_contrl_+-0.15mA_285mK_191103__IVB__T_1p40K[0.000083625],2,up,2442,1.0,
D4.2__Fig 2__SQUID_data__IVI_BS30_A1S1_I_contrl_+-0.15mA_285mK_191103__IVB__T_1p40K[0.000084000],0,up,2535,0.9992107340173638,
D4.2__Fig 2__SQUID_data__IVI_BS30_A1S1_I_contrl_+-0.15mA_285mK_191103__IVB__T_1p40K[0.000084000],1,down,5022,0.9996016729735112,0.9845639275272088
D4.2__Fig 2__SQUID_data__IVI_BS30_A1S1_I_contrl_+-0.15mA_285mK_191103__IVB__T_1p40K[0.000084000],2,up,2443,0.9995904995904996,
D4.2__Fig 2__SQUID_data__IVI_BS30_A1S1_I_contrl_+-0.15mA_285mK_191103__IVB__T_1p40K[0.000084375],0,up,2536,0.9988165680473373,
D4.2__Fig 2__SQUID_data__IVI_BS30_A1S1_I_contrl_+-0.15mA_285mK_191103__IVB__T_1p40K[0.000084375],1,down,5023,0.9994026284348865,0.985676125647829
D4.2__Fig 2__SQUID_data__IVI_BS30_A1S1_I_contrl_+-0.15mA_285mK_191103__IVB__T_1p40K[0.000084375],2,up,2441,1.0,
D4.2__Fig 2__SQUID_data__IVI_BS30_A1S1_I_contrl_+-0.15mA_285mK_191103__IVB__T_1p40K[0.000084750],0,up,2535,0.9992107340173638,
D4.2__Fig 2__SQUID_data__IVI_BS30_A1S1_I_contrl_+-0.15mA_285mK_191103__IVB__T_1p40K[0.000084750],1,down,5022,0.9994025094602669,0.9851349666718229
D4.2__Fig 2__SQUID_data__IVI_BS30_A1S1_I_contrl_+-0.15mA_285mK_191103__IVB__T_1p40K[0.000084750],2,up,2443,1.0,
D4.2__Fig 2__SQUID_data__IVI_BS30_A1S1_I_contrl_+-0.15mA_285mK_191103__IVB__T_1p40K[0.000085125],0,up,2535,0.9988161010260458,
D4.2__Fig 2__SQUID_data__IVI_BS30_A1S1_I_contrl_+-0.15mA_285mK_191103__IVB__T_1p40K[0.000085125],1,down,5024,0.9992036631495123,0.9833737160697406
D4.2__Fig 2__SQUID_data__IVI_BS30_A1S1_I_contrl_+-0.15mA_285mK_191103__IVB__T_1p40K[0.000085125],2,up,2441,1.0,
D4.2__Fig 2__SQUID_data__IVI_BS30_A1S1_I_contrl_+-0.15mA_285mK_191103__IVB__T_1p40K[0.000085500],0,up,2534,0.9992104224240032,
D4.2__Fig 2__SQUID_data__IVI_BS30_A1S1_I_contrl_+-0.15mA_285mK_191103__IVB__T_1p40K[0.000085500],1,down,5024,0.9994027473621342,0.9843731638306704
D4.2__Fig 2__SQUID_data__IVI_BS30_A1S1_I_contrl_+-0.15mA_285mK_191103__IVB__T_1p40K[0.000085500],2,up,2442,1.0,
D4.2__Fig 2__SQUID_data__IVI_BS30_A1S1_I_contrl_+-0.15mA_285mK_191103__IVB__T_1p40K[0.000085875],0,up,2534,0.9992104224240032,
D4.2__Fig 2__SQUID_data__IVI_BS30_A1S1_I_contrl_+-0.15mA_285mK_191103__IVB__T_1p40K[0.000085875],1,down,5024,0.9994027473621342,0.9853854862475299
D4.2__Fig 2__SQUID_data__IVI_BS30_A1S1_I_contrl_+-0.15mA_285mK_191103__IVB__T_1p40K[0.000085875],2,up,2442,1.0,
D4.2__Fig 2__SQUID_data__IVI_BS30_A1S1_I_contrl_+-0.15mA_285mK_191103__IVB__T_1p40K[0.000086250],0,up,2535,0.9992107340173638,
D4.2__Fig 2__SQUID_data__IVI_BS30_A1S1_I_contrl_+-0.15mA_285mK_191103__IVB__T_1p40K[0.000086250],1,down,5024,0.9994027473621342,0.9859155186489172
D4.2__Fig 2__SQUID_data__IVI_BS30_A1S1_I_contrl_+-0.15mA_285mK_191103__IVB__T_1p40K[0.000086250],2,up,2441,1.0,
D4.2__Fig 2__SQUID_data__IVI_BS30_A1S1_I_contrl_+-0.15mA_285mK_191103__IVB__T_1p40K[0.000086625],0,up,2534,0.9992104224240032,
D4.2__Fig 2__SQUID_data__IVI_BS30_A1S1_I_contrl_+-0.15mA_285mK_191103__IVB__T_1p40K[0.000086625],1,down,5023,0.9996017522899243,0.9831307769970544
D4.2__Fig 2__SQUID_data__IVI_BS30_A1S1_I_contrl_+-0.15mA_285mK_191103__IVB__T_1p40K[0.000086625],2,up,2443,1.0,
D4.2__Fig 2__SQUID_data__IVI_BS30_A1S1_I_contrl_+-0.15mA_285mK_191103__IVB__T_1p40K[0.000087000],0,up,2535,0.9988161010260458,
D4.2__Fig 2__SQUID_data__IVI_BS30_A1S1_I_contrl_+-0.15mA_285mK_191103__IVB__T_1p40K[0.000087000],1,down,5023,0.9996017522899243,0.9836161192006613
D4.2__Fig 2__SQUID_data__IVI_BS30_A1S1_I_contrl_+-0.15mA_285mK_191103__IVB__T_1p40K[0.000087000],2,up,2442,0.9995903318312167,
D4.2__Fig 2__SQUID_data__IVI_BS30_A1S1_I_contrl_+-0.15mA_285mK_191103__IVB__T_1p40K[0.000087375],0,up,2535,0.9992107340173638,
D4.2__Fig 2__SQUID_data__IVI_BS30_A1S1_I_contrl_+-0.15mA_285mK_191103__IVB__T_1p40K[0.000087375],1,down,5023,0.9994026284348865,0.9852656616312644
D4.2__Fig 2__SQUID_data__IVI_BS30_A1S1_I_contrl_+-0.15mA_285mK_191103__IVB__T_1p40K[0.000087375],2,up,2442,1.0,
D4.2__Fig 2__SQUID_data__IVI_BS30_A1S1_I_contrl_+-0.15mA_285mK_191103__IVB__T_1p40K[0.000087750],0,up,2535,0.9992107340173638,
D4.2__Fig 2__SQUID_data__IVI_BS30_A1S1_I_contrl_+-0.15mA_285mK_191103__IVB__T_1p40K[0.000087750],1,down,5022,0.9994025094602669,0.9839223565699962
D4.2__Fig 2__SQUID_data__IVI_BS30_A1S1_I_contrl_+-0.15mA_285mK_191103__IVB__T_1p40K[0.000087750],2,up,2443,1.0,
D4.2__Fig 2__SQUID_data__IVI_BS30_A1S1_I_contrl_+-0.15mA_285mK_191103__IVB__T_1p40K[0.000088125],0,up,2535,0.9988161010260458,
D4.2__Fig 2__SQUID_data__IVI_BS30_A1S1_I_contrl_+-0.15mA_285mK_191103__IVB__T_1p40K[0.000088125],1,down,5023,0.9996017522899243,0.9849009843686383
D4.2__Fig 2__SQUID_data__IVI_BS30_A1S1_I_contrl_+-0.15mA_285mK_191103__IVB__T_1p40K[0.000088125],2,up,2442,1.0,
D4.2__Fig 2__SQUID_data__IVI_BS30_A1S1_I_contrl_+-0.15mA_285mK_191103__IVB__T_1p40K[0.000088500],0,up,2535,0.9992107340173638,
D4.2__Fig 2__SQUID_data__IVI_BS30_A1S1_I_contrl_+-0.15mA_285mK_191103__IVB__T_1p40K[0.000088500],1,down,5022,0.9996016729735112,0.9844652754841386
D4.2__Fig 2__SQUID_data__IVI_BS30_A1S1_I_contrl_+-0.15mA_285mK_191103__IVB__T_1p40K[0.000088500],2,up,2443,1.0,
D4.2__Fig 2__SQUID_data__IVI_BS30_A1S1_I_contrl_+-0.15mA_285mK_191103__IVB__T_1p40K[0.000088875],0,up,2534,1.0,
D4.2__Fig 2__SQUID_data__IVI_BS30_A1S1_I_contrl_+-0.15mA_285mK_191103__IVB__T_1p40K[0.000088875],1,down,5024,0.9996018315747561,0.98389334344237
D4.2__Fig 2__SQUID_data__IVI_BS30_A1S1_I_contrl_+-0.15mA_285mK_191103__IVB__T_1p40K[0.000088875],2,up,2442,0.9995903318312167,
D4.2__Fig 2__SQUID_data__IVI_BS30_A1S1_I_contrl_+-0.15mA_285mK_191103__IVB__T_1p40K[0.000089250],0,up,2535,0.9992107340173638,
D4.2__Fig 2__SQUID_data__IVI_BS30_A1S1_I_contrl_+-0.15mA_285mK_191103__IVB__T_1p40K[0.000089250],1,down,5023,0.9996017522899243,0.9851653445681006
D4.2__Fig 2__SQUID_data__IVI_BS30_A1S1_I_contrl_+-0.15mA_285mK_191103__IVB__T_1p40K[0.000089250],2,up,2442,1.0,
D4.2__Fig 2__SQUID_data__IVI_BS30_A1S1_I_contrl_+-0.15mA_285mK_191103__IVB__T_1p40K[0.000089625],0,up,2534,0.9996052112120016,
D4.2__Fig 2__SQUID_data__IVI_BS30_A1S1_I_contrl_+-0.15mA_285mK_191103__IVB__T_1p40K[0.000089625],1,down,5023,0.9996017522899243,0.9841761279095843
D4.2__Fig 2__SQUID_data__IVI_BS30_A1S1_I_contrl_+-0.15mA_285mK_191103__IVB__T_1p40K[0.000089625],2,up,2443,1.0,
D4.2__Fig 2__SQUID_data__IVI_BS30_A1S1_I_contrl_+-0.15mA_285mK_191103__IVB__T_1p40K[0.000090000],0,up,2534,0.9996052112120016,
D4.2__Fig 2__SQUID_data__IVI_BS30_A1S1_I_contrl_+-0.15mA_285mK_191103__IVB__T_1p40K[0.000090000],1,down,5023,0.9996017522899243,0.9848611243255998
D4.2__Fig 2__SQUID_data__IVI_BS30_A1S1_I_contrl_+-0.15mA_285mK_191103__IVB__T_1p40K[0.000090000],2,up,2443,1.0,
D4.2__Fig 2__SQUID_data__IVI_BS30_A1S1_I_contrl_+-0.15mA_285mK_191103__IVB__T_1p40K[0.000090375],0,up,2535,0.9980268350434096,
D4.2__Fig 2__SQUID_data__IVI_BS30_A1S1_I_contrl_+-0.15mA_285mK_191103__IVB__T_1p40K[0.000090375],1,down,5022,0.9996016729735112,0.9843935357748597
D4.2__Fig 2__SQUID_data__IVI_BS30_A1S1_I_contrl_+-0.15mA_285mK_191103__IVB__T_1p40K[0.000090375],2,up,2443,1.0,
D4.2__Fig 2__SQUID_data__IVI_BS30_A1S1_I_contrl_+-0.15mA_285mK_191103__IVB__T_1p40K[0.000090750],0,up,2536,0.998422090729783,
D4.2__Fig 2__SQUID_data__IVI_BS30_A1S1_I_contrl_+-0.15mA_285mK_191103__IVB__T_1p40K[0.000090750],1,down,5023,0.9994026284348865,0.9847635188979841
D4.2__Fig 2__SQUID_data__IVI_BS30_A1S1_I_contrl_+-0.15mA_285mK_191103__IVB__T_1p40K[0.000090750],2,up,2441,1.0,
D4.2__Fig 2__SQUID_data__IVI_BS30_A1S1_I_contrl_+-0.15mA_285mK_191103__IVB__T_1p40K[0.000091125],0,up,2536,0.998422090729783,
D4.2__Fig 2__SQUID_data__IVI_BS30_A1S1_I_contrl_+-0.15mA_285mK_191103__IVB__T_1p40K[0.000091125],1,down,5021,0.999800796812749,0.9853984412512398
D4.2__Fig 2__SQUID_data__IVI_BS30_A1S1_I_contrl_+-0.15mA_285mK_191103__IVB__T_1p40K[0.000091125],2,up,2443,1.0,
D4.2__Fig 2__SQUID_data__IVI_BS30_A1S1_I_contrl_+-0.15mA_285mK_191103__IVB__T_1p40K[0.000091500],0,up,2535,0.9988161010260458,
D4.2__Fig 2__SQUID_data__IVI_BS30_A1S1_I_contrl_+-0.15mA_285mK_191103__IVB__T_1p40K[0.000091500],1,down,5023,0.9996017522899243,0.9840701252901909
D4.2__Fig 2__SQUID_data__IVI_BS30_A1S1_I_contrl_+-0.15mA_285mK_191103__IVB__T_1p40K[0.000091500],2,up,2442,1.0,
D4.2__Fig 2__SQUID_data__IVI_BS30_A1S1_I_contrl_+-0.15mA_285mK_191103__IVB__T_1p40K[0.000091875],0,up,2535,0.9992107340173638,
D4.2__Fig 2__SQUID_data__IVI_BS30_A1S1_I_contrl_+-0.15mA_285mK_191103__IVB__T_1p40K[0.000091875],1,down,5023,0.9996017522899243,0.9845195606853829
D4.2__Fig 2__SQUID_data__IVI_BS30_A1S1_I_contrl_+-0.15mA_285mK_191103__IVB__T_1p40K[0.000091875],2,up,2442,1.0,
D4.2__Fig 2__SQUID_data__IVI_BS30_A1S1_I_contrl_+-0.15mA_285mK_191103__IVB__T_1p40K[0.000092250],0,up,2536,0.9988165680473373,
D4.2__Fig 2__SQUID_data__IVI_BS30_A1S1_I_contrl_+-0.15mA_285mK_191103__IVB__T_1p40K[0.000092250],1,down,5021,0.999800796812749,0.9852956431899711
D4.2__Fig 2__SQUID_data__IVI_BS30_A1S1_I_contrl_+-0.15mA_285mK_191103__IVB__T_1p40K[0.000092250],2,up,2443,1.0,
D4.2__Fig 2__SQUID_data__IVI_BS30_A1S1_I_contrl_+-0.15mA_285mK_191103__IVB__T_1p40K[0.000092625],0,up,2536,0.9980276134122288,
D4.2__Fig 2__SQUID_data__IVI_BS30_A1S1_I_contrl_+-0.15mA_285mK_191103__IVB__T_1p40K[0.000092625],1,down,5021,0.999402390438247,0.9840679438334947
D4.2__Fig 2__SQUID_data__IVI_BS30_A1S1_I_contrl_+-0.15mA_285mK_191103__IVB__T_1p40K[0.000092625],2,up,2443,1.0,
D4.2__Fig 2__SQUID_data__IVI_BS30_A1S1_I_contrl_+-0.15mA_285mK_191103__IVB__T_1p40K[0.000093000],0,up,2535,0.9992107340173638,
D4.2__Fig 2__SQUID_data__IVI_BS30_A1S1_I_contrl_+-0.15mA_285mK_191103__IVB__T_1p40K[0.000093000],1,down,5023,0.9992035045798486,0.9845928715188588
D4.2__Fig 2__SQUID_data__IVI_BS30_A1S1_I_contrl_+-0.15mA_285mK_191103__IVB__T_1p40K[0.000093000],2,up,2442,1.0,
D4.2__Fig 2__SQUID_data__IVI_BS30_A1S1_I_contrl_+-0.15mA_285mK_191103__IVB__T_1p40K[0.000093375],0,up,2535,0.9980268350434096,
D4.2__Fig 2__SQUID_data__IVI_BS30_A1S1_I_contrl_+-0.15mA_285mK_191103__IVB__T_1p40K[0.000093375],1,down,5021,0.999800796812749,0.9840228459423931
D4.2__Fig 2__SQUID_data__IVI_BS30_A1S1_I_contrl_+-0.15mA_285mK_191103__IVB__T_1p40K[0.000093375],2,up,2444,1.0,
D4.2__Fig 2__SQUID_data__IVI_BS30_A1S1_I_contrl_+-0.15mA_285mK_191103__IVB__T_1p40K[0.000093750],0,up,2536,0.9992110453648915,
D4.2__Fig 2__SQUID_data__IVI_BS30_A1S1_I_contrl_+-0.15mA_285mK_191103__IVB__T_1p40K[0.000093750],1,down,5022,0.9994025094602669,0.9850916469191351
D4.2__Fig 2__SQUID_data__IVI_BS30_A1S1_I_contrl_+-0.15mA_285mK_191103__IVB__T_1p40K[0.000093750],2,up,2442,0.9995903318312167,
D4.2__Fig 2__SQUID_data__IVI_BS30_A1S1_I_contrl_+-0.15mA_285mK_191103__IVB__T_1p40K[0.000094125],0,up,2534,0.9992104224240032,
D4.2__Fig 2__SQUID_data__IVI_BS30_A1S1_I_contrl_+-0.15mA_285mK_191103__IVB__T_1p40K[0.000094125],1,down,5023,0.9996017522899243,0.9848167786926472
D4.2__Fig 2__SQUID_data__IVI_BS30_A1S1_I_contrl_+-0.15mA_285mK_191103__IVB__T_1p40K[0.000094125],2,up,2443,1.0,
D4.2__Fig 2__SQUID_data__IVI_BS30_A1S1_I_contrl_+-0.15mA_285mK_191103__IVB__T_1p40K[0.000094500],0,up,2536,0.9988165680473373,
D4.2__Fig 2__SQUID_data__IVI_BS30_A1S1_I_contrl_+-0.15mA_285mK_191103__IVB__T_1p40K[0.000094500],1,down,5021,0.999402390438247,0.9848767021522965
D4.2__Fig 2__SQUID_data__IVI_BS30_A1S1_I_contrl_+-0.15mA_285mK_191103__IVB__T_1p40K[0.000094500],2,up,2443,0.9995904995904996,
D4.2__Fig 2__SQUID_data__IVI_BS30_A1S1_I_contrl_+-0.15mA_285mK_191103__IVB__T_1p40K[0.000094875],0,up,2534,0.9992104224240032,
D4.2__Fig 2__SQUID_data__IVI_BS30_A1S1_I_contrl_+-0.15mA_285mK_191103__IVB__T_1p40K[0.000094875],1,down,5024,0.9994027473621342,0.9844926483801112
D4.2__Fig 2__SQUID_data__IVI_BS30_A1S1_I_contrl_+-0.15mA_285mK_191103__IVB__T_1p40K[0.000094875],2,up,2442,1.0,
D4.2__Fig 2__SQUID_data__IVI_BS30_A1S1_I_contrl_+-0.15mA_285mK_191103__IVB__T_1p40K[0.000095250],0,up,2535,0.9988161010260458,
D4.2__Fig 2__SQUID_data__IVI_BS30_A1S1_I_contrl_+-0.15mA_285mK_191103__IVB__T_1p40K[0.000095250],1,down,5023,0.9996017522899243,0.9843972736135963
D4.2__Fig 2__SQUID_data__IVI_BS30_A1S1_I_contrl_+-0.15mA_285mK_191103__IVB__T_1p40K[0.000095250],2,up,2442,1.0,
D4.2__Fig 2__SQUID_data__IVI_BS30_A1S1_I_contrl_+-0.15mA_285mK_191103__IVB__T_1p40K[0.000095625],0,up,2534,0.9984208448480063,
D4.2__Fig 2__SQUID_data__IVI_BS30_A1S1_I_contrl_+-0.15mA_285mK_191103__IVB__T_1p40K[0.000095625],1,down,5025,0.9992038216560509,0.9844402699839445
D4.2__Fig 2__SQUID_data__IVI_BS30_A1S1_I_contrl_+-0.15mA_285mK_191103__IVB__T_1p40K[0.000095625],2,up,2441,1.0,
D4.2__Fig 2__SQUID_data__IVI_BS30_A1S1_I_contrl_+-0.15mA_285mK_191103__IVB__T_1p40K[0.000096000],0,up,2535,0.9988161010260458,
D4.2__Fig 2__SQUID_data__IVI_BS30_A1S1_I_contrl_+-0.15mA_285mK_191103__IVB__T_1p40K[0.000096000],1,down,5023,0.9994026284348865,0.9849911321432082
D4.2__Fig 2__SQUID_data__IVI_BS30_A1S1_I_contrl_+-0.15mA_285mK_191103__IVB__T_1p40K[0.000096000],2,up,2442,1.0,
D4.2__Fig 2__SQUID_data__IVI_BS30_A1S1_I_contrl_+-0.15mA_285mK_191103__IVB__T_1p40K[0.000096375],0,up,2535,0.9988161010260458,
D4.2__Fig 2__SQUID_data__IVI_BS30_A1S1_I_contrl_+-0.15mA_285mK_191103__IVB__T_1p40K[0.000096375],1,down,5023,0.9996017522899243,0.9833786398705299
D4.2__Fig 2__SQUID_data__IVI_BS30_A1S1_I_contrl_+-0.15mA_285mK_191103__IVB__T_1p40K[0.000096375],2,up,2442,1.0,
D4.2__Fig 2__SQUID_data__IVI_BS30_A1S1_I_contrl_+-0.15mA_285mK_191103__IVB__T_1p40K[0.000096750],0,up,2535,0.9984214680347278,
D4.2__Fig 2__SQUID_data__IVI_BS30_A1S1_I_contrl_+-0.15mA_285mK_191103__IVB__T_1p40K[0.000096750],1,down,5023,0.9996017522899243,0.9844868395100969
D4.2__Fig 2__SQUID_data__IVI_BS30_A1S1_I_contrl_+-0.15mA_285mK_191103__IVB__T_1p40K[0.000096750],2,up,2442,1.0,
D4.2__Fig 2__SQUID_data__IVI_BS30_A1S1_I_contrl_+-0.15mA_285mK_191103__IVB__T_1p40K[0.000097125],0,up,2534,0.9992104224240032,
D4.2__Fig 2__SQUID_data__IVI_BS30_A1S1_I_contrl_+-0.15mA_285mK_191103__IVB__T_1p40K[0.000097125],1,down,5024,0.9994027473621342,0.985267708575952
D4.2__Fig 2__SQUID_data__IVI_BS30_A1S1_I_contrl_+-0.15mA_285mK_191103__IVB__T_1p40K[0.000097125],2,up,2442,1.0,
D4.2__Fig 2__SQUID_data__IVI_BS30_A1S1_I_contrl_+-0.15mA_285mK_191103__IVB__T_1p40K[0.000097500],0,up,2534,0.9992104224240032,
D4.2__Fig 2__SQUID_data__IVI_BS30_A1S1_I_contrl_+-0.15mA_285mK_191103__IVB__T_1p40K[0.000097500],1,down,5024,0.9996018315747561,0.9844831280293053
D4.2__Fig 2__SQUID_data__IVI_BS30_A1S1_I_contrl_+-0.15mA_285mK_191103__IVB__T_1p40K[0.000097500],2,up,2442,1.0,
D4.2__Fig 2__SQUID_data__IVI_BS30_A1S1_I_contrl_+-0.15mA_285mK_191103__IVB__T_1p40K[0.000097875],0,up,2536,0.9988165680473373,
D4.2__Fig 2__SQUID_data__IVI_BS30_A1S1_I_contrl_+-0.15mA_285mK_191103__IVB__T_1p40K[0.000097875],1,down,5021,0.999800796812749,0.984227188989432
D4.2__Fig 2__SQUID_data__IVI_BS30_A1S1_I_contrl_+-0.15mA_285mK_191103__IVB__T_1p40K[0.000097875],2,up,2443,1.0,
D4.2__Fig 2__SQUID_data__IVI_BS30_A1S1_I_contrl_+-0.15mA_285mK_191103__IVB__T_1p40K[0.000098250],0,up,2535,0.9992107340173638,
D4.2__Fig 2__SQUID_data__IVI_BS30_A1S1_I_contrl_+-0.15mA_285mK_191103__IVB__T_1p40K[0.000098250],1,down,5023,0.9996017522899243,0.9841066993527623
D4.2__Fig 2__SQUID_data__IVI_BS30_A1S1_I_contrl_+-0.15mA_285mK_191103__IVB__T_1p40K[0.000098250],2,up,2442,1.0,
D4.2__Fig 2__SQUID_data__IVI_BS30_A1S1_I_contrl_+-0.15mA_285mK_191103__IVB__T_1p40K[0.000098625],0,up,2534,0.9988156336360048,
D4.2__Fig 2__SQUID_data__IVI_BS30_A1S1_I_contrl_+-0.15mA_285mK_191103__IVB__T_1p40K[0.000098625],1,down,5025,0.9994028662420382,0.9845879830502283
D4.2__Fig 2__SQUID_data__IVI_BS30_A1S1_I_contrl_+-0.15mA_285mK_191103__IVB__T_1p40K[0.000098625],2,up,2441,0.9995901639344262,
D4.2__Fig 2__SQUID_data__IVI_BS30_A1S1_I_contrl_+-0.15mA_285mK_191103__IVB__T_1p40K[0.000099000],0,up,2535,0.9992107340173638,
D4.2__Fig 2__SQUID_data__IVI_BS30_A1S1_I_contrl_+-0.15mA_285mK_191103__IVB__T_1p40K[0.000099000],1,down,5023,0.9994026284348865,0.9851633250656527
D4.2__Fig 2__SQUID_data__IVI_BS30_A1S1_I_contrl_+-0.15mA_285mK_191103__IVB__T_1p40K[0.000099000],2,up,2442,1.0,
D4.2__Fig 2__SQUID_data__IVI_BS30_A1S1_I_contrl_+-0.15mA_285mK_191103__IVB__T_1p40K[0.000099375],0,up,2535,0.999605367008682,
D4.2__Fig 2__SQUID_data__IVI_BS30_A1S1_I_contrl_+-0.15mA_285mK_191103__IVB__T_1p40K[0.000099375],1,down,5022,0.9994025094602669,0.9840230246025065
D4.2__Fig 2__SQUID_data__IVI_BS30_A1S1_I_contrl_+-0.15mA_285mK_191103__IVB__T_1p40K[0.000099375],2,up,2443,0.9995904995904996,
D4.2__Fig 2__SQUID_data__IVI_BS30_A1S1_I_contrl_+-0.15mA_285mK_191103__IVB__T_1p40K[0.000099750],0,up,2534,0.9992104224240032,
D4.2__Fig 2__SQUID_data__IVI_BS30_A1S1_I_contrl_+-0.15mA_285mK_191103__IVB__T_1p40K[0.000099750],1,down,5024,0.9994027473621342,0.9847435088684933
D4.2__Fig 2__SQUID_data__IVI_BS30_A1S1_I_contrl_+-0.15mA_285mK_191103__IVB__T_1p40K[0.000099750],2,up,2442,0.9995903318312167,
D4.2__Fig 2__SQUID_data__IVI_BS30_A1S1_I_contrl_+-0.15mA_285mK_191103__IVB__T_1p40K[0.000100125],0,up,2534,0.9996052112120016,
D4.2__Fig 2__SQUID_data__IVI_BS30_A1S1_I_contrl_+-0.15mA_285mK_191103__IVB__T_1p40K[0.000100125],1,down,5024,0.9994027473621342,0.9850442039583701
D4.2__Fig 2__SQUID_data__IVI_BS30_A1S1_I_contrl_+-0.15mA_285mK_191103__IVB__T_1p40K[0.000100125],2,up,2442,1.0,
D4.2__Fig 2__SQUID_data__IVI_BS30_A1S1_I_contrl_+-0.15mA_285mK_191103__IVB__T_1p40K[0.000100500],0,up,2535,0.9988161010260458,
D4.2__Fig 2__SQUID_data__IVI_BS30_A1S1_I_contrl_+-0.15mA_285mK_191103__IVB__T_1p40K[0.000100500],1,down,5023,0.9994026284348865,0.9830179727145644
D4.2__Fig 2__SQUID_data__IVI_BS30_A1S1_I_contrl_+-0.15mA_285mK_191103__IVB__T_1p40K[0.000100500],2,up,2442,1.0,
D4.2__Fig 2__SQUID_data__IVI_BS30_A1S1_I_contrl_+-0.15mA_285mK_191103__IVB__T_1p40K[0.000100875],0,up,2534,0.9996052112120016,
D4.2__Fig 2__SQUID_data__IVI_BS30_A1S1_I_contrl_+-0.15mA_285mK_191103__IVB__T_1p40K[0.000100875],1,down,5024,0.9994027473621342,0.9842754654335496
D4.2__Fig 2__SQUID_data__IVI_BS30_A1S1_I_contrl_+-0.15mA_285mK_191103__IVB__T_1p40K[0.000100875],2,up,2442,1.0,
D4.2__Fig 2__SQUID_data__IVI_BS30_A1S1_I_contrl_+-0.15mA_285mK_191103__IVB__T_1p40K[0.000101250],0,up,2535,0.9992107340173638,
D4.2__Fig 2__SQUID_data__IVI_BS30_A1S1_I_contrl_+-0.15mA_285mK_191103__IVB__T_1p40K[0.000101250],1,down,5022,0.9996016729735112,0.9849755070712806
D4.2__Fig 2__SQUID_data__IVI_BS30_A1S1_I_contrl_+-0.15mA_285mK_191103__IVB__T_1p40K[0.000101250],2,up,2443,1.0,
D4.2__Fig 2__SQUID_data__IVI_BS30_A1S1_I_contrl_+-0.15mA_285mK_191103__IVB__T_1p40K[0.000101625],0,up,2534,0.9992104224240032,
D4.2__Fig 2__SQUID_data__IVI_BS30_A1S1_I_contrl_+-0.15mA_285mK_191103__IVB__T_1p40K[0.000101625],1,down,5023,0.9994026284348865,0.9843318079411973
D4.2__Fig 2__SQUID_data__IVI_BS30_A1S1_I_contrl_+-0.15mA_285mK_191103__IVB__T_1p40K[0.000101625],2,up,2443,1.0,
D4.2__Fig 2__SQUID_data__IVI_BS30_A1S1_I_contrl_+-0.15mA_285mK_191103__IVB__T_1p40K[0.000102000],0,up,2534,0.9992104224240032,
D4.2__Fig 2__SQUID_data__IVI_BS30_A1S1_I_contrl_+-0.15mA_285mK_191103__IVB__T_1p40K[0.000102000],1,down,5024,0.9996018315747561,0.9850285338223401
D4.2__Fig 2__SQUID_data__IVI_BS30_A1S1_I_contrl_+-0.15mA_285mK_191103__IVB__T_1p40K[0.000102000],2,up,2442,1.0,
D4.2__Fig 2__SQUID_data__IVI_BS30_A1S1_I_contrl_+-0.15mA_285mK_191103__IVB__T_1p40K[0.000102375],0,up,2535,0.9992107340173638,
D4.2__Fig 2__SQUID_data__IVI_BS30_A1S1_I_contrl_+-0.15mA_285mK_191103__IVB__T_1p40K[0.000102375],1,down,5023,0.9992035045798486,0.9843329538299178
D4.2__Fig 2__SQUID_data__IVI_BS30_A1S1_I_contrl_+-0.15mA_285mK_191103__IVB__T_1p40K[0.000102375],2,up,2442,1.0,
D4.2__Fig 2__SQUID_data__IVI_BS30_A1S1_I_contrl_+-0.15mA_285mK_191103__IVB__T_1p40K[0.000102750],0,up,2534,0.9988156336360048,
D4.2__Fig 2__SQUID_data__IVI_BS30_A1S1_I_contrl_+-0.15mA_285mK_191103__IVB__T_1p40K[0.000102750],1,down,5024,0.9994027473621342,0.9825446390719313
D4.2__Fig 2__SQUID_data__IVI_BS30_A1S1_I_contrl_+-0.15mA_285mK_191103__IVB__T_1p40K[0.000102750],2,up,2442,1.0,
D4.2__Fig 2__SQUID_data__IVI_BS30_A1S1_I_contrl_+-0.15mA_285mK_191103__IVB__T_1p40K[0.000103125],0,up,2535,0.999605367008682,
D4.2__Fig 2__SQUID_data__IVI_BS30_A1S1_I_contrl_+-0.15mA_285mK_191103__IVB__T_1p40K[0.000103125],1,down,5022,0.9996016729735112,0.9844211150403153
D4.2__Fig 2__SQUID_data__IVI_BS30_A1S1_I_contrl_+-0.15mA_285mK_191103__IVB__T_1p40K[0.000103125],2,up,2443,1.0,
D4.2__Fig 2__SQUID_data__IVI_BS30_A1S1_I_contrl_+-0.15mA_285mK_191103__IVB__T_1p40K[0.000103500],0,up,2535,0.9992107340173638,
D4.2__Fig 2__SQUID_data__IVI_BS30_A1S1_I_contrl_+-0.15mA_285mK_191103__IVB__T_1p40K[0.000103500],1,down,5023,0.9994026284348865,0.9855745807187115
D4.2__Fig 2__SQUID_data__IVI_BS30_A1S1_I_contrl_+-0.15mA_285mK_191103__IVB__T_1p40K[0.000103500],2,up,2442,1.0,
D4.2__Fig 2__SQUID_data__IVI_BS30_A1S1_I_contrl_+-0.15mA_285mK_191103__IVB__T_1p40K[0.000103875],0,up,2535,0.9992107340173638,
D4.2__Fig 2__SQUID_data__IVI_BS30_A1S1_I_contrl_+-0.15mA_285mK_191103__IVB__T_1p40K[0.000103875],1,down,5023,0.9996017522899243,0.9860827333889721
D4.2__Fig 2__SQUID_data__IVI_BS30_A1S1_I_contrl_+-0.15mA_285mK_191103__IVB__T_1p40K[0.000103875],2,up,2442,1.0,
D4.2__Fig 2__SQUID_data__IVI_BS30_A1S1_I_contrl_+-0.15mA_285mK_191103__IVB__T_1p40K[0.000104250],0,up,2535,0.9988161010260458,
D4.2__Fig 2__SQUID_data__IVI_BS30_A1S1_I_contrl_+-0.15mA_285mK_191103__IVB__T_1p40K[0.000104250],1,down,5023,0.9996017522899243,0.9859161926235476
D4.2__Fig 2__SQUID_data__IVI_BS30_A1S1_I_contrl_+-0.15mA_285mK_191103__IVB__T_1p40K[0.000104250],2,up,2442,1.0,
D4.2__Fig 2__SQUID_data__IVI_BS30_A1S1_I_contrl_+-0.15mA_285mK_191103__IVB__T_1p40K[0.000104625],0,up,2536,0.9980276134122288,
D4.2__Fig 2__SQUID_data__IVI_BS30_A1S1_I_contrl_+-0.15mA_285mK_191103__IVB__T_1p40K[0.000104625],1,down,5022,0.9996016729735112,0.9848198866198801
D4.2__Fig 2__SQUID_data__IVI_BS30_A1S1_I_contrl_+-0.15mA_285mK_191103__IVB__T_1p40K[0.000104625],2,up,2442,1.0,
D4.2__Fig 2__SQUID_data__IVI_BS30_A1S1_I_contrl_+-0.15mA_285mK_191103__IVB__T_1p40K[0.000105000],0,up,2535,0.9992107340173638,
D4.2__Fig 2__SQUID_data__IVI_BS30_A1S1_I_contrl_+-0.15mA_285mK_191103__IVB__T_1p40K[0.000105000],1,down,5023,0.9994026284348865,0.9838596339877028
D4.2__Fig 2__SQUID_data__IVI_BS30_A1S1_I_contrl_+-0.15mA_285mK_191103__IVB__T_1p40K[0.000105000],2,up,2442,1.0,
D4.2__Fig 2__SQUID_data__IVI_BS30_A1S1_I_contrl_+-0.15mA_285mK_191103__IVB__T_1p40K[0.000105375],0,up,2534,0.9992104224240032,
D4.2__Fig 2__SQUID_data__IVI_BS30_A1S1_I_contrl_+-0.15mA_285mK_191103__IVB__T_1p40K[0.000105375],1,down,5024,0.9996018315747561,0.983168126590263
D4.2__Fig 2__SQUID_data__IVI_BS30_A1S1_I_contrl_+-0.15mA_285mK_191103__IVB__T_1p40K[0.000105375],2,up,2442,1.0,
D4.2__Fig 2__SQUID_data__IVI_BS30_A1S1_I_contrl_+-0.15mA_285mK_191103__IVB__T_1p40K[0.000105750],0,up,2534,0.9988156336360048,
D4.2__Fig 2__SQUID_data__IVI_BS30_A1S1_I_contrl_+-0.15mA_285mK_191103__IVB__T_1p40K[0.000105750],1,down,5025,0.9996019108280255,0.9856046366062143
D4.2__Fig 2__SQUID_data__IVI_BS30_A1S1_I_contrl_+-0.15mA_285mK_191103__IVB__T_1p40K[0.000105750],2,up,2441,1.0,
D4.2__Fig 2__SQUID_data__IVI_BS30_A1S1_I_contrl_+-0.15mA_285mK_191103__IVB__T_1p40K[0.000106125],0,up,2534,0.9988156336360048,
D4.2__Fig 2__SQUID_data__IVI_BS30_A1S1_I_contrl_+-0.15mA_285mK_191103__IVB__T_1p40K[0.000106125],1,down,5024,0.9994027473621342,0.9854904892193634
D4.2__Fig 2__SQUID_data__IVI_BS30_A1S1_I_contrl_+-0.15mA_285mK_191103__IVB__T_1p40K[0.000106125],2,up,2442,1.0,
D4.2__Fig 2__SQUID_data__IVI_BS30_A1S1_I_contrl_+-0.15mA_285mK_191103__IVB__T_1p40K[0.000106500],0,up,2536,0.9988165680473373,
D4.2__Fig 2__SQUID_data__IVI_BS30_A1S1_I_contrl_+-0.15mA_285mK_191103__IVB__T_1p40K[0.000106500],1,down,5021,0.999601593625498,0.9837801131555628
D4.2__Fig 2__SQUID_data__IVI_BS30_A1S1_I_contrl_+-0.15mA_285mK_191103__IVB__T_1p40K[0.000106500],2,up,2443,1.0,
D4.2__Fig 2__SQUID_data__IVI_BS30_A1S1_I_contrl_+-0.15mA_285mK_191103__IVB__T_1p40K[0.000106875],0,up,2535,0.9992107340173638,
D4.2__Fig 2__SQUID_data__IVI_BS30_A1S1_I_contrl_+-0.15mA_285mK_191103__IVB__T_1p40K[0.000106875],1,down,5022,0.9992033459470225,0.9833407718041899
D4.2__Fig 2__SQUID_data__IVI_BS30_A1S1_I_contrl_+-0.15mA_285mK_191103__IVB__T_1p40K[0.000106875],2,up,2443,1.0,
D4.2__Fig 2__SQUID_data__IVI_BS30_A1S1_I_contrl_+-0.15mA_285mK_191103__IVB__T_1p40K[0.000107250],0,up,2535,0.9988161010260458,
D4.2__Fig 2__SQUID_data__IVI_BS30_A1S1_I_contrl_+-0.15mA_285mK_191103__IVB__T_1p40K[0.000107250],1,down,5023,0.9996017522899243,0.985588984532873
D4.2__Fig 2__SQUID_data__IVI_BS30_A1S1_I_contrl_+-0.15mA_285mK_191103__IVB__T_1p40K[0.000107250],2,up,2442,1.0,
D4.2__Fig 2__SQUID_data__IVI_BS30_A1S1_I_contrl_+-0.15mA_285mK_191103__IVB__T_1p40K[0.000107625],0,up,2535,0.9988161010260458,
D4.2__Fig 2__SQUID_data__IVI_BS30_A1S1_I_contrl_+-0.15mA_285mK_191103__IVB__T_1p40K[0.000107625],1,down,5024,0.9992036631495123,0.9844446877364761
D4.2__Fig 2__SQUID_data__IVI_BS30_A1S1_I_contrl_+-0.15mA_285mK_191103__IVB__T_1p40K[0.000107625],2,up,2441,1.0,
D4.2__Fig 2__SQUID_data__IVI_BS30_A1S1_I_contrl_+-0.15mA_285mK_191103__IVB__T_1p40K[0.000108000],0,up,2535,0.9992107340173638,
D4.2__Fig 2__SQUID_data__IVI_BS30_A1S1_I_contrl_+-0.15mA_285mK_191103__IVB__T_1p40K[0.000108000],1,down,5023,0.9994026284348865,0.9839811590874057
D4.2__Fig 2__SQUID_data__IVI_BS30_A1S1_I_contrl_+-0.15mA_285mK_191103__IVB__T_1p40K[0.000108000],2,up,2442,1.0,
D4.2__Fig 2__SQUID_data__IVI_BS30_A1S1_I_contrl_+-0.15mA_285mK_191103__IVB__T_1p40K[0.000108375],0,up,2534,0.9992104224240032,
D4.2__Fig 2__SQUID_data__IVI_BS30_A1S1_I_contrl_+-0.15mA_285mK_191103__IVB__T_1p40K[0.000108375],1,down,5023,0.9992035045798486,0.9850560326770942
D4.2__Fig 2__SQUID_data__IVI_BS30_A1S1_I_contrl_+-0.15mA_285mK_191103__IVB__T_1p40K[0.000108375],2,up,2443,1.0,
D4.2__Fig 2__SQUID_data__IVI_BS30_A1S1_I_contrl_+-0.15mA_285mK_191103__IVB__T_1p40K[0.000108750],0,up,2535,0.999605367008682,
D4.2__Fig 2__SQUID_data__IVI_BS30_A1S1_I_contrl_+-0.15mA_285mK_191103__IVB__T_1p40K[0.000108750],1,down,5023,0.9996017522899243,0.984314882359128
D4.2__Fig 2__SQUID_data__IVI_BS30_A1S1_I_contrl_+-0.15mA_285mK_191103__IVB__T_1p40K[0.000108750],2,up,2442,1.0,
D4.2__Fig 2__SQUID_data__IVI_BS30_A1S1_I_contrl_+-0.15mA_285mK_191103__IVB__T_1p40K[0.000109125],0,up,2534,0.9996052112120016,
D4.2__Fig 2__SQUID_data__IVI_BS30_A1S1_I_contrl_+-0.15mA_285mK_191103__IVB__T_1p40K[0.000109125],1,down,5024,0.9994027473621342,0.9852959768792899
D4.2__Fig 2__SQUID_data__IVI_BS30_A1S1_I_contrl_+-0.15mA_285mK_191103__IVB__T_1p40K[0.000109125],2,up,2442,1.0,
D4.2__Fig 2__SQUID_data__IVI_BS30_A1S1_I_contrl_+-0.15mA_285mK_191103__IVB__T_1p40K[0.000109500],0,up,2535,0.9992107340173638,
D4.2__Fig 2__SQUID_data__IVI_BS30_A1S1_I_contrl_+-0.15mA_285mK_191103__IVB__T_1p40K[0.000109500],1,down,5023,0.9992035045798486,0.9842271965130456
D4.2__Fig 2__SQUID_data__IVI_BS30_A1S1_I_contrl_+-0.15mA_285mK_191103__IVB__T_1p40K[0.000109500],2,up,2442,1.0,
D4.2__Fig 2__SQUID_data__IVI_BS30_A1S1_I_contrl_+-0.15mA_285mK_191103__IVB__T_1p40K[0.000109875],0,up,2535,0.9984214680347278,
D4.2__Fig 2__SQUID_data__IVI_BS30_A1S1_I_contrl_+-0.15mA_285mK_191103__IVB__T_1p40K[0.000109875],1,down,5023,0.9994026284348865,0.9844695406120425
D4.2__Fig 2__SQUID_data__IVI_BS30_A1S1_I_contrl_+-0.15mA_285mK_191103__IVB__T_1p40K[0.000109875],2,up,2442,1.0,
D4.2__Fig 2__SQUID_data__IVI_BS30_A1S1_I_contrl_+-0.15mA_285mK_191103__IVB__T_1p40K[0.000110250],0,up,2535,0.9988161010260458,
D4.2__Fig 2__SQUID_data__IVI_BS30_A1S1_I_contrl_+-0.15mA_285mK_191103__IVB__T_1p40K[0.000110250],1,down,5023,0.9994026284348865,0.9847220129745454
D4.2__Fig 2__SQUID_data__IVI_BS30_A1S1_I_contrl_+-0.15mA_285mK_191103__IVB__T_1p40K[0.000110250],2,up,2442,1.0,
D4.2__Fig 2__SQUID_data__IVI_BS30_A1S1_I_contrl_+-0.15mA_285mK_191103__IVB__T_1p40K[0.000110625],0,up,2534,0.9992104224240032,
D4.2__Fig 2__SQUID_data__IVI_BS30_A1S1_I_contrl_+-0.15mA_285mK_191103__IVB__T_1p40K[0.000110625],1,down,5024,0.9994027473621342,0.9849870700167018
D4.2__Fig 2__SQUID_data__IVI_BS30_A1S1_I_contrl_+-0.15mA_285mK_191103__IVB__T_1p40K[0.000110625],2,up,2442,0.9995903318312167,
D4.2__Fig 2__SQUID_data__IVI_BS30_A1S1_I_contrl_+-0.15mA_285mK_191103__IVB__T_1p40K[0.000111000],0,up,2534,0.9996052112120016,
D4.2__Fig 2__SQUID_data__IVI_BS30_A1S1_I_contrl_+-0.15mA_285mK_191103__IVB__T_1p40K[0.000111000],1,down,5023,0.9996017522899243,0.9847352992333884
D4.2__Fig 2__SQUID_data__IVI_BS30_A1S1_I_contrl_+-0.15mA_285mK_191103__IVB__T_1p40K[0.000111000],2,up,2443,0.9995904995904996,
D4.2__Fig 2__SQUID_data__IVI_BS30_A1S1_I_contrl_+-0.15mA_285mK_191103__IVB__T_1p40K[0.000111375],0,up,2535,0.9992107340173638,
D4.2__Fig 2__SQUID_data__IVI_BS30_A1S1_I_contrl_+-0.15mA_285mK_191103__IVB__T_1p40K[0.000111375],1,down,5023,0.9994026284348865,0.9847324169248308
D4.2__Fig 2__SQUID_data__IVI_BS30_A1S1_I_contrl_+-0.15mA_285mK_191103__IVB__T_1p40K[0.000111375],2,up,2442,1.0,
D4.2__Fig 2__SQUID_data__IVI_BS30_A1S1_I_contrl_+-0.15mA_285mK_191103__IVB__T_1p40K[0.000111750],0,up,2534,0.9996052112120016,
D4.2__Fig 2__SQUID_data__IVI_BS30_A1S1_I_contrl_+-0.15mA_285mK_191103__IVB__T_1p40K[0.000111750],1,down,5024,0.9996018315747561,0.985358035727499
D4.2__Fig 2__SQUID_data__IVI_BS30_A1S1_I_contrl_+-0.15mA_285mK_191103__IVB__T_1p40K[0.000111750],2,up,2442,1.0,
D4.2__Fig 2__SQUID_data__IVI_BS30_A1S1_I_contrl_+-0.15mA_285mK_191103__IVB__T_1p40K[0.000112125],0,up,2535,0.9988161010260458,
D4.2__Fig 2__SQUID_data__IVI_BS30_A1S1_I_contrl_+-0.15mA_285mK_191103__IVB__T_1p40K[0.000112125],1,down,5023,0.9994026284348865,0.9851002841182374
D4.2__Fig 2__SQUID_data__IVI_BS30_A1S1_I_contrl_+-0.15mA_285mK_191103__IVB__T_1p40K[0.000112125],2,up,2442,1.0,
D4.2__Fig 2__SQUID_data__IVI_BS30_A1S1_I_contrl_+-0.15mA_285mK_191103__IVB__T_1p40K[0.000112500],0,up,2534,0.9988156336360048,
D4.2__Fig 2__SQUID_data__IVI_BS30_A1S1_I_contrl_+-0.15mA_285mK_191103__IVB__T_1p40K[0.000112500],1,down,5024,0.9994027473621342,0.9836450653043469
D4.2__Fig 2__SQUID_data__IVI_BS30_A1S1_I_contrl_+-0.15mA_285mK_191103__IVB__T_1p40K[0.000112500],2,up,2442,1.0,
D4.2__Fig 2__SQUID_data__IVI_BS30_A1S1_I_contrl_+-0.15mA_285mK_191103__IVB__T_1p40K[0.000112875],0,up,2535,0.9984214680347278,
D4.2__Fig 2__SQUID_data__IVI_BS30_A1S1_I_contrl_+-0.15mA_285mK_191103__IVB__T_1p40K[0.000112875],1,down,5024,0.9996018315747561,0.9843475347467991
D4.2__Fig 2__SQUID_data__IVI_BS30_A1S1_I_contrl_+-0.15mA_285mK_191103__IVB__T_1p40K[0.000112875],2,up,2441,1.0,
D4.2__Fig 2__SQUID_data__IVI_BS30_A1S1_I_contrl_+-0.15mA_285mK_191103__IVB__T_1p40K[0.000113250],0,up,2535,0.9992107340173638,
D4.2__Fig 2__SQUID_data__IVI_BS30_A1S1_I_contrl_+-0.15mA_285mK_191103__IVB__T_1p40K[0.000113250],1,down,5022,0.9996016729735112,0.9844520330814901
D4.2__Fig 2__SQUID_data__IVI_BS30_A1S1_I_contrl_+-0.15mA_285mK_191103__IVB__T_1p40K[0.000113250],2,up,2443,1.0,
D4.2__Fig 2__SQUID_data__IVI_BS30_A1S1_I_contrl_+-0.15mA_285mK_191103__IVB__T_1p40K[0.000113625],0,up,2535,0.999605367008682,
D4.2__Fig 2__SQUID_data__IVI_BS30_A1S1_I_contrl_+-0.15mA_285mK_191103__IVB__T_1p40K[0.000113625],1,down,5024,0.9996018315747561,0.98468146090951
D4.2__Fig 2__SQUID_data__IVI_BS30_A1S1_I_contrl_+-0.15mA_285mK_191103__IVB__T_1p40K[0.000113625],2,up,2441,1.0,
D4.2__Fig 2__SQUID_data__IVI_BS30_A1S1_I_contrl_+-0.15mA_285mK_191103__IVB__T_1p40K[0.000114000],0,up,2534,0.9992104224240032,
D4.2__Fig 2__SQUID_data__IVI_BS30_A1S1_I_contrl_+-0.15mA_285mK_191103__IVB__T_1p40K[0.000114000],1,down,5024,0.9998009157873781,0.9852456370581076
D4.2__Fig 2__SQUID_data__IVI_BS30_A1S1_I_contrl_+-0.15mA_285mK_191103__IVB__T_1p40K[0.000114000],2,up,2442,1.0,
D4.2__Fig 2__SQUID_data__IVI_BS30_A1S1_I_contrl_+-0.15mA_285mK_191103__IVB__T_1p40K[0.000114375],0,up,2535,0.9988161010260458,
D4.2__Fig 2__SQUID_data__IVI_BS30_A1S1_I_contrl_+-0.15mA_285mK_191103__IVB__T_1p40K[0.000114375],1,down,5022,0.9996016729735112,0.9839229269982089
D4.2__Fig 2__SQUID_data__IVI_BS30_A1S1_I_contrl_+-0.15mA_285mK_191103__IVB__T_1p40K[0.000114375],2,up,2443,1.0,
D4.2__Fig 2__SQUID_data__IVI_BS30_A1S1_I_contrl_+-0.15mA_285mK_191103__IVB__T_1p40K[0.000114750],0,up,2535,0.9992107340173638,
D4.2__Fig 2__SQUID_data__IVI_BS30_A1S1_I_contrl_+-0.15mA_285mK_191103__IVB__T_1p40K[0.000114750],1,down,5022,0.9998008364867557,0.984986270310437
D4.2__Fig 2__SQUID_data__IVI_BS30_A1S1_I_contrl_+-0.15mA_285mK_191103__IVB__T_1p40K[0.000114750],2,up,2443,0.9995904995904996,
D4.2__Fig 2__SQUID_data__IVI_BS30_A1S1_I_contrl_+-0.15mA_285mK_191103__IVB__T_1p40K[0.000115125],0,up,2535,0.9992107340173638,
D4.2__Fig 2__SQUID_data__IVI_BS30_A1S1_I_contrl_+-0.15mA_285mK_191103__IVB__T_1p40K[0.000115125],1,down,5022,0.9996016729735112,0.9844462495585634
D4.2__Fig 2__SQUID_data__IVI_BS30_A1S1_I_contrl_+-0.15mA_285mK_191103__IVB__T_1p40K[0.000115125],2,up,2443,1.0,
D4.2__Fig 2__SQUID_data__IVI_BS30_A1S1_I_contrl_+-0.15mA_285mK_191103__IVB__T_1p40K[0.000115500],0,up,2535,0.9992107340173638,
D4.2__Fig 2__SQUID_data__IVI_BS30_A1S1_I_contrl_+-0.15mA_285mK_191103__IVB__T_1p40K[0.000115500],1,down,5023,0.9994026284348865,0.9842722978470276
D4.2__Fig 2__SQUID_data__IVI_BS30_A1S1_I_contrl_+-0.15mA_285mK_191103__IVB__T_1p40K[0.000115500],2,up,2442,1.0,
D4.2__Fig 2__SQUID_data__IVI_BS30_A1S1_I_contrl_+-0.15mA_285mK_191103__IVB__T_1p40K[0.000115875],0,up,2535,0.999605367008682,
D4.2__Fig 2__SQUID_data__IVI_BS30_A1S1_I_contrl_+-0.15mA_285mK_191103__IVB__T_1p40K[0.000115875],1,down,5022,0.9994025094602669,0.9849825932762309
D4.2__Fig 2__SQUID_data__IVI_BS30_A1S1_I_contrl_+-0.15mA_285mK_191103__IVB__T_1p40K[0.000115875],2,up,2443,1.0,
D4.2__Fig 2__SQUID_data__IVI_BS30_A1S1_I_contrl_+-0.15mA_285mK_191103__IVB__T_1p40K[0.000116250],0,up,2536,0.9988165680473373,
D4.2__Fig 2__SQUID_data__IVI_BS30_A1S1_I_contrl_+-0.15mA_285mK_191103__IVB__T_1p40K[0.000116250],1,down,5021,0.999601593625498,0.9842801729644315
D4.2__Fig 2__SQUID_data__IVI_BS30_A1S1_I_contrl_+-0.15mA_285mK_191103__IVB__T_1p40K[0.000116250],2,up,2443,1.0,
D4.2__Fig 2__SQUID_data__IVI_BS30_A1S1_I_contrl_+-0.15mA_285mK_191103__IVB__T_1p40K[0.000116625],0,up,2534,0.9992104224240032,
D4.2__Fig 2__SQUID_data__IVI_BS30_A1S1_I_contrl_+-0.15mA_285mK_191103__IVB__T_1p40K[0.000116625],1,down,5024,0.9996018315747561,0.98469323058775
D4.2__Fig 2__SQUID_data__IVI_BS30_A1S1_I_contrl_+-0.15mA_285mK_191103__IVB__T_1p40K[0.000116625],2,up,2442,1.0,
D4.2__Fig 2__SQUID_data__IVI_BS30_A1S1_I_contrl_+-0.15mA_285mK_191103__IVB__T_1p40K[0.000117000],0,up,2535,0.9992107340173638,
D4.2__Fig 2__SQUID_data__IVI_BS30_A1S1_I_contrl_+-0.15mA_285mK_191103__IVB__T_1p40K[0.000117000],1,down,5022,0.9996016729735112,0.9842476748559322
D4.2__Fig 2__SQUID_data__IVI_BS30_A1S1_I_contrl_+-0.15mA_285mK_191103__IVB__T_1p40K[0.000117000],2,up,2443,1.0,
D4.2__Fig 2__SQUID_data__IVI_BS30_A1S1_I_contrl_+-0.15mA_285mK_191103__IVB__T_1p40K[0.000117375],0,up,2535,0.9988161010260458,
D4.2__Fig 2__SQUID_data__IVI_BS30_A1S1_I_contrl_+-0.15mA_285mK_191103__IVB__T_1p40K[0.000117375],1,down,5024,0.9988054947242684,0.985048960694845
D4.2__Fig 2__SQUID_data__IVI_BS30_A1S1_I_contrl_+-0.15mA_285mK_191103__IVB__T_1p40K[0.000117375],2,up,2441,1.0,
D4.2__Fig 2__SQUID_data__IVI_BS30_A1S1_I_contrl_+-0.15mA_285mK_191103__IVB__T_1p40K[0.000117750],0,up,2535,0.999605367008682,
D4.2__Fig 2__SQUID_data__IVI_BS30_A1S1_I_contrl_+-0.15mA_285mK_191103__IVB__T_1p40K[0.000117750],1,down,5023,0.9994026284348865,0.9840175735474823
D4.2__Fig 2__SQUID_data__IVI_BS30_A1S1_I_contrl_+-0.15mA_285mK_191103__IVB__T_1p40K[0.000117750],2,up,2442,1.0,
D4.2__Fig 2__SQUID_data__IVI_BS30_A1S1_I_contrl_+-0.15mA_285mK_191103__IVB__T_1p40K[0.000118125],0,up,2535,0.9992107340173638,
D4.2__Fig 2__SQUID_data__IVI_BS30_A1S1_I_contrl_+-0.15mA_285mK_191103__IVB__T_1p40K[0.000118125],1,down,5022,0.9996016729735112,0.9845949184608196
D4.2__Fig 2__SQUID_data__IVI_BS30_A1S1_I_contrl_+-0.15mA_285mK_191103__IVB__T_1p40K[0.000118125],2,up,2443,1.0,
D4.2__Fig 2__SQUID_data__IVI_BS30_A1S1_I_contrl_+-0.15mA_285mK_191103__IVB__T_1p40K[0.000118500],0,up,2535,0.9988161010260458,
D4.2__Fig 2__SQUID_data__IVI_BS30_A1S1_I_contrl_+-0.15mA_285mK_191103__IVB__T_1p40K[0.000118500],1,down,5023,0.9994026284348865,0.9848512391082807
D4.2__Fig 2__SQUID_data__IVI_BS30_A1S1_I_contrl_+-0.15mA_285mK_191103__IVB__T_1p40K[0.000118500],2,up,2442,1.0,
D4.2__Fig 2__SQUID_data__IVI_BS30_A1S1_I_contrl_+-0.15mA_285mK_191103__IVB__T_1p40K[0.000118875],0,up,2535,0.9988161010260458,
D4.2__Fig 2__SQUID_data__IVI_BS30_A1S1_I_contrl_+-0.15mA_285mK_191103__IVB__T_1p40K[0.000118875],1,down,5022,0.9994025094602669,0.9841096970670828
D4.2__Fig 2__SQUID_data__IVI_BS30_A1S1_I_contrl_+-0.15mA_285mK_191103__IVB__T_1p40K[0.000118875],2,up,2443,1.0,
D4.2__Fig 2__SQUID_data__IVI_BS30_A1S1_I_contrl_+-0.15mA_285mK_191103__IVB__T_1p40K[0.000119250],0,up,2535,0.9988161010260458,
D4.2__Fig 2__SQUID_data__IVI_BS30_A1S1_I_contrl_+-0.15mA_285mK_191103__IVB__T_1p40K[0.000119250],1,down,5023,0.9994026284348865,0.9844662241926768
D4.2__Fig 2__SQUID_data__IVI_BS30_A1S1_I_contrl_+-0.15mA_285mK_191103__IVB__T_1p40K[0.000119250],2,up,2442,1.0,
D4.2__Fig 2__SQUID_data__IVI_BS30_A1S1_I_contrl_+-0.15mA_285mK_191103__IVB__T_1p40K[0.000119625],0,up,2535,0.9992107340173638,
D4.2__Fig 2__SQUID_data__IVI_BS30_A1S1_I_contrl_+-0.15mA_285mK_191103__IVB__T_1p40K[0.000119625],1,down,5023,0.9994026284348865,0.9847658218141745
D4.2__Fig 2__SQUID_data__IVI_BS30_A1S1_I_contrl_+-0.15mA_285mK_191103__IVB__T_1p40K[0.000119625],2,up,2442,1.0,
D4.2__Fig 2__SQUID_data__IVI_BS30_A1S1_I_contrl_+-0.15mA_285mK_191103__IVB__T_1p40K[0.000120000],0,up,2535,0.9984214680347278,
D4.2__Fig 2__SQUID_data__IVI_BS30_A1S1_I_contrl_+-0.15mA_285mK_191103__IVB__T_1p40K[0.000120000],1,down,5023,0.9996017522899243,0.9842491307291298
D4.2__Fig 2__SQUID_data__IVI_BS30_A1S1_I_contrl_+-0.15mA_285mK_191103__IVB__T_1p40K[0.000120000],2,up,2442,1.0,
D4.2__Fig 2__SQUID_data__IVI_BS30_A1S1_I_contrl_+-0.15mA_285mK_191103__IVB__T_1p40K[0.000120375],0,up,2536,0.9988165680473373,
D4.2__Fig 2__SQUID_data__IVI_BS30_A1S1_I_contrl_+-0.15mA_285mK_191103__IVB__T_1p40K[0.000120375],1,down,5022,0.9996016729735112,0.9844076263936645
D4.2__Fig 2__SQUID_data__IVI_BS30_A1S1_I_contrl_+-0.15mA_285mK_191103__IVB__T_1p40K[0.000120375],2,up,2442,1.0,
D4.2__Fig 2__SQUID_data__IVI_BS30_A1S1_I_contrl_+-0.15mA_285mK_191103__IVB__T_1p40K[0.000120750],0,up,2535,0.9988161010260458,
D4.2__Fig 2__SQUID_data__IVI_BS30_A1S1_I_contrl_+-0.15mA_285mK_191103__IVB__T_1p40K[0.000120750],1,down,5023,0.9994026284348865,0.9846500605252231
D4.2__Fig 2__SQUID_data__IVI_BS30_A1S1_I_contrl_+-0.15mA_285mK_191103__IVB__T_1p40K[0.000120750],2,up,2442,1.0,
D4.2__Fig 2__SQUID_data__IVI_BS30_A1S1_I_contrl_+-0.15mA_285mK_191103__IVB__T_1p40K[0.000121125],0,up,2535,0.9988161010260458,
D4.2__Fig 2__SQUID_data__IVI_BS30_A1S1_I_contrl_+-0.15mA_285mK_191103__IVB__T_1p40K[0.000121125],1,down,5023,0.9996017522899243,0.9845739677412219
D4.2__Fig 2__SQUID_data__IVI_BS30_A1S1_I_contrl_+-0.15mA_285mK_191103__IVB__T_1p40K[0.000121125],2,up,2442,1.0,
D4.2__Fig 2__SQUID_data__IVI_BS30_A1S1_I_contrl_+-0.15mA_285mK_191103__IVB__T_1p40K[0.000121500],0,up,2535,0.9992107340173638,
D4.2__Fig 2__SQUID_data__IVI_BS30_A1S1_I_contrl_+-0.15mA_285mK_191103__IVB__T_1p40K[0.000121500],1,down,5023,0.9998008761449622,0.9847859760278024
D4.2__Fig 2__SQUID_data__IVI_BS30_A1S1_I_contrl_+-0.15mA_285mK_191103__IVB__T_1p40K[0.000121500],2,up,2442,1.0,
D4.2__Fig 2__SQUID_data__IVI_BS30_A1S1_I_contrl_+-0.15mA_285mK_191103__IVB__T_1p40K[0.000121875],0,up,2535,0.9992107340173638,
D4.2__Fig 2__SQUID_data__IVI_BS30_A1S1_I_contrl_+-0.15mA_285mK_191103__IVB__T_1p40K[0.000121875],1,down,5022,0.9996016729735112,0.9840915561987281
D4.2__Fig 2__SQUID_data__IVI_BS30_A1S1_I_contrl_+-0.15mA_285mK_191103__IVB__T_1p40K[0.000121875],2,up,2443,1.0,
D4.2__Fig 2__SQUID_data__IVI_BS30_A1S1_I_contrl_+-0.15mA_285mK_191103__IVB__T_1p40K[0.000122250],0,up,2534,0.9988156336360048,
D4.2__Fig 2__SQUID_data__IVI_BS30_A1S1_I_contrl_+-0.15mA_285mK_191103__IVB__T_1p40K[0.000122250],1,down,5023,0.9994026284348865,0.9838893388657708
D4.2__Fig 2__SQUID_data__IVI_BS30_A1S1_I_contrl_+-0.15mA_285mK_191103__IVB__T_1p40K[0.000122250],2,up,2443,1.0,
D4.2__Fig 2__SQUID_data__IVI_BS30_A1S1_I_contrl_+-0.15mA_285mK_191103__IVB__T_1p40K[0.000122625],0,up,2535,0.9984214680347278,
D4.2__Fig 2__SQUID_data__IVI_BS30_A1S1_I_contrl_+-0.15mA_285mK_191103__IVB__T_1p40K[0.000122625],1,down,5022,0.9994025094602669,0.9847189643223815
D4.2__Fig 2__SQUID_data__IVI_BS30_A1S1_I_contrl_+-0.15mA_285mK_191103__IVB__T_1p40K[0.000122625],2,up,2443,1.0,
D4.2__Fig 2__SQUID_data__IVI_BS30_A1S1_I_contrl_+-0.15mA_285mK_191103__IVB__T_1p40K[0.000123000],0,up,2535,0.9988161010260458,
D4.2__Fig 2__SQUID_data__IVI_BS30_A1S1_I_contrl_+-0.15mA_285mK_191103__IVB__T_1p40K[0.000123000],1,down,5023,0.9994026284348865,0.9846073516287357
D4.2__Fig 2__SQUID_data__IVI_BS30_A1S1_I_contrl_+-0.15mA_285mK_191103__IVB__T_1p40K[0.000123000],2,up,2442,1.0,
D4.2__Fig 2__SQUID_data__IVI_BS30_A1S1_I_contrl_+-0.15mA_285mK_191103__IVB__T_1p40K[0.000123375],0,up,2536,0.9992110453648915,
D4.2__Fig 2__SQUID_data__IVI_BS30_A1S1_I_contrl_+-0.15mA_285mK_191103__IVB__T_1p40K[0.000123375],1,down,5022,0.9994025094602669,0.983652507900919
D4.2__Fig 2__SQUID_data__IVI_BS30_A1S1_I_contrl_+-0.15mA_285mK_191103__IVB__T_1p40K[0.000123375],2,up,2442,1.0,
D4.2__Fig 2__SQUID_data__IVI_BS30_A1S1_I_contrl_+-0.15mA_285mK_191103__IVB__T_1p40K[0.000123750],0,up,2536,0.998422090729783,
D4.2__Fig 2__SQUID_data__IVI_BS30_A1S1_I_contrl_+-0.15mA_285mK_191103__IVB__T_1p40K[0.000123750],1,down,5022,0.9994025094602669,0.985183424109386
D4.2__Fig 2__SQUID_data__IVI_BS30_A1S1_I_contrl_+-0.15mA_285mK_191103__IVB__T_1p40K[0.000123750],2,up,2442,1.0,
D4.2__Fig 2__SQUID_data__IVI_BS30_A1S1_I_contrl_+-0.15mA_285mK_191103__IVB__T_1p40K[0.000124125],0,up,2534,0.9996052112120016,
D4.2__Fig 2__SQUID_data__IVI_BS30_A1S1_I_contrl_+-0.15mA_285mK_191103__IVB__T_1p40K[0.000124125],1,down,5023,1.0,0.9841987528570267
D4.2__Fig 2__SQUID_data__IVI_BS30_A1S1_I_contrl_+-0.15mA_285mK_191103__IVB__T_1p40K[0.000124125],2,up,2443,1.0,
D4.2__Fig 2__SQUID_data__IVI_BS30_A1S1_I_contrl_+-0.15mA_285mK_191103__IVB__T_1p40K[0.000124500],0,up,2534,0.9988156336360048,
D4.2__Fig 2__SQUID_data__IVI_BS30_A1S1_I_contrl_+-0.15mA_285mK_191103__IVB__T_1p40K[0.000124500],1,down,5024,0.9994027473621342,0.9841558208869798
D4.2__Fig 2__SQUID_data__IVI_BS30_A1S1_I_contrl_+-0.15mA_285mK_191103__IVB__T_1p40K[0.000124500],2,up,2442,1.0,
D4.2__Fig 2__SQUID_data__IVI_BS30_A1S1_I_contrl_+-0.15mA_285mK_191103__IVB__T_1p40K[0.000124875],0,up,2535,0.9988161010260458,
D4.2__Fig 2__SQUID_data__IVI_BS30_A1S1_I_contrl_+-0.15mA_285mK_191103__IVB__T_1p40K[0.000124875],1,down,5023,0.9994026284348865,0.9848204167152924
D4.2__Fig 2__SQUID_data__IVI_BS30_A1S1_I_contrl_+-0.15mA_285mK_191103__IVB__T_1p40K[0.000124875],2,up,2442,1.0,
D4.2__Fig 2__SQUID_data__IVI_BS30_A1S1_I_contrl_+-0.15mA_285mK_191103__IVB__T_1p40K[0.000125250],0,up,2534,0.9988156336360048,
D4.2__Fig 2__SQUID_data__IVI_BS30_A1S1_I_contrl_+-0.15mA_285mK_191103__IVB__T_1p40K[0.000125250],1,down,5023,0.9996017522899243,0.984125802182428
D4.2__Fig 2__SQUID_data__IVI_BS30_A1S1_I_contrl_+-0.15mA_285mK_191103__IVB__T_1p40K[0.000125250],2,up,2443,1.0,
D4.2__Fig 2__SQUID_data__IVI_BS30_A1S1_I_contrl_+-0.15mA_285mK_191103__IVB__T_1p40K[0.000125625],0,up,2536,0.9992110453648915,
D4.2__Fig 2__SQUID_data__IVI_BS30_A1S1_I_contrl_+-0.15mA_285mK_191103__IVB__T_1p40K[0.000125625],1,down,5022,0.9994025094602669,0.9844451960955034
D4.2__Fig 2__SQUID_data__IVI_BS30_A1S1_I_contrl_+-0.15mA_285mK_191103__IVB__T_1p40K[0.000125625],2,up,2442,1.0,
D4.2__Fig 2__SQUID_data__IVI_BS30_A1S1_I_contrl_+-0.15mA_285mK_191103__IVB__T_1p40K[0.000126000],0,up,2535,0.9988161010260458,
D4.2__Fig 2__SQUID_data__IVI_BS30_A1S1_I_contrl_+-0.15mA_285mK_191103__IVB__T_1p40K[0.000126000],1,down,5024,0.9992036631495123,0.9844721929153057
D4.2__Fig 2__SQUID_data__IVI_BS30_A1S1_I_contrl_+-0.15mA_285mK_191103__IVB__T_1p40K[0.000126000],2,up,2441,1.0,
D4.2__Fig 2__SQUID_data__IVI_BS30_A1S1_I_contrl_+-0.15mA_285mK_191103__IVB__T_1p40K[0.000126375],0,up,2534,0.9992104224240032,
D4.2__Fig 2__SQUID_data__IVI_BS30_A1S1_I_contrl_+-0.15mA_285mK_191103__IVB__T_1p40K[0.000126375],1,down,5023,0.9996017522899243,0.9845127910345827
D4.2__Fig 2__SQUID_data__IVI_BS30_A1S1_I_contrl_+-0.15mA_285mK_191103__IVB__T_1p40K[0.000126375],2,up,2443,1.0,
D4.2__Fig 2__SQUID_data__IVI_BS30_A1S1_I_contrl_+-0.15mA_285mK_191103__IVB__T_1p40K[0.000126750],0,up,2535,0.9988161010260458,
D4.2__Fig 2__SQUID_data__IVI_BS30_A1S1_I_contrl_+-0.15mA_285mK_191103__IVB__T_1p40K[0.000126750],1,down,5023,0.9996017522899243,0.9851209726043059
D4.2__Fig 2__SQUID_data__IVI_BS30_A1S1_I_contrl_+-0.15mA_285mK_191103__IVB__T_1p40K[0.000126750],2,up,2442,1.0,
D4.2__Fig 2__SQUID_data__IVI_BS30_A1S1_I_contrl_+-0.15mA_285mK_191103__IVB__T_1p40K[0.000127125],0,up,2535,0.9984214680347278,
D4.2__Fig 2__SQUID_data__IVI_BS30_A1S1_I_contrl_+-0.15mA_285mK_191103__IVB__T_1p40K[0.000127125],1,down,5022,0.9996016729735112,0.9839394139698595
D4.2__Fig 2__SQUID_data__IVI_BS30_A1S1_I_contrl_+-0.15mA_285mK_191103__IVB__T_1p40K[0.000127125],2,up,2443,1.0,
D4.2__Fig 2__SQUID_data__IVI_BS30_A1S1_I_contrl_+-0.15mA_285mK_191103__IVB__T_1p40K[0.000127500],0,up,2535,0.9988161010260458,
D4.2__Fig 2__SQUID_data__IVI_BS30_A1S1_I_contrl_+-0.15mA_285mK_191103__IVB__T_1p40K[0.000127500],1,down,5023,0.9992035045798486,0.9848764008844255
D4.2__Fig 2__SQUID_data__IVI_BS30_A1S1_I_contrl_+-0.15mA_285mK_191103__IVB__T_1p40K[0.000127500],2,up,2442,1.0,
D4.2__Fig 2__SQUID_data__IVI_BS30_A1S1_I_contrl_+-0.15mA_285mK_191103__IVB__T_1p40K[0.000127875],0,up,2535,0.9992107340173638,
D4.2__Fig 2__SQUID_data__IVI_BS30_A1S1_I_contrl_+-0.15mA_285mK_191103__IVB__T_1p40K[0.000127875],1,down,5022,0.9996016729735112,0.9840972762530268
D4.2__Fig 2__SQUID_data__IVI_BS30_A1S1_I_contrl_+-0.15mA_285mK_191103__IVB__T_1p40K[0.000127875],2,up,2443,1.0,
D4.2__Fig 2__SQUID_data__IVI_BS30_A1S1_I_contrl_+-0.15mA_285mK_191103__IVB__T_1p40K[0.000128250],0,up,2535,0.9988161010260458,
D4.2__Fig 2__SQUID_data__IVI_BS30_A1S1_I_contrl_+-0.15mA_285mK_191103__IVB__T_1p40K[0.000128250],1,down,5022,0.9996016729735112,0.9841683784167574
D4.2__Fig 2__SQUID_data__IVI_BS30_A1S1_I_contrl_+-0.15mA_285mK_191103__IVB__T_1p40K[0.000128250],2,up,2443,1.0,
D4.2__Fig 2__SQUID_data__IVI_BS30_A1S1_I_contrl_+-0.15mA_285mK_191103__IVB__T_1p40K[0.000128625],0,up,2535,0.9992107340173638,
D4.2__Fig 2__SQUID_data__IVI_BS30_A1S1_I_contrl_+-0.15mA_285mK_191103__IVB__T_1p40K[0.000128625],1,down,5023,0.9998008761449622,0.9845112281524117
D4.2__Fig 2__SQUID_data__IVI_BS30_A1S1_I_contrl_+-0.15mA_285mK_191103__IVB__T_1p40K[0.000128625],2,up,2442,1.0,
D4.2__Fig 2__SQUID_data__IVI_BS30_A1S1_I_contrl_+-0.15mA_285mK_191103__IVB__T_1p40K[0.000129000],0,up,2534,0.9992104224240032,
D4.2__Fig 2__SQUID_data__IVI_BS30_A1S1_I_contrl_+-0.15mA_285mK_191103__IVB__T_1p40K[0.000129000],1,down,5023,0.9994026284348865,0.9845713651672753
D4.2__Fig 2__SQUID_data__IVI_BS30_A1S1_I_contrl_+-0.15mA_285mK_191103__IVB__T_1p40K[0.000129000],2,up,2443,0.9995904995904996,
D4.2__Fig 2__SQUID_data__IVI_BS30_A1S1_I_contrl_+-0.15mA_285mK_191103__IVB__T_1p40K[0.000129375],0,up,2535,0.9992107340173638,
D4.2__Fig 2__SQUID_data__IVI_BS30_A1S1_I_contrl_+-0.15mA_285mK_191103__IVB__T_1p40K[0.000129375],1,down,5022,0.9996016729735112,0.9838842548407549
D4.2__Fig 2__SQUID_data__IVI_BS30_A1S1_I_contrl_+-0.15mA_285mK_191103__IVB__T_1p40K[0.000129375],2,up,2443,1.0,
D4.2__Fig 2__SQUID_data__IVI_BS30_A1S1_I_contrl_+-0.15mA_285mK_191103__IVB__T_1p40K[0.000129750],0,up,2534,0.9988156336360048,
D4.2__Fig 2__SQUID_data__IVI_BS30_A1S1_I_contrl_+-0.15mA_285mK_191103__IVB__T_1p40K[0.000129750],1,down,5025,0.9998009554140127,0.9838096684706693
D4.2__Fig 2__SQUID_data__IVI_BS30_A1S1_I_contrl_+-0.15mA_285mK_191103__IVB__T_1p40K[0.000129750],2,up,2441,1.0,
D4.2__Fig 2__SQUID_data__IVI_BS30_A1S1_I_contrl_+-0.15mA_285mK_191103__IVB__T_1p40K[0.000130125],0,up,2535,0.9988161010260458,
D4.2__Fig 2__SQUID_data__IVI_BS30_A1S1_I_contrl_+-0.15mA_285mK_191103__IVB__T_1p40K[0.000130125],1,down,5022,0.9996016729735112,0.9855839173965005
D4.2__Fig 2__SQUID_data__IVI_BS30_A1S1_I_contrl_+-0.15mA_285mK_191103__IVB__T_1p40K[0.000130125],2,up,2443,0.9995904995904996,
D4.2__Fig 2__SQUID_data__IVI_BS30_A1S1_I_contrl_+-0.15mA_285mK_191103__IVB__T_1p40K[0.000130500],0,up,2534,0.9992104224240032,
D4.2__Fig 2__SQUID_data__IVI_BS30_A1S1_I_contrl_+-0.15mA_285mK_191103__IVB__T_1p40K[0.000130500],1,down,5024,0.9996018315747561,0.9844304845943243
D4.2__Fig 2__SQUID_data__IVI_BS30_A1S1_I_contrl_+-0.15mA_285mK_191103__IVB__T_1p40K[0.000130500],2,up,2442,1.0,
D4.2__Fig 2__SQUID_data__IVI_BS30_A1S1_I_contrl_+-0.15mA_285mK_191103__IVB__T_1p40K[0.000130875],0,up,2534,0.9992104224240032,
D4.2__Fig 2__SQUID_data__IVI_BS30_A1S1_I_contrl_+-0.15mA_285mK_191103__IVB__T_1p40K[0.000130875],1,down,5024,0.9996018315747561,0.9835709352389446
D4.2__Fig 2__SQUID_data__IVI_BS30_A1S1_I_contrl_+-0.15mA_285mK_191103__IVB__T_1p40K[0.000130875],2,up,2442,1.0,
D4.2__Fig 2__SQUID_data__IVI_BS30_A1S1_I_contrl_+-0.15mA_285mK_191103__IVB__T_1p40K[0.000131250],0,up,2535,0.999605367008682,
D4.2__Fig 2__SQUID_data__IVI_BS30_A1S1_I_contrl_+-0.15mA_285mK_191103__IVB__T_1p40K[0.000131250],1,down,5023,0.9994026284348865,0.9847765284356712
D4.2__Fig 2__SQUID_data__IVI_BS30_A1S1_I_contrl_+-0.15mA_285mK_191103__IVB__T_1p40K[0.000131250],2,up,2442,1.0,
D4.2__Fig 2__SQUID_data__IVI_BS30_A1S1_I_contrl_+-0.15mA_285mK_191103__IVB__T_1p40K[0.000131625],0,up,2535,0.9988161010260458,
D4.2__Fig 2__SQUID_data__IVI_BS30_A1S1_I_contrl_+-0.15mA_285mK_191103__IVB__T_1p40K[0.000131625],1,down,5022,0.9996016729735112,0.9843610970922559
D4.2__Fig 2__SQUID_data__IVI_BS30_A1S1_I_contrl_+-0.15mA_285mK_191103__IVB__T_1p40K[0.000131625],2,up,2443,1.0,
D4.2__Fig 2__SQUID_data__IVI_BS30_A1S1_I_contrl_+-0.15mA_285mK_191103__IVB__T_1p40K[0.000132000],0,up,2535,0.9992107340173638,
D4.2__Fig 2__SQUID_data__IVI_BS30_A1S1_I_contrl_+-0.15mA_285mK_191103__IVB__T_1p40K[0.000132000],1,down,5022,0.9996016729735112,0.9841588342304596
D4.2__Fig 2__SQUID_data__IVI_BS30_A1S1_I_contrl_+-0.15mA_285mK_191103__IVB__T_1p40K[0.000132000],2,up,2443,1.0,
D4.2__Fig 2__SQUID_data__IVI_BS30_A1S1_I_contrl_+-0.15mA_285mK_191103__IVB__T_1p40K[0.000132375],0,up,2535,0.9992107340173638,
D4.2__Fig 2__SQUID_data__IVI_BS30_A1S1_I_contrl_+-0.15mA_285mK_191103__IVB__T_1p40K[0.000132375],1,down,5024,0.9994027473621342,0.9850560868835901
D4.2__Fig 2__SQUID_data__IVI_BS30_A1S1_I_contrl_+-0.15mA_285mK_191103__IVB__T_1p40K[0.000132375],2,up,2441,1.0,
D4.2__Fig 2__SQUID_data__IVI_BS30_A1S1_I_contrl_+-0.15mA_285mK_191103__IVB__T_1p40K[0.000132750],0,up,2535,0.9992107340173638,
D4.2__Fig 2__SQUID_data__IVI_BS30_A1S1_I_contrl_+-0.15mA_285mK_191103__IVB__T_1p40K[0.000132750],1,down,5023,0.9994026284348865,0.984328174553092
D4.2__Fig 2__SQUID_data__IVI_BS30_A1S1_I_contrl_+-0.15mA_285mK_191103__IVB__T_1p40K[0.000132750],2,up,2442,1.0,
D4.2__Fig 2__SQUID_data__IVI_BS30_A1S1_I_contrl_+-0.15mA_285mK_191103__IVB__T_1p40K[0.000133125],0,up,2534,0.9992104224240032,
D4.2__Fig 2__SQUID_data__IVI_BS30_A1S1_I_contrl_+-0.15mA_285mK_191103__IVB__T_1p40K[0.000133125],1,down,5024,0.9994027473621342,0.9846854010933322
D4.2__Fig 2__SQUID_data__IVI_BS30_A1S1_I_contrl_+-0.15mA_285mK_191103__IVB__T_1p40K[0.000133125],2,up,2442,1.0,
D4.2__Fig 2__SQUID_data__IVI_BS30_A1S1_I_contrl_+-0.15mA_285mK_191103__IVB__T_1p40K[0.000133500],0,up,2535,0.9988161010260458,
D4.2__Fig 2__SQUID_data__IVI_BS30_A1S1_I_contrl_+-0.15mA_285mK_191103__IVB__T_1p40K[0.000133500],1,down,5023,0.9996017522899243,0.9843149483595578
D4.2__Fig 2__SQUID_data__IVI_BS30_A1S1_I_contrl_+-0.15mA_285mK_191103__IVB__T_1p40K[0.000133500],2,up,2442,1.0,
D4.2__Fig 2__SQUID_data__IVI_BS30_A1S1_I_contrl_+-0.15mA_285mK_191103__IVB__T_1p40K[0.000133875],0,up,2534,0.9992104224240032,
D4.2__Fig 2__SQUID_data__IVI_BS30_A1S1_I_contrl_+-0.15mA_285mK_191103__IVB__T_1p40K[0.000133875],1,down,5023,0.9996017522899243,0.9840676935767736
D4.2__Fig 2__SQUID_data__IVI_BS30_A1S1_I_contrl_+-0.15mA_285mK_191103__IVB__T_1p40K[0.000133875],2,up,2443,1.0,
D4.2__Fig 2__SQUID_data__IVI_BS30_A1S1_I_contrl_+-0.15mA_285mK_191103__IVB__T_1p40K[0.000134250],0,up,2535,0.9992107340173638,
D4.2__Fig 2__SQUID_data__IVI_BS30_A1S1_I_contrl_+-0.15mA_285mK_191103__IVB__T_1p40K[0.000134250],1,down,5023,0.9996017522899243,0.9848026285038838
D4.2__Fig 2__SQUID_data__IVI_BS30_A1S1_I_contrl_+-0.15mA_285mK_191103__IVB__T_1p40K[0.000134250],2,up,2442,1.0,
D4.2__Fig 2__SQUID_data__IVI_BS30_A1S1_I_contrl_+-0.15mA_285mK_191103__IVB__T_1p40K[0.000134625],0,up,2535,0.999605367008682,
D4.2__Fig 2__SQUID_data__IVI_BS30_A1S1_I_contrl_+-0.15mA_285mK_191103__IVB__T_1p40K[0.000134625],1,down,5022,0.9996016729735112,0.9842724705833118
D4.2__Fig 2__SQUID_data__IVI_BS30_A1S1_I_contrl_+-0.15mA_285mK_191103__IVB__T_1p40K[0.000134625],2,up,2443,0.9995904995904996,
D4.2__Fig 2__SQUID_data__IVI_BS30_A1S1_I_contrl_+-0.15mA_285mK_191103__IVB__T_1p40K[0.000135000],0,up,2534,0.9992104224240032,
D4.2__Fig 2__SQUID_data__IVI_BS30_A1S1_I_contrl_+-0.15mA_285mK_191103__IVB__T_1p40K[0.000135000],1,down,5024,0.9996018315747561,0.9842401174271801
D4.2__Fig 2__SQUID_data__IVI_BS30_A1S1_I_contrl_+-0.15mA_285mK_191103__IVB__T_1p40K[0.000135000],2,up,2442,1.0,
D4.2__Fig 2__SQUID_data__IVI_BS30_A1S1_I_contrl_+-0.15mA_285mK_191103__IVB__T_1p40K[0.000135375],0,up,2535,0.9984214680347278,
D4.2__Fig 2__SQUID_data__IVI_BS30_A1S1_I_contrl_+-0.15mA_285mK_191103__IVB__T_1p40K[0.000135375],1,down,5022,0.9996016729735112,0.9851805520428503
D4.2__Fig 2__SQUID_data__IVI_BS30_A1S1_I_contrl_+-0.15mA_285mK_191103__IVB__T_1p40K[0.000135375],2,up,2443,1.0,
D4.2__Fig 2__SQUID_data__IVI_BS30_A1S1_I_contrl_+-0.15mA_285mK_191103__IVB__T_1p40K[0.000135750],0,up,2535,0.9992107340173638,
D4.2__Fig 2__SQUID_data__IVI_BS30_A1S1_I_contrl_+-0.15mA_285mK_191103__IVB__T_1p40K[0.000135750],1,down,5023,0.9994026284348865,0.984552665322237
D4.2__Fig 2__SQUID_data__IVI_BS30_A1S1_I_contrl_+-0.15mA_285mK_191103__IVB__T_1p40K[0.000135750],2,up,2442,1.0,
D4.2__Fig 2__SQUID_data__IVI_BS30_A1S1_I_contrl_+-0.15mA_285mK_191103__IVB__T_1p40K[0.000136125],0,up,2535,0.9992107340173638,
D4.2__Fig 2__SQUID_data__IVI_BS30_A1S1_I_contrl_+-0.15mA_285mK_191103__IVB__T_1p40K[0.000136125],1,down,5022,0.9996016729735112,0.9839808066425378
D4.2__Fig 2__SQUID_data__IVI_BS30_A1S1_I_contrl_+-0.15mA_285mK_191103__IVB__T_1p40K[0.000136125],2,up,2443,1.0,
D4.2__Fig 2__SQUID_data__IVI_BS30_A1S1_I_contrl_+-0.15mA_285mK_191103__IVB__T_1p40K[0.000136500],0,up,2535,0.9988161010260458,
D4.2__Fig 2__SQUID_data__IVI_BS30_A1S1_I_contrl_+-0.15mA_285mK_191103__IVB__T_1p40K[0.000136500],1,down,5023,0.9994026284348865,0.9851821945797765
D4.2__Fig 2__SQUID_data__IVI_BS30_A1S1_I_contrl_+-0.15mA_285mK_191103__IVB__T_1p40K[0.000136500],2,up,2442,0.9995903318312167,
D4.2__Fig 2__SQUID_data__IVI_BS30_A1S1_I_contrl_+-0.15mA_285mK_191103__IVB__T_1p40K[0.000136875],0,up,2534,0.9996052112120016,
D4.2__Fig 2__SQUID_data__IVI_BS30_A1S1_I_contrl_+-0.15mA_285mK_191103__IVB__T_1p40K[0.000136875],1,down,5024,0.9994027473621342,0.9843449006100151
D4.2__Fig 2__SQUID_data__IVI_BS30_A1S1_I_contrl_+-0.15mA_285mK_191103__IVB__T_1p40K[0.000136875],2,up,2442,1.0,
D4.2__Fig 2__SQUID_data__IVI_BS30_A1S1_I_contrl_+-0.15mA_285mK_191103__IVB__T_1p40K[0.000137250],0,up,2534,0.9992104224240032,
D4.2__Fig 2__SQUID_data__IVI_BS30_A1S1_I_contrl_+-0.15mA_285mK_191103__IVB__T_1p40K[0.000137250],1,down,5024,0.9998009157873781,0.9843476874724929
D4.2__Fig 2__SQUID_data__IVI_BS30_A1S1_I_contrl_+-0.15mA_285mK_191103__IVB__T_1p40K[0.000137250],2,up,2442,1.0,
D4.2__Fig 2__SQUID_data__IVI_BS30_A1S1_I_contrl_+-0.15mA_285mK_191103__IVB__T_1p40K[0.000137625],0,up,2535,0.999605367008682,
D4.2__Fig 2__SQUID_data__IVI_BS30_A1S1_I_contrl_+-0.15mA_285mK_191103__IVB__T_1p40K[0.000137625],1,down,5023,0.9996017522899243,0.9848340404950425
D4.2__Fig 2__SQUID_data__IVI_BS30_A1S1_I_contrl_+-0.15mA_285mK_191103__IVB__T_1p40K[0.000137625],2,up,2442,1.0,
D4.2__Fig 2__SQUID_data__IVI_BS30_A1S1_I_contrl_+-0.15mA_285mK_191103__IVB__T_1p40K[0.000138000],0,up,2535,0.9984214680347278,
D4.2__Fig 2__SQUID_data__IVI_BS30_A1S1_I_contrl_+-0.15mA_285mK_191103__IVB__T_1p40K[0.000138000],1,down,5023,0.9996017522899243,0.9843936821837426
D4.2__Fig 2__SQUID_data__IVI_BS30_A1S1_I_contrl_+-0.15mA_285mK_191103__IVB__T_1p40K[0.000138000],2,up,2442,0.9995903318312167,
D4.2__Fig 2__SQUID_data__IVI_BS30_A1S1_I_contrl_+-0.15mA_285mK_191103__IVB__T_1p40K[0.000138375],0,up,2535,0.9988161010260458,
D4.2__Fig 2__SQUID_data__IVI_BS30_A1S1_I_contrl_+-0.15mA_285mK_191103__IVB__T_1p40K[0.000138375],1,down,5023,0.9994026284348865,0.9845647748674603
D4.2__Fig 2__SQUID_data__IVI_BS30_A1S1_I_contrl_+-0.15mA_285mK_191103__IVB__T_1p40K[0.000138375],2,up,2442,0.9995903318312167,
D4.2__Fig 2__SQUID_data__IVI_BS30_A1S1_I_contrl_+-0.15mA_285mK_191103__IVB__T_1p40K[0.000138750],0,up,2535,0.9992107340173638,
D4.2__Fig 2__SQUID_data__IVI_BS30_A1S1_I_contrl_+-0.15mA_285mK_191103__IVB__T_1p40K[0.000138750],1,down,5022,0.9998008364867557,0.9841178016367632
D4.2__Fig 2__SQUID_data__IVI_BS30_A1S1_I_contrl_+-0.15mA_285mK_191103__IVB__T_1p40K[0.000138750],2,up,2443,1.0,
D4.2__Fig 2__SQUID_data__IVI_BS30_A1S1_I_contrl_+-0.15mA_285mK_191103__IVB__T_1p40K[0.000139125],0,up,2534,0.9996052112120016,
D4.2__Fig 2__SQUID_data__IVI_BS30_A1S1_I_contrl_+-0.15mA_285mK_191103__IVB__T_1p40K[0.000139125],1,down,5025,0.9992038216560509,0.9842303439595498
D4.2__Fig 2__SQUID_data__IVI_BS30_A1S1_I_contrl_+-0.15mA_285mK_191103__IVB__T_1p40K[0.000139125],2,up,2441,1.0,
D4.2__Fig 2__SQUID_data__IVI_BS30_A1S1_I_contrl_+-0.15mA_285mK_191103__IVB__T_1p40K[0.000139500],0,up,2536,0.9992110453648915,
D4.2__Fig 2__SQUID_data__IVI_BS30_A1S1_I_contrl_+-0.15mA_285mK_191103__IVB__T_1p40K[0.000139500],1,down,5021,0.999601593625498,0.984792276041229
D4.2__Fig 2__SQUID_data__IVI_BS30_A1S1_I_contrl_+-0.15mA_285mK_191103__IVB__T_1p40K[0.000139500],2,up,2443,1.0,
D4.2__Fig 2__SQUID_data__IVI_BS30_A1S1_I_contrl_+-0.15mA_285mK_191103__IVB__T_1p40K[0.000139875],0,up,2534,0.9992104224240032,
D4.2__Fig 2__SQUID_data__IVI_BS30_A1S1_I_contrl_+-0.15mA_285mK_191103__IVB__T_1p40K[0.000139875],1,down,5024,0.9994027473621342,0.9840688077389058
D4.2__Fig 2__SQUID_data__IVI_BS30_A1S1_I_contrl_+-0.15mA_285mK_191103__IVB__T_1p40K[0.000139875],2,up,2442,1.0,
D4.2__Fig 2__SQUID_data__IVI_BS30_A1S1_I_contrl_+-0.15mA_285mK_191103__IVB__T_1p40K[0.000140250],0,up,2534,0.9996052112120016,
D4.2__Fig 2__SQUID_data__IVI_BS30_A1S1_I_contrl_+-0.15mA_285mK_191103__IVB__T_1p40K[0.000140250],1,down,5024,0.9994027473621342,0.9844367024369969
D4.2__Fig 2__SQUID_data__IVI_BS30_A1S1_I_contrl_+-0.15mA_285mK_191103__IVB__T_1p40K[0.000140250],2,up,2442,1.0,
D4.2__Fig 2__SQUID_data__IVI_BS30_A1S1_I_contrl_+-0.15mA_285mK_191103__IVB__T_1p40K[0.000140625],0,up,2534,0.9996052112120016,
D4.2__Fig 2__SQUID_data__IVI_BS30_A1S1_I_contrl_+-0.15mA_285mK_191103__IVB__T_1p40K[0.000140625],1,down,5023,0.9998008761449622,0.9850949145059297
D4.2__Fig 2__SQUID_data__IVI_BS30_A1S1_I_contrl_+-0.15mA_285mK_191103__IVB__T_1p40K[0.000140625],2,up,2443,1.0,
D4.2__Fig 2__SQUID_data__IVI_BS30_A1S1_I_contrl_+-0.15mA_285mK_191103__IVB__T_1p40K[0.000141000],0,up,2534,0.9992104224240032,
D4.2__Fig 2__SQUID_data__IVI_BS30_A1S1_I_contrl_+-0.15mA_285mK_191103__IVB__T_1p40K[0.000141000],1,down,5024,0.9994027473621342,0.9842803290956156
D4.2__Fig 2__SQUID_data__IVI_BS30_A1S1_I_contrl_+-0.15mA_285mK_191103__IVB__T_1p40K[0.000141000],2,up,2442,1.0,
D4.2__Fig 2__SQUID_data__IVI_BS30_A1S1_I_contrl_+-0.15mA_285mK_191103__IVB__T_1p40K[0.000141375],0,up,2535,0.9988161010260458,
D4.2__Fig 2__SQUID_data__IVI_BS30_A1S1_I_contrl_+-0.15mA_285mK_191103__IVB__T_1p40K[0.000141375],1,down,5023,0.9998008761449622,0.9850670646851011
D4.2__Fig 2__SQUID_data__IVI_BS30_A1S1_I_contrl_+-0.15mA_285mK_191103__IVB__T_1p40K[0.000141375],2,up,2442,1.0,
D4.2__Fig 2__SQUID_data__IVI_BS30_A1S1_I_contrl_+-0.15mA_285mK_191103__IVB__T_1p40K[0.000141750],0,up,2534,0.9992104224240032,
D4.2__Fig 2__SQUID_data__IVI_BS30_A1S1_I_contrl_+-0.15mA_285mK_191103__IVB__T_1p40K[0.000141750],1,down,5022,0.9998008364867557,0.9841185486495709
D4.2__Fig 2__SQUID_data__IVI_BS30_A1S1_I_contrl_+-0.15mA_285mK_191103__IVB__T_1p40K[0.000141750],2,up,2444,1.0,
D4.2__Fig 2__SQUID_data__IVI_BS30_A1S1_I_contrl_+-0.15mA_285mK_191103__IVB__T_1p40K[0.000142125],0,up,2533,0.9996050552922591,
D4.2__Fig 2__SQUID_data__IVI_BS30_A1S1_I_contrl_+-0.15mA_285mK_191103__IVB__T_1p40K[0.000142125],1,down,5026,0.9996019900497513,0.9849625565590129
D4.2__Fig 2__SQUID_data__IVI_BS30_A1S1_I_contrl_+-0.15mA_285mK_191103__IVB__T_1p40K[0.000142125],2,up,2441,1.0,
D4.2__Fig 2__SQUID_data__IVI_BS30_A1S1_I_contrl_+-0.15mA_285mK_191103__IVB__T_1p40K[0.000142500],0,up,2535,0.9988161010260458,
D4.2__Fig 2__SQUID_data__IVI_BS30_A1S1_I_contrl_+-0.15mA_285mK_191103__IVB__T_1p40K[0.000142500],1,down,5023,0.9994026284348865,0.9846860042756216
D4.2__Fig 2__SQUID_data__IVI_BS30_A1S1_I_contrl_+-0.15mA_285mK_191103__IVB__T_1p40K[0.000142500],2,up,2442,1.0,
D4.2__Fig 2__SQUID_data__IVI_BS30_A1S1_I_contrl_+-0.15mA_285mK_191103__IVB__T_1p40K[0.000142875],0,up,2535,0.9992107340173638,
D4.2__Fig 2__SQUID_data__IVI_BS30_A1S1_I_contrl_+-0.15mA_285mK_191103__IVB__T_1p40K[0.000142875],1,down,5022,0.9996016729735112,0.9827943895565101
D4.2__Fig 2__SQUID_data__IVI_BS30_A1S1_I_contrl_+-0.15mA_285mK_191103__IVB__T_1p40K[0.000142875],2,up,2443,1.0,
D4.2__Fig 2__SQUID_data__IVI_BS30_A1S1_I_contrl_+-0.15mA_285mK_191103__IVB__T_1p40K[0.000143250],0,up,2535,0.9988161010260458,
D4.2__Fig 2__SQUID_data__IVI_BS30_A1S1_I_contrl_+-0.15mA_285mK_191103__IVB__T_1p40K[0.000143250],1,down,5023,0.9994026284348865,0.9844472114479235
D4.2__Fig 2__SQUID_data__IVI_BS30_A1S1_I_contrl_+-0.15mA_285mK_191103__IVB__T_1p40K[0.000143250],2,up,2442,1.0,
D4.2__Fig 2__SQUID_data__IVI_BS30_A1S1_I_contrl_+-0.15mA_285mK_191103__IVB__T_1p40K[0.000143625],0,up,2534,0.9996052112120016,
D4.2__Fig 2__SQUID_data__IVI_BS30_A1S1_I_contrl_+-0.15mA_285mK_191103__IVB__T_1p40K[0.000143625],1,down,5024,0.9994027473621342,0.9845898263404672
D4.2__Fig 2__SQUID_data__IVI_BS30_A1S1_I_contrl_+-0.15mA_285mK_191103__IVB__T_1p40K[0.000143625],2,up,2442,1.0,
D4.2__Fig 2__SQUID_data__IVI_BS30_A1S1_I_contrl_+-0.15mA_285mK_191103__IVB__T_1p40K[0.000144000],0,up,2534,0.9992104224240032,
D4.2__Fig 2__SQUID_data__IVI_BS30_A1S1_I_contrl_+-0.15mA_285mK_191103__IVB__T_1p40K[0.000144000],1,down,5024,0.9996018315747561,0.9844404694833182
D4.2__Fig 2__SQUID_data__IVI_BS30_A1S1_I_contrl_+-0.15mA_285mK_191103__IVB__T_1p40K[0.000144000],2,up,2442,0.9995903318312167,
D4.2__Fig 2__SQUID_data__IVI_BS30_A1S1_I_contrl_+-0.15mA_285mK_191103__IVB__T_1p40K[0.000144375],0,up,2535,0.999605367008682,
D4.2__Fig 2__SQUID_data__IVI_BS30_A1S1_I_contrl_+-0.15mA_285mK_191103__IVB__T_1p40K[0.000144375],1,down,5023,0.9996017522899243,0.9835373093267504
D4.2__Fig 2__SQUID_data__IVI_BS30_A1S1_I_contrl_+-0.15mA_285mK_191103__IVB__T_1p40K[0.000144375],2,up,2442,1.0,
D4.2__Fig 2__SQUID_data__IVI_BS30_A1S1_I_contrl_+-0.15mA_285mK_191103__IVB__T_1p40K[0.000144750],0,up,2535,0.999605367008682,
D4.2__Fig 2__SQUID_data__IVI_BS30_A1S1_I_contrl_+-0.15mA_285mK_191103__IVB__T_1p40K[0.000144750],1,down,5022,0.9996016729735112,0.9857701468637222
D4.2__Fig 2__SQUID_data__IVI_BS30_A1S1_I_contrl_+-0.15mA_285mK_191103__IVB__T_1p40K[0.000144750],2,up,2443,1.0,
D4.2__Fig 2__SQUID_data__IVI_BS30_A1S1_I_contrl_+-0.15mA_285mK_191103__IVB__T_1p40K[0.000145125],0,up,2535,0.9988161010260458,
D4.2__Fig 2__SQUID_data__IVI_BS30_A1S1_I_contrl_+-0.15mA_285mK_191103__IVB__T_1p40K[0.000145125],1,down,5023,0.9994026284348865,0.9853058216325562
D4.2__Fig 2__SQUID_data__IVI_BS30_A1S1_I_contrl_+-0.15mA_285mK_191103__IVB__T_1p40K[0.000145125],2,up,2442,1.0,
D4.2__Fig 2__SQUID_data__IVI_BS30_A1S1_I_contrl_+-0.15mA_285mK_191103__IVB__T_1p40K[0.000145500],0,up,2534,0.9988156336360048,
D4.2__Fig 2__SQUID_data__IVI_BS30_A1S1_I_contrl_+-0.15mA_285mK_191103__IVB__T_1p40K[0.000145500],1,down,5024,0.9992036631495123,0.9833878275199618
D4.2__Fig 2__SQUID_data__IVI_BS30_A1S1_I_contrl_+-0.15mA_285mK_191103__IVB__T_1p40K[0.000145500],2,up,2442,1.0,
D4.2__Fig 2__SQUID_data__IVI_BS30_A1S1_I_contrl_+-0.15mA_285mK_191103__IVB__T_1p40K[0.000145875],0,up,2535,0.9992107340173638,
D4.2__Fig 2__SQUID_data__IVI_BS30_A1S1_I_contrl_+-0.15mA_285mK_191103__IVB__T_1p40K[0.000145875],1,down,5022,0.9996016729735112,0.9832777022572677
D4.2__Fig 2__SQUID_data__IVI_BS30_A1S1_I_contrl_+-0.15mA_285mK_191103__IVB__T_1p40K[0.000145875],2,up,2443,1.0,
D4.2__Fig 2__SQUID_data__IVI_BS30_A1S1_I_contrl_+-0.15mA_285mK_191103__IVB__T_1p40K[0.000146250],0,up,2535,0.9988161010260458,
D4.2__Fig 2__SQUID_data__IVI_BS30_A1S1_I_contrl_+-0.15mA_285mK_191103__IVB__T_1p40K[0.000146250],1,down,5022,0.9996016729735112,0.9853100296244496
D4.2__Fig 2__SQUID_data__IVI_BS30_A1S1_I_contrl_+-0.15mA_285mK_191103__IVB__T_1p40K[0.000146250],2,up,2443,1.0,
D4.2__Fig 2__SQUID_data__IVI_BS30_A1S1_I_contrl_+-0.15mA_285mK_191103__IVB__T_1p40K[0.000146625],0,up,2536,0.998422090729783,
D4.2__Fig 2__SQUID_data__IVI_BS30_A1S1_I_contrl_+-0.15mA_285mK_191103__IVB__T_1p40K[0.000146625],1,down,5022,0.9996016729735112,0.984862015476491
D4.2__Fig 2__SQUID_data__IVI_BS30_A1S1_I_contrl_+-0.15mA_285mK_191103__IVB__T_1p40K[0.000146625],2,up,2442,1.0,
D4.2__Fig 2__SQUID_data__IVI_BS30_A1S1_I_contrl_+-0.15mA_285mK_191103__IVB__T_1p40K[0.000147000],0,up,2535,0.9988161010260458,
D4.2__Fig 2__SQUID_data__IVI_BS30_A1S1_I_contrl_+-0.15mA_285mK_191103__IVB__T_1p40K[0.000147000],1,down,5022,0.9998008364867557,0.982697700044535
D4.2__Fig 2__SQUID_data__IVI_BS30_A1S1_I_contrl_+-0.15mA_285mK_191103__IVB__T_1p40K[0.000147000],2,up,2443,1.0,
D4.2__Fig 2__SQUID_data__IVI_BS30_A1S1_I_contrl_+-0.15mA_285mK_191103__IVB__T_1p40K[0.000147375],0,up,2535,0.9984214680347278,
D4.2__Fig 2__SQUID_data__IVI_BS30_A1S1_I_contrl_+-0.15mA_285mK_191103__IVB__T_1p40K[0.000147375],1,down,5022,0.9996016729735112,0.9843822210923547
D4.2__Fig 2__SQUID_data__IVI_BS30_A1S1_I_contrl_+-0.15mA_285mK_191103__IVB__T_1p40K[0.000147375],2,up,2443,1.0,
D4.2__Fig 2__SQUID_data__IVI_BS30_A1S1_I_contrl_+-0.15mA_285mK_191103__IVB__T_1p40K[0.000147750],0,up,2535,0.9984214680347278,
D4.2__Fig 2__SQUID_data__IVI_BS30_A1S1_I_contrl_+-0.15mA_285mK_191103__IVB__T_1p40K[0.000147750],1,down,5023,0.9996017522899243,0.9855546636173106
D4.2__Fig 2__SQUID_data__IVI_BS30_A1S1_I_contrl_+-0.15mA_285mK_191103__IVB__T_1p40K[0.000147750],2,up,2442,1.0,
D4.2__Fig 2__SQUID_data__IVI_BS30_A1S1_I_contrl_+-0.15mA_285mK_191103__IVB__T_1p40K[0.000148125],0,up,2536,0.998422090729783,
D4.2__Fig 2__SQUID_data__IVI_BS30_A1S1_I_contrl_+-0.15mA_285mK_191103__IVB__T_1p40K[0.000148125],1,down,5022,0.9996016729735112,0.9853040275978829
D4.2__Fig 2__SQUID_data__IVI_BS30_A1S1_I_contrl_+-0.15mA_285mK_191103__IVB__T_1p40K[0.000148125],2,up,2442,1.0,
D4.2__Fig 2__SQUID_data__IVI_BS30_A1S1_I_contrl_+-0.15mA_285mK_191103__IVB__T_1p40K[0.000148500],0,up,2535,0.9992107340173638,
D4.2__Fig 2__SQUID_data__IVI_BS30_A1S1_I_contrl_+-0.15mA_285mK_191103__IVB__T_1p40K[0.000148500],1,down,5023,0.9994026284348865,0.9849711628273591
D4.2__Fig 2__SQUID_data__IVI_BS30_A1S1_I_contrl_+-0.15mA_285mK_191103__IVB__T_1p40K[0.000148500],2,up,2442,1.0,
D4.2__Fig 2__SQUID_data__IVI_BS30_A1S1_I_contrl_+-0.15mA_285mK_191103__IVB__T_1p40K[0.000148875],0,up,2535,0.9992107340173638,
D4.2__Fig 2__SQUID_data__IVI_BS30_A1S1_I_contrl_+-0.15mA_285mK_191103__IVB__T_1p40K[0.000148875],1,down,5022,0.9998008364867557,0.9836368081363526
D4.2__Fig 2__SQUID_data__IVI_BS30_A1S1_I_contrl_+-0.15mA_285mK_191103__IVB__T_1p40K[0.000148875],2,up,2443,1.0,
D4.2__Fig 2__SQUID_data__IVI_BS30_A1S1_I_contrl_+-0.15mA_285mK_191103__IVB__T_1p40K[0.000149250],0,up,2535,0.9988161010260458,
D4.2__Fig 2__SQUID_data__IVI_BS30_A1S1_I_contrl_+-0.15mA_285mK_191103__IVB__T_1p40K[0.000149250],1,down,5023,0.9994026284348865,0.983048759264927
D4.2__Fig 2__SQUID_data__IVI_BS30_A1S1_I_contrl_+-0.15mA_285mK_191103__IVB__T_1p40K[0.000149250],2,up,2442,0.9995903318312167,
D4.2__Fig 2__SQUID_data__IVI_BS30_A1S1_I_contrl_+-0.15mA_285mK_191103__IVB__T_1p40K[0.000149625],0,up,2533,0.9992101105845181,
D4.2__Fig 2__SQUID_data__IVI_BS30_A1S1_I_contrl_+-0.15mA_285mK_191103__IVB__T_1p40K[0.000149625],1,down,5025,0.9996019108280255,0.9840613563274434
D4.2__Fig 2__SQUID_data__IVI_BS30_A1S1_I_contrl_+-0.15mA_285mK_191103__IVB__T_1p40K[0.000149625],2,up,2442,1.0,
D4.2__Fig 2__SQUID_data__IVI_BS30_A1S1_I_contrl_+-0.15mA_285mK_191103__IVB__T_1p40K[0.000150000],0,up,2536,0.9988165680473373,
D4.2__Fig 2__SQUID_data__IVI_BS30_A1S1_I_contrl_+-0.15mA_285mK_191103__IVB__T_1p40K[0.000150000],1,down,731,0.9986301369863013,
D4.2__Fig 2__SQUID_data__IVI_BS30_A1S1_I_contrl_+-0.15mA_285mK_191103__IVB__T_1p40K[0.000150000],2,up,31,0.9333333333333333,
D4.2__Fig 2__SQUID_data__IVI_BS30_A1S1_I_contrl_+-0.15mA_285mK_191103__IVB__T_1p40K[0.000150000],3,down,4261,0.9990610328638497,
D4.2__Fig 2__SQUID_data__IVI_BS30_A1S1_I_contrl_+-0.15mA_285mK_191103__IVB__T_1p40K[0.000150000],4,up,2441,0.9995901639344262,
