file_id,n_points,I_min,I_max,I_range,spacing_cv,spacing_outlier_flag,x_name,pipeline_version,device_id,experiment_family,T_K,Vgain,Igain,FRQ_Hz,AVG,Vpp,I_coil_mA,run_id,B_proxy
"D4.2__Fig 1__IV_data__IV_BS16_C1S1_Vpp_7p500_FRQ_11_AVG_100_Vgain_2E3_Igain_1E5_Rb_0E0_Rser_0E0_____Temp_2.740E-1K_MEASres_1p4E1_Thu,May2,2019_82950PM",10000,-3.675721e-05,3.660897e-05,7.336618e-05,0.04786573633765544,False,I_A,6.0,BS16_C1S1,Fig1,0.274,2000.0,100000.0,11.0,100.0,7.5,,,
D4.2__Fig 2__SQUID_data__IVB_BS30_A1S1_I_coil_+-0.3mA_fine_284mK_191103__IVB__T_1p40K[-0.000000750],10000,-2.268256e-05,2.239526e-05,4.507782e-05,0.09406439578610586,False,I_A,6.0,BS30_A1S1,Fig2,1.4,,,,,,-7.5e-07,000000750,
D4.2__Fig 2__SQUID_data__IVB_BS30_A1S1_I_coil_+-0.3mA_fine_284mK_191103__IVB__T_1p40K[-0.000001500],10000,-2.268235e-05,2.239419e-05,4.507654e-05,0.09694062335410128,False,I_A,6.0,BS30_A1S1,Fig2,1.4,,,,,,-1.5e-06,000001500,
D4.2__Fig 2__SQUID_data__IVB_BS30_A1S1_I_coil_+-0.3mA_fine_284mK_191103__IVB__T_1p40K[-0.000002250],10000,-2.2682e-05,2.239501e-05,4.507701e-05,0.09329602510282398,False,I_A,6.0,BS30_A1S1,Fig2,1.4,,,,,,-2.25e-06,000002250,
D4.2__Fig 2__SQUID_data__IVB_BS30_A1S1_I_coil_+-0.3mA_fine_284mK_191103__IVB__T_1p40K[-0.000003000],10000,-2.268261e-05,2.239384e-05,4.507645e-05,0.09599476879728747,False,I_A,6.0,BS30_A1S1,Fig2,1.4,,,,,,-3e-06,000003000,
D4.2__Fig 2__SQUID_data__IVB_BS30_A1S1_I_coil_+-0.3mA_fine_284mK_191103__IVB__T_1p40K[-0.000003750],10000,-2.26823e-05,2.239496e-05,4.507726e-05,0.09460260977276519,False,I_A,6.0,BS30_A1S1,Fig2,1.4,,,,,,-3.75e-06,000003750,
D4.2__Fig 2__SQUID_data__IVB_BS30_A1S1_I_coil_+-0.3mA_fine_284mK_191103__IVB__T_1p40K[-0.000004500],10000,-2.26824e-05,2.239425e-05,4.5076650000000005e-05,0.09108332520265774,False,I_A,6.0,BS30_A1S1,Fig2,1.4,,,,,,-4.5e-06,000004500,
D4.2__Fig 2__SQUID_data__IVB_BS30_A1S1_I_coil_+-0.3mA_fine_284mK_191103__IVB__T_1p40K[-0.000005250],10000,-2.268276e-05,2.239501e-05,4.507777e-05,0.09936020876489643,False,I_A,6.0,BS30_A1S1,Fig2,1.4,,,,,,-5.25e-06,000005250,
D4.2__Fig 2__SQUID_data__IVB_BS30_A1S1_I_coil_+-0.3mA_fine_284mK_191103__IVB__T_1p40K[-0.000006000],10000,-2.268276e-05,2.23945e-05,4.507726e-05,0.09317360024811615,False,I_A,6.0,BS30_A1S1,Fig2,1.4,,,,,,-6e-06,000006000,
D4.2__Fig 2__SQUID_data__IVB_BS30_A1S1_I_coil_+-0.3mA_fine_284mK_191103__IVB__T_1p40K[-0.000006750],10000,-2.26823e-05,2.23943e-05,4.50766e-05,0.09536939498734469,False,I_A,6.0,BS30_A1S1,Fig2,1.4,,,,,,-6.75e-06,000006750,
D4.2__Fig 2__SQUID_data__IVB_BS30_A1S1_I_coil_+-0.3mA_fine_284mK_191103__IVB__T_1p40K[-0.000007500],10000,-2.268251e-05,2.239542e-05,4.507793e-05,0.09523610364279836,False,I_A,6.0,BS30_A1S1,Fig2,1.4,,,,,,-7.5e-06,000007500,
D4.2__Fig 2__SQUID_data__IVB_BS30_A1S1_I_coil_+-0.3mA_fine_284mK_191103__IVB__T_1p40K[-0.000008250],10000,-2.268266e-05,2.239506e-05,4.507772e-05,0.09090951526146678,False,I_A,6.0,BS30_A1S1,Fig2,1.4,,,,,,-8.25e-06,000008250,
D4.2__Fig 2__SQUID_data__IVB_BS30_A1S1_I_coil_+-0.3mA_fine_284mK_191103__IVB__T_1p40K[-0.000009000],10000,-2.268266e-05,2.239486e-05,4.507752e-05,0.09085436150090787,False,I_A,6.0,BS30_A1S1,Fig2,1.4,,,,,,-9e-06,000009000,
D4.2__Fig 2__SQUID_data__IVB_BS30_A1S1_I_coil_+-0.3mA_fine_284mK_191103__IVB__T_1p40K[-0.000009750],10000,-2.268159e-05,2.239613e-05,4.507772e-05,0.09704504054523085,False,I_A,6.0,BS30_A1S1,Fig2,1.4,,,,,,-9.75e-06,000009750,
D4.2__Fig 2__SQUID_data__IVB_BS30_A1S1_I_coil_+-0.3mA_fine_284mK_191103__IVB__T_1p40K[-0.000010500],10000,-2.268164e-05,2.239455e-05,4.507619e-05,0.09853821019226856,False,I_A,6.0,BS30_A1S1,Fig2,1.4,,,,,,-1.05e-05,000010500,
D4.2__Fig 2__SQUID_data__IVB_BS30_A1S1_I_coil_+-0.3mA_fine_284mK_191103__IVB__T_1p40K[-0.000011250],10000,-2.26819e-05,2.239465e-05,4.507655e-05,0.09520100035865052,False,I_A,6.0,BS30_A1S1,Fig2,1.4,,,,,,-1.125e-05,000011250,
D4.2__Fig 2__SQUID_data__IVB_BS30_A1S1_I_coil_+-0.3mA_fine_284mK_191103__IVB__T_1p40K[-0.000012000],10000,-2.268179e-05,2.239511e-05,4.5076899999999995e-05,0.0987412992890508,False,I_A,6.0,BS30_A1S1,Fig2,1.4,,,,,,-1.2e-05,000012000,
D4.2__Fig 2__SQUID_data__IVB_BS30_A1S1_I_coil_+-0.3mA_fine_284mK_191103__IVB__T_1p40K[-0.000012750],10000,-2.268139e-05,2.239511e-05,4.5076499999999994e-05,0.09460090778014897,False,I_A,6.0,BS30_A1S1,Fig2,1.4,,,,,,-1.275e-05,000012750,
D4.2__Fig 2__SQUID_data__IVB_BS30_A1S1_I_coil_+-0.3mA_fine_284mK_191103__IVB__T_1p40K[-0.000013500],10000,-2.268149e-05,2.239475e-05,4.507624e-05,0.089325385767923,False,I_A,6.0,BS30_A1S1,Fig2,1.4,,,,,,-1.35e-05,000013500,
D4.2__Fig 2__SQUID_data__IVB_BS30_A1S1_I_coil_+-0.3mA_fine_284mK_191103__IVB__T_1p40K[-0.000014250],10000,-2.2682e-05,2.239511e-05,4.5077109999999996e-05,0.09344598154018481,False,I_A,6.0,BS30_A1S1,Fig2,1.4,,,,,,-1.425e-05,000014250,
D4.2__Fig 2__SQUID_data__IVB_BS30_A1S1_I_coil_+-0.3mA_fine_284mK_191103__IVB__T_1p40K[-0.000015000],10000,-2.268159e-05,2.23945e-05,4.507609e-05,0.09254370923485876,False,I_A,6.0,BS30_A1S1,Fig2,1.4,,,,,,-1.5e-05,000015000,
D4.2__Fig 2__SQUID_data__IVB_BS30_A1S1_I_coil_+-0.3mA_fine_284mK_191103__IVB__T_1p40K[-0.000015750],10000,-2.268144e-05,2.239343e-05,4.507487e-05,0.09822227499269402,False,I_A,6.0,BS30_A1S1,Fig2,1.4,,,,,,-1.575e-05,000015750,
D4.2__Fig 2__SQUID_data__IVB_BS30_A1S1_I_coil_+-0.3mA_fine_284mK_191103__IVB__T_1p40K[-0.000016500],10000,-2.268159e-05,2.23947e-05,4.507629e-05,0.09036745497504181,False,I_A,6.0,BS30_A1S1,Fig2,1.4,,,,,,-1.65e-05,000016500,
D4.2__Fig 2__SQUID_data__IVB_BS30_A1S1_I_coil_+-0.3mA_fine_284mK_191103__IVB__T_1p40K[-0.000017250],10000,-2.268164e-05,2.239501e-05,4.507665e-05,0.100286167713796,False,I_A,6.0,BS30_A1S1,Fig2,1.4,,,,,,-1.725e-05,000017250,
D4.2__Fig 2__SQUID_data__IVB_BS30_A1S1_I_coil_+-0.3mA_fine_284mK_191103__IVB__T_1p40K[-0.000018000],10000,-2.268154e-05,2.239475e-05,4.507629e-05,0.09166092412180238,False,I_A,6.0,BS30_A1S1,Fig2,1.4,,,,,,-1.8e-05,000018000,
D4.2__Fig 2__SQUID_data__IVB_BS30_A1S1_I_coil_+-0.3mA_fine_284mK_191103__IVB__T_1p40K[-0.000018750],10000,-2.268205e-05,2.239445e-05,4.50765e-05,0.09543843854231791,False,I_A,6.0,BS30_A1S1,Fig2,1.4,,,,,,-1.875e-05,000018750,
D4.2__Fig 2__SQUID_data__IVB_BS30_A1S1_I_coil_+-0.3mA_fine_284mK_191103__IVB__T_1p40K[-0.000019500],10000,-2.268083e-05,2.239425e-05,4.5075080000000003e-05,0.09703243250387408,False,I_A,6.0,BS30_A1S1,Fig2,1.4,,,,,,-1.95e-05,000019500,
D4.2__Fig 2__SQUID_data__IVB_BS30_A1S1_I_coil_+-0.3mA_fine_284mK_191103__IVB__T_1p40K[-0.000020250],10000,-2.268164e-05,2.239404e-05,4.507568e-05,0.09212823207341832,False,I_A,6.0,BS30_A1S1,Fig2,1.4,,,,,,-2.025e-05,000020250,
D4.2__Fig 2__SQUID_data__IVB_BS30_A1S1_I_coil_+-0.3mA_fine_284mK_191103__IVB__T_1p40K[-0.000021000],10000,-2.268134e-05,2.23947e-05,4.507604e-05,0.09140535276105273,False,I_A,6.0,BS30_A1S1,Fig2,1.4,,,,,,-2.1e-05,000021000,
D4.2__Fig 2__SQUID_data__IVB_BS30_A1S1_I_coil_+-0.3mA_fine_284mK_191103__IVB__T_1p40K[-0.000021750],10000,-2.268159e-05,2.239501e-05,4.50766e-05,0.08968493527679489,False,I_A,6.0,BS30_A1S1,Fig2,1.4,,,,,,-2.175e-05,000021750,
D4.2__Fig 2__SQUID_data__IVB_BS30_A1S1_I_coil_+-0.3mA_fine_284mK_191103__IVB__T_1p40K[-0.000022500],10000,-2.268098e-05,2.239475e-05,4.507573e-05,0.09198907202554654,False,I_A,6.0,BS30_A1S1,Fig2,1.4,,,,,,-2.25e-05,000022500,
D4.2__Fig 2__SQUID_data__IVB_BS30_A1S1_I_coil_+-0.3mA_fine_284mK_191103__IVB__T_1p40K[-0.000023250],10000,-2.268144e-05,2.239547e-05,4.5076909999999996e-05,0.09096690977566738,False,I_A,6.0,BS30_A1S1,Fig2,1.4,,,,,,-2.325e-05,000023250,
D4.2__Fig 2__SQUID_data__IVB_BS30_A1S1_I_coil_+-0.3mA_fine_284mK_191103__IVB__T_1p40K[-0.000024000],10000,-2.268078e-05,2.239475e-05,4.507553e-05,0.09012001009418147,False,I_A,6.0,BS30_A1S1,Fig2,1.4,,,,,,-2.4e-05,000024000,
D4.2__Fig 2__SQUID_data__IVB_BS30_A1S1_I_coil_+-0.3mA_fine_284mK_191103__IVB__T_1p40K[-0.000024750],10000,-2.268159e-05,2.23944e-05,4.507599e-05,0.09263752731191018,False,I_A,6.0,BS30_A1S1,Fig2,1.4,,,,,,-2.475e-05,000024750,
D4.2__Fig 2__SQUID_data__IVB_BS30_A1S1_I_coil_+-0.3mA_fine_284mK_191103__IVB__T_1p40K[-0.000025500],10000,-2.268073e-05,2.239389e-05,4.507462e-05,0.09485255649903934,False,I_A,6.0,BS30_A1S1,Fig2,1.4,,,,,,-2.55e-05,000025500,
D4.2__Fig 2__SQUID_data__IVB_BS30_A1S1_I_coil_+-0.3mA_fine_284mK_191103__IVB__T_1p40K[-0.000026250],10000,-2.268057e-05,2.239481e-05,4.507538e-05,0.0925775363113028,False,I_A,6.0,BS30_A1S1,Fig2,1.4,,,,,,-2.625e-05,000026250,
D4.2__Fig 2__SQUID_data__IVB_BS30_A1S1_I_coil_+-0.3mA_fine_284mK_191103__IVB__T_1p40K[-0.000027000],10000,-2.268129e-05,2.239379e-05,4.5075080000000003e-05,0.09038129349459005,False,I_A,6.0,BS30_A1S1,Fig2,1.4,,,,,,-2.7e-05,000027000,
D4.2__Fig 2__SQUID_data__IVB_BS30_A1S1_I_coil_+-0.3mA_fine_284mK_191103__IVB__T_1p40K[-0.000027750],10000,-2.2682e-05,2.23944e-05,4.50764e-05,0.09251566916372009,False,I_A,6.0,BS30_A1S1,Fig2,1.4,,,,,,-2.775e-05,000027750,
D4.2__Fig 2__SQUID_data__IVB_BS30_A1S1_I_coil_+-0.3mA_fine_284mK_191103__IVB__T_1p40K[-0.000028500],10000,-2.268256e-05,2.23943e-05,4.507686e-05,0.08956359396355931,False,I_A,6.0,BS30_A1S1,Fig2,1.4,,,,,,-2.85e-05,000028500,
D4.2__Fig 2__SQUID_data__IVB_BS30_A1S1_I_coil_+-0.3mA_fine_284mK_191103__IVB__T_1p40K[-0.000029250],10000,-2.268134e-05,2.239486e-05,4.50762e-05,0.09484471709809804,False,I_A,6.0,BS30_A1S1,Fig2,1.4,,,,,,-2.925e-05,000029250,
D4.2__Fig 2__SQUID_data__IVB_BS30_A1S1_I_coil_+-0.3mA_fine_284mK_191103__IVB__T_1p40K[-0.000030000],10000,-2.268215e-05,2.239445e-05,4.50766e-05,0.0958875255168697,False,I_A,6.0,BS30_A1S1,Fig2,1.4,,,,,,-3e-05,000030000,
D4.2__Fig 2__SQUID_data__IVB_BS30_A1S1_I_coil_+-0.3mA_fine_284mK_191103__IVB__T_1p40K[-0.000030750],10000,-2.26823e-05,2.23947e-05,4.5077e-05,0.09303324790444252,False,I_A,6.0,BS30_A1S1,Fig2,1.4,,,,,,-3.075e-05,000030750,
D4.2__Fig 2__SQUID_data__IVB_BS30_A1S1_I_coil_+-0.3mA_fine_284mK_191103__IVB__T_1p40K[-0.000031500],10000,-2.268215e-05,2.239557e-05,4.507772e-05,0.094977041887658,False,I_A,6.0,BS30_A1S1,Fig2,1.4,,,,,,-3.15e-05,000031500,
D4.2__Fig 2__SQUID_data__IVB_BS30_A1S1_I_coil_+-0.3mA_fine_284mK_191103__IVB__T_1p40K[-0.000032250],10000,-2.26823e-05,2.239603e-05,4.507833e-05,0.09326887941219879,False,I_A,6.0,BS30_A1S1,Fig2,1.4,,,,,,-3.225e-05,000032250,
D4.2__Fig 2__SQUID_data__IVB_BS30_A1S1_I_coil_+-0.3mA_fine_284mK_191103__IVB__T_1p40K[-0.000033000],10000,-2.268195e-05,2.239557e-05,4.507752e-05,0.09473980718402458,False,I_A,6.0,BS30_A1S1,Fig2,1.4,,,,,,-3.3e-05,000033000,
D4.2__Fig 2__SQUID_data__IVB_BS30_A1S1_I_coil_+-0.3mA_fine_284mK_191103__IVB__T_1p40K[-0.000033750],10000,-2.268154e-05,2.239481e-05,4.507635e-05,0.0898486882387978,False,I_A,6.0,BS30_A1S1,Fig2,1.4,,,,,,-3.375e-05,000033750,
D4.2__Fig 2__SQUID_data__IVB_BS30_A1S1_I_coil_+-0.3mA_fine_284mK_191103__IVB__T_1p40K[-0.000034500],10000,-2.268235e-05,2.23945e-05,4.5076850000000005e-05,0.0898781068025988,False,I_A,6.0,BS30_A1S1,Fig2,1.4,,,,,,-3.45e-05,000034500,
D4.2__Fig 2__SQUID_data__IVB_BS30_A1S1_I_coil_+-0.3mA_fine_284mK_191103__IVB__T_1p40K[-0.000035250],10000,-2.268312e-05,2.23946e-05,4.507772e-05,0.09187018789850661,False,I_A,6.0,BS30_A1S1,Fig2,1.4,,,,,,-3.525e-05,000035250,
D4.2__Fig 2__SQUID_data__IVB_BS30_A1S1_I_coil_+-0.3mA_fine_284mK_191103__IVB__T_1p40K[-0.000036000],10000,-2.268195e-05,2.239491e-05,4.507686e-05,0.09119158926762172,False,I_A,6.0,BS30_A1S1,Fig2,1.4,,,,,,-3.6e-05,000036000,
D4.2__Fig 2__SQUID_data__IVB_BS30_A1S1_I_coil_+-0.3mA_fine_284mK_191103__IVB__T_1p40K[-0.000036750],10000,-2.268215e-05,2.239557e-05,4.507772e-05,0.10368749479689822,False,I_A,6.0,BS30_A1S1,Fig2,1.4,,,,,,-3.675e-05,000036750,
D4.2__Fig 2__SQUID_data__IVB_BS30_A1S1_I_coil_+-0.3mA_fine_284mK_191103__IVB__T_1p40K[-0.000037500],10000,-2.268149e-05,2.239496e-05,4.507645e-05,0.08851439224005289,False,I_A,6.0,BS30_A1S1,Fig2,1.4,,,,,,-3.75e-05,000037500,
D4.2__Fig 2__SQUID_data__IVB_BS30_A1S1_I_coil_+-0.3mA_fine_284mK_191103__IVB__T_1p40K[-0.000038250],10000,-2.268164e-05,2.239435e-05,4.507599e-05,0.09275676927416268,False,I_A,6.0,BS30_A1S1,Fig2,1.4,,,,,,-3.825e-05,000038250,
D4.2__Fig 2__SQUID_data__IVB_BS30_A1S1_I_coil_+-0.3mA_fine_284mK_191103__IVB__T_1p40K[-0.000039000],10000,-2.268301e-05,2.239531e-05,4.507832e-05,0.09776416649692368,False,I_A,6.0,BS30_A1S1,Fig2,1.4,,,,,,-3.9e-05,000039000,
D4.2__Fig 2__SQUID_data__IVB_BS30_A1S1_I_coil_+-0.3mA_fine_284mK_191103__IVB__T_1p40K[-0.000039750],10000,-2.268256e-05,2.239526e-05,4.507782e-05,0.09509282526265889,False,I_A,6.0,BS30_A1S1,Fig2,1.4,,,,,,-3.975e-05,000039750,
D4.2__Fig 2__SQUID_data__IVB_BS30_A1S1_I_coil_+-0.3mA_fine_284mK_191103__IVB__T_1p40K[-0.000040500],10000,-2.26824e-05,2.239648e-05,4.507888e-05,0.08847295480529682,False,I_A,6.0,BS30_A1S1,Fig2,1.4,,,,,,-4.05e-05,000040500,
D4.2__Fig 2__SQUID_data__IVB_BS30_A1S1_I_coil_+-0.3mA_fine_284mK_191103__IVB__T_1p40K[-0.000041250],10000,-2.268215e-05,2.239521e-05,4.507736e-05,0.09132019425715396,False,I_A,6.0,BS30_A1S1,Fig2,1.4,,,,,,-4.125e-05,000041250,
D4.2__Fig 2__SQUID_data__IVB_BS30_A1S1_I_coil_+-0.3mA_fine_284mK_191103__IVB__T_1p40K[-0.000042000],10000,-2.26822e-05,2.239521e-05,4.5077410000000004e-05,0.09458761307674136,False,I_A,6.0,BS30_A1S1,Fig2,1.4,,,,,,-4.2e-05,000042000,
D4.2__Fig 2__SQUID_data__IVB_BS30_A1S1_I_coil_+-0.3mA_fine_284mK_191103__IVB__T_1p40K[-0.000042750],10000,-2.268184e-05,2.239526e-05,4.5077099999999996e-05,0.08947922826041275,False,I_A,6.0,BS30_A1S1,Fig2,1.4,,,,,,-4.275e-05,000042750,
D4.2__Fig 2__SQUID_data__IVB_BS30_A1S1_I_coil_+-0.3mA_fine_284mK_191103__IVB__T_1p40K[-0.000043500],10000,-2.26819e-05,2.239679e-05,4.507869e-05,0.09758323241749867,False,I_A,6.0,BS30_A1S1,Fig2,1.4,,,,,,-4.35e-05,000043500,
D4.2__Fig 2__SQUID_data__IVB_BS30_A1S1_I_coil_+-0.3mA_fine_284mK_191103__IVB__T_1p40K[-0.000044250],10000,-2.268184e-05,2.239547e-05,4.507731e-05,0.0905317072701873,False,I_A,6.0,BS30_A1S1,Fig2,1.4,,,,,,-4.425e-05,000044250,
D4.2__Fig 2__SQUID_data__IVB_BS30_A1S1_I_coil_+-0.3mA_fine_284mK_191103__IVB__T_1p40K[-0.000045000],10000,-2.268215e-05,2.239481e-05,4.507696e-05,0.09591371976065613,False,I_A,6.0,BS30_A1S1,Fig2,1.4,,,,,,-4.5e-05,000045000,
D4.2__Fig 2__SQUID_data__IVB_BS30_A1S1_I_coil_+-0.3mA_fine_284mK_191103__IVB__T_1p40K[-0.000045750],10000,-2.268205e-05,2.239608e-05,4.507813e-05,0.09242274469858201,False,I_A,6.0,BS30_A1S1,Fig2,1.4,,,,,,-4.575e-05,000045750,
D4.2__Fig 2__SQUID_data__IVB_BS30_A1S1_I_coil_+-0.3mA_fine_284mK_191103__IVB__T_1p40K[-0.000046500],10000,-2.268159e-05,2.239669e-05,4.507828e-05,0.09322106623766813,False,I_A,6.0,BS30_A1S1,Fig2,1.4,,,,,,-4.65e-05,000046500,
D4.2__Fig 2__SQUID_data__IVB_BS30_A1S1_I_coil_+-0.3mA_fine_284mK_191103__IVB__T_1p40K[-0.000047250],10000,-2.268129e-05,2.239506e-05,4.507635e-05,0.09340817940795264,False,I_A,6.0,BS30_A1S1,Fig2,1.4,,,,,,-4.725e-05,000047250,
D4.2__Fig 2__SQUID_data__IVB_BS30_A1S1_I_coil_+-0.3mA_fine_284mK_191103__IVB__T_1p40K[-0.000048000],10000,-2.268164e-05,2.239582e-05,4.507746e-05,0.0888172653862943,False,I_A,6.0,BS30_A1S1,Fig2,1.4,,,,,,-4.8e-05,000048000,
D4.2__Fig 2__SQUID_data__IVB_BS30_A1S1_I_coil_+-0.3mA_fine_284mK_191103__IVB__T_1p40K[-0.000048750],10000,-2.268174e-05,2.239567e-05,4.5077410000000004e-05,0.092490446607516,False,I_A,6.0,BS30_A1S1,Fig2,1.4,,,,,,-4.875e-05,000048750,
D4.2__Fig 2__SQUID_data__IVB_BS30_A1S1_I_coil_+-0.3mA_fine_284mK_191103__IVB__T_1p40K[-0.000049500],10000,-2.268174e-05,2.239542e-05,4.507716e-05,0.09666180133848037,False,I_A,6.0,BS30_A1S1,Fig2,1.4,,,,,,-4.95e-05,000049500,
D4.2__Fig 2__SQUID_data__IVB_BS30_A1S1_I_coil_+-0.3mA_fine_284mK_191103__IVB__T_1p40K[-0.000050250],10000,-2.2682e-05,2.239608e-05,4.5078079999999997e-05,0.09625406640663449,False,I_A,6.0,BS30_A1S1,Fig2,1.4,,,,,,-5.025e-05,000050250,
D4.2__Fig 2__SQUID_data__IVB_BS30_A1S1_I_coil_+-0.3mA_fine_284mK_191103__IVB__T_1p40K[-0.000051000],10000,-2.268169e-05,2.239582e-05,4.507751e-05,0.09313931761721313,False,I_A,6.0,BS30_A1S1,Fig2,1.4,,,,,,-5.1e-05,000051000,
D4.2__Fig 2__SQUID_data__IVB_BS30_A1S1_I_coil_+-0.3mA_fine_284mK_191103__IVB__T_1p40K[-0.000051750],10000,-2.268108e-05,2.239603e-05,4.5077109999999996e-05,0.09003379658809396,False,I_A,6.0,BS30_A1S1,Fig2,1.4,,,,,,-5.175e-05,000051750,
D4.2__Fig 2__SQUID_data__IVB_BS30_A1S1_I_coil_+-0.3mA_fine_284mK_191103__IVB__T_1p40K[-0.000052500],10000,-2.268139e-05,2.23943e-05,4.507569e-05,0.09345123210632043,False,I_A,6.0,BS30_A1S1,Fig2,1.4,,,,,,-5.25e-05,000052500,
D4.2__Fig 2__SQUID_data__IVB_BS30_A1S1_I_coil_+-0.3mA_fine_284mK_191103__IVB__T_1p40K[-0.000053250],10000,-2.268174e-05,2.239567e-05,4.5077410000000004e-05,0.09432138857571669,False,I_A,6.0,BS30_A1S1,Fig2,1.4,,,,,,-5.325e-05,000053250,
D4.2__Fig 2__SQUID_data__IVB_BS30_A1S1_I_coil_+-0.3mA_fine_284mK_191103__IVB__T_1p40K[-0.000054000],10000,-2.26821e-05,2.239419e-05,4.507629e-05,0.092097434073038,False,I_A,6.0,BS30_A1S1,Fig2,1.4,,,,,,-5.4e-05,000054000,
D4.2__Fig 2__SQUID_data__IVB_BS30_A1S1_I_coil_+-0.3mA_fine_284mK_191103__IVB__T_1p40K[-0.000054750],10000,-2.26819e-05,2.239435e-05,4.5076250000000004e-05,0.08968662626532176,False,I_A,6.0,BS30_A1S1,Fig2,1.4,,,,,,-5.475e-05,000054750,
D4.2__Fig 2__SQUID_data__IVB_BS30_A1S1_I_coil_+-0.3mA_fine_284mK_191103__IVB__T_1p40K[-0.000055500],10000,-2.268169e-05,2.239557e-05,4.507726e-05,0.09206281479855526,False,I_A,6.0,BS30_A1S1,Fig2,1.4,,,,,,-5.55e-05,000055500,
D4.2__Fig 2__SQUID_data__IVB_BS30_A1S1_I_coil_+-0.3mA_fine_284mK_191103__IVB__T_1p40K[-0.000056250],10000,-2.26823e-05,2.239587e-05,4.507817e-05,0.09372082825778724,False,I_A,6.0,BS30_A1S1,Fig2,1.4,,,,,,-5.625e-05,000056250,
D4.2__Fig 2__SQUID_data__IVB_BS30_A1S1_I_coil_+-0.3mA_fine_284mK_191103__IVB__T_1p40K[-0.000057000],10000,-2.268129e-05,2.239552e-05,4.507681e-05,0.09902771784169362,False,I_A,6.0,BS30_A1S1,Fig2,1.4,,,,,,-5.7e-05,000057000,
D4.2__Fig 2__SQUID_data__IVB_BS30_A1S1_I_coil_+-0.3mA_fine_284mK_191103__IVB__T_1p40K[-0.000057750],10000,-2.268179e-05,2.23946e-05,4.507639e-05,0.09230065816804188,False,I_A,6.0,BS30_A1S1,Fig2,1.4,,,,,,-5.775e-05,000057750,
D4.2__Fig 2__SQUID_data__IVB_BS30_A1S1_I_coil_+-0.3mA_fine_284mK_191103__IVB__T_1p40K[-0.000058500],10000,-2.268184e-05,2.239531e-05,4.507715e-05,0.0914769792312536,False,I_A,6.0,BS30_A1S1,Fig2,1.4,,,,,,-5.85e-05,000058500,
D4.2__Fig 2__SQUID_data__IVB_BS30_A1S1_I_coil_+-0.3mA_fine_284mK_191103__IVB__T_1p40K[-0.000059250],10000,-2.268179e-05,2.239486e-05,4.507665e-05,0.08958669373992306,False,I_A,6.0,BS30_A1S1,Fig2,1.4,,,,,,-5.925e-05,000059250,
D4.2__Fig 2__SQUID_data__IVB_BS30_A1S1_I_coil_+-0.3mA_fine_284mK_191103__IVB__T_1p40K[-0.000060000],10000,-2.268113e-05,2.239531e-05,4.5076440000000004e-05,0.09230182504896442,False,I_A,6.0,BS30_A1S1,Fig2,1.4,,,,,,-6e-05,000060000,
D4.2__Fig 2__SQUID_data__IVB_BS30_A1S1_I_coil_+-0.3mA_fine_284mK_191103__IVB__T_1p40K[-0.000060750],10000,-2.268093e-05,2.239567e-05,4.50766e-05,0.091834048384091,False,I_A,6.0,BS30_A1S1,Fig2,1.4,,,,,,-6.075e-05,000060750,
D4.2__Fig 2__SQUID_data__IVB_BS30_A1S1_I_coil_+-0.3mA_fine_284mK_191103__IVB__T_1p40K[-0.000061500],10000,-2.26822e-05,2.239542e-05,4.5077620000000005e-05,0.09608578797402127,False,I_A,6.0,BS30_A1S1,Fig2,1.4,,,,,,-6.15e-05,000061500,
D4.2__Fig 2__SQUID_data__IVB_BS30_A1S1_I_coil_+-0.3mA_fine_284mK_191103__IVB__T_1p40K[-0.000062250],10000,-2.268154e-05,2.23947e-05,4.507624e-05,0.0916936433768191,False,I_A,6.0,BS30_A1S1,Fig2,1.4,,,,,,-6.225e-05,000062250,
D4.2__Fig 2__SQUID_data__IVB_BS30_A1S1_I_coil_+-0.3mA_fine_284mK_191103__IVB__T_1p40K[-0.000063000],10000,-2.268256e-05,2.239496e-05,4.507752e-05,0.09353105197450873,False,I_A,6.0,BS30_A1S1,Fig2,1.4,,,,,,-6.3e-05,000063000,
D4.2__Fig 2__SQUID_data__IVB_BS30_A1S1_I_coil_+-0.3mA_fine_284mK_191103__IVB__T_1p40K[-0.000063750],10000,-2.268225e-05,2.239562e-05,4.507787e-05,0.0942632787150408,False,I_A,6.0,BS30_A1S1,Fig2,1.4,,,,,,-6.375e-05,000063750,
D4.2__Fig 2__SQUID_data__IVB_BS30_A1S1_I_coil_+-0.3mA_fine_284mK_191103__IVB__T_1p40K[-0.000064500],10000,-2.26819e-05,2.239496e-05,4.507686e-05,0.0913543676105871,False,I_A,6.0,BS30_A1S1,Fig2,1.4,,,,,,-6.45e-05,000064500,
D4.2__Fig 2__SQUID_data__IVB_BS30_A1S1_I_coil_+-0.3mA_fine_284mK_191103__IVB__T_1p40K[-0.000065250],10000,-2.268159e-05,2.239638e-05,4.507797e-05,0.09597605655015912,False,I_A,6.0,BS30_A1S1,Fig2,1.4,,,,,,-6.525e-05,000065250,
D4.2__Fig 2__SQUID_data__IVB_BS30_A1S1_I_coil_+-0.3mA_fine_284mK_191103__IVB__T_1p40K[-0.000066000],10000,-2.268149e-05,2.23947e-05,4.507619e-05,0.09274838468789905,False,I_A,6.0,BS30_A1S1,Fig2,1.4,,,,,,-6.6e-05,000066000,
D4.2__Fig 2__SQUID_data__IVB_BS30_A1S1_I_coil_+-0.3mA_fine_284mK_191103__IVB__T_1p40K[-0.000066750],10000,-2.268139e-05,2.239536e-05,4.507675e-05,0.09035644292234017,False,I_A,6.0,BS30_A1S1,Fig2,1.4,,,,,,-6.675e-05,000066750,
D4.2__Fig 2__SQUID_data__IVB_BS30_A1S1_I_coil_+-0.3mA_fine_284mK_191103__IVB__T_1p40K[-0.000067500],10000,-2.26821e-05,2.239547e-05,4.507757e-05,0.09281928517832716,False,I_A,6.0,BS30_A1S1,Fig2,1.4,,,,,,-6.75e-05,000067500,
D4.2__Fig 2__SQUID_data__IVB_BS30_A1S1_I_coil_+-0.3mA_fine_284mK_191103__IVB__T_1p40K[-0.000068250],10000,-2.268225e-05,2.239491e-05,4.507716e-05,0.0932289908125413,False,I_A,6.0,BS30_A1S1,Fig2,1.4,,,,,,-6.825e-05,000068250,
D4.2__Fig 2__SQUID_data__IVB_BS30_A1S1_I_coil_+-0.3mA_fine_284mK_191103__IVB__T_1p40K[-0.000069000],10000,-2.268205e-05,2.239557e-05,4.5077620000000005e-05,0.09294262808075011,False,I_A,6.0,BS30_A1S1,Fig2,1.4,,,,,,-6.9e-05,000069000,
D4.2__Fig 2__SQUID_data__IVB_BS30_A1S1_I_coil_+-0.3mA_fine_284mK_191103__IVB__T_1p40K[-0.000069750],10000,-2.268184e-05,2.239521e-05,4.507705e-05,0.08987917478476676,False,I_A,6.0,BS30_A1S1,Fig2,1.4,,,,,,-6.975e-05,000069750,
D4.2__Fig 2__SQUID_data__IVB_BS30_A1S1_I_coil_+-0.3mA_fine_284mK_191103__IVB__T_1p40K[-0.000070500],10000,-2.268169e-05,2.239547e-05,4.507716e-05,0.08936955795761758,False,I_A,6.0,BS30_A1S1,Fig2,1.4,,,,,,-7.05e-05,000070500,
D4.2__Fig 2__SQUID_data__IVB_BS30_A1S1_I_coil_+-0.3mA_fine_284mK_191103__IVB__T_1p40K[-0.000071250],10000,-2.268169e-05,2.239547e-05,4.507716e-05,0.09209391892966004,False,I_A,6.0,BS30_A1S1,Fig2,1.4,,,,,,-7.125e-05,000071250,
D4.2__Fig 2__SQUID_data__IVB_BS30_A1S1_I_coil_+-0.3mA_fine_284mK_191103__IVB__T_1p40K[-0.000072000],10000,-2.26819e-05,2.239552e-05,4.5077420000000005e-05,0.09490755971385265,False,I_A,6.0,BS30_A1S1,Fig2,1.4,,,,,,-7.2e-05,000072000,
D4.2__Fig 2__SQUID_data__IVB_BS30_A1S1_I_coil_+-0.3mA_fine_284mK_191103__IVB__T_1p40K[-0.000072750],10000,-2.268169e-05,2.239542e-05,4.5077109999999996e-05,0.09265743037176707,False,I_A,6.0,BS30_A1S1,Fig2,1.4,,,,,,-7.275e-05,000072750,
D4.2__Fig 2__SQUID_data__IVB_BS30_A1S1_I_coil_+-0.3mA_fine_284mK_191103__IVB__T_1p40K[-0.000073500],10000,-2.268205e-05,2.239557e-05,4.5077620000000005e-05,0.0939248176067092,False,I_A,6.0,BS30_A1S1,Fig2,1.4,,,,,,-7.35e-05,000073500,
D4.2__Fig 2__SQUID_data__IVB_BS30_A1S1_I_coil_+-0.3mA_fine_284mK_191103__IVB__T_1p40K[-0.000074250],10000,-2.268134e-05,2.239542e-05,4.507676e-05,0.09311449942231038,False,I_A,6.0,BS30_A1S1,Fig2,1.4,,,,,,-7.425e-05,000074250,
D4.2__Fig 2__SQUID_data__IVB_BS30_A1S1_I_coil_+-0.3mA_fine_284mK_191103__IVB__T_1p40K[-0.000075000],10000,-2.268149e-05,2.239506e-05,4.507655e-05,0.09210575038278015,False,I_A,6.0,BS30_A1S1,Fig2,1.4,,,,,,-7.5e-05,000075000,
D4.2__Fig 2__SQUID_data__IVB_BS30_A1S1_I_coil_+-0.3mA_fine_284mK_191103__IVB__T_1p40K[-0.000075750],10000,-2.268184e-05,2.239623e-05,4.5078069999999996e-05,0.09481475523293624,False,I_A,6.0,BS30_A1S1,Fig2,1.4,,,,,,-7.575e-05,000075750,
D4.2__Fig 2__SQUID_data__IVB_BS30_A1S1_I_coil_+-0.3mA_fine_284mK_191103__IVB__T_1p40K[-0.000076500],10000,-2.26819e-05,2.239562e-05,4.507752e-05,0.09200211178624777,False,I_A,6.0,BS30_A1S1,Fig2,1.4,,,,,,-7.65e-05,000076500,
D4.2__Fig 2__SQUID_data__IVB_BS30_A1S1_I_coil_+-0.3mA_fine_284mK_191103__IVB__T_1p40K[-0.000077250],10000,-2.268164e-05,2.239613e-05,4.507777e-05,0.08993734216867678,False,I_A,6.0,BS30_A1S1,Fig2,1.4,,,,,,-7.725e-05,000077250,
D4.2__Fig 2__SQUID_data__IVB_BS30_A1S1_I_coil_+-0.3mA_fine_284mK_191103__IVB__T_1p40K[-0.000078000],10000,-2.268078e-05,2.239501e-05,4.507579e-05,0.09287619520526132,False,I_A,6.0,BS30_A1S1,Fig2,1.4,,,,,,-7.8e-05,000078000,
D4.2__Fig 2__SQUID_data__IVB_BS30_A1S1_I_coil_+-0.3mA_fine_284mK_191103__IVB__T_1p40K[-0.000078750],10000,-2.268205e-05,2.239547e-05,4.507752e-05,0.09253394525646368,False,I_A,6.0,BS30_A1S1,Fig2,1.4,,,,,,-7.875e-05,000078750,
D4.2__Fig 2__SQUID_data__IVB_BS30_A1S1_I_coil_+-0.3mA_fine_284mK_191103__IVB__T_1p40K[-0.000079500],10000,-2.268184e-05,2.239501e-05,4.507685e-05,0.09112119479639184,False,I_A,6.0,BS30_A1S1,Fig2,1.4,,,,,,-7.95e-05,000079500,
D4.2__Fig 2__SQUID_data__IVB_BS30_A1S1_I_coil_+-0.3mA_fine_284mK_191103__IVB__T_1p40K[-0.000080250],10000,-2.26821e-05,2.239536e-05,4.507746e-05,0.09212483246039165,False,I_A,6.0,BS30_A1S1,Fig2,1.4,,,,,,-8.025e-05,000080250,
D4.2__Fig 2__SQUID_data__IVB_BS30_A1S1_I_coil_+-0.3mA_fine_284mK_191103__IVB__T_1p40K[-0.000081000],10000,-2.268195e-05,2.239506e-05,4.507701e-05,0.09458853250250461,False,I_A,6.0,BS30_A1S1,Fig2,1.4,,,,,,-8.1e-05,000081000,
D4.2__Fig 2__SQUID_data__IVB_BS30_A1S1_I_coil_+-0.3mA_fine_284mK_191103__IVB__T_1p40K[-0.000081750],10000,-2.268184e-05,2.239592e-05,4.507776e-05,0.0911510231424503,False,I_A,6.0,BS30_A1S1,Fig2,1.4,,,,,,-8.175e-05,000081750,
D4.2__Fig 2__SQUID_data__IVB_BS30_A1S1_I_coil_+-0.3mA_fine_284mK_191103__IVB__T_1p40K[-0.000082500],10000,-2.268164e-05,2.239491e-05,4.507655e-05,0.09438126306820455,False,I_A,6.0,BS30_A1S1,Fig2,1.4,,,,,,-8.25e-05,000082500,
D4.2__Fig 2__SQUID_data__IVB_BS30_A1S1_I_coil_+-0.3mA_fine_284mK_191103__IVB__T_1p40K[-0.000083250],10000,-2.268184e-05,2.239445e-05,4.507629e-05,0.09242084478789248,False,I_A,6.0,BS30_A1S1,Fig2,1.4,,,,,,-8.325e-05,000083250,
D4.2__Fig 2__SQUID_data__IVB_BS30_A1S1_I_coil_+-0.3mA_fine_284mK_191103__IVB__T_1p40K[-0.000084000],10000,-2.2682e-05,2.239501e-05,4.507701e-05,0.0909934570245088,False,I_A,6.0,BS30_A1S1,Fig2,1.4,,,,,,-8.4e-05,000084000,
D4.2__Fig 2__SQUID_data__IVB_BS30_A1S1_I_coil_+-0.3mA_fine_284mK_191103__IVB__T_1p40K[-0.000084750],10000,-2.268144e-05,2.239547e-05,4.5076909999999996e-05,0.09124287958582412,False,I_A,6.0,BS30_A1S1,Fig2,1.4,,,,,,-8.475e-05,000084750,
D4.2__Fig 2__SQUID_data__IVB_BS30_A1S1_I_coil_+-0.3mA_fine_284mK_191103__IVB__T_1p40K[-0.000085500],10000,-2.268195e-05,2.239664e-05,4.5078590000000005e-05,0.08937159639991557,False,I_A,6.0,BS30_A1S1,Fig2,1.4,,,,,,-8.55e-05,000085500,
D4.2__Fig 2__SQUID_data__IVB_BS30_A1S1_I_coil_+-0.3mA_fine_284mK_191103__IVB__T_1p40K[-0.000086250],10000,-2.268139e-05,2.239511e-05,4.5076499999999994e-05,0.08930638804192596,False,I_A,6.0,BS30_A1S1,Fig2,1.4,,,,,,-8.625e-05,000086250,
D4.2__Fig 2__SQUID_data__IVB_BS30_A1S1_I_coil_+-0.3mA_fine_284mK_191103__IVB__T_1p40K[-0.000087000],10000,-2.268174e-05,2.239542e-05,4.507716e-05,0.0908378586606663,False,I_A,6.0,BS30_A1S1,Fig2,1.4,,,,,,-8.7e-05,000087000,
D4.2__Fig 2__SQUID_data__IVB_BS30_A1S1_I_coil_+-0.3mA_fine_284mK_191103__IVB__T_1p40K[-0.000087750],10000,-2.268144e-05,2.239521e-05,4.507665e-05,0.0949153254384147,False,I_A,6.0,BS30_A1S1,Fig2,1.4,,,,,,-8.775e-05,000087750,
D4.2__Fig 2__SQUID_data__IVB_BS30_A1S1_I_coil_+-0.3mA_fine_284mK_191103__IVB__T_1p40K[-0.000088500],10000,-2.2682e-05,2.239603e-05,4.507803e-05,0.09114951159755255,False,I_A,6.0,BS30_A1S1,Fig2,1.4,,,,,,-8.85e-05,000088500,
D4.2__Fig 2__SQUID_data__IVB_BS30_A1S1_I_coil_+-0.3mA_fine_284mK_191103__IVB__T_1p40K[-0.000089250],10000,-2.268159e-05,2.239567e-05,4.507726e-05,0.09253469097581732,False,I_A,6.0,BS30_A1S1,Fig2,1.4,,,,,,-8.925e-05,000089250,
D4.2__Fig 2__SQUID_data__IVB_BS30_A1S1_I_coil_+-0.3mA_fine_284mK_191103__IVB__T_1p40K[-0.000090000],10000,-2.268246e-05,2.239587e-05,4.507833e-05,0.08994848712371288,False,I_A,6.0,BS30_A1S1,Fig2,1.4,,,,,,-9e-05,000090000,
D4.2__Fig 2__SQUID_data__IVB_BS30_A1S1_I_coil_+-0.3mA_fine_284mK_191103__IVB__T_1p40K[-0.000090750],10000,-2.268215e-05,2.239506e-05,4.5077210000000003e-05,0.09124112370900589,False,I_A,6.0,BS30_A1S1,Fig2,1.4,,,,,,-9.075e-05,000090750,
D4.2__Fig 2__SQUID_data__IVB_BS30_A1S1_I_coil_+-0.3mA_fine_284mK_191103__IVB__T_1p40K[-0.000091500],10000,-2.268159e-05,2.23947e-05,4.507629e-05,0.09025168447227645,False,I_A,6.0,BS30_A1S1,Fig2,1.4,,,,,,-9.15e-05,000091500,
D4.2__Fig 2__SQUID_data__IVB_BS30_A1S1_I_coil_+-0.3mA_fine_284mK_191103__IVB__T_1p40K[-0.000092250],10000,-2.268164e-05,2.239491e-05,4.507655e-05,0.09202561627260393,False,I_A,6.0,BS30_A1S1,Fig2,1.4,,,,,,-9.225e-05,000092250,
D4.2__Fig 2__SQUID_data__IVB_BS30_A1S1_I_coil_+-0.3mA_fine_284mK_191103__IVB__T_1p40K[-0.000093000],10000,-2.268246e-05,2.239521e-05,4.5077669999999995e-05,0.09423115187907637,False,I_A,6.0,BS30_A1S1,Fig2,1.4,,,,,,-9.3e-05,000093000,
D4.2__Fig 2__SQUID_data__IVB_BS30_A1S1_I_coil_+-0.3mA_fine_284mK_191103__IVB__T_1p40K[-0.000093750],10000,-2.268184e-05,2.239496e-05,4.50768e-05,0.09366749016560426,False,I_A,6.0,BS30_A1S1,Fig2,1.4,,,,,,-9.375e-05,000093750,
D4.2__Fig 2__SQUID_data__IVB_BS30_A1S1_I_coil_+-0.3mA_fine_284mK_191103__IVB__T_1p40K[-0.000094500],10000,-2.268261e-05,2.239567e-05,4.507828e-05,0.09011848638690696,False,I_A,6.0,BS30_A1S1,Fig2,1.4,,,,,,-9.45e-05,000094500,
D4.2__Fig 2__SQUID_data__IVB_BS30_A1S1_I_coil_+-0.3mA_fine_284mK_191103__IVB__T_1p40K[-0.000095250],10000,-2.268205e-05,2.239613e-05,4.5078180000000003e-05,0.08891706107884281,False,I_A,6.0,BS30_A1S1,Fig2,1.4,,,,,,-9.525e-05,000095250,
D4.2__Fig 2__SQUID_data__IVB_BS30_A1S1_I_coil_+-0.3mA_fine_284mK_191103__IVB__T_1p40K[-0.000096000],10000,-2.268296e-05,2.239587e-05,4.507883e-05,0.09226542395315203,False,I_A,6.0,BS30_A1S1,Fig2,1.4,,,,,,-9.6e-05,000096000,
D4.2__Fig 2__SQUID_data__IVB_BS30_A1S1_I_coil_+-0.3mA_fine_284mK_191103__IVB__T_1p40K[-0.000096750],10000,-2.268184e-05,2.239511e-05,4.507695e-05,0.09217599207914193,False,I_A,6.0,BS30_A1S1,Fig2,1.4,,,,,,-9.675e-05,000096750,
D4.2__Fig 2__SQUID_data__IVB_BS30_A1S1_I_coil_+-0.3mA_fine_284mK_191103__IVB__T_1p40K[-0.000097500],10000,-2.268205e-05,2.239547e-05,4.507752e-05,0.09315809230322541,False,I_A,6.0,BS30_A1S1,Fig2,1.4,,,,,,-9.75e-05,000097500,
D4.2__Fig 2__SQUID_data__IVB_BS30_A1S1_I_coil_+-0.3mA_fine_284mK_191103__IVB__T_1p40K[-0.000098250],10000,-2.268159e-05,2.239506e-05,4.507665e-05,0.09290641449241255,False,I_A,6.0,BS30_A1S1,Fig2,1.4,,,,,,-9.825e-05,000098250,
D4.2__Fig 2__SQUID_data__IVB_BS30_A1S1_I_coil_+-0.3mA_fine_284mK_191103__IVB__T_1p40K[-0.000099000],10000,-2.268164e-05,2.239465e-05,4.507629e-05,0.09625961122546593,False,I_A,6.0,BS30_A1S1,Fig2,1.4,,,,,,-9.9e-05,000099000,
D4.2__Fig 2__SQUID_data__IVB_BS30_A1S1_I_coil_+-0.3mA_fine_284mK_191103__IVB__T_1p40K[-0.000099750],10000,-2.26821e-05,2.239567e-05,4.507777e-05,0.09041937552118794,False,I_A,6.0,BS30_A1S1,Fig2,1.4,,,,,,-9.975e-05,000099750,
D4.2__Fig 2__SQUID_data__IVB_BS30_A1S1_I_coil_+-0.3mA_fine_284mK_191103__IVB__T_1p40K[-0.000100500],10000,-2.268154e-05,2.239562e-05,4.507716e-05,0.09112045322434233,False,I_A,6.0,BS30_A1S1,Fig2,1.4,,,,,,-0.0001005,000100500,
D4.2__Fig 2__SQUID_data__IVB_BS30_A1S1_I_coil_+-0.3mA_fine_284mK_191103__IVB__T_1p40K[-0.000101250],10000,-2.268169e-05,2.239582e-05,4.507751e-05,0.09498900685520519,False,I_A,6.0,BS30_A1S1,Fig2,1.4,,,,,,-0.00010125,000101250,
D4.2__Fig 2__SQUID_data__IVB_BS30_A1S1_I_coil_+-0.3mA_fine_284mK_191103__IVB__T_1p40K[-0.000102000],10000,-2.26821e-05,2.239689e-05,4.5078990000000006e-05,0.09188470016546439,False,I_A,6.0,BS30_A1S1,Fig2,1.4,,,,,,-0.000102,000102000,
D4.2__Fig 2__SQUID_data__IVB_BS30_A1S1_I_coil_+-0.3mA_fine_284mK_191103__IVB__T_1p40K[-0.000102750],10000,-2.268169e-05,2.239577e-05,4.507746e-05,0.0964876942050163,False,I_A,6.0,BS30_A1S1,Fig2,1.4,,,,,,-0.00010275,000102750,
D4.2__Fig 2__SQUID_data__IVB_BS30_A1S1_I_coil_+-0.3mA_fine_284mK_191103__IVB__T_1p40K[-0.000103500],10000,-2.268103e-05,2.239582e-05,4.5076850000000005e-05,0.09230410754948128,False,I_A,6.0,BS30_A1S1,Fig2,1.4,,,,,,-0.0001035,000103500,
D4.2__Fig 2__SQUID_data__IVB_BS30_A1S1_I_coil_+-0.3mA_fine_284mK_191103__IVB__T_1p40K[-0.000104250],10000,-2.268098e-05,2.239648e-05,4.507746e-05,0.09173138621533505,False,I_A,6.0,BS30_A1S1,Fig2,1.4,,,,,,-0.00010425,000104250,
D4.2__Fig 2__SQUID_data__IVB_BS30_A1S1_I_coil_+-0.3mA_fine_284mK_191103__IVB__T_1p40K[-0.000105000],10000,-2.268103e-05,2.239521e-05,4.507624e-05,0.09303653400867896,False,I_A,6.0,BS30_A1S1,Fig2,1.4,,,,,,-0.000105,000105000,
D4.2__Fig 2__SQUID_data__IVB_BS30_A1S1_I_coil_+-0.3mA_fine_284mK_191103__IVB__T_1p40K[-0.000105750],10000,-2.268195e-05,2.239572e-05,4.507767e-05,0.09291211385795325,False,I_A,6.0,BS30_A1S1,Fig2,1.4,,,,,,-0.00010575,000105750,
D4.2__Fig 2__SQUID_data__IVB_BS30_A1S1_I_coil_+-0.3mA_fine_284mK_191103__IVB__T_1p40K[-0.000106500],10000,-2.268134e-05,2.239486e-05,4.50762e-05,0.09524035691650265,False,I_A,6.0,BS30_A1S1,Fig2,1.4,,,,,,-0.0001065,000106500,
D4.2__Fig 2__SQUID_data__IVB_BS30_A1S1_I_coil_+-0.3mA_fine_284mK_191103__IVB__T_1p40K[-0.000107250],10000,-2.268195e-05,2.239475e-05,4.50767e-05,0.08840699346222873,False,I_A,6.0,BS30_A1S1,Fig2,1.4,,,,,,-0.00010725,000107250,
D4.2__Fig 2__SQUID_data__IVB_BS30_A1S1_I_coil_+-0.3mA_fine_284mK_191103__IVB__T_1p40K[-0.000108000],10000,-2.268129e-05,2.239536e-05,4.507665e-05,0.0910864416168466,False,I_A,6.0,BS30_A1S1,Fig2,1.4,,,,,,-0.000108,000108000,
D4.2__Fig 2__SQUID_data__IVB_BS30_A1S1_I_coil_+-0.3mA_fine_284mK_191103__IVB__T_1p40K[-0.000108750],10000,-2.268276e-05,2.239659e-05,4.5079350000000004e-05,0.09840534358647196,False,I_A,6.0,BS30_A1S1,Fig2,1.4,,,,,,-0.00010875,000108750,
D4.2__Fig 2__SQUID_data__IVB_BS30_A1S1_I_coil_+-0.3mA_fine_284mK_191103__IVB__T_1p40K[-0.000109500],10000,-2.268103e-05,2.239496e-05,4.507599e-05,0.09289627409080536,False,I_A,6.0,BS30_A1S1,Fig2,1.4,,,,,,-0.0001095,000109500,
D4.2__Fig 2__SQUID_data__IVB_BS30_A1S1_I_coil_+-0.3mA_fine_284mK_191103__IVB__T_1p40K[-0.000110250],10000,-2.268062e-05,2.239542e-05,4.507604e-05,0.09512222665536793,False,I_A,6.0,BS30_A1S1,Fig2,1.4,,,,,,-0.00011025,000110250,
D4.2__Fig 2__SQUID_data__IVB_BS30_A1S1_I_coil_+-0.3mA_fine_284mK_191103__IVB__T_1p40K[-0.000111000],10000,-2.268098e-05,2.239582e-05,4.50768e-05,0.09113722327015969,False,I_A,6.0,BS30_A1S1,Fig2,1.4,,,,,,-0.000111,000111000,
D4.2__Fig 2__SQUID_data__IVB_BS30_A1S1_I_coil_+-0.3mA_fine_284mK_191103__IVB__T_1p40K[-0.000111750],10000,-2.268129e-05,2.239562e-05,4.5076909999999996e-05,0.09600082723503266,False,I_A,6.0,BS30_A1S1,Fig2,1.4,,,,,,-0.00011175,000111750,
D4.2__Fig 2__SQUID_data__IVB_BS30_A1S1_I_coil_+-0.3mA_fine_284mK_191103__IVB__T_1p40K[-0.000112500],10000,-2.268154e-05,2.239582e-05,4.507736e-05,0.09596460633686253,False,I_A,6.0,BS30_A1S1,Fig2,1.4,,,,,,-0.0001125,000112500,
D4.2__Fig 2__SQUID_data__IVB_BS30_A1S1_I_coil_+-0.3mA_fine_284mK_191103__IVB__T_1p40K[-0.000113250],10000,-2.268159e-05,2.239567e-05,4.507726e-05,0.09175820179277988,False,I_A,6.0,BS30_A1S1,Fig2,1.4,,,,,,-0.00011325,000113250,
D4.2__Fig 2__SQUID_data__IVB_BS30_A1S1_I_coil_+-0.3mA_fine_284mK_191103__IVB__T_1p40K[-0.000114000],10000,-2.268149e-05,2.239557e-05,4.507706e-05,0.09173403365851927,False,I_A,6.0,BS30_A1S1,Fig2,1.4,,,,,,-0.000114,000114000,
D4.2__Fig 2__SQUID_data__IVB_BS30_A1S1_I_coil_+-0.3mA_fine_284mK_191103__IVB__T_1p40K[-0.000114750],10000,-2.268159e-05,2.239531e-05,4.5076899999999995e-05,0.09341244410134157,False,I_A,6.0,BS30_A1S1,Fig2,1.4,,,,,,-0.00011475,000114750,
D4.2__Fig 2__SQUID_data__IVB_BS30_A1S1_I_coil_+-0.3mA_fine_284mK_191103__IVB__T_1p40K[-0.000115500],10000,-2.26821e-05,2.239592e-05,4.5078020000000006e-05,0.09377303285523726,False,I_A,6.0,BS30_A1S1,Fig2,1.4,,,,,,-0.0001155,000115500,
D4.2__Fig 2__SQUID_data__IVB_BS30_A1S1_I_coil_+-0.3mA_fine_284mK_191103__IVB__T_1p40K[-0.000116250],10000,-2.268123e-05,2.239481e-05,4.507604e-05,0.09136643288203503,False,I_A,6.0,BS30_A1S1,Fig2,1.4,,,,,,-0.00011625,000116250,
D4.2__Fig 2__SQUID_data__IVB_BS30_A1S1_I_coil_+-0.3mA_fine_284mK_191103__IVB__T_1p40K[-0.000117000],10000,-2.268174e-05,2.239542e-05,4.507716e-05,0.09022469421148702,False,I_A,6.0,BS30_A1S1,Fig2,1.4,,,,,,-0.000117,000117000,
D4.2__Fig 2__SQUID_data__IVB_BS30_A1S1_I_coil_+-0.3mA_fine_284mK_191103__IVB__T_1p40K[-0.000117750],10000,-2.268174e-05,2.239572e-05,4.507746e-05,0.0909106078790751,False,I_A,6.0,BS30_A1S1,Fig2,1.4,,,,,,-0.00011775,000117750,
D4.2__Fig 2__SQUID_data__IVB_BS30_A1S1_I_coil_+-0.3mA_fine_284mK_191103__IVB__T_1p40K[-0.000118500],10000,-2.268174e-05,2.239664e-05,4.5078380000000004e-05,0.09518403484055837,False,I_A,6.0,BS30_A1S1,Fig2,1.4,,,,,,-0.0001185,000118500,
D4.2__Fig 2__SQUID_data__IVB_BS30_A1S1_I_coil_+-0.3mA_fine_284mK_191103__IVB__T_1p40K[-0.000119250],10000,-2.268281e-05,2.239572e-05,4.507853e-05,0.0895166572233387,False,I_A,6.0,BS30_A1S1,Fig2,1.4,,,,,,-0.00011925,000119250,
D4.2__Fig 2__SQUID_data__IVB_BS30_A1S1_I_coil_+-0.3mA_fine_284mK_191103__IVB__T_1p40K[-0.000120000],10000,-2.268195e-05,2.239562e-05,4.507757e-05,0.09308843402764247,False,I_A,6.0,BS30_A1S1,Fig2,1.4,,,,,,-0.00012,000120000,
D4.2__Fig 2__SQUID_data__IVB_BS30_A1S1_I_coil_+-0.3mA_fine_284mK_191103__IVB__T_1p40K[-0.000120750],10000,-2.268225e-05,2.239567e-05,4.507792e-05,0.09247726666616873,False,I_A,6.0,BS30_A1S1,Fig2,1.4,,,,,,-0.00012075,000120750,
D4.2__Fig 2__SQUID_data__IVB_BS30_A1S1_I_coil_+-0.3mA_fine_284mK_191103__IVB__T_1p40K[-0.000121500],10000,-2.268098e-05,2.239562e-05,4.50766e-05,0.09324332711451672,False,I_A,6.0,BS30_A1S1,Fig2,1.4,,,,,,-0.0001215,000121500,
D4.2__Fig 2__SQUID_data__IVB_BS30_A1S1_I_coil_+-0.3mA_fine_284mK_191103__IVB__T_1p40K[-0.000122250],10000,-2.268159e-05,2.239511e-05,4.5076699999999995e-05,0.09092003890718213,False,I_A,6.0,BS30_A1S1,Fig2,1.4,,,,,,-0.00012225,000122250,
D4.2__Fig 2__SQUID_data__IVB_BS30_A1S1_I_coil_+-0.3mA_fine_284mK_191103__IVB__T_1p40K[-0.000123000],10000,-2.268271e-05,2.239521e-05,4.507792e-05,0.09128956502671018,False,I_A,6.0,BS30_A1S1,Fig2,1.4,,,,,,-0.000123,000123000,
D4.2__Fig 2__SQUID_data__IVB_BS30_A1S1_I_coil_+-0.3mA_fine_284mK_191103__IVB__T_1p40K[-0.000123750],10000,-2.268246e-05,2.239501e-05,4.5077469999999994e-05,0.09179546867329227,False,I_A,6.0,BS30_A1S1,Fig2,1.4,,,,,,-0.00012375,000123750,
D4.2__Fig 2__SQUID_data__IVB_BS30_A1S1_I_coil_+-0.3mA_fine_284mK_191103__IVB__T_1p40K[-0.000124500],10000,-2.268195e-05,2.239613e-05,4.5078079999999997e-05,0.09126574741878134,False,I_A,6.0,BS30_A1S1,Fig2,1.4,,,,,,-0.0001245,000124500,
D4.2__Fig 2__SQUID_data__IVB_BS30_A1S1_I_coil_+-0.3mA_fine_284mK_191103__IVB__T_1p40K[-0.000125250],10000,-2.268174e-05,2.239552e-05,4.507726e-05,0.09373266714288932,False,I_A,6.0,BS30_A1S1,Fig2,1.4,,,,,,-0.00012525,000125250,
D4.2__Fig 2__SQUID_data__IVB_BS30_A1S1_I_coil_+-0.3mA_fine_284mK_191103__IVB__T_1p40K[-0.000126000],10000,-2.268225e-05,2.239567e-05,4.507792e-05,0.08985713936094046,False,I_A,6.0,BS30_A1S1,Fig2,1.4,,,,,,-0.000126,000126000,
D4.2__Fig 2__SQUID_data__IVB_BS30_A1S1_I_coil_+-0.3mA_fine_284mK_191103__IVB__T_1p40K[-0.000126750],10000,-2.268174e-05,2.239511e-05,4.507685e-05,0.09646784047306067,False,I_A,6.0,BS30_A1S1,Fig2,1.4,,,,,,-0.00012675,000126750,
D4.2__Fig 2__SQUID_data__IVB_BS30_A1S1_I_coil_+-0.3mA_fine_284mK_191103__IVB__T_1p40K[-0.000127500],10000,-2.2682e-05,2.239501e-05,4.507701e-05,0.08930423577000637,False,I_A,6.0,BS30_A1S1,Fig2,1.4,,,,,,-0.0001275,000127500,
D4.2__Fig 2__SQUID_data__IVB_BS30_A1S1_I_coil_+-0.3mA_fine_284mK_191103__IVB__T_1p40K[-0.000128250],10000,-2.26824e-05,2.239638e-05,4.5078780000000005e-05,0.09267429014734546,False,I_A,6.0,BS30_A1S1,Fig2,1.4,,,,,,-0.00012825,000128250,
D4.2__Fig 2__SQUID_data__IVB_BS30_A1S1_I_coil_+-0.3mA_fine_284mK_191103__IVB__T_1p40K[-0.000129000],10000,-2.268164e-05,2.239608e-05,4.507772e-05,0.09157814161870967,False,I_A,6.0,BS30_A1S1,Fig2,1.4,,,,,,-0.000129,000129000,
D4.2__Fig 2__SQUID_data__IVB_BS30_A1S1_I_coil_+-0.3mA_fine_284mK_191103__IVB__T_1p40K[-0.000129750],10000,-2.26819e-05,2.239664e-05,4.507854e-05,0.09163081999196332,False,I_A,6.0,BS30_A1S1,Fig2,1.4,,,,,,-0.00012975,000129750,
D4.2__Fig 2__SQUID_data__IVB_BS30_A1S1_I_coil_+-0.3mA_fine_284mK_191103__IVB__T_1p40K[-0.000130500],10000,-2.268256e-05,2.239567e-05,4.507823e-05,0.08887685727475997,False,I_A,6.0,BS30_A1S1,Fig2,1.4,,,,,,-0.0001305,000130500,
D4.2__Fig 2__SQUID_data__IVB_BS30_A1S1_I_coil_+-0.3mA_fine_284mK_191103__IVB__T_1p40K[-0.000131250],10000,-2.268174e-05,2.239577e-05,4.507751e-05,0.09218871980517448,False,I_A,6.0,BS30_A1S1,Fig2,1.4,,,,,,-0.00013125,000131250,
D4.2__Fig 2__SQUID_data__IVB_BS30_A1S1_I_coil_+-0.3mA_fine_284mK_191103__IVB__T_1p40K[-0.000132000],10000,-2.268154e-05,2.239659e-05,4.507813e-05,0.09031098505876158,False,I_A,6.0,BS30_A1S1,Fig2,1.4,,,,,,-0.000132,000132000,
D4.2__Fig 2__SQUID_data__IVB_BS30_A1S1_I_coil_+-0.3mA_fine_284mK_191103__IVB__T_1p40K[-0.000132750],10000,-2.268164e-05,2.239653e-05,4.507817e-05,0.09118837072397862,False,I_A,6.0,BS30_A1S1,Fig2,1.4,,,,,,-0.00013275,000132750,
D4.2__Fig 2__SQUID_data__IVB_BS30_A1S1_I_coil_+-0.3mA_fine_284mK_191103__IVB__T_1p40K[-0.000133500],10000,-2.268251e-05,2.239648e-05,4.507899e-05,0.09098059643381946,False,I_A,6.0,BS30_A1S1,Fig2,1.4,,,,,,-0.0001335,000133500,
D4.2__Fig 2__SQUID_data__IVB_BS30_A1S1_I_coil_+-0.3mA_fine_284mK_191103__IVB__T_1p40K[-0.000134250],10000,-2.268256e-05,2.239536e-05,4.507792e-05,0.09514287015611833,False,I_A,6.0,BS30_A1S1,Fig2,1.4,,,,,,-0.00013425,000134250,
D4.2__Fig 2__SQUID_data__IVB_BS30_A1S1_I_coil_+-0.3mA_fine_284mK_191103__IVB__T_1p40K[-0.000135000],10000,-2.26821e-05,2.239567e-05,4.507777e-05,0.09142437071583683,False,I_A,6.0,BS30_A1S1,Fig2,1.4,,,,,,-0.000135,000135000,
D4.2__Fig 2__SQUID_data__IVB_BS30_A1S1_I_coil_+-0.3mA_fine_284mK_191103__IVB__T_1p40K[-0.000135750],10000,-2.268154e-05,2.239547e-05,4.507701e-05,0.09140470070951778,False,I_A,6.0,BS30_A1S1,Fig2,1.4,,,,,,-0.00013575,000135750,
D4.2__Fig 2__SQUID_data__IVB_BS30_A1S1_I_coil_+-0.3mA_fine_284mK_191103__IVB__T_1p40K[-0.000136500],10000,-2.26824e-05,2.239648e-05,4.507888e-05,0.09383232259095342,False,I_A,6.0,BS30_A1S1,Fig2,1.4,,,,,,-0.0001365,000136500,
D4.2__Fig 2__SQUID_data__IVB_BS30_A1S1_I_coil_+-0.3mA_fine_284mK_191103__IVB__T_1p40K[-0.000137250],10000,-2.2682e-05,2.239557e-05,4.507757e-05,0.09065530763268437,False,I_A,6.0,BS30_A1S1,Fig2,1.4,,,,,,-0.00013725,000137250,
D4.2__Fig 2__SQUID_data__IVB_BS30_A1S1_I_coil_+-0.3mA_fine_284mK_191103__IVB__T_1p40K[-0.000138000],10000,-2.26821e-05,2.239603e-05,4.507813e-05,0.09258328184200665,False,I_A,6.0,BS30_A1S1,Fig2,1.4,,,,,,-0.000138,000138000,
D4.2__Fig 2__SQUID_data__IVB_BS30_A1S1_I_coil_+-0.3mA_fine_284mK_191103__IVB__T_1p40K[-0.000138750],10000,-2.2682e-05,2.239608e-05,4.5078079999999997e-05,0.09143972181604107,False,I_A,6.0,BS30_A1S1,Fig2,1.4,,,,,,-0.00013875,000138750,
D4.2__Fig 2__SQUID_data__IVB_BS30_A1S1_I_coil_+-0.3mA_fine_284mK_191103__IVB__T_1p40K[-0.000139500],10000,-2.26821e-05,2.239613e-05,4.507823e-05,0.08980950287824527,False,I_A,6.0,BS30_A1S1,Fig2,1.4,,,,,,-0.0001395,000139500,
D4.2__Fig 2__SQUID_data__IVB_BS30_A1S1_I_coil_+-0.3mA_fine_284mK_191103__IVB__T_1p40K[-0.000140250],10000,-2.26819e-05,2.239653e-05,4.507843e-05,0.09911842009908972,False,I_A,6.0,BS30_A1S1,Fig2,1.4,,,,,,-0.00014025,000140250,
D4.2__Fig 2__SQUID_data__IVB_BS30_A1S1_I_coil_+-0.3mA_fine_284mK_191103__IVB__T_1p40K[-0.000141000],10000,-2.26822e-05,2.239552e-05,4.507772e-05,0.0907710523981223,False,I_A,6.0,BS30_A1S1,Fig2,1.4,,,,,,-0.000141,000141000,
D4.2__Fig 2__SQUID_data__IVB_BS30_A1S1_I_coil_+-0.3mA_fine_284mK_191103__IVB__T_1p40K[-0.000141750],10000,-2.268215e-05,2.239592e-05,4.507807e-05,0.0919655917182975,False,I_A,6.0,BS30_A1S1,Fig2,1.4,,,,,,-0.00014175,000141750,
D4.2__Fig 2__SQUID_data__IVB_BS30_A1S1_I_coil_+-0.3mA_fine_284mK_191103__IVB__T_1p40K[-0.000142500],10000,-2.2682e-05,2.239643e-05,4.507843e-05,0.09115823564620736,False,I_A,6.0,BS30_A1S1,Fig2,1.4,,,,,,-0.0001425,000142500,
D4.2__Fig 2__SQUID_data__IVB_BS30_A1S1_I_coil_+-0.3mA_fine_284mK_191103__IVB__T_1p40K[-0.000143250],10000,-2.268154e-05,2.239577e-05,4.507731e-05,0.09301658759726396,False,I_A,6.0,BS30_A1S1,Fig2,1.4,,,,,,-0.00014325,000143250,
D4.2__Fig 2__SQUID_data__IVB_BS30_A1S1_I_coil_+-0.3mA_fine_284mK_191103__IVB__T_1p40K[-0.000144000],10000,-2.26823e-05,2.239562e-05,4.507792e-05,0.0980008347892083,False,I_A,6.0,BS30_A1S1,Fig2,1.4,,,,,,-0.000144,000144000,
D4.2__Fig 2__SQUID_data__IVB_BS30_A1S1_I_coil_+-0.3mA_fine_284mK_191103__IVB__T_1p40K[-0.000144750],10000,-2.268225e-05,2.239613e-05,4.5078380000000004e-05,0.09241653304844152,False,I_A,6.0,BS30_A1S1,Fig2,1.4,,,,,,-0.00014475,000144750,
D4.2__Fig 2__SQUID_data__IVB_BS30_A1S1_I_coil_+-0.3mA_fine_284mK_191103__IVB__T_1p40K[-0.000145500],10000,-2.268195e-05,2.239567e-05,4.5077620000000005e-05,0.09317917615054722,False,I_A,6.0,BS30_A1S1,Fig2,1.4,,,,,,-0.0001455,000145500,
D4.2__Fig 2__SQUID_data__IVB_BS30_A1S1_I_coil_+-0.3mA_fine_284mK_191103__IVB__T_1p40K[-0.000146250],10000,-2.268184e-05,2.239572e-05,4.507756e-05,0.09157987176936423,False,I_A,6.0,BS30_A1S1,Fig2,1.4,,,,,,-0.00014625,000146250,
D4.2__Fig 2__SQUID_data__IVB_BS30_A1S1_I_coil_+-0.3mA_fine_284mK_191103__IVB__T_1p40K[-0.000147000],10000,-2.268108e-05,2.239501e-05,4.507609e-05,0.10089920919275375,False,I_A,6.0,BS30_A1S1,Fig2,1.4,,,,,,-0.000147,000147000,
D4.2__Fig 2__SQUID_data__IVB_BS30_A1S1_I_coil_+-0.3mA_fine_284mK_191103__IVB__T_1p40K[-0.000147750],10000,-2.268271e-05,2.239542e-05,4.507813e-05,0.0938496543032673,False,I_A,6.0,BS30_A1S1,Fig2,1.4,,,,,,-0.00014775,000147750,
D4.2__Fig 2__SQUID_data__IVB_BS30_A1S1_I_coil_+-0.3mA_fine_284mK_191103__IVB__T_1p40K[-0.000148500],10000,-2.268184e-05,2.239552e-05,4.507736e-05,0.09039108246096597,False,I_A,6.0,BS30_A1S1,Fig2,1.4,,,,,,-0.0001485,000148500,
D4.2__Fig 2__SQUID_data__IVB_BS30_A1S1_I_coil_+-0.3mA_fine_284mK_191103__IVB__T_1p40K[-0.000149250],10000,-2.268174e-05,2.239603e-05,4.507777e-05,0.08953323805776967,False,I_A,6.0,BS30_A1S1,Fig2,1.4,,,,,,-0.00014925,000149250,
D4.2__Fig 2__SQUID_data__IVB_BS30_A1S1_I_coil_+-0.3mA_fine_284mK_191103__IVB__T_1p40K[-0.000150000],10000,-2.268337e-05,2.239613e-05,4.50795e-05,0.0882167307331132,False,I_A,6.0,BS30_A1S1,Fig2,1.4,,,,,,-0.00015,000150000,
D4.2__Fig 2__SQUID_data__IVB_BS30_A1S1_I_coil_+-0.3mA_fine_284mK_191103__IVB__T_1p40K[-0.000150750],10000,-2.26823e-05,2.239608e-05,4.5078380000000004e-05,0.09392067654139671,False,I_A,6.0,BS30_A1S1,Fig2,1.4,,,,,,-0.00015075,000150750,
D4.2__Fig 2__SQUID_data__IVB_BS30_A1S1_I_coil_+-0.3mA_fine_284mK_191103__IVB__T_1p40K[-0.000151500],10000,-2.268169e-05,2.239709e-05,4.507878e-05,0.0941583431926413,False,I_A,6.0,BS30_A1S1,Fig2,1.4,,,,,,-0.0001515,000151500,
D4.2__Fig 2__SQUID_data__IVB_BS30_A1S1_I_coil_+-0.3mA_fine_284mK_191103__IVB__T_1p40K[-0.000152250],10000,-2.268215e-05,2.239638e-05,4.507853e-05,0.09098462540851417,False,I_A,6.0,BS30_A1S1,Fig2,1.4,,,,,,-0.00015225,000152250,
D4.2__Fig 2__SQUID_data__IVB_BS30_A1S1_I_coil_+-0.3mA_fine_284mK_191103__IVB__T_1p40K[-0.000153000],10000,-2.268149e-05,2.239613e-05,4.507762e-05,0.0912971123819685,False,I_A,6.0,BS30_A1S1,Fig2,1.4,,,,,,-0.000153,000153000,
D4.2__Fig 2__SQUID_data__IVB_BS30_A1S1_I_coil_+-0.3mA_fine_284mK_191103__IVB__T_1p40K[-0.000153750],10000,-2.268235e-05,2.239643e-05,4.5078780000000005e-05,0.08953009750058281,False,I_A,6.0,BS30_A1S1,Fig2,1.4,,,,,,-0.00015375,000153750,
D4.2__Fig 2__SQUID_data__IVB_BS30_A1S1_I_coil_+-0.3mA_fine_284mK_191103__IVB__T_1p40K[-0.000154500],10000,-2.268184e-05,2.239643e-05,4.5078269999999996e-05,0.08942170079497674,False,I_A,6.0,BS30_A1S1,Fig2,1.4,,,,,,-0.0001545,000154500,
D4.2__Fig 2__SQUID_data__IVB_BS30_A1S1_I_coil_+-0.3mA_fine_284mK_191103__IVB__T_1p40K[-0.000155250],10000,-2.26824e-05,2.239633e-05,4.507873e-05,0.09262823306690404,False,I_A,6.0,BS30_A1S1,Fig2,1.4,,,,,,-0.00015525,000155250,
D4.2__Fig 2__SQUID_data__IVB_BS30_A1S1_I_coil_+-0.3mA_fine_284mK_191103__IVB__T_1p40K[-0.000156000],10000,-2.26823e-05,2.239608e-05,4.5078380000000004e-05,0.09361929985294501,False,I_A,6.0,BS30_A1S1,Fig2,1.4,,,,,,-0.000156,000156000,
D4.2__Fig 2__SQUID_data__IVB_BS30_A1S1_I_coil_+-0.3mA_fine_284mK_191103__IVB__T_1p40K[-0.000156750],10000,-2.26819e-05,2.239608e-05,4.507798e-05,0.09093400904160025,False,I_A,6.0,BS30_A1S1,Fig2,1.4,,,,,,-0.00015675,000156750,
D4.2__Fig 2__SQUID_data__IVB_BS30_A1S1_I_coil_+-0.3mA_fine_284mK_191103__IVB__T_1p40K[-0.000157500],10000,-2.268144e-05,2.239709e-05,4.507853e-05,0.09033551289964216,False,I_A,6.0,BS30_A1S1,Fig2,1.4,,,,,,-0.0001575,000157500,
D4.2__Fig 2__SQUID_data__IVB_BS30_A1S1_I_coil_+-0.3mA_fine_284mK_191103__IVB__T_1p40K[-0.000158250],10000,-2.268164e-05,2.239659e-05,4.507823e-05,0.09202823384524417,False,I_A,6.0,BS30_A1S1,Fig2,1.4,,,,,,-0.00015825,000158250,
D4.2__Fig 2__SQUID_data__IVB_BS30_A1S1_I_coil_+-0.3mA_fine_284mK_191103__IVB__T_1p40K[-0.000159000],10000,-2.26821e-05,2.239653e-05,4.507863e-05,0.09378670210644556,False,I_A,6.0,BS30_A1S1,Fig2,1.4,,,,,,-0.000159,000159000,
D4.2__Fig 2__SQUID_data__IVB_BS30_A1S1_I_coil_+-0.3mA_fine_284mK_191103__IVB__T_1p40K[-0.000159750],10000,-2.26823e-05,2.239618e-05,4.507848e-05,0.08934402860365367,False,I_A,6.0,BS30_A1S1,Fig2,1.4,,,,,,-0.00015975,000159750,
D4.2__Fig 2__SQUID_data__IVB_BS30_A1S1_I_coil_+-0.3mA_fine_284mK_191103__IVB__T_1p40K[-0.000160500],10000,-2.26819e-05,2.239608e-05,4.507798e-05,0.09564029833856577,False,I_A,6.0,BS30_A1S1,Fig2,1.4,,,,,,-0.0001605,000160500,
D4.2__Fig 2__SQUID_data__IVB_BS30_A1S1_I_coil_+-0.3mA_fine_284mK_191103__IVB__T_1p40K[-0.000161250],10000,-2.26822e-05,2.239623e-05,4.507843e-05,0.09264812137743487,False,I_A,6.0,BS30_A1S1,Fig2,1.4,,,,,,-0.00016125,000161250,
D4.2__Fig 2__SQUID_data__IVB_BS30_A1S1_I_coil_+-0.3mA_fine_284mK_191103__IVB__T_1p40K[-0.000162000],10000,-2.26821e-05,2.239653e-05,4.507863e-05,0.09259254613243478,False,I_A,6.0,BS30_A1S1,Fig2,1.4,,,,,,-0.000162,000162000,
D4.2__Fig 2__SQUID_data__IVB_BS30_A1S1_I_coil_+-0.3mA_fine_284mK_191103__IVB__T_1p40K[-0.000162750],10000,-2.268139e-05,2.239623e-05,4.507762e-05,0.09294585293149886,False,I_A,6.0,BS30_A1S1,Fig2,1.4,,,,,,-0.00016275,000162750,
D4.2__Fig 2__SQUID_data__IVB_BS30_A1S1_I_coil_+-0.3mA_fine_284mK_191103__IVB__T_1p40K[-0.000163500],10000,-2.26824e-05,2.239582e-05,4.5078220000000006e-05,0.09610750741272524,False,I_A,6.0,BS30_A1S1,Fig2,1.4,,,,,,-0.0001635,000163500,
D4.2__Fig 2__SQUID_data__IVB_BS30_A1S1_I_coil_+-0.3mA_fine_284mK_191103__IVB__T_1p40K[-0.000164250],10000,-2.2682e-05,2.239577e-05,4.507777e-05,0.09118677792604397,False,I_A,6.0,BS30_A1S1,Fig2,1.4,,,,,,-0.00016425,000164250,
D4.2__Fig 2__SQUID_data__IVB_BS30_A1S1_I_coil_+-0.3mA_fine_284mK_191103__IVB__T_1p40K[-0.000165000],10000,-2.26824e-05,2.239547e-05,4.507787e-05,0.09468206153517093,False,I_A,6.0,BS30_A1S1,Fig2,1.4,,,,,,-0.000165,000165000,
D4.2__Fig 2__SQUID_data__IVB_BS30_A1S1_I_coil_+-0.3mA_fine_284mK_191103__IVB__T_1p40K[-0.000165750],10000,-2.268134e-05,2.239542e-05,4.507676e-05,0.09049149474576687,False,I_A,6.0,BS30_A1S1,Fig2,1.4,,,,,,-0.00016575,000165750,
D4.2__Fig 2__SQUID_data__IVB_BS30_A1S1_I_coil_+-0.3mA_fine_284mK_191103__IVB__T_1p40K[-0.000166500],10000,-2.268174e-05,2.239516e-05,4.5076899999999995e-05,0.0926227706151149,False,I_A,6.0,BS30_A1S1,Fig2,1.4,,,,,,-0.0001665,000166500,
D4.2__Fig 2__SQUID_data__IVB_BS30_A1S1_I_coil_+-0.3mA_fine_284mK_191103__IVB__T_1p40K[-0.000167250],10000,-2.268327e-05,2.239455e-05,4.5077820000000005e-05,0.09976804704511923,False,I_A,6.0,BS30_A1S1,Fig2,1.4,,,,,,-0.00016725,000167250,
D4.2__Fig 2__SQUID_data__IVB_BS30_A1S1_I_coil_+-0.3mA_fine_284mK_191103__IVB__T_1p40K[-0.000168000],10000,-2.268363e-05,2.23947e-05,4.507833e-05,0.09448038589424698,False,I_A,6.0,BS30_A1S1,Fig2,1.4,,,,,,-0.000168,000168000,
D4.2__Fig 2__SQUID_data__IVB_BS30_A1S1_I_coil_+-0.3mA_fine_284mK_191103__IVB__T_1p40K[-0.000168750],10000,-2.268301e-05,2.23943e-05,4.507731e-05,0.09475274344233406,False,I_A,6.0,BS30_A1S1,Fig2,1.4,,,,,,-0.00016875,000168750,
D4.2__Fig 2__SQUID_data__IVB_BS30_A1S1_I_coil_+-0.3mA_fine_284mK_191103__IVB__T_1p40K[-0.000169500],10000,-2.268205e-05,2.239531e-05,4.507736e-05,0.1001125169947533,False,I_A,6.0,BS30_A1S1,Fig2,1.4,,,,,,-0.0001695,000169500,
D4.2__Fig 2__SQUID_data__IVB_BS30_A1S1_I_coil_+-0.3mA_fine_284mK_191103__IVB__T_1p40K[-0.000170250],10000,-2.268398e-05,2.239552e-05,4.50795e-05,0.09085132756160513,False,I_A,6.0,BS30_A1S1,Fig2,1.4,,,,,,-0.00017025,000170250,
D4.2__Fig 2__SQUID_data__IVB_BS30_A1S1_I_coil_+-0.3mA_fine_284mK_191103__IVB__T_1p40K[-0.000171000],10000,-2.268246e-05,2.239562e-05,4.5078079999999997e-05,0.10706433207384128,False,I_A,6.0,BS30_A1S1,Fig2,1.4,,,,,,-0.000171,000171000,
D4.2__Fig 2__SQUID_data__IVB_BS30_A1S1_I_coil_+-0.3mA_fine_284mK_191103__IVB__T_1p40K[-0.000171750],10000,-2.268251e-05,2.239526e-05,4.507777e-05,0.09951376586920083,False,I_A,6.0,BS30_A1S1,Fig2,1.4,,,,,,-0.00017175,000171750,
D4.2__Fig 2__SQUID_data__IVB_BS30_A1S1_I_coil_+-0.3mA_fine_284mK_191103__IVB__T_1p40K[-0.000172500],10000,-2.26822e-05,2.239536e-05,4.507756e-05,0.10729767772886145,False,I_A,6.0,BS30_A1S1,Fig2,1.4,,,,,,-0.0001725,000172500,
D4.2__Fig 2__SQUID_data__IVB_BS30_A1S1_I_coil_+-0.3mA_fine_284mK_191103__IVB__T_1p40K[-0.000173250],10000,-2.268317e-05,2.239414e-05,4.507731e-05,0.09498575224487843,False,I_A,6.0,BS30_A1S1,Fig2,1.4,,,,,,-0.00017325,000173250,
D4.2__Fig 2__SQUID_data__IVB_BS30_A1S1_I_coil_+-0.3mA_fine_284mK_191103__IVB__T_1p40K[-0.000174000],10000,-2.268225e-05,2.239547e-05,4.507772e-05,0.09380175527601764,False,I_A,6.0,BS30_A1S1,Fig2,1.4,,,,,,-0.000174,000174000,
D4.2__Fig 2__SQUID_data__IVB_BS30_A1S1_I_coil_+-0.3mA_fine_284mK_191103__IVB__T_1p40K[-0.000174750],10000,-2.268307e-05,2.239506e-05,4.507813e-05,0.09190828754883584,False,I_A,6.0,BS30_A1S1,Fig2,1.4,,,,,,-0.00017475,000174750,
D4.2__Fig 2__SQUID_data__IVB_BS30_A1S1_I_coil_+-0.3mA_fine_284mK_191103__IVB__T_1p40K[-0.000175500],10000,-2.268281e-05,2.239496e-05,4.507777e-05,0.09464559459329222,False,I_A,6.0,BS30_A1S1,Fig2,1.4,,,,,,-0.0001755,000175500,
D4.2__Fig 2__SQUID_data__IVB_BS30_A1S1_I_coil_+-0.3mA_fine_284mK_191103__IVB__T_1p40K[-0.000176250],10000,-2.268261e-05,2.239501e-05,4.507762e-05,0.09001274736700078,False,I_A,6.0,BS30_A1S1,Fig2,1.4,,,,,,-0.00017625,000176250,
D4.2__Fig 2__SQUID_data__IVB_BS30_A1S1_I_coil_+-0.3mA_fine_284mK_191103__IVB__T_1p40K[-0.000177000],10000,-2.268332e-05,2.239501e-05,4.507833e-05,0.09282301316185575,False,I_A,6.0,BS30_A1S1,Fig2,1.4,,,,,,-0.000177,000177000,
D4.2__Fig 2__SQUID_data__IVB_BS30_A1S1_I_coil_+-0.3mA_fine_284mK_191103__IVB__T_1p40K[-0.000177750],10000,-2.268266e-05,2.239481e-05,4.5077469999999994e-05,0.09288376523873673,False,I_A,6.0,BS30_A1S1,Fig2,1.4,,,,,,-0.00017775,000177750,
D4.2__Fig 2__SQUID_data__IVB_BS30_A1S1_I_coil_+-0.3mA_fine_284mK_191103__IVB__T_1p40K[-0.000178500],10000,-2.268312e-05,2.239465e-05,4.507777e-05,0.09257668773967948,False,I_A,6.0,BS30_A1S1,Fig2,1.4,,,,,,-0.0001785,000178500,
D4.2__Fig 2__SQUID_data__IVB_BS30_A1S1_I_coil_+-0.3mA_fine_284mK_191103__IVB__T_1p40K[-0.000179250],10000,-2.268327e-05,2.239562e-05,4.507889e-05,0.10464875937935499,False,I_A,6.0,BS30_A1S1,Fig2,1.4,,,,,,-0.00017925,000179250,
D4.2__Fig 2__SQUID_data__IVB_BS30_A1S1_I_coil_+-0.3mA_fine_284mK_191103__IVB__T_1p40K[-0.000180000],10000,-2.268363e-05,2.239435e-05,4.507798e-05,0.09899271509373743,False,I_A,6.0,BS30_A1S1,Fig2,1.4,,,,,,-0.00018,000180000,
D4.2__Fig 2__SQUID_data__IVB_BS30_A1S1_I_coil_+-0.3mA_fine_284mK_191103__IVB__T_1p40K[-0.000180750],10000,-2.268352e-05,2.239481e-05,4.507833e-05,0.09711897301994625,False,I_A,6.0,BS30_A1S1,Fig2,1.4,,,,,,-0.00018075,000180750,
D4.2__Fig 2__SQUID_data__IVB_BS30_A1S1_I_coil_+-0.3mA_fine_284mK_191103__IVB__T_1p40K[-0.000181500],10000,-2.268322e-05,2.239455e-05,4.507777e-05,0.09184149504480835,False,I_A,6.0,BS30_A1S1,Fig2,1.4,,,,,,-0.0001815,000181500,
D4.2__Fig 2__SQUID_data__IVB_BS30_A1S1_I_coil_+-0.3mA_fine_284mK_191103__IVB__T_1p40K[-0.000182250],10000,-2.268251e-05,2.239389e-05,4.50764e-05,0.10175274037282869,False,I_A,6.0,BS30_A1S1,Fig2,1.4,,,,,,-0.00018225,000182250,
D4.2__Fig 2__SQUID_data__IVB_BS30_A1S1_I_coil_+-0.3mA_fine_284mK_191103__IVB__T_1p40K[-0.000183000],10000,-2.268378e-05,2.23946e-05,4.5078380000000004e-05,0.09217311308574337,False,I_A,6.0,BS30_A1S1,Fig2,1.4,,,,,,-0.000183,000183000,
D4.2__Fig 2__SQUID_data__IVB_BS30_A1S1_I_coil_+-0.3mA_fine_284mK_191103__IVB__T_1p40K[-0.000183750],10000,-2.268352e-05,2.239526e-05,4.507878e-05,0.09385953490115813,False,I_A,6.0,BS30_A1S1,Fig2,1.4,,,,,,-0.00018375,000183750,
D4.2__Fig 2__SQUID_data__IVB_BS30_A1S1_I_coil_+-0.3mA_fine_284mK_191103__IVB__T_1p40K[-0.000184500],10000,-2.268378e-05,2.239542e-05,4.50792e-05,0.09695423276022505,False,I_A,6.0,BS30_A1S1,Fig2,1.4,,,,,,-0.0001845,000184500,
D4.2__Fig 2__SQUID_data__IVB_BS30_A1S1_I_coil_+-0.3mA_fine_284mK_191103__IVB__T_1p40K[-0.000185250],10000,-2.268388e-05,2.239481e-05,4.507869e-05,0.09261517837496243,False,I_A,6.0,BS30_A1S1,Fig2,1.4,,,,,,-0.00018525,000185250,
D4.2__Fig 2__SQUID_data__IVB_BS30_A1S1_I_coil_+-0.3mA_fine_284mK_191103__IVB__T_1p40K[-0.000186000],10000,-2.268413e-05,2.239486e-05,4.507899e-05,0.09239243044978504,False,I_A,6.0,BS30_A1S1,Fig2,1.4,,,,,,-0.000186,000186000,
D4.2__Fig 2__SQUID_data__IVB_BS30_A1S1_I_coil_+-0.3mA_fine_284mK_191103__IVB__T_1p40K[-0.000186750],10000,-2.268368e-05,2.239491e-05,4.507859e-05,0.09092750795803858,False,I_A,6.0,BS30_A1S1,Fig2,1.4,,,,,,-0.00018675,000186750,
D4.2__Fig 2__SQUID_data__IVB_BS30_A1S1_I_coil_+-0.3mA_fine_284mK_191103__IVB__T_1p40K[-0.000187500],10000,-2.268301e-05,2.239501e-05,4.507802e-05,0.09504448482934492,False,I_A,6.0,BS30_A1S1,Fig2,1.4,,,,,,-0.0001875,000187500,
D4.2__Fig 2__SQUID_data__IVB_BS30_A1S1_I_coil_+-0.3mA_fine_284mK_191103__IVB__T_1p40K[-0.000188250],10000,-2.268301e-05,2.239521e-05,4.507822e-05,0.09364555573442443,False,I_A,6.0,BS30_A1S1,Fig2,1.4,,,,,,-0.00018825,000188250,
D4.2__Fig 2__SQUID_data__IVB_BS30_A1S1_I_coil_+-0.3mA_fine_284mK_191103__IVB__T_1p40K[-0.000189000],10000,-2.268413e-05,2.239526e-05,4.507939e-05,0.09315224526734722,False,I_A,6.0,BS30_A1S1,Fig2,1.4,,,,,,-0.000189,000189000,
D4.2__Fig 2__SQUID_data__IVB_BS30_A1S1_I_coil_+-0.3mA_fine_284mK_191103__IVB__T_1p40K[-0.000189750],10000,-2.268327e-05,2.23947e-05,4.507797e-05,0.09061555081293911,False,I_A,6.0,BS30_A1S1,Fig2,1.4,,,,,,-0.00018975,000189750,
D4.2__Fig 2__SQUID_data__IVB_BS30_A1S1_I_coil_+-0.3mA_fine_284mK_191103__IVB__T_1p40K[-0.000190500],10000,-2.268301e-05,2.239486e-05,4.5077869999999995e-05,0.09758138969951116,False,I_A,6.0,BS30_A1S1,Fig2,1.4,,,,,,-0.0001905,000190500,
D4.2__Fig 2__SQUID_data__IVB_BS30_A1S1_I_coil_+-0.3mA_fine_284mK_191103__IVB__T_1p40K[-0.000191250],10000,-2.268383e-05,2.239506e-05,4.507889e-05,0.09385299255620987,False,I_A,6.0,BS30_A1S1,Fig2,1.4,,,,,,-0.00019125,000191250,
D4.2__Fig 2__SQUID_data__IVB_BS30_A1S1_I_coil_+-0.3mA_fine_284mK_191103__IVB__T_1p40K[-0.000192000],10000,-2.268413e-05,2.239659e-05,4.5080720000000005e-05,0.08813770981796828,False,I_A,6.0,BS30_A1S1,Fig2,1.4,,,,,,-0.000192,000192000,
D4.2__Fig 2__SQUID_data__IVB_BS30_A1S1_I_coil_+-0.3mA_fine_284mK_191103__IVB__T_1p40K[-0.000192750],10000,-2.268347e-05,2.239496e-05,4.5078429999999994e-05,0.09202443319878252,False,I_A,6.0,BS30_A1S1,Fig2,1.4,,,,,,-0.00019275,000192750,
D4.2__Fig 2__SQUID_data__IVB_BS30_A1S1_I_coil_+-0.3mA_fine_284mK_191103__IVB__T_1p40K[-0.000193500],10000,-2.268352e-05,2.239481e-05,4.507833e-05,0.09175500095764043,False,I_A,6.0,BS30_A1S1,Fig2,1.4,,,,,,-0.0001935,000193500,
D4.2__Fig 2__SQUID_data__IVB_BS30_A1S1_I_coil_+-0.3mA_fine_284mK_191103__IVB__T_1p40K[-0.000194250],10000,-2.268301e-05,2.239419e-05,4.50772e-05,0.09209002953337217,False,I_A,6.0,BS30_A1S1,Fig2,1.4,,,,,,-0.00019425,000194250,
D4.2__Fig 2__SQUID_data__IVB_BS30_A1S1_I_coil_+-0.3mA_fine_284mK_191103__IVB__T_1p40K[-0.000195000],10000,-2.268276e-05,2.239491e-05,4.5077669999999995e-05,0.09434730868418739,False,I_A,6.0,BS30_A1S1,Fig2,1.4,,,,,,-0.000195,000195000,
D4.2__Fig 2__SQUID_data__IVB_BS30_A1S1_I_coil_+-0.3mA_fine_284mK_191103__IVB__T_1p40K[-0.000195750],10000,-2.268337e-05,2.239491e-05,4.507828e-05,0.0908893924285804,False,I_A,6.0,BS30_A1S1,Fig2,1.4,,,,,,-0.00019575,000195750,
D4.2__Fig 2__SQUID_data__IVB_BS30_A1S1_I_coil_+-0.3mA_fine_284mK_191103__IVB__T_1p40K[-0.000196500],10000,-2.268418e-05,2.239552e-05,4.50797e-05,0.09553714430063678,False,I_A,6.0,BS30_A1S1,Fig2,1.4,,,,,,-0.0001965,000196500,
D4.2__Fig 2__SQUID_data__IVB_BS30_A1S1_I_coil_+-0.3mA_fine_284mK_191103__IVB__T_1p40K[-0.000197250],10000,-2.268317e-05,2.239587e-05,4.507904e-05,0.09353847424182331,False,I_A,6.0,BS30_A1S1,Fig2,1.4,,,,,,-0.00019725,000197250,
D4.2__Fig 2__SQUID_data__IVB_BS30_A1S1_I_coil_+-0.3mA_fine_284mK_191103__IVB__T_1p40K[-0.000198000],10000,-2.268368e-05,2.239531e-05,4.507899e-05,0.09207480866574558,False,I_A,6.0,BS30_A1S1,Fig2,1.4,,,,,,-0.000198,000198000,
D4.2__Fig 2__SQUID_data__IVB_BS30_A1S1_I_coil_+-0.3mA_fine_284mK_191103__IVB__T_1p40K[-0.000198750],10000,-2.268347e-05,2.239664e-05,4.508011e-05,0.0924314292776339,False,I_A,6.0,BS30_A1S1,Fig2,1.4,,,,,,-0.00019875,000198750,
D4.2__Fig 2__SQUID_data__IVB_BS30_A1S1_I_coil_+-0.3mA_fine_284mK_191103__IVB__T_1p40K[-0.000199500],10000,-2.268347e-05,2.239587e-05,4.507934e-05,0.09180498451822164,False,I_A,6.0,BS30_A1S1,Fig2,1.4,,,,,,-0.0001995,000199500,
D4.2__Fig 2__SQUID_data__IVB_BS30_A1S1_I_coil_+-0.3mA_fine_284mK_191103__IVB__T_1p40K[-0.000200250],10000,-2.268449e-05,2.239577e-05,4.508026e-05,0.0927334926398998,False,I_A,6.0,BS30_A1S1,Fig2,1.4,,,,,,-0.00020025,000200250,
D4.2__Fig 2__SQUID_data__IVB_BS30_A1S1_I_coil_+-0.3mA_fine_284mK_191103__IVB__T_1p40K[-0.000201000],10000,-2.268378e-05,2.239547e-05,4.507925e-05,0.09094330178999668,False,I_A,6.0,BS30_A1S1,Fig2,1.4,,,,,,-0.000201,000201000,
D4.2__Fig 2__SQUID_data__IVB_BS30_A1S1_I_coil_+-0.3mA_fine_284mK_191103__IVB__T_1p40K[-0.000201750],10000,-2.268342e-05,2.239486e-05,4.507828e-05,0.09178589030728103,False,I_A,6.0,BS30_A1S1,Fig2,1.4,,,,,,-0.00020175,000201750,
D4.2__Fig 2__SQUID_data__IVB_BS30_A1S1_I_coil_+-0.3mA_fine_284mK_191103__IVB__T_1p40K[-0.000202500],10000,-2.268301e-05,2.239475e-05,4.507776e-05,0.09247477504520782,False,I_A,6.0,BS30_A1S1,Fig2,1.4,,,,,,-0.0002025,000202500,
D4.2__Fig 2__SQUID_data__IVB_BS30_A1S1_I_coil_+-0.3mA_fine_284mK_191103__IVB__T_1p40K[-0.000203250],10000,-2.268307e-05,2.239481e-05,4.5077879999999996e-05,0.09209559643941624,False,I_A,6.0,BS30_A1S1,Fig2,1.4,,,,,,-0.00020325,000203250,
D4.2__Fig 2__SQUID_data__IVB_BS30_A1S1_I_coil_+-0.3mA_fine_284mK_191103__IVB__T_1p40K[-0.000204000],10000,-2.268393e-05,2.239506e-05,4.507899e-05,0.08942416358666878,False,I_A,6.0,BS30_A1S1,Fig2,1.4,,,,,,-0.000204,000204000,
D4.2__Fig 2__SQUID_data__IVB_BS30_A1S1_I_coil_+-0.3mA_fine_284mK_191103__IVB__T_1p40K[-0.000204750],10000,-2.268403e-05,2.239638e-05,4.508041e-05,0.09220267079511668,False,I_A,6.0,BS30_A1S1,Fig2,1.4,,,,,,-0.00020475,000204750,
D4.2__Fig 2__SQUID_data__IVB_BS30_A1S1_I_coil_+-0.3mA_fine_284mK_191103__IVB__T_1p40K[-0.000205500],10000,-2.268301e-05,2.239633e-05,4.507934e-05,0.09418425890318373,False,I_A,6.0,BS30_A1S1,Fig2,1.4,,,,,,-0.0002055,000205500,
D4.2__Fig 2__SQUID_data__IVB_BS30_A1S1_I_coil_+-0.3mA_fine_284mK_191103__IVB__T_1p40K[-0.000206250],10000,-2.268363e-05,2.239486e-05,4.507849e-05,0.09000976967590955,False,I_A,6.0,BS30_A1S1,Fig2,1.4,,,,,,-0.00020625,000206250,
D4.2__Fig 2__SQUID_data__IVB_BS30_A1S1_I_coil_+-0.3mA_fine_284mK_191103__IVB__T_1p40K[-0.000207000],10000,-2.268383e-05,2.239486e-05,4.507869e-05,0.09340939970326484,False,I_A,6.0,BS30_A1S1,Fig2,1.4,,,,,,-0.000207,000207000,
D4.2__Fig 2__SQUID_data__IVB_BS30_A1S1_I_coil_+-0.3mA_fine_284mK_191103__IVB__T_1p40K[-0.000207750],10000,-2.268373e-05,2.239536e-05,4.507909e-05,0.09719302852282957,False,I_A,6.0,BS30_A1S1,Fig2,1.4,,,,,,-0.00020775,000207750,
D4.2__Fig 2__SQUID_data__IVB_BS30_A1S1_I_coil_+-0.3mA_fine_284mK_191103__IVB__T_1p40K[-0.000208500],10000,-2.268378e-05,2.239597e-05,4.5079750000000005e-05,0.09493377751082437,False,I_A,6.0,BS30_A1S1,Fig2,1.4,,,,,,-0.0002085,000208500,
D4.2__Fig 2__SQUID_data__IVB_BS30_A1S1_I_coil_+-0.3mA_fine_284mK_191103__IVB__T_1p40K[-0.000209250],10000,-2.268363e-05,2.23946e-05,4.507823e-05,0.08915955359156838,False,I_A,6.0,BS30_A1S1,Fig2,1.4,,,,,,-0.00020925,000209250,
D4.2__Fig 2__SQUID_data__IVB_BS30_A1S1_I_coil_+-0.3mA_fine_284mK_191103__IVB__T_1p40K[-0.000210000],10000,-2.268337e-05,2.239531e-05,4.507868e-05,0.08882822294344014,False,I_A,6.0,BS30_A1S1,Fig2,1.4,,,,,,-0.00021,000210000,
D4.2__Fig 2__SQUID_data__IVB_BS30_A1S1_I_coil_+-0.3mA_fine_284mK_191103__IVB__T_1p40K[-0.000210750],10000,-2.268301e-05,2.239521e-05,4.507822e-05,0.09018794076955272,False,I_A,6.0,BS30_A1S1,Fig2,1.4,,,,,,-0.00021075,000210750,
D4.2__Fig 2__SQUID_data__IVB_BS30_A1S1_I_coil_+-0.3mA_fine_284mK_191103__IVB__T_1p40K[-0.000211500],10000,-2.268368e-05,2.23943e-05,4.507798e-05,0.09084212823726992,False,I_A,6.0,BS30_A1S1,Fig2,1.4,,,,,,-0.0002115,000211500,
D4.2__Fig 2__SQUID_data__IVB_BS30_A1S1_I_coil_+-0.3mA_fine_284mK_191103__IVB__T_1p40K[-0.000212250],10000,-2.268368e-05,2.239435e-05,4.507803e-05,0.09176796553584297,False,I_A,6.0,BS30_A1S1,Fig2,1.4,,,,,,-0.00021225,000212250,
D4.2__Fig 2__SQUID_data__IVB_BS30_A1S1_I_coil_+-0.3mA_fine_284mK_191103__IVB__T_1p40K[-0.000213000],10000,-2.268368e-05,2.239511e-05,4.507879e-05,0.08992265439004195,False,I_A,6.0,BS30_A1S1,Fig2,1.4,,,,,,-0.000213,000213000,
D4.2__Fig 2__SQUID_data__IVB_BS30_A1S1_I_coil_+-0.3mA_fine_284mK_191103__IVB__T_1p40K[-0.000213750],10000,-2.268332e-05,2.23946e-05,4.507792e-05,0.088619169168984,False,I_A,6.0,BS30_A1S1,Fig2,1.4,,,,,,-0.00021375,000213750,
D4.2__Fig 2__SQUID_data__IVB_BS30_A1S1_I_coil_+-0.3mA_fine_284mK_191103__IVB__T_1p40K[-0.000214500],10000,-2.268388e-05,2.239516e-05,4.5079039999999996e-05,0.09128775664534884,False,I_A,6.0,BS30_A1S1,Fig2,1.4,,,,,,-0.0002145,000214500,
D4.2__Fig 2__SQUID_data__IVB_BS30_A1S1_I_coil_+-0.3mA_fine_284mK_191103__IVB__T_1p40K[-0.000215250],10000,-2.268368e-05,2.239516e-05,4.5078839999999995e-05,0.0913894183654215,False,I_A,6.0,BS30_A1S1,Fig2,1.4,,,,,,-0.00021525,000215250,
D4.2__Fig 2__SQUID_data__IVB_BS30_A1S1_I_coil_+-0.3mA_fine_284mK_191103__IVB__T_1p40K[-0.000216000],10000,-2.268312e-05,2.239465e-05,4.507777e-05,0.08876540412971337,False,I_A,6.0,BS30_A1S1,Fig2,1.4,,,,,,-0.000216,000216000,
D4.2__Fig 2__SQUID_data__IVB_BS30_A1S1_I_coil_+-0.3mA_fine_284mK_191103__IVB__T_1p40K[-0.000216750],10000,-2.268363e-05,2.239531e-05,4.507894e-05,0.09162174015554088,False,I_A,6.0,BS30_A1S1,Fig2,1.4,,,,,,-0.00021675,000216750,
D4.2__Fig 2__SQUID_data__IVB_BS30_A1S1_I_coil_+-0.3mA_fine_284mK_191103__IVB__T_1p40K[-0.000217500],10000,-2.268373e-05,2.239475e-05,4.507848e-05,0.09297496480617125,False,I_A,6.0,BS30_A1S1,Fig2,1.4,,,,,,-0.0002175,000217500,
D4.2__Fig 2__SQUID_data__IVB_BS30_A1S1_I_coil_+-0.3mA_fine_284mK_191103__IVB__T_1p40K[-0.000218250],10000,-2.268378e-05,2.239536e-05,4.507914e-05,0.09687035468054231,False,I_A,6.0,BS30_A1S1,Fig2,1.4,,,,,,-0.00021825,000218250,
D4.2__Fig 2__SQUID_data__IVB_BS30_A1S1_I_coil_+-0.3mA_fine_284mK_191103__IVB__T_1p40K[-0.000219000],10000,-2.268378e-05,2.239501e-05,4.507879e-05,0.09486631892411804,False,I_A,6.0,BS30_A1S1,Fig2,1.4,,,,,,-0.000219,000219000,
D4.2__Fig 2__SQUID_data__IVB_BS30_A1S1_I_coil_+-0.3mA_fine_284mK_191103__IVB__T_1p40K[-0.000219750],10000,-2.268342e-05,2.239491e-05,4.507833e-05,0.09137370458677635,False,I_A,6.0,BS30_A1S1,Fig2,1.4,,,,,,-0.00021975,000219750,
D4.2__Fig 2__SQUID_data__IVB_BS30_A1S1_I_coil_+-0.3mA_fine_284mK_191103__IVB__T_1p40K[-0.000220500],10000,-2.268373e-05,2.239475e-05,4.507848e-05,0.09671014646293838,False,I_A,6.0,BS30_A1S1,Fig2,1.4,,,,,,-0.0002205,000220500,
D4.2__Fig 2__SQUID_data__IVB_BS30_A1S1_I_coil_+-0.3mA_fine_284mK_191103__IVB__T_1p40K[-0.000221250],10000,-2.268357e-05,2.239425e-05,4.507782e-05,0.09578215173093016,False,I_A,6.0,BS30_A1S1,Fig2,1.4,,,,,,-0.00022125,000221250,
D4.2__Fig 2__SQUID_data__IVB_BS30_A1S1_I_coil_+-0.3mA_fine_284mK_191103__IVB__T_1p40K[-0.000222000],10000,-2.268357e-05,2.239567e-05,4.5079239999999996e-05,0.09502952092461499,False,I_A,6.0,BS30_A1S1,Fig2,1.4,,,,,,-0.000222,000222000,
D4.2__Fig 2__SQUID_data__IVB_BS30_A1S1_I_coil_+-0.3mA_fine_284mK_191103__IVB__T_1p40K[-0.000222750],10000,-2.268337e-05,2.239445e-05,4.5077820000000005e-05,0.095607888905528,False,I_A,6.0,BS30_A1S1,Fig2,1.4,,,,,,-0.00022275,000222750,
D4.2__Fig 2__SQUID_data__IVB_BS30_A1S1_I_coil_+-0.3mA_fine_284mK_191103__IVB__T_1p40K[-0.000223500],10000,-2.268378e-05,2.23945e-05,4.507828e-05,0.09607832325102904,False,I_A,6.0,BS30_A1S1,Fig2,1.4,,,,,,-0.0002235,000223500,
D4.2__Fig 2__SQUID_data__IVB_BS30_A1S1_I_coil_+-0.3mA_fine_284mK_191103__IVB__T_1p40K[-0.000224250],10000,-2.268383e-05,2.239491e-05,4.507874e-05,0.09520845341490924,False,I_A,6.0,BS30_A1S1,Fig2,1.4,,,,,,-0.00022425,000224250,
D4.2__Fig 2__SQUID_data__IVB_BS30_A1S1_I_coil_+-0.3mA_fine_284mK_191103__IVB__T_1p40K[-0.000225000],10000,-2.268357e-05,2.239506e-05,4.5078629999999994e-05,0.09249852421805102,False,I_A,6.0,BS30_A1S1,Fig2,1.4,,,,,,-0.000225,000225000,
D4.2__Fig 2__SQUID_data__IVB_BS30_A1S1_I_coil_+-0.3mA_fine_284mK_191103__IVB__T_1p40K[-0.000225750],10000,-2.268322e-05,2.239491e-05,4.507813e-05,0.10065582837091903,False,I_A,6.0,BS30_A1S1,Fig2,1.4,,,,,,-0.00022575,000225750,
D4.2__Fig 2__SQUID_data__IVB_BS30_A1S1_I_coil_+-0.3mA_fine_284mK_191103__IVB__T_1p40K[-0.000226500],10000,-2.268347e-05,2.239491e-05,4.507838e-05,0.09140484494120743,False,I_A,6.0,BS30_A1S1,Fig2,1.4,,,,,,-0.0002265,000226500,
D4.2__Fig 2__SQUID_data__IVB_BS30_A1S1_I_coil_+-0.3mA_fine_284mK_191103__IVB__T_1p40K[-0.000227250],10000,-2.268363e-05,2.239496e-05,4.507859e-05,0.09230348934670363,False,I_A,6.0,BS30_A1S1,Fig2,1.4,,,,,,-0.00022725,000227250,
D4.2__Fig 2__SQUID_data__IVB_BS30_A1S1_I_coil_+-0.3mA_fine_284mK_191103__IVB__T_1p40K[-0.000228000],10000,-2.268332e-05,2.23946e-05,4.507792e-05,0.093364023247278,False,I_A,6.0,BS30_A1S1,Fig2,1.4,,,,,,-0.000228,000228000,
D4.2__Fig 2__SQUID_data__IVB_BS30_A1S1_I_coil_+-0.3mA_fine_284mK_191103__IVB__T_1p40K[-0.000228750],10000,-2.268317e-05,2.23946e-05,4.507777e-05,0.09847415118106348,False,I_A,6.0,BS30_A1S1,Fig2,1.4,,,,,,-0.00022875,000228750,
D4.2__Fig 2__SQUID_data__IVB_BS30_A1S1_I_coil_+-0.3mA_fine_284mK_191103__IVB__T_1p40K[-0.000229500],10000,-2.268332e-05,2.239445e-05,4.507777e-05,0.0948154172864115,False,I_A,6.0,BS30_A1S1,Fig2,1.4,,,,,,-0.0002295,000229500,
D4.2__Fig 2__SQUID_data__IVB_BS30_A1S1_I_coil_+-0.3mA_fine_284mK_191103__IVB__T_1p40K[-0.000230250],10000,-2.268307e-05,2.23946e-05,4.507767e-05,0.09246061564845073,False,I_A,6.0,BS30_A1S1,Fig2,1.4,,,,,,-0.00023025,000230250,
D4.2__Fig 2__SQUID_data__IVB_BS30_A1S1_I_coil_+-0.3mA_fine_284mK_191103__IVB__T_1p40K[-0.000231000],10000,-2.268429e-05,2.239567e-05,4.5079960000000006e-05,0.08904140363104901,False,I_A,6.0,BS30_A1S1,Fig2,1.4,,,,,,-0.000231,000231000,
D4.2__Fig 2__SQUID_data__IVB_BS30_A1S1_I_coil_+-0.3mA_fine_284mK_191103__IVB__T_1p40K[-0.000231750],10000,-2.268327e-05,2.239562e-05,4.507889e-05,0.08865189747366324,False,I_A,6.0,BS30_A1S1,Fig2,1.4,,,,,,-0.00023175,000231750,
D4.2__Fig 2__SQUID_data__IVB_BS30_A1S1_I_coil_+-0.3mA_fine_284mK_191103__IVB__T_1p40K[-0.000232500],10000,-2.268347e-05,2.239526e-05,4.507873e-05,0.09530317395387795,False,I_A,6.0,BS30_A1S1,Fig2,1.4,,,,,,-0.0002325,000232500,
D4.2__Fig 2__SQUID_data__IVB_BS30_A1S1_I_coil_+-0.3mA_fine_284mK_191103__IVB__T_1p40K[-0.000233250],10000,-2.268332e-05,2.239536e-05,4.507868e-05,0.09342768631113575,False,I_A,6.0,BS30_A1S1,Fig2,1.4,,,,,,-0.00023325,000233250,
D4.2__Fig 2__SQUID_data__IVB_BS30_A1S1_I_coil_+-0.3mA_fine_284mK_191103__IVB__T_1p40K[-0.000234000],10000,-2.268368e-05,2.239475e-05,4.507843e-05,0.091735035945786,False,I_A,6.0,BS30_A1S1,Fig2,1.4,,,,,,-0.000234,000234000,
D4.2__Fig 2__SQUID_data__IVB_BS30_A1S1_I_coil_+-0.3mA_fine_284mK_191103__IVB__T_1p40K[-0.000234750],10000,-2.268312e-05,2.23945e-05,4.5077620000000005e-05,0.0908125776953492,False,I_A,6.0,BS30_A1S1,Fig2,1.4,,,,,,-0.00023475,000234750,
D4.2__Fig 2__SQUID_data__IVB_BS30_A1S1_I_coil_+-0.3mA_fine_284mK_191103__IVB__T_1p40K[-0.000235500],10000,-2.268342e-05,2.239501e-05,4.5078429999999994e-05,0.091907689903224,False,I_A,6.0,BS30_A1S1,Fig2,1.4,,,,,,-0.0002355,000235500,
D4.2__Fig 2__SQUID_data__IVB_BS30_A1S1_I_coil_+-0.3mA_fine_284mK_191103__IVB__T_1p40K[-0.000236250],10000,-2.268317e-05,2.239516e-05,4.507833e-05,0.09442464958555906,False,I_A,6.0,BS30_A1S1,Fig2,1.4,,,,,,-0.00023625,000236250,
D4.2__Fig 2__SQUID_data__IVB_BS30_A1S1_I_coil_+-0.3mA_fine_284mK_191103__IVB__T_1p40K[-0.000237000],10000,-2.268373e-05,2.239511e-05,4.5078839999999995e-05,0.09151450096518401,False,I_A,6.0,BS30_A1S1,Fig2,1.4,,,,,,-0.000237,000237000,
D4.2__Fig 2__SQUID_data__IVB_BS30_A1S1_I_coil_+-0.3mA_fine_284mK_191103__IVB__T_1p40K[-0.000237750],10000,-2.268342e-05,2.239435e-05,4.507777e-05,0.09103360293895453,False,I_A,6.0,BS30_A1S1,Fig2,1.4,,,,,,-0.00023775,000237750,
D4.2__Fig 2__SQUID_data__IVB_BS30_A1S1_I_coil_+-0.3mA_fine_284mK_191103__IVB__T_1p40K[-0.000238500],10000,-2.268337e-05,2.239526e-05,4.507863e-05,0.09067578986009588,False,I_A,6.0,BS30_A1S1,Fig2,1.4,,,,,,-0.0002385,000238500,
D4.2__Fig 2__SQUID_data__IVB_BS30_A1S1_I_coil_+-0.3mA_fine_284mK_191103__IVB__T_1p40K[-0.000239250],10000,-2.268312e-05,2.239526e-05,4.5078380000000004e-05,0.0909854094373808,False,I_A,6.0,BS30_A1S1,Fig2,1.4,,,,,,-0.00023925,000239250,
D4.2__Fig 2__SQUID_data__IVB_BS30_A1S1_I_coil_+-0.3mA_fine_284mK_191103__IVB__T_1p40K[-0.000240000],10000,-2.268398e-05,2.239414e-05,4.507812e-05,0.09054059327052044,False,I_A,6.0,BS30_A1S1,Fig2,1.4,,,,,,-0.00024,000240000,
D4.2__Fig 2__SQUID_data__IVB_BS30_A1S1_I_coil_+-0.3mA_fine_284mK_191103__IVB__T_1p40K[-0.000240750],10000,-2.268424e-05,2.239557e-05,4.507981e-05,0.09465442044823515,False,I_A,6.0,BS30_A1S1,Fig2,1.4,,,,,,-0.00024075,000240750,
D4.2__Fig 2__SQUID_data__IVB_BS30_A1S1_I_coil_+-0.3mA_fine_284mK_191103__IVB__T_1p40K[-0.000241500],10000,-2.268378e-05,2.239516e-05,4.507894e-05,0.09065261927506786,False,I_A,6.0,BS30_A1S1,Fig2,1.4,,,,,,-0.0002415,000241500,
D4.2__Fig 2__SQUID_data__IVB_BS30_A1S1_I_coil_+-0.3mA_fine_284mK_191103__IVB__T_1p40K[-0.000242250],10000,-2.268418e-05,2.239501e-05,4.507919e-05,0.09158937258644548,False,I_A,6.0,BS30_A1S1,Fig2,1.4,,,,,,-0.00024225,000242250,
D4.2__Fig 2__SQUID_data__IVB_BS30_A1S1_I_coil_+-0.3mA_fine_284mK_191103__IVB__T_1p40K[-0.000243000],10000,-2.268286e-05,2.239531e-05,4.507817e-05,0.09646570412862325,False,I_A,6.0,BS30_A1S1,Fig2,1.4,,,,,,-0.000243,000243000,
D4.2__Fig 2__SQUID_data__IVB_BS30_A1S1_I_coil_+-0.3mA_fine_284mK_191103__IVB__T_1p40K[-0.000243750],10000,-2.268307e-05,2.239481e-05,4.5077879999999996e-05,0.10926524650879435,False,I_A,6.0,BS30_A1S1,Fig2,1.4,,,,,,-0.00024375,000243750,
D4.2__Fig 2__SQUID_data__IVB_BS30_A1S1_I_coil_+-0.3mA_fine_284mK_191103__IVB__T_1p40K[-0.000244500],10000,-2.268357e-05,2.239597e-05,4.5079540000000004e-05,0.09663414785836544,False,I_A,6.0,BS30_A1S1,Fig2,1.4,,,,,,-0.0002445,000244500,
D4.2__Fig 2__SQUID_data__IVB_BS30_A1S1_I_coil_+-0.3mA_fine_284mK_191103__IVB__T_1p40K[-0.000245250],10000,-2.268383e-05,2.239536e-05,4.507919e-05,0.09044469130560928,False,I_A,6.0,BS30_A1S1,Fig2,1.4,,,,,,-0.00024525,000245250,
D4.2__Fig 2__SQUID_data__IVB_BS30_A1S1_I_coil_+-0.3mA_fine_284mK_191103__IVB__T_1p40K[-0.000246000],10000,-2.268332e-05,2.239531e-05,4.507863e-05,0.09200094729179022,False,I_A,6.0,BS30_A1S1,Fig2,1.4,,,,,,-0.000246,000246000,
D4.2__Fig 2__SQUID_data__IVB_BS30_A1S1_I_coil_+-0.3mA_fine_284mK_191103__IVB__T_1p40K[-0.000246750],10000,-2.268271e-05,2.239435e-05,4.507706e-05,0.09355976041282184,False,I_A,6.0,BS30_A1S1,Fig2,1.4,,,,,,-0.00024675,000246750,
D4.2__Fig 2__SQUID_data__IVB_BS30_A1S1_I_coil_+-0.3mA_fine_284mK_191103__IVB__T_1p40K[-0.000247500],10000,-2.268357e-05,2.239475e-05,4.507832e-05,0.08966202863781268,False,I_A,6.0,BS30_A1S1,Fig2,1.4,,,,,,-0.0002475,000247500,
D4.2__Fig 2__SQUID_data__IVB_BS30_A1S1_I_coil_+-0.3mA_fine_284mK_191103__IVB__T_1p40K[-0.000248250],10000,-2.268352e-05,2.239506e-05,4.507858e-05,0.09111315682952205,False,I_A,6.0,BS30_A1S1,Fig2,1.4,,,,,,-0.00024825,000248250,
D4.2__Fig 2__SQUID_data__IVB_BS30_A1S1_I_coil_+-0.3mA_fine_284mK_191103__IVB__T_1p40K[-0.000249000],10000,-2.268378e-05,2.23945e-05,4.507828e-05,0.09307897086744663,False,I_A,6.0,BS30_A1S1,Fig2,1.4,,,,,,-0.000249,000249000,
D4.2__Fig 2__SQUID_data__IVB_BS30_A1S1_I_coil_+-0.3mA_fine_284mK_191103__IVB__T_1p40K[-0.000249750],10000,-2.268342e-05,2.239481e-05,4.5078229999999993e-05,0.09498073627311476,False,I_A,6.0,BS30_A1S1,Fig2,1.4,,,,,,-0.00024975,000249750,
D4.2__Fig 2__SQUID_data__IVB_BS30_A1S1_I_coil_+-0.3mA_fine_284mK_191103__IVB__T_1p40K[-0.000250500],10000,-2.268434e-05,2.239481e-05,4.507915e-05,0.08928998174554242,False,I_A,6.0,BS30_A1S1,Fig2,1.4,,,,,,-0.0002505,000250500,
D4.2__Fig 2__SQUID_data__IVB_BS30_A1S1_I_coil_+-0.3mA_fine_284mK_191103__IVB__T_1p40K[-0.000251250],10000,-2.268418e-05,2.239475e-05,4.507893e-05,0.09148307497747701,False,I_A,6.0,BS30_A1S1,Fig2,1.4,,,,,,-0.00025125,000251250,
D4.2__Fig 2__SQUID_data__IVB_BS30_A1S1_I_coil_+-0.3mA_fine_284mK_191103__IVB__T_1p40K[-0.000252000],10000,-2.268337e-05,2.239531e-05,4.507868e-05,0.08920455033857716,False,I_A,6.0,BS30_A1S1,Fig2,1.4,,,,,,-0.000252,000252000,
D4.2__Fig 2__SQUID_data__IVB_BS30_A1S1_I_coil_+-0.3mA_fine_284mK_191103__IVB__T_1p40K[-0.000252750],10000,-2.268357e-05,2.239557e-05,4.507914e-05,0.09361713016933498,False,I_A,6.0,BS30_A1S1,Fig2,1.4,,,,,,-0.00025275,000252750,
D4.2__Fig 2__SQUID_data__IVB_BS30_A1S1_I_coil_+-0.3mA_fine_284mK_191103__IVB__T_1p40K[-0.000253500],10000,-2.268373e-05,2.23947e-05,4.507843e-05,0.09440128818140088,False,I_A,6.0,BS30_A1S1,Fig2,1.4,,,,,,-0.0002535,000253500,
D4.2__Fig 2__SQUID_data__IVB_BS30_A1S1_I_coil_+-0.3mA_fine_284mK_191103__IVB__T_1p40K[-0.000254250],10000,-2.268373e-05,2.239501e-05,4.507874e-05,0.09250474829883444,False,I_A,6.0,BS30_A1S1,Fig2,1.4,,,,,,-0.00025425,000254250,
D4.2__Fig 2__SQUID_data__IVB_BS30_A1S1_I_coil_+-0.3mA_fine_284mK_191103__IVB__T_1p40K[-0.000255000],10000,-2.268352e-05,2.23944e-05,4.507792e-05,0.09402764709858906,False,I_A,6.0,BS30_A1S1,Fig2,1.4,,,,,,-0.000255,000255000,
D4.2__Fig 2__SQUID_data__IVB_BS30_A1S1_I_coil_+-0.3mA_fine_284mK_191103__IVB__T_1p40K[-0.000255750],10000,-2.268322e-05,2.239481e-05,4.507803e-05,0.08889071395896625,False,I_A,6.0,BS30_A1S1,Fig2,1.4,,,,,,-0.00025575,000255750,
D4.2__Fig 2__SQUID_data__IVB_BS30_A1S1_I_coil_+-0.3mA_fine_284mK_191103__IVB__T_1p40K[-0.000256500],10000,-2.268373e-05,2.239516e-05,4.507889e-05,0.09192776442126585,False,I_A,6.0,BS30_A1S1,Fig2,1.4,,,,,,-0.0002565,000256500,
D4.2__Fig 2__SQUID_data__IVB_BS30_A1S1_I_coil_+-0.3mA_fine_284mK_191103__IVB__T_1p40K[-0.000257250],10000,-2.268327e-05,2.23946e-05,4.507787e-05,0.09128193275953655,False,I_A,6.0,BS30_A1S1,Fig2,1.4,,,,,,-0.00025725,000257250,
D4.2__Fig 2__SQUID_data__IVB_BS30_A1S1_I_coil_+-0.3mA_fine_284mK_191103__IVB__T_1p40K[-0.000258000],10000,-2.268286e-05,2.239587e-05,4.507873e-05,0.09100252318517031,False,I_A,6.0,BS30_A1S1,Fig2,1.4,,,,,,-0.000258,000258000,
D4.2__Fig 2__SQUID_data__IVB_BS30_A1S1_I_coil_+-0.3mA_fine_284mK_191103__IVB__T_1p40K[-0.000258750],10000,-2.268408e-05,2.239531e-05,4.507939e-05,0.09073883886715499,False,I_A,6.0,BS30_A1S1,Fig2,1.4,,,,,,-0.00025875,000258750,
D4.2__Fig 2__SQUID_data__IVB_BS30_A1S1_I_coil_+-0.3mA_fine_284mK_191103__IVB__T_1p40K[-0.000259500],10000,-2.268307e-05,2.239435e-05,4.5077420000000005e-05,0.0928621584347246,False,I_A,6.0,BS30_A1S1,Fig2,1.4,,,,,,-0.0002595,000259500,
D4.2__Fig 2__SQUID_data__IVB_BS30_A1S1_I_coil_+-0.3mA_fine_284mK_191103__IVB__T_1p40K[-0.000260250],10000,-2.268449e-05,2.239572e-05,4.5080209999999996e-05,0.09075047445771903,False,I_A,6.0,BS30_A1S1,Fig2,1.4,,,,,,-0.00026025,000260250,
D4.2__Fig 2__SQUID_data__IVB_BS30_A1S1_I_coil_+-0.3mA_fine_284mK_191103__IVB__T_1p40K[-0.000261000],10000,-2.268393e-05,2.239501e-05,4.507894e-05,0.09495421909756055,False,I_A,6.0,BS30_A1S1,Fig2,1.4,,,,,,-0.000261,000261000,
D4.2__Fig 2__SQUID_data__IVB_BS30_A1S1_I_coil_+-0.3mA_fine_284mK_191103__IVB__T_1p40K[-0.000261750],10000,-2.268495e-05,2.239603e-05,4.5080979999999996e-05,0.09375804760441861,False,I_A,6.0,BS30_A1S1,Fig2,1.4,,,,,,-0.00026175,000261750,
D4.2__Fig 2__SQUID_data__IVB_BS30_A1S1_I_coil_+-0.3mA_fine_284mK_191103__IVB__T_1p40K[-0.000262500],10000,-2.268352e-05,2.239481e-05,4.507833e-05,0.09260171835735802,False,I_A,6.0,BS30_A1S1,Fig2,1.4,,,,,,-0.0002625,000262500,
D4.2__Fig 2__SQUID_data__IVB_BS30_A1S1_I_coil_+-0.3mA_fine_284mK_191103__IVB__T_1p40K[-0.000263250],10000,-2.268388e-05,2.239562e-05,4.50795e-05,0.09688721658580791,False,I_A,6.0,BS30_A1S1,Fig2,1.4,,,,,,-0.00026325,000263250,
D4.2__Fig 2__SQUID_data__IVB_BS30_A1S1_I_coil_+-0.3mA_fine_284mK_191103__IVB__T_1p40K[-0.000264000],10000,-2.268383e-05,2.239511e-05,4.507894e-05,0.09057936910473663,False,I_A,6.0,BS30_A1S1,Fig2,1.4,,,,,,-0.000264,000264000,
D4.2__Fig 2__SQUID_data__IVB_BS30_A1S1_I_coil_+-0.3mA_fine_284mK_191103__IVB__T_1p40K[-0.000264750],10000,-2.268368e-05,2.239516e-05,4.5078839999999995e-05,0.09095904468642926,False,I_A,6.0,BS30_A1S1,Fig2,1.4,,,,,,-0.00026475,000264750,
D4.2__Fig 2__SQUID_data__IVB_BS30_A1S1_I_coil_+-0.3mA_fine_284mK_191103__IVB__T_1p40K[-0.000265500],10000,-2.268332e-05,2.239496e-05,4.507828e-05,0.09253685498779214,False,I_A,6.0,BS30_A1S1,Fig2,1.4,,,,,,-0.0002655,000265500,
D4.2__Fig 2__SQUID_data__IVB_BS30_A1S1_I_coil_+-0.3mA_fine_284mK_191103__IVB__T_1p40K[-0.000266250],10000,-2.268383e-05,2.239496e-05,4.507879e-05,0.08765650042144953,False,I_A,6.0,BS30_A1S1,Fig2,1.4,,,,,,-0.00026625,000266250,
D4.2__Fig 2__SQUID_data__IVB_BS30_A1S1_I_coil_+-0.3mA_fine_284mK_191103__IVB__T_1p40K[-0.000267000],10000,-2.268266e-05,2.23944e-05,4.507706e-05,0.08965003112115069,False,I_A,6.0,BS30_A1S1,Fig2,1.4,,,,,,-0.000267,000267000,
D4.2__Fig 2__SQUID_data__IVB_BS30_A1S1_I_coil_+-0.3mA_fine_284mK_191103__IVB__T_1p40K[-0.000267750],10000,-2.268352e-05,2.23946e-05,4.507812e-05,0.09478601912356079,False,I_A,6.0,BS30_A1S1,Fig2,1.4,,,,,,-0.00026775,000267750,
D4.2__Fig 2__SQUID_data__IVB_BS30_A1S1_I_coil_+-0.3mA_fine_284mK_191103__IVB__T_1p40K[-0.000268500],10000,-2.268327e-05,2.239506e-05,4.507833e-05,0.09329767039096556,False,I_A,6.0,BS30_A1S1,Fig2,1.4,,,,,,-0.0002685,000268500,
D4.2__Fig 2__SQUID_data__IVB_BS30_A1S1_I_coil_+-0.3mA_fine_284mK_191103__IVB__T_1p40K[-0.000269250],10000,-2.268312e-05,2.23943e-05,4.5077420000000005e-05,0.08911695495264889,False,I_A,6.0,BS30_A1S1,Fig2,1.4,,,,,,-0.00026925,000269250,
D4.2__Fig 2__SQUID_data__IVB_BS30_A1S1_I_coil_+-0.3mA_fine_284mK_191103__IVB__T_1p40K[-0.000270000],10000,-2.268291e-05,2.239486e-05,4.507777e-05,0.09768723293143865,False,I_A,6.0,BS30_A1S1,Fig2,1.4,,,,,,-0.00027,000270000,
D4.2__Fig 2__SQUID_data__IVB_BS30_A1S1_I_coil_+-0.3mA_fine_284mK_191103__IVB__T_1p40K[-0.000270750],10000,-2.268337e-05,2.239572e-05,4.507909e-05,0.09391140108565557,False,I_A,6.0,BS30_A1S1,Fig2,1.4,,,,,,-0.00027075,000270750,
D4.2__Fig 2__SQUID_data__IVB_BS30_A1S1_I_coil_+-0.3mA_fine_284mK_191103__IVB__T_1p40K[-0.000271500],10000,-2.268271e-05,2.23947e-05,4.5077410000000004e-05,0.09401086171418285,False,I_A,6.0,BS30_A1S1,Fig2,1.4,,,,,,-0.0002715,000271500,
D4.2__Fig 2__SQUID_data__IVB_BS30_A1S1_I_coil_+-0.3mA_fine_284mK_191103__IVB__T_1p40K[-0.000272250],10000,-2.268276e-05,2.239496e-05,4.507772e-05,0.09092210907475946,False,I_A,6.0,BS30_A1S1,Fig2,1.4,,,,,,-0.00027225,000272250,
D4.2__Fig 2__SQUID_data__IVB_BS30_A1S1_I_coil_+-0.3mA_fine_284mK_191103__IVB__T_1p40K[-0.000273000],10000,-2.268276e-05,2.239496e-05,4.507772e-05,0.0916992329956319,False,I_A,6.0,BS30_A1S1,Fig2,1.4,,,,,,-0.000273,000273000,
D4.2__Fig 2__SQUID_data__IVB_BS30_A1S1_I_coil_+-0.3mA_fine_284mK_191103__IVB__T_1p40K[-0.000273750],10000,-2.268337e-05,2.239557e-05,4.507894e-05,0.093233544715885,False,I_A,6.0,BS30_A1S1,Fig2,1.4,,,,,,-0.00027375,000273750,
D4.2__Fig 2__SQUID_data__IVB_BS30_A1S1_I_coil_+-0.3mA_fine_284mK_191103__IVB__T_1p40K[-0.000274500],10000,-2.268174e-05,2.239531e-05,4.507705e-05,0.09266136452239088,False,I_A,6.0,BS30_A1S1,Fig2,1.4,,,,,,-0.0002745,000274500,
D4.2__Fig 2__SQUID_data__IVB_BS30_A1S1_I_coil_+-0.3mA_fine_284mK_191103__IVB__T_1p40K[-0.000275250],10000,-2.268266e-05,2.239562e-05,4.507828e-05,0.09170011996700725,False,I_A,6.0,BS30_A1S1,Fig2,1.4,,,,,,-0.00027525,000275250,
D4.2__Fig 2__SQUID_data__IVB_BS30_A1S1_I_coil_+-0.3mA_fine_284mK_191103__IVB__T_1p40K[-0.000276000],10000,-2.268261e-05,2.239521e-05,4.507782e-05,0.09442802589400952,False,I_A,6.0,BS30_A1S1,Fig2,1.4,,,,,,-0.000276,000276000,
D4.2__Fig 2__SQUID_data__IVB_BS30_A1S1_I_coil_+-0.3mA_fine_284mK_191103__IVB__T_1p40K[-0.000276750],10000,-2.268301e-05,2.239409e-05,4.5077099999999996e-05,0.09293406188838658,False,I_A,6.0,BS30_A1S1,Fig2,1.4,,,,,,-0.00027675,000276750,
D4.2__Fig 2__SQUID_data__IVB_BS30_A1S1_I_coil_+-0.3mA_fine_284mK_191103__IVB__T_1p40K[-0.000277500],10000,-2.268205e-05,2.239486e-05,4.5076909999999996e-05,0.09633553136084581,False,I_A,6.0,BS30_A1S1,Fig2,1.4,,,,,,-0.0002775,000277500,
D4.2__Fig 2__SQUID_data__IVB_BS30_A1S1_I_coil_+-0.3mA_fine_284mK_191103__IVB__T_1p40K[-0.000278250],10000,-2.268347e-05,2.239674e-05,4.5080209999999996e-05,0.09138490510011611,False,I_A,6.0,BS30_A1S1,Fig2,1.4,,,,,,-0.00027825,000278250,
D4.2__Fig 2__SQUID_data__IVB_BS30_A1S1_I_coil_+-0.3mA_fine_284mK_191103__IVB__T_1p40K[-0.000279000],10000,-2.268332e-05,2.239531e-05,4.507863e-05,0.09506553167123799,False,I_A,6.0,BS30_A1S1,Fig2,1.4,,,,,,-0.000279,000279000,
D4.2__Fig 2__SQUID_data__IVB_BS30_A1S1_I_coil_+-0.3mA_fine_284mK_191103__IVB__T_1p40K[-0.000279750],10000,-2.268393e-05,2.239547e-05,4.50794e-05,0.09239656883637601,False,I_A,6.0,BS30_A1S1,Fig2,1.4,,,,,,-0.00027975,000279750,
D4.2__Fig 2__SQUID_data__IVB_BS30_A1S1_I_coil_+-0.3mA_fine_284mK_191103__IVB__T_1p40K[-0.000280500],10000,-2.268347e-05,2.239592e-05,4.507939e-05,0.09196940918273978,False,I_A,6.0,BS30_A1S1,Fig2,1.4,,,,,,-0.0002805,000280500,
D4.2__Fig 2__SQUID_data__IVB_BS30_A1S1_I_coil_+-0.3mA_fine_284mK_191103__IVB__T_1p40K[-0.000281250],10000,-2.268327e-05,2.239501e-05,4.507828e-05,0.11116463461490163,False,I_A,6.0,BS30_A1S1,Fig2,1.4,,,,,,-0.00028125,000281250,
D4.2__Fig 2__SQUID_data__IVB_BS30_A1S1_I_coil_+-0.3mA_fine_284mK_191103__IVB__T_1p40K[-0.000282000],10000,-2.268332e-05,2.239511e-05,4.507843e-05,0.08917244575976556,False,I_A,6.0,BS30_A1S1,Fig2,1.4,,,,,,-0.000282,000282000,
D4.2__Fig 2__SQUID_data__IVB_BS30_A1S1_I_coil_+-0.3mA_fine_284mK_191103__IVB__T_1p40K[-0.000282750],10000,-2.26824e-05,2.239526e-05,4.507766e-05,0.09195674846723026,False,I_A,6.0,BS30_A1S1,Fig2,1.4,,,,,,-0.00028275,000282750,
D4.2__Fig 2__SQUID_data__IVB_BS30_A1S1_I_coil_+-0.3mA_fine_284mK_191103__IVB__T_1p40K[-0.000283500],10000,-2.268291e-05,2.239562e-05,4.507853e-05,0.11234206833321535,False,I_A,6.0,BS30_A1S1,Fig2,1.4,,,,,,-0.0002835,000283500,
D4.2__Fig 2__SQUID_data__IVB_BS30_A1S1_I_coil_+-0.3mA_fine_284mK_191103__IVB__T_1p40K[-0.000284250],10000,-2.268403e-05,2.239608e-05,4.508011e-05,0.09729008292857497,False,I_A,6.0,BS30_A1S1,Fig2,1.4,,,,,,-0.00028425,000284250,
D4.2__Fig 2__SQUID_data__IVB_BS30_A1S1_I_coil_+-0.3mA_fine_284mK_191103__IVB__T_1p40K[-0.000285000],10000,-2.268347e-05,2.239486e-05,4.507833e-05,0.10565037982368847,False,I_A,6.0,BS30_A1S1,Fig2,1.4,,,,,,-0.000285,000285000,
D4.2__Fig 2__SQUID_data__IVB_BS30_A1S1_I_coil_+-0.3mA_fine_284mK_191103__IVB__T_1p40K[-0.000285750],10000,-2.268342e-05,2.239597e-05,4.507939e-05,0.09029185997671181,False,I_A,6.0,BS30_A1S1,Fig2,1.4,,,,,,-0.00028575,000285750,
D4.2__Fig 2__SQUID_data__IVB_BS30_A1S1_I_coil_+-0.3mA_fine_284mK_191103__IVB__T_1p40K[-0.000286500],10000,-2.268337e-05,2.239587e-05,4.507924e-05,0.11256481667646853,False,I_A,6.0,BS30_A1S1,Fig2,1.4,,,,,,-0.0002865,000286500,
D4.2__Fig 2__SQUID_data__IVB_BS30_A1S1_I_coil_+-0.3mA_fine_284mK_191103__IVB__T_1p40K[-0.000287250],10000,-2.268342e-05,2.239536e-05,4.507878e-05,0.09189021331726512,False,I_A,6.0,BS30_A1S1,Fig2,1.4,,,,,,-0.00028725,000287250,
D4.2__Fig 2__SQUID_data__IVB_BS30_A1S1_I_coil_+-0.3mA_fine_284mK_191103__IVB__T_1p40K[-0.000288000],10000,-2.268312e-05,2.239516e-05,4.507828e-05,0.09156576531015267,False,I_A,6.0,BS30_A1S1,Fig2,1.4,,,,,,-0.000288,000288000,
D4.2__Fig 2__SQUID_data__IVB_BS30_A1S1_I_coil_+-0.3mA_fine_284mK_191103__IVB__T_1p40K[-0.000288750],10000,-2.268317e-05,2.239506e-05,4.507823e-05,0.09181731664445414,False,I_A,6.0,BS30_A1S1,Fig2,1.4,,,,,,-0.00028875,000288750,
D4.2__Fig 2__SQUID_data__IVB_BS30_A1S1_I_coil_+-0.3mA_fine_284mK_191103__IVB__T_1p40K[-0.000289500],10000,-2.268276e-05,2.239521e-05,4.507797e-05,0.08972788406649027,False,I_A,6.0,BS30_A1S1,Fig2,1.4,,,,,,-0.0002895,000289500,
D4.2__Fig 2__SQUID_data__IVB_BS30_A1S1_I_coil_+-0.3mA_fine_284mK_191103__IVB__T_1p40K[-0.000290250],10000,-2.268388e-05,2.23947e-05,4.5078580000000004e-05,0.09822364439087593,False,I_A,6.0,BS30_A1S1,Fig2,1.4,,,,,,-0.00029025,000290250,
D4.2__Fig 2__SQUID_data__IVB_BS30_A1S1_I_coil_+-0.3mA_fine_284mK_191103__IVB__T_1p40K[-0.000291000],10000,-2.268373e-05,2.239475e-05,4.507848e-05,0.09462614509629652,False,I_A,6.0,BS30_A1S1,Fig2,1.4,,,,,,-0.000291,000291000,
D4.2__Fig 2__SQUID_data__IVB_BS30_A1S1_I_coil_+-0.3mA_fine_284mK_191103__IVB__T_1p40K[-0.000291750],10000,-2.268347e-05,2.239506e-05,4.507853e-05,0.09399578156868453,False,I_A,6.0,BS30_A1S1,Fig2,1.4,,,,,,-0.00029175,000291750,
D4.2__Fig 2__SQUID_data__IVB_BS30_A1S1_I_coil_+-0.3mA_fine_284mK_191103__IVB__T_1p40K[-0.000292500],10000,-2.268332e-05,2.239603e-05,4.5079350000000004e-05,0.09326471618774555,False,I_A,6.0,BS30_A1S1,Fig2,1.4,,,,,,-0.0002925,000292500,
D4.2__Fig 2__SQUID_data__IVB_BS30_A1S1_I_coil_+-0.3mA_fine_284mK_191103__IVB__T_1p40K[-0.000293250],10000,-2.268413e-05,2.23946e-05,4.507873e-05,0.09460763988590995,False,I_A,6.0,BS30_A1S1,Fig2,1.4,,,,,,-0.00029325,000293250,
D4.2__Fig 2__SQUID_data__IVB_BS30_A1S1_I_coil_+-0.3mA_fine_284mK_191103__IVB__T_1p40K[-0.000294000],10000,-2.268413e-05,2.239567e-05,4.50798e-05,0.0986078670087859,False,I_A,6.0,BS30_A1S1,Fig2,1.4,,,,,,-0.000294,000294000,
D4.2__Fig 2__SQUID_data__IVB_BS30_A1S1_I_coil_+-0.3mA_fine_284mK_191103__IVB__T_1p40K[-0.000294750],10000,-2.268403e-05,2.239506e-05,4.507909e-05,0.10100797752441627,False,I_A,6.0,BS30_A1S1,Fig2,1.4,,,,,,-0.00029475,000294750,
D4.2__Fig 2__SQUID_data__IVB_BS30_A1S1_I_coil_+-0.3mA_fine_284mK_191103__IVB__T_1p40K[-0.000295500],10000,-2.268383e-05,2.239536e-05,4.507919e-05,0.09783091342632699,False,I_A,6.0,BS30_A1S1,Fig2,1.4,,,,,,-0.0002955,000295500,
D4.2__Fig 2__SQUID_data__IVB_BS30_A1S1_I_coil_+-0.3mA_fine_284mK_191103__IVB__T_1p40K[-0.000296250],10000,-2.268301e-05,2.239648e-05,4.507949e-05,0.09203158163713417,False,I_A,6.0,BS30_A1S1,Fig2,1.4,,,,,,-0.00029625,000296250,
D4.2__Fig 2__SQUID_data__IVB_BS30_A1S1_I_coil_+-0.3mA_fine_284mK_191103__IVB__T_1p40K[-0.000297000],10000,-2.268403e-05,2.239608e-05,4.508011e-05,0.09589213733160284,False,I_A,6.0,BS30_A1S1,Fig2,1.4,,,,,,-0.000297,000297000,
D4.2__Fig 2__SQUID_data__IVB_BS30_A1S1_I_coil_+-0.3mA_fine_284mK_191103__IVB__T_1p40K[-0.000297750],10000,-2.268439e-05,2.239542e-05,4.5079809999999996e-05,0.09844497611868858,False,I_A,6.0,BS30_A1S1,Fig2,1.4,,,,,,-0.00029775,000297750,
D4.2__Fig 2__SQUID_data__IVB_BS30_A1S1_I_coil_+-0.3mA_fine_284mK_191103__IVB__T_1p40K[-0.000298500],10000,-2.268357e-05,2.239455e-05,4.507812e-05,0.09203977128358144,False,I_A,6.0,BS30_A1S1,Fig2,1.4,,,,,,-0.0002985,000298500,
D4.2__Fig 2__SQUID_data__IVB_BS30_A1S1_I_coil_+-0.3mA_fine_284mK_191103__IVB__T_1p40K[-0.000299250],10000,-2.268373e-05,2.239486e-05,4.507859e-05,0.08971647172314576,False,I_A,6.0,BS30_A1S1,Fig2,1.4,,,,,,-0.00029925,000299250,
D4.2__Fig 2__SQUID_data__IVB_BS30_A1S1_I_coil_+-0.3mA_fine_284mK_191103__IVB__T_1p40K[-0.000300000],10000,-2.268312e-05,2.23945e-05,4.5077620000000005e-05,0.09036506688035743,False,I_A,6.0,BS30_A1S1,Fig2,1.4,,,,,,-0.0003,000300000,
D4.2__Fig 2__SQUID_data__IVB_BS30_A1S1_I_coil_+-0.3mA_fine_284mK_191103__IVB__T_1p40K[0.000000000],10000,-2.26821e-05,2.239465e-05,4.507675e-05,0.09621317073401098,False,I_A,6.0,BS30_A1S1,Fig2,1.4,,,,,,0.0,000000000,
D4.2__Fig 2__SQUID_data__IVB_BS30_A1S1_I_coil_+-0.3mA_fine_284mK_191103__IVB__T_1p40K[0.000000750],10000,-2.268261e-05,2.239404e-05,4.507665e-05,0.09155602411680876,False,I_A,6.0,BS30_A1S1,Fig2,1.4,,,,,,7.5e-07,000000750,
D4.2__Fig 2__SQUID_data__IVB_BS30_A1S1_I_coil_+-0.3mA_fine_284mK_191103__IVB__T_1p40K[0.000001500],10000,-2.268276e-05,2.239552e-05,4.507828e-05,0.09932896953669858,False,I_A,6.0,BS30_A1S1,Fig2,1.4,,,,,,1.5e-06,000001500,
D4.2__Fig 2__SQUID_data__IVB_BS30_A1S1_I_coil_+-0.3mA_fine_284mK_191103__IVB__T_1p40K[0.000002250],10000,-2.268276e-05,2.239496e-05,4.507772e-05,0.10128973874725662,False,I_A,6.0,BS30_A1S1,Fig2,1.4,,,,,,2.25e-06,000002250,
D4.2__Fig 2__SQUID_data__IVB_BS30_A1S1_I_coil_+-0.3mA_fine_284mK_191103__IVB__T_1p40K[0.000003000],10000,-2.268337e-05,2.239399e-05,4.507736e-05,0.10152922108299023,False,I_A,6.0,BS30_A1S1,Fig2,1.4,,,,,,3e-06,000003000,
D4.2__Fig 2__SQUID_data__IVB_BS30_A1S1_I_coil_+-0.3mA_fine_284mK_191103__IVB__T_1p40K[0.000003750],10000,-2.268154e-05,2.239379e-05,4.507533e-05,0.09296911669267022,False,I_A,6.0,BS30_A1S1,Fig2,1.4,,,,,,3.75e-06,000003750,
D4.2__Fig 2__SQUID_data__IVB_BS30_A1S1_I_coil_+-0.3mA_fine_284mK_191103__IVB__T_1p40K[0.000004500],10000,-2.268256e-05,2.239475e-05,4.507731e-05,0.09096983677236081,False,I_A,6.0,BS30_A1S1,Fig2,1.4,,,,,,4.5e-06,000004500,
D4.2__Fig 2__SQUID_data__IVB_BS30_A1S1_I_coil_+-0.3mA_fine_284mK_191103__IVB__T_1p40K[0.000005250],10000,-2.26822e-05,2.239536e-05,4.507756e-05,0.09864996095651433,False,I_A,6.0,BS30_A1S1,Fig2,1.4,,,,,,5.25e-06,000005250,
D4.2__Fig 2__SQUID_data__IVB_BS30_A1S1_I_coil_+-0.3mA_fine_284mK_191103__IVB__T_1p40K[0.000006000],10000,-2.268246e-05,2.239445e-05,4.5076909999999996e-05,0.0925935009979213,False,I_A,6.0,BS30_A1S1,Fig2,1.4,,,,,,6e-06,000006000,
D4.2__Fig 2__SQUID_data__IVB_BS30_A1S1_I_coil_+-0.3mA_fine_284mK_191103__IVB__T_1p40K[0.000006750],10000,-2.268205e-05,2.23944e-05,4.5076450000000004e-05,0.0954447601450902,False,I_A,6.0,BS30_A1S1,Fig2,1.4,,,,,,6.75e-06,000006750,
D4.2__Fig 2__SQUID_data__IVB_BS30_A1S1_I_coil_+-0.3mA_fine_284mK_191103__IVB__T_1p40K[0.000007500],10000,-2.26823e-05,2.239455e-05,4.5076850000000005e-05,0.0968149703702094,False,I_A,6.0,BS30_A1S1,Fig2,1.4,,,,,,7.5e-06,000007500,
D4.2__Fig 2__SQUID_data__IVB_BS30_A1S1_I_coil_+-0.3mA_fine_284mK_191103__IVB__T_1p40K[0.000008250],10000,-2.268184e-05,2.23944e-05,4.507624e-05,0.09193222818822844,False,I_A,6.0,BS30_A1S1,Fig2,1.4,,,,,,8.25e-06,000008250,
D4.2__Fig 2__SQUID_data__IVB_BS30_A1S1_I_coil_+-0.3mA_fine_284mK_191103__IVB__T_1p40K[0.000009000],10000,-2.268281e-05,2.239379e-05,4.50766e-05,0.09509845495970602,False,I_A,6.0,BS30_A1S1,Fig2,1.4,,,,,,9e-06,000009000,
D4.2__Fig 2__SQUID_data__IVB_BS30_A1S1_I_coil_+-0.3mA_fine_284mK_191103__IVB__T_1p40K[0.000009750],10000,-2.26823e-05,2.239364e-05,4.507594e-05,0.09421984604508044,False,I_A,6.0,BS30_A1S1,Fig2,1.4,,,,,,9.75e-06,000009750,
D4.2__Fig 2__SQUID_data__IVB_BS30_A1S1_I_coil_+-0.3mA_fine_284mK_191103__IVB__T_1p40K[0.000010500],10000,-2.268327e-05,2.23944e-05,4.507767e-05,0.09988169873345451,False,I_A,6.0,BS30_A1S1,Fig2,1.4,,,,,,1.05e-05,000010500,
D4.2__Fig 2__SQUID_data__IVB_BS30_A1S1_I_coil_+-0.3mA_fine_284mK_191103__IVB__T_1p40K[0.000011250],10000,-2.268271e-05,2.239486e-05,4.507757e-05,0.09492980229579139,False,I_A,6.0,BS30_A1S1,Fig2,1.4,,,,,,1.125e-05,000011250,
D4.2__Fig 2__SQUID_data__IVB_BS30_A1S1_I_coil_+-0.3mA_fine_284mK_191103__IVB__T_1p40K[0.000012000],10000,-2.268235e-05,2.239445e-05,4.50768e-05,0.09388162820129783,False,I_A,6.0,BS30_A1S1,Fig2,1.4,,,,,,1.2e-05,000012000,
D4.2__Fig 2__SQUID_data__IVB_BS30_A1S1_I_coil_+-0.3mA_fine_284mK_191103__IVB__T_1p40K[0.000012750],10000,-2.268347e-05,2.239414e-05,4.507761e-05,0.09520907688256514,False,I_A,6.0,BS30_A1S1,Fig2,1.4,,,,,,1.275e-05,000012750,
D4.2__Fig 2__SQUID_data__IVB_BS30_A1S1_I_coil_+-0.3mA_fine_284mK_191103__IVB__T_1p40K[0.000013500],10000,-2.268281e-05,2.239425e-05,4.507706e-05,0.0944941253096543,False,I_A,6.0,BS30_A1S1,Fig2,1.4,,,,,,1.35e-05,000013500,
D4.2__Fig 2__SQUID_data__IVB_BS30_A1S1_I_coil_+-0.3mA_fine_284mK_191103__IVB__T_1p40K[0.000014250],10000,-2.268205e-05,2.239374e-05,4.507579e-05,0.09089582328646806,False,I_A,6.0,BS30_A1S1,Fig2,1.4,,,,,,1.425e-05,000014250,
D4.2__Fig 2__SQUID_data__IVB_BS30_A1S1_I_coil_+-0.3mA_fine_284mK_191103__IVB__T_1p40K[0.000015000],10000,-2.268113e-05,2.239445e-05,4.507558e-05,0.0937417578097175,False,I_A,6.0,BS30_A1S1,Fig2,1.4,,,,,,1.5e-05,000015000,
D4.2__Fig 2__SQUID_data__IVB_BS30_A1S1_I_coil_+-0.3mA_fine_284mK_191103__IVB__T_1p40K[0.000015750],10000,-2.2682e-05,2.239379e-05,4.507579e-05,0.09133541489410692,False,I_A,6.0,BS30_A1S1,Fig2,1.4,,,,,,1.575e-05,000015750,
D4.2__Fig 2__SQUID_data__IVB_BS30_A1S1_I_coil_+-0.3mA_fine_284mK_191103__IVB__T_1p40K[0.000016500],10000,-2.268144e-05,2.239399e-05,4.507543e-05,0.09367263252182562,False,I_A,6.0,BS30_A1S1,Fig2,1.4,,,,,,1.65e-05,000016500,
D4.2__Fig 2__SQUID_data__IVB_BS30_A1S1_I_coil_+-0.3mA_fine_284mK_191103__IVB__T_1p40K[0.000017250],10000,-2.268235e-05,2.239486e-05,4.5077210000000003e-05,0.09245997560570329,False,I_A,6.0,BS30_A1S1,Fig2,1.4,,,,,,1.725e-05,000017250,
D4.2__Fig 2__SQUID_data__IVB_BS30_A1S1_I_coil_+-0.3mA_fine_284mK_191103__IVB__T_1p40K[0.000018000],10000,-2.2682e-05,2.239455e-05,4.507655e-05,0.0916145235452615,False,I_A,6.0,BS30_A1S1,Fig2,1.4,,,,,,1.8e-05,000018000,
D4.2__Fig 2__SQUID_data__IVB_BS30_A1S1_I_coil_+-0.3mA_fine_284mK_191103__IVB__T_1p40K[0.000018750],10000,-2.268235e-05,2.239414e-05,4.507649e-05,0.08997986737243337,False,I_A,6.0,BS30_A1S1,Fig2,1.4,,,,,,1.875e-05,000018750,
D4.2__Fig 2__SQUID_data__IVB_BS30_A1S1_I_coil_+-0.3mA_fine_284mK_191103__IVB__T_1p40K[0.000019500],10000,-2.268225e-05,2.239409e-05,4.507634e-05,0.09420561326532521,False,I_A,6.0,BS30_A1S1,Fig2,1.4,,,,,,1.95e-05,000019500,
D4.2__Fig 2__SQUID_data__IVB_BS30_A1S1_I_coil_+-0.3mA_fine_284mK_191103__IVB__T_1p40K[0.000020250],10000,-2.268246e-05,2.23944e-05,4.507686e-05,0.09299435597290286,False,I_A,6.0,BS30_A1S1,Fig2,1.4,,,,,,2.025e-05,000020250,
D4.2__Fig 2__SQUID_data__IVB_BS30_A1S1_I_coil_+-0.3mA_fine_284mK_191103__IVB__T_1p40K[0.000021000],10000,-2.268235e-05,2.239399e-05,4.507634e-05,0.09142348729691271,False,I_A,6.0,BS30_A1S1,Fig2,1.4,,,,,,2.1e-05,000021000,
D4.2__Fig 2__SQUID_data__IVB_BS30_A1S1_I_coil_+-0.3mA_fine_284mK_191103__IVB__T_1p40K[0.000021750],10000,-2.26823e-05,2.239328e-05,4.507558e-05,0.0906247654655674,False,I_A,6.0,BS30_A1S1,Fig2,1.4,,,,,,2.175e-05,000021750,
D4.2__Fig 2__SQUID_data__IVB_BS30_A1S1_I_coil_+-0.3mA_fine_284mK_191103__IVB__T_1p40K[0.000022500],10000,-2.268256e-05,2.239308e-05,4.507564e-05,0.09115672490122079,False,I_A,6.0,BS30_A1S1,Fig2,1.4,,,,,,2.25e-05,000022500,
D4.2__Fig 2__SQUID_data__IVB_BS30_A1S1_I_coil_+-0.3mA_fine_284mK_191103__IVB__T_1p40K[0.000023250],10000,-2.268337e-05,2.239323e-05,4.50766e-05,0.09209869593129298,False,I_A,6.0,BS30_A1S1,Fig2,1.4,,,,,,2.325e-05,000023250,
D4.2__Fig 2__SQUID_data__IVB_BS30_A1S1_I_coil_+-0.3mA_fine_284mK_191103__IVB__T_1p40K[0.000024000],10000,-2.268251e-05,2.239262e-05,4.507513e-05,0.09402048023537604,False,I_A,6.0,BS30_A1S1,Fig2,1.4,,,,,,2.4e-05,000024000,
D4.2__Fig 2__SQUID_data__IVB_BS30_A1S1_I_coil_+-0.3mA_fine_284mK_191103__IVB__T_1p40K[0.000024750],10000,-2.268312e-05,2.239353e-05,4.5076650000000005e-05,0.09044800193685687,False,I_A,6.0,BS30_A1S1,Fig2,1.4,,,,,,2.475e-05,000024750,
D4.2__Fig 2__SQUID_data__IVB_BS30_A1S1_I_coil_+-0.3mA_fine_284mK_191103__IVB__T_1p40K[0.000025500],10000,-2.268332e-05,2.239333e-05,4.5076650000000005e-05,0.09084782671027113,False,I_A,6.0,BS30_A1S1,Fig2,1.4,,,,,,2.55e-05,000025500,
D4.2__Fig 2__SQUID_data__IVB_BS30_A1S1_I_coil_+-0.3mA_fine_284mK_191103__IVB__T_1p40K[0.000026250],10000,-2.268393e-05,2.239302e-05,4.507695e-05,0.08817811460171787,False,I_A,6.0,BS30_A1S1,Fig2,1.4,,,,,,2.625e-05,000026250,
D4.2__Fig 2__SQUID_data__IVB_BS30_A1S1_I_coil_+-0.3mA_fine_284mK_191103__IVB__T_1p40K[0.000027000],10000,-2.268373e-05,2.239364e-05,4.507737e-05,0.0907143435311857,False,I_A,6.0,BS30_A1S1,Fig2,1.4,,,,,,2.7e-05,000027000,
D4.2__Fig 2__SQUID_data__IVB_BS30_A1S1_I_coil_+-0.3mA_fine_284mK_191103__IVB__T_1p40K[0.000027750],10000,-2.268332e-05,2.239297e-05,4.507629e-05,0.09248724572360217,False,I_A,6.0,BS30_A1S1,Fig2,1.4,,,,,,2.775e-05,000027750,
D4.2__Fig 2__SQUID_data__IVB_BS30_A1S1_I_coil_+-0.3mA_fine_284mK_191103__IVB__T_1p40K[0.000028500],10000,-2.268363e-05,2.239231e-05,4.5075939999999996e-05,0.09174832949410987,False,I_A,6.0,BS30_A1S1,Fig2,1.4,,,,,,2.85e-05,000028500,
D4.2__Fig 2__SQUID_data__IVB_BS30_A1S1_I_coil_+-0.3mA_fine_284mK_191103__IVB__T_1p40K[0.000029250],10000,-2.268373e-05,2.239389e-05,4.507762e-05,0.09333770629958495,False,I_A,6.0,BS30_A1S1,Fig2,1.4,,,,,,2.925e-05,000029250,
D4.2__Fig 2__SQUID_data__IVB_BS30_A1S1_I_coil_+-0.3mA_fine_284mK_191103__IVB__T_1p40K[0.000030000],10000,-2.268378e-05,2.239257e-05,4.507635e-05,0.09417395714323558,False,I_A,6.0,BS30_A1S1,Fig2,1.4,,,,,,3e-05,000030000,
D4.2__Fig 2__SQUID_data__IVB_BS30_A1S1_I_coil_+-0.3mA_fine_284mK_191103__IVB__T_1p40K[0.000030750],10000,-2.268276e-05,2.239272e-05,4.5075480000000004e-05,0.09053476428832394,False,I_A,6.0,BS30_A1S1,Fig2,1.4,,,,,,3.075e-05,000030750,
D4.2__Fig 2__SQUID_data__IVB_BS30_A1S1_I_coil_+-0.3mA_fine_284mK_191103__IVB__T_1p40K[0.000031500],10000,-2.268301e-05,2.239313e-05,4.5076139999999996e-05,0.09114117114186177,False,I_A,6.0,BS30_A1S1,Fig2,1.4,,,,,,3.15e-05,000031500,
D4.2__Fig 2__SQUID_data__IVB_BS30_A1S1_I_coil_+-0.3mA_fine_284mK_191103__IVB__T_1p40K[0.000032250],10000,-2.268271e-05,2.239389e-05,4.50766e-05,0.08850177801913135,False,I_A,6.0,BS30_A1S1,Fig2,1.4,,,,,,3.225e-05,000032250,
D4.2__Fig 2__SQUID_data__IVB_BS30_A1S1_I_coil_+-0.3mA_fine_284mK_191103__IVB__T_1p40K[0.000033000],10000,-2.268317e-05,2.239379e-05,4.507696e-05,0.09106144425126692,False,I_A,6.0,BS30_A1S1,Fig2,1.4,,,,,,3.3e-05,000033000,
D4.2__Fig 2__SQUID_data__IVB_BS30_A1S1_I_coil_+-0.3mA_fine_284mK_191103__IVB__T_1p40K[0.000033750],10000,-2.268357e-05,2.239369e-05,4.507726e-05,0.0929497764566878,False,I_A,6.0,BS30_A1S1,Fig2,1.4,,,,,,3.375e-05,000033750,
D4.2__Fig 2__SQUID_data__IVB_BS30_A1S1_I_coil_+-0.3mA_fine_284mK_191103__IVB__T_1p40K[0.000034500],10000,-2.268347e-05,2.239369e-05,4.507716e-05,0.09112887959112984,False,I_A,6.0,BS30_A1S1,Fig2,1.4,,,,,,3.45e-05,000034500,
D4.2__Fig 2__SQUID_data__IVB_BS30_A1S1_I_coil_+-0.3mA_fine_284mK_191103__IVB__T_1p40K[0.000035250],10000,-2.268215e-05,2.239399e-05,4.5076139999999996e-05,0.092836218439458,False,I_A,6.0,BS30_A1S1,Fig2,1.4,,,,,,3.525e-05,000035250,
D4.2__Fig 2__SQUID_data__IVB_BS30_A1S1_I_coil_+-0.3mA_fine_284mK_191103__IVB__T_1p40K[0.000036000],10000,-2.268256e-05,2.239343e-05,4.507599e-05,0.09164952620119857,False,I_A,6.0,BS30_A1S1,Fig2,1.4,,,,,,3.6e-05,000036000,
D4.2__Fig 2__SQUID_data__IVB_BS30_A1S1_I_coil_+-0.3mA_fine_284mK_191103__IVB__T_1p40K[0.000036750],10000,-2.268322e-05,2.239338e-05,4.50766e-05,0.0918717909148797,False,I_A,6.0,BS30_A1S1,Fig2,1.4,,,,,,3.675e-05,000036750,
D4.2__Fig 2__SQUID_data__IVB_BS30_A1S1_I_coil_+-0.3mA_fine_284mK_191103__IVB__T_1p40K[0.000037500],10000,-2.268332e-05,2.239419e-05,4.507751e-05,0.09632836468963218,False,I_A,6.0,BS30_A1S1,Fig2,1.4,,,,,,3.75e-05,000037500,
D4.2__Fig 2__SQUID_data__IVB_BS30_A1S1_I_coil_+-0.3mA_fine_284mK_191103__IVB__T_1p40K[0.000038250],10000,-2.268368e-05,2.239292e-05,4.50766e-05,0.09002724617842033,False,I_A,6.0,BS30_A1S1,Fig2,1.4,,,,,,3.825e-05,000038250,
D4.2__Fig 2__SQUID_data__IVB_BS30_A1S1_I_coil_+-0.3mA_fine_284mK_191103__IVB__T_1p40K[0.000039000],10000,-2.268332e-05,2.239343e-05,4.507675e-05,0.0938878375340363,False,I_A,6.0,BS30_A1S1,Fig2,1.4,,,,,,3.9e-05,000039000,
D4.2__Fig 2__SQUID_data__IVB_BS30_A1S1_I_coil_+-0.3mA_fine_284mK_191103__IVB__T_1p40K[0.000039750],10000,-2.268337e-05,2.239455e-05,4.507792e-05,0.09451640240325772,False,I_A,6.0,BS30_A1S1,Fig2,1.4,,,,,,3.975e-05,000039750,
D4.2__Fig 2__SQUID_data__IVB_BS30_A1S1_I_coil_+-0.3mA_fine_284mK_191103__IVB__T_1p40K[0.000040500],10000,-2.268271e-05,2.239353e-05,4.507624e-05,0.0928737839225943,False,I_A,6.0,BS30_A1S1,Fig2,1.4,,,,,,4.05e-05,000040500,
D4.2__Fig 2__SQUID_data__IVB_BS30_A1S1_I_coil_+-0.3mA_fine_284mK_191103__IVB__T_1p40K[0.000041250],10000,-2.268352e-05,2.239313e-05,4.507665e-05,0.09708412014799338,False,I_A,6.0,BS30_A1S1,Fig2,1.4,,,,,,4.125e-05,000041250,
D4.2__Fig 2__SQUID_data__IVB_BS30_A1S1_I_coil_+-0.3mA_fine_284mK_191103__IVB__T_1p40K[0.000042000],10000,-2.268271e-05,2.239323e-05,4.5075939999999996e-05,0.09286391305003765,False,I_A,6.0,BS30_A1S1,Fig2,1.4,,,,,,4.2e-05,000042000,
D4.2__Fig 2__SQUID_data__IVB_BS30_A1S1_I_coil_+-0.3mA_fine_284mK_191103__IVB__T_1p40K[0.000042750],10000,-2.268398e-05,2.239333e-05,4.507731e-05,0.09093139624067624,False,I_A,6.0,BS30_A1S1,Fig2,1.4,,,,,,4.275e-05,000042750,
D4.2__Fig 2__SQUID_data__IVB_BS30_A1S1_I_coil_+-0.3mA_fine_284mK_191103__IVB__T_1p40K[0.000043500],10000,-2.268332e-05,2.239369e-05,4.507701e-05,0.08949309929904768,False,I_A,6.0,BS30_A1S1,Fig2,1.4,,,,,,4.35e-05,000043500,
D4.2__Fig 2__SQUID_data__IVB_BS30_A1S1_I_coil_+-0.3mA_fine_284mK_191103__IVB__T_1p40K[0.000044250],10000,-2.268271e-05,2.239323e-05,4.5075939999999996e-05,0.09071696875593356,False,I_A,6.0,BS30_A1S1,Fig2,1.4,,,,,,4.425e-05,000044250,
D4.2__Fig 2__SQUID_data__IVB_BS30_A1S1_I_coil_+-0.3mA_fine_284mK_191103__IVB__T_1p40K[0.000045000],10000,-2.268347e-05,2.239257e-05,4.507604e-05,0.09109942825864631,False,I_A,6.0,BS30_A1S1,Fig2,1.4,,,,,,4.5e-05,000045000,
D4.2__Fig 2__SQUID_data__IVB_BS30_A1S1_I_coil_+-0.3mA_fine_284mK_191103__IVB__T_1p40K[0.000045750],10000,-2.268312e-05,2.239252e-05,4.507564e-05,0.09554604206790558,False,I_A,6.0,BS30_A1S1,Fig2,1.4,,,,,,4.575e-05,000045750,
D4.2__Fig 2__SQUID_data__IVB_BS30_A1S1_I_coil_+-0.3mA_fine_284mK_191103__IVB__T_1p40K[0.000046500],10000,-2.268337e-05,2.239277e-05,4.507614e-05,0.09131697250202546,False,I_A,6.0,BS30_A1S1,Fig2,1.4,,,,,,4.65e-05,000046500,
D4.2__Fig 2__SQUID_data__IVB_BS30_A1S1_I_coil_+-0.3mA_fine_284mK_191103__IVB__T_1p40K[0.000047250],10000,-2.268368e-05,2.239318e-05,4.507686e-05,0.09381900551035484,False,I_A,6.0,BS30_A1S1,Fig2,1.4,,,,,,4.725e-05,000047250,
D4.2__Fig 2__SQUID_data__IVB_BS30_A1S1_I_coil_+-0.3mA_fine_284mK_191103__IVB__T_1p40K[0.000048000],10000,-2.268337e-05,2.239292e-05,4.507629e-05,0.0939233963341274,False,I_A,6.0,BS30_A1S1,Fig2,1.4,,,,,,4.8e-05,000048000,
D4.2__Fig 2__SQUID_data__IVB_BS30_A1S1_I_coil_+-0.3mA_fine_284mK_191103__IVB__T_1p40K[0.000048750],10000,-2.268342e-05,2.239252e-05,4.5075939999999996e-05,0.09459583320966715,False,I_A,6.0,BS30_A1S1,Fig2,1.4,,,,,,4.875e-05,000048750,
D4.2__Fig 2__SQUID_data__IVB_BS30_A1S1_I_coil_+-0.3mA_fine_284mK_191103__IVB__T_1p40K[0.000049500],10000,-2.268322e-05,2.239241e-05,4.507563e-05,0.10019566901973515,False,I_A,6.0,BS30_A1S1,Fig2,1.4,,,,,,4.95e-05,000049500,
D4.2__Fig 2__SQUID_data__IVB_BS30_A1S1_I_coil_+-0.3mA_fine_284mK_191103__IVB__T_1p40K[0.000050250],10000,-2.268378e-05,2.239201e-05,4.507579e-05,0.11053210765845836,False,I_A,6.0,BS30_A1S1,Fig2,1.4,,,,,,5.025e-05,000050250,
D4.2__Fig 2__SQUID_data__IVB_BS30_A1S1_I_coil_+-0.3mA_fine_284mK_191103__IVB__T_1p40K[0.000051000],10000,-2.268398e-05,2.23916e-05,4.507558e-05,0.09598073353937264,False,I_A,6.0,BS30_A1S1,Fig2,1.4,,,,,,5.1e-05,000051000,
D4.2__Fig 2__SQUID_data__IVB_BS30_A1S1_I_coil_+-0.3mA_fine_284mK_191103__IVB__T_1p40K[0.000051750],10000,-2.268317e-05,2.239186e-05,4.507503e-05,0.09945590669941165,False,I_A,6.0,BS30_A1S1,Fig2,1.4,,,,,,5.175e-05,000051750,
D4.2__Fig 2__SQUID_data__IVB_BS30_A1S1_I_coil_+-0.3mA_fine_284mK_191103__IVB__T_1p40K[0.000052500],10000,-2.268413e-05,2.239196e-05,4.507609e-05,0.09469561588177072,False,I_A,6.0,BS30_A1S1,Fig2,1.4,,,,,,5.25e-05,000052500,
D4.2__Fig 2__SQUID_data__IVB_BS30_A1S1_I_coil_+-0.3mA_fine_284mK_191103__IVB__T_1p40K[0.000053250],10000,-2.268398e-05,2.239287e-05,4.5076850000000005e-05,0.09521699230474281,False,I_A,6.0,BS30_A1S1,Fig2,1.4,,,,,,5.325e-05,000053250,
D4.2__Fig 2__SQUID_data__IVB_BS30_A1S1_I_coil_+-0.3mA_fine_284mK_191103__IVB__T_1p40K[0.000054000],10000,-2.268342e-05,2.239196e-05,4.507538e-05,0.09421376332591608,False,I_A,6.0,BS30_A1S1,Fig2,1.4,,,,,,5.4e-05,000054000,
D4.2__Fig 2__SQUID_data__IVB_BS30_A1S1_I_coil_+-0.3mA_fine_284mK_191103__IVB__T_1p40K[0.000054750],10000,-2.268322e-05,2.239262e-05,4.507584e-05,0.09170634096075884,False,I_A,6.0,BS30_A1S1,Fig2,1.4,,,,,,5.475e-05,000054750,
D4.2__Fig 2__SQUID_data__IVB_BS30_A1S1_I_coil_+-0.3mA_fine_284mK_191103__IVB__T_1p40K[0.000055500],10000,-2.268301e-05,2.239216e-05,4.5075169999999996e-05,0.0954326518314314,False,I_A,6.0,BS30_A1S1,Fig2,1.4,,,,,,5.55e-05,000055500,
D4.2__Fig 2__SQUID_data__IVB_BS30_A1S1_I_coil_+-0.3mA_fine_284mK_191103__IVB__T_1p40K[0.000056250],10000,-2.268317e-05,2.239257e-05,4.507574e-05,0.09047861377343548,False,I_A,6.0,BS30_A1S1,Fig2,1.4,,,,,,5.625e-05,000056250,
D4.2__Fig 2__SQUID_data__IVB_BS30_A1S1_I_coil_+-0.3mA_fine_284mK_191103__IVB__T_1p40K[0.000057000],10000,-2.268368e-05,2.239272e-05,4.50764e-05,0.10089414407708333,False,I_A,6.0,BS30_A1S1,Fig2,1.4,,,,,,5.7e-05,000057000,
D4.2__Fig 2__SQUID_data__IVB_BS30_A1S1_I_coil_+-0.3mA_fine_284mK_191103__IVB__T_1p40K[0.000057750],10000,-2.268383e-05,2.239338e-05,4.5077210000000003e-05,0.08950567604377067,False,I_A,6.0,BS30_A1S1,Fig2,1.4,,,,,,5.775e-05,000057750,
D4.2__Fig 2__SQUID_data__IVB_BS30_A1S1_I_coil_+-0.3mA_fine_284mK_191103__IVB__T_1p40K[0.000058500],10000,-2.268337e-05,2.239379e-05,4.507716e-05,0.09186573059744169,False,I_A,6.0,BS30_A1S1,Fig2,1.4,,,,,,5.85e-05,000058500,
D4.2__Fig 2__SQUID_data__IVB_BS30_A1S1_I_coil_+-0.3mA_fine_284mK_191103__IVB__T_1p40K[0.000059250],10000,-2.268352e-05,2.239272e-05,4.507624e-05,0.09333608498396723,False,I_A,6.0,BS30_A1S1,Fig2,1.4,,,,,,5.925e-05,000059250,
D4.2__Fig 2__SQUID_data__IVB_BS30_A1S1_I_coil_+-0.3mA_fine_284mK_191103__IVB__T_1p40K[0.000060000],10000,-2.268307e-05,2.239216e-05,4.507523e-05,0.09387363068839515,False,I_A,6.0,BS30_A1S1,Fig2,1.4,,,,,,6e-05,000060000,
D4.2__Fig 2__SQUID_data__IVB_BS30_A1S1_I_coil_+-0.3mA_fine_284mK_191103__IVB__T_1p40K[0.000060750],10000,-2.268332e-05,2.239247e-05,4.507579e-05,0.08961894477813286,False,I_A,6.0,BS30_A1S1,Fig2,1.4,,,,,,6.075e-05,000060750,
D4.2__Fig 2__SQUID_data__IVB_BS30_A1S1_I_coil_+-0.3mA_fine_284mK_191103__IVB__T_1p40K[0.000061500],10000,-2.268301e-05,2.239211e-05,4.507512e-05,0.09413281478389457,False,I_A,6.0,BS30_A1S1,Fig2,1.4,,,,,,6.15e-05,000061500,
D4.2__Fig 2__SQUID_data__IVB_BS30_A1S1_I_coil_+-0.3mA_fine_284mK_191103__IVB__T_1p40K[0.000062250],10000,-2.268388e-05,2.239241e-05,4.507629e-05,0.09388803849637443,False,I_A,6.0,BS30_A1S1,Fig2,1.4,,,,,,6.225e-05,000062250,
D4.2__Fig 2__SQUID_data__IVB_BS30_A1S1_I_coil_+-0.3mA_fine_284mK_191103__IVB__T_1p40K[0.000063000],10000,-2.268291e-05,2.239287e-05,4.507578e-05,0.09112119936882042,False,I_A,6.0,BS30_A1S1,Fig2,1.4,,,,,,6.3e-05,000063000,
D4.2__Fig 2__SQUID_data__IVB_BS30_A1S1_I_coil_+-0.3mA_fine_284mK_191103__IVB__T_1p40K[0.000063750],10000,-2.268296e-05,2.239221e-05,4.5075169999999996e-05,0.0937415607687464,False,I_A,6.0,BS30_A1S1,Fig2,1.4,,,,,,6.375e-05,000063750,
D4.2__Fig 2__SQUID_data__IVB_BS30_A1S1_I_coil_+-0.3mA_fine_284mK_191103__IVB__T_1p40K[0.000064500],10000,-2.268357e-05,2.239302e-05,4.507659e-05,0.09094318250802338,False,I_A,6.0,BS30_A1S1,Fig2,1.4,,,,,,6.45e-05,000064500,
D4.2__Fig 2__SQUID_data__IVB_BS30_A1S1_I_coil_+-0.3mA_fine_284mK_191103__IVB__T_1p40K[0.000065250],10000,-2.268327e-05,2.23914e-05,4.507467e-05,0.08973644613813833,False,I_A,6.0,BS30_A1S1,Fig2,1.4,,,,,,6.525e-05,000065250,
D4.2__Fig 2__SQUID_data__IVB_BS30_A1S1_I_coil_+-0.3mA_fine_284mK_191103__IVB__T_1p40K[0.000066000],10000,-2.268403e-05,2.239277e-05,4.50768e-05,0.0896680610005516,False,I_A,6.0,BS30_A1S1,Fig2,1.4,,,,,,6.6e-05,000066000,
D4.2__Fig 2__SQUID_data__IVB_BS30_A1S1_I_coil_+-0.3mA_fine_284mK_191103__IVB__T_1p40K[0.000066750],10000,-2.268291e-05,2.239216e-05,4.507507e-05,0.09005545023726844,False,I_A,6.0,BS30_A1S1,Fig2,1.4,,,,,,6.675e-05,000066750,
D4.2__Fig 2__SQUID_data__IVB_BS30_A1S1_I_coil_+-0.3mA_fine_284mK_191103__IVB__T_1p40K[0.000067500],10000,-2.268327e-05,2.239216e-05,4.507543e-05,0.09327217852399633,False,I_A,6.0,BS30_A1S1,Fig2,1.4,,,,,,6.75e-05,000067500,
D4.2__Fig 2__SQUID_data__IVB_BS30_A1S1_I_coil_+-0.3mA_fine_284mK_191103__IVB__T_1p40K[0.000068250],10000,-2.268383e-05,2.239287e-05,4.50767e-05,0.09478592040187699,False,I_A,6.0,BS30_A1S1,Fig2,1.4,,,,,,6.825e-05,000068250,
D4.2__Fig 2__SQUID_data__IVB_BS30_A1S1_I_coil_+-0.3mA_fine_284mK_191103__IVB__T_1p40K[0.000069000],10000,-2.268332e-05,2.239196e-05,4.5075280000000004e-05,0.09581983841902228,False,I_A,6.0,BS30_A1S1,Fig2,1.4,,,,,,6.9e-05,000069000,
D4.2__Fig 2__SQUID_data__IVB_BS30_A1S1_I_coil_+-0.3mA_fine_284mK_191103__IVB__T_1p40K[0.000069750],10000,-2.268317e-05,2.239206e-05,4.507523e-05,0.09424184543730285,False,I_A,6.0,BS30_A1S1,Fig2,1.4,,,,,,6.975e-05,000069750,
D4.2__Fig 2__SQUID_data__IVB_BS30_A1S1_I_coil_+-0.3mA_fine_284mK_191103__IVB__T_1p40K[0.000070500],10000,-2.268383e-05,2.239318e-05,4.507701e-05,0.09283134511077741,False,I_A,6.0,BS30_A1S1,Fig2,1.4,,,,,,7.05e-05,000070500,
D4.2__Fig 2__SQUID_data__IVB_BS30_A1S1_I_coil_+-0.3mA_fine_284mK_191103__IVB__T_1p40K[0.000071250],10000,-2.268383e-05,2.239231e-05,4.5076139999999996e-05,0.09183611034229676,False,I_A,6.0,BS30_A1S1,Fig2,1.4,,,,,,7.125e-05,000071250,
D4.2__Fig 2__SQUID_data__IVB_BS30_A1S1_I_coil_+-0.3mA_fine_284mK_191103__IVB__T_1p40K[0.000072000],10000,-2.268357e-05,2.239343e-05,4.5077e-05,0.0957160113101463,False,I_A,6.0,BS30_A1S1,Fig2,1.4,,,,,,7.2e-05,000072000,
D4.2__Fig 2__SQUID_data__IVB_BS30_A1S1_I_coil_+-0.3mA_fine_284mK_191103__IVB__T_1p40K[0.000072750],10000,-2.268307e-05,2.239252e-05,4.507559e-05,0.09220797875303743,False,I_A,6.0,BS30_A1S1,Fig2,1.4,,,,,,7.275e-05,000072750,
D4.2__Fig 2__SQUID_data__IVB_BS30_A1S1_I_coil_+-0.3mA_fine_284mK_191103__IVB__T_1p40K[0.000073500],10000,-2.268327e-05,2.239175e-05,4.507502e-05,0.0960010787626302,False,I_A,6.0,BS30_A1S1,Fig2,1.4,,,,,,7.35e-05,000073500,
D4.2__Fig 2__SQUID_data__IVB_BS30_A1S1_I_coil_+-0.3mA_fine_284mK_191103__IVB__T_1p40K[0.000074250],10000,-2.268327e-05,2.239277e-05,4.507604e-05,0.09120957951699221,False,I_A,6.0,BS30_A1S1,Fig2,1.4,,,,,,7.425e-05,000074250,
D4.2__Fig 2__SQUID_data__IVB_BS30_A1S1_I_coil_+-0.3mA_fine_284mK_191103__IVB__T_1p40K[0.000075000],10000,-2.268388e-05,2.239236e-05,4.507624e-05,0.09084091488886041,False,I_A,6.0,BS30_A1S1,Fig2,1.4,,,,,,7.5e-05,000075000,
D4.2__Fig 2__SQUID_data__IVB_BS30_A1S1_I_coil_+-0.3mA_fine_284mK_191103__IVB__T_1p40K[0.000075750],10000,-2.268342e-05,2.239226e-05,4.507568e-05,0.09174230742557768,False,I_A,6.0,BS30_A1S1,Fig2,1.4,,,,,,7.575e-05,000075750,
D4.2__Fig 2__SQUID_data__IVB_BS30_A1S1_I_coil_+-0.3mA_fine_284mK_191103__IVB__T_1p40K[0.000076500],10000,-2.268444e-05,2.239201e-05,4.507645e-05,0.09430327072033842,False,I_A,6.0,BS30_A1S1,Fig2,1.4,,,,,,7.65e-05,000076500,
D4.2__Fig 2__SQUID_data__IVB_BS30_A1S1_I_coil_+-0.3mA_fine_284mK_191103__IVB__T_1p40K[0.000077250],10000,-2.268413e-05,2.239241e-05,4.507654e-05,0.09158347780628667,False,I_A,6.0,BS30_A1S1,Fig2,1.4,,,,,,7.725e-05,000077250,
D4.2__Fig 2__SQUID_data__IVB_BS30_A1S1_I_coil_+-0.3mA_fine_284mK_191103__IVB__T_1p40K[0.000078000],10000,-2.268408e-05,2.239241e-05,4.507649e-05,0.10170289475029942,False,I_A,6.0,BS30_A1S1,Fig2,1.4,,,,,,7.8e-05,000078000,
D4.2__Fig 2__SQUID_data__IVB_BS30_A1S1_I_coil_+-0.3mA_fine_284mK_191103__IVB__T_1p40K[0.000078750],10000,-2.268378e-05,2.239272e-05,4.50765e-05,0.08968104648353313,False,I_A,6.0,BS30_A1S1,Fig2,1.4,,,,,,7.875e-05,000078750,
D4.2__Fig 2__SQUID_data__IVB_BS30_A1S1_I_coil_+-0.3mA_fine_284mK_191103__IVB__T_1p40K[0.000079500],10000,-2.268408e-05,2.239302e-05,4.5077099999999996e-05,0.09465397694170669,False,I_A,6.0,BS30_A1S1,Fig2,1.4,,,,,,7.95e-05,000079500,
D4.2__Fig 2__SQUID_data__IVB_BS30_A1S1_I_coil_+-0.3mA_fine_284mK_191103__IVB__T_1p40K[0.000080250],10000,-2.268413e-05,2.239231e-05,4.5076440000000004e-05,0.09233985641452289,False,I_A,6.0,BS30_A1S1,Fig2,1.4,,,,,,8.025e-05,000080250,
D4.2__Fig 2__SQUID_data__IVB_BS30_A1S1_I_coil_+-0.3mA_fine_284mK_191103__IVB__T_1p40K[0.000081000],10000,-2.268276e-05,2.239262e-05,4.507538e-05,0.09154217112291,False,I_A,6.0,BS30_A1S1,Fig2,1.4,,,,,,8.1e-05,000081000,
D4.2__Fig 2__SQUID_data__IVB_BS30_A1S1_I_coil_+-0.3mA_fine_284mK_191103__IVB__T_1p40K[0.000081750],10000,-2.268418e-05,2.239287e-05,4.5077050000000006e-05,0.09214193757749134,False,I_A,6.0,BS30_A1S1,Fig2,1.4,,,,,,8.175e-05,000081750,
D4.2__Fig 2__SQUID_data__IVB_BS30_A1S1_I_coil_+-0.3mA_fine_284mK_191103__IVB__T_1p40K[0.000082500],10000,-2.268413e-05,2.239226e-05,4.507639e-05,0.09524702135314611,False,I_A,6.0,BS30_A1S1,Fig2,1.4,,,,,,8.25e-05,000082500,
D4.2__Fig 2__SQUID_data__IVB_BS30_A1S1_I_coil_+-0.3mA_fine_284mK_191103__IVB__T_1p40K[0.000083250],10000,-2.268434e-05,2.239226e-05,4.50766e-05,0.09349921944594333,False,I_A,6.0,BS30_A1S1,Fig2,1.4,,,,,,8.325e-05,000083250,
D4.2__Fig 2__SQUID_data__IVB_BS30_A1S1_I_coil_+-0.3mA_fine_284mK_191103__IVB__T_1p40K[0.000084000],10000,-2.268368e-05,2.239114e-05,4.507482e-05,0.09388920797022793,False,I_A,6.0,BS30_A1S1,Fig2,1.4,,,,,,8.4e-05,000084000,
D4.2__Fig 2__SQUID_data__IVB_BS30_A1S1_I_coil_+-0.3mA_fine_284mK_191103__IVB__T_1p40K[0.000084750],10000,-2.268434e-05,2.239226e-05,4.50766e-05,0.09447829034852824,False,I_A,6.0,BS30_A1S1,Fig2,1.4,,,,,,8.475e-05,000084750,
D4.2__Fig 2__SQUID_data__IVB_BS30_A1S1_I_coil_+-0.3mA_fine_284mK_191103__IVB__T_1p40K[0.000085500],10000,-2.268393e-05,2.239318e-05,4.5077109999999996e-05,0.09353001467068986,False,I_A,6.0,BS30_A1S1,Fig2,1.4,,,,,,8.55e-05,000085500,
D4.2__Fig 2__SQUID_data__IVB_BS30_A1S1_I_coil_+-0.3mA_fine_284mK_191103__IVB__T_1p40K[0.000086250],10000,-2.268408e-05,2.239211e-05,4.507619e-05,0.09079369391709069,False,I_A,6.0,BS30_A1S1,Fig2,1.4,,,,,,8.625e-05,000086250,
D4.2__Fig 2__SQUID_data__IVB_BS30_A1S1_I_coil_+-0.3mA_fine_284mK_191103__IVB__T_1p40K[0.000087000],10000,-2.268388e-05,2.239282e-05,4.50767e-05,0.09279050228395087,False,I_A,6.0,BS30_A1S1,Fig2,1.4,,,,,,8.7e-05,000087000,
D4.2__Fig 2__SQUID_data__IVB_BS30_A1S1_I_coil_+-0.3mA_fine_284mK_191103__IVB__T_1p40K[0.000087750],10000,-2.268424e-05,2.239236e-05,4.50766e-05,0.09469946934925505,False,I_A,6.0,BS30_A1S1,Fig2,1.4,,,,,,8.775e-05,000087750,
D4.2__Fig 2__SQUID_data__IVB_BS30_A1S1_I_coil_+-0.3mA_fine_284mK_191103__IVB__T_1p40K[0.000088500],10000,-2.268434e-05,2.239236e-05,4.5076699999999995e-05,0.09396659128840669,False,I_A,6.0,BS30_A1S1,Fig2,1.4,,,,,,8.85e-05,000088500,
D4.2__Fig 2__SQUID_data__IVB_BS30_A1S1_I_coil_+-0.3mA_fine_284mK_191103__IVB__T_1p40K[0.000089250],10000,-2.268383e-05,2.239226e-05,4.507609e-05,0.09064359582995858,False,I_A,6.0,BS30_A1S1,Fig2,1.4,,,,,,8.925e-05,000089250,
D4.2__Fig 2__SQUID_data__IVB_BS30_A1S1_I_coil_+-0.3mA_fine_284mK_191103__IVB__T_1p40K[0.000090000],10000,-2.268413e-05,2.239318e-05,4.507731e-05,0.09672862313606276,False,I_A,6.0,BS30_A1S1,Fig2,1.4,,,,,,9e-05,000090000,
D4.2__Fig 2__SQUID_data__IVB_BS30_A1S1_I_coil_+-0.3mA_fine_284mK_191103__IVB__T_1p40K[0.000090750],10000,-2.268383e-05,2.239318e-05,4.507701e-05,0.09125259125489187,False,I_A,6.0,BS30_A1S1,Fig2,1.4,,,,,,9.075e-05,000090750,
D4.2__Fig 2__SQUID_data__IVB_BS30_A1S1_I_coil_+-0.3mA_fine_284mK_191103__IVB__T_1p40K[0.000091500],10000,-2.268424e-05,2.239282e-05,4.5077060000000006e-05,0.09204685497207456,False,I_A,6.0,BS30_A1S1,Fig2,1.4,,,,,,9.15e-05,000091500,
D4.2__Fig 2__SQUID_data__IVB_BS30_A1S1_I_coil_+-0.3mA_fine_284mK_191103__IVB__T_1p40K[0.000092250],10000,-2.268317e-05,2.239287e-05,4.507604e-05,0.0939372273349717,False,I_A,6.0,BS30_A1S1,Fig2,1.4,,,,,,9.225e-05,000092250,
D4.2__Fig 2__SQUID_data__IVB_BS30_A1S1_I_coil_+-0.3mA_fine_284mK_191103__IVB__T_1p40K[0.000093000],10000,-2.268347e-05,2.239241e-05,4.507588e-05,0.09041316113061988,False,I_A,6.0,BS30_A1S1,Fig2,1.4,,,,,,9.3e-05,000093000,
D4.2__Fig 2__SQUID_data__IVB_BS30_A1S1_I_coil_+-0.3mA_fine_284mK_191103__IVB__T_1p40K[0.000093750],10000,-2.268378e-05,2.239236e-05,4.5076139999999996e-05,0.09347915681187523,False,I_A,6.0,BS30_A1S1,Fig2,1.4,,,,,,9.375e-05,000093750,
D4.2__Fig 2__SQUID_data__IVB_BS30_A1S1_I_coil_+-0.3mA_fine_284mK_191103__IVB__T_1p40K[0.000094500],10000,-2.268342e-05,2.239257e-05,4.507599e-05,0.09194304442472198,False,I_A,6.0,BS30_A1S1,Fig2,1.4,,,,,,9.45e-05,000094500,
D4.2__Fig 2__SQUID_data__IVB_BS30_A1S1_I_coil_+-0.3mA_fine_284mK_191103__IVB__T_1p40K[0.000095250],10000,-2.268403e-05,2.239282e-05,4.5076850000000005e-05,0.09114889410821612,False,I_A,6.0,BS30_A1S1,Fig2,1.4,,,,,,9.525e-05,000095250,
D4.2__Fig 2__SQUID_data__IVB_BS30_A1S1_I_coil_+-0.3mA_fine_284mK_191103__IVB__T_1p40K[0.000096000],10000,-2.268352e-05,2.239318e-05,4.5076699999999995e-05,0.09371749694942211,False,I_A,6.0,BS30_A1S1,Fig2,1.4,,,,,,9.6e-05,000096000,
D4.2__Fig 2__SQUID_data__IVB_BS30_A1S1_I_coil_+-0.3mA_fine_284mK_191103__IVB__T_1p40K[0.000096750],10000,-2.268373e-05,2.239231e-05,4.507604e-05,0.09243057539438293,False,I_A,6.0,BS30_A1S1,Fig2,1.4,,,,,,9.675e-05,000096750,
D4.2__Fig 2__SQUID_data__IVB_BS30_A1S1_I_coil_+-0.3mA_fine_284mK_191103__IVB__T_1p40K[0.000097500],10000,-2.268322e-05,2.239231e-05,4.507553e-05,0.09493649195684359,False,I_A,6.0,BS30_A1S1,Fig2,1.4,,,,,,9.75e-05,000097500,
D4.2__Fig 2__SQUID_data__IVB_BS30_A1S1_I_coil_+-0.3mA_fine_284mK_191103__IVB__T_1p40K[0.000098250],10000,-2.268393e-05,2.239226e-05,4.507619e-05,0.08880512930446596,False,I_A,6.0,BS30_A1S1,Fig2,1.4,,,,,,9.825e-05,000098250,
D4.2__Fig 2__SQUID_data__IVB_BS30_A1S1_I_coil_+-0.3mA_fine_284mK_191103__IVB__T_1p40K[0.000099000],10000,-2.268429e-05,2.239247e-05,4.507676e-05,0.09548349749526015,False,I_A,6.0,BS30_A1S1,Fig2,1.4,,,,,,9.9e-05,000099000,
D4.2__Fig 2__SQUID_data__IVB_BS30_A1S1_I_coil_+-0.3mA_fine_284mK_191103__IVB__T_1p40K[0.000099750],10000,-2.268479e-05,2.239272e-05,4.507751e-05,0.09074741849142089,False,I_A,6.0,BS30_A1S1,Fig2,1.4,,,,,,9.975e-05,000099750,
D4.2__Fig 2__SQUID_data__IVB_BS30_A1S1_I_coil_+-0.3mA_fine_284mK_191103__IVB__T_1p40K[0.000100500],10000,-2.268424e-05,2.239328e-05,4.507752e-05,0.08899686163107652,False,I_A,6.0,BS30_A1S1,Fig2,1.4,,,,,,0.0001005,000100500,
D4.2__Fig 2__SQUID_data__IVB_BS30_A1S1_I_coil_+-0.3mA_fine_284mK_191103__IVB__T_1p40K[0.000101250],10000,-2.268418e-05,2.239241e-05,4.507659e-05,0.09397842909861152,False,I_A,6.0,BS30_A1S1,Fig2,1.4,,,,,,0.00010125,000101250,
D4.2__Fig 2__SQUID_data__IVB_BS30_A1S1_I_coil_+-0.3mA_fine_284mK_191103__IVB__T_1p40K[0.000102000],10000,-2.268418e-05,2.239186e-05,4.507604e-05,0.09601586456747292,False,I_A,6.0,BS30_A1S1,Fig2,1.4,,,,,,0.000102,000102000,
D4.2__Fig 2__SQUID_data__IVB_BS30_A1S1_I_coil_+-0.3mA_fine_284mK_191103__IVB__T_1p40K[0.000102750],10000,-2.268363e-05,2.239252e-05,4.507615e-05,0.09178821500016558,False,I_A,6.0,BS30_A1S1,Fig2,1.4,,,,,,0.00010275,000102750,
D4.2__Fig 2__SQUID_data__IVB_BS30_A1S1_I_coil_+-0.3mA_fine_284mK_191103__IVB__T_1p40K[0.000103500],10000,-2.268347e-05,2.239236e-05,4.507583e-05,0.08945645809163137,False,I_A,6.0,BS30_A1S1,Fig2,1.4,,,,,,0.0001035,000103500,
D4.2__Fig 2__SQUID_data__IVB_BS30_A1S1_I_coil_+-0.3mA_fine_284mK_191103__IVB__T_1p40K[0.000104250],10000,-2.268418e-05,2.239241e-05,4.507659e-05,0.09029150113832275,False,I_A,6.0,BS30_A1S1,Fig2,1.4,,,,,,0.00010425,000104250,
D4.2__Fig 2__SQUID_data__IVB_BS30_A1S1_I_coil_+-0.3mA_fine_284mK_191103__IVB__T_1p40K[0.000105000],10000,-2.268327e-05,2.239379e-05,4.5077060000000006e-05,0.09126819526845374,False,I_A,6.0,BS30_A1S1,Fig2,1.4,,,,,,0.000105,000105000,
D4.2__Fig 2__SQUID_data__IVB_BS30_A1S1_I_coil_+-0.3mA_fine_284mK_191103__IVB__T_1p40K[0.000105750],10000,-2.268281e-05,2.239272e-05,4.507553e-05,0.09146078958208619,False,I_A,6.0,BS30_A1S1,Fig2,1.4,,,,,,0.00010575,000105750,
D4.2__Fig 2__SQUID_data__IVB_BS30_A1S1_I_coil_+-0.3mA_fine_284mK_191103__IVB__T_1p40K[0.000106500],10000,-2.268393e-05,2.239302e-05,4.507695e-05,0.09012512670079216,False,I_A,6.0,BS30_A1S1,Fig2,1.4,,,,,,0.0001065,000106500,
D4.2__Fig 2__SQUID_data__IVB_BS30_A1S1_I_coil_+-0.3mA_fine_284mK_191103__IVB__T_1p40K[0.000107250],10000,-2.268373e-05,2.239252e-05,4.5076250000000004e-05,0.09160030882908783,False,I_A,6.0,BS30_A1S1,Fig2,1.4,,,,,,0.00010725,000107250,
D4.2__Fig 2__SQUID_data__IVB_BS30_A1S1_I_coil_+-0.3mA_fine_284mK_191103__IVB__T_1p40K[0.000108000],10000,-2.268383e-05,2.239348e-05,4.507731e-05,0.09155218535641924,False,I_A,6.0,BS30_A1S1,Fig2,1.4,,,,,,0.000108,000108000,
D4.2__Fig 2__SQUID_data__IVB_BS30_A1S1_I_coil_+-0.3mA_fine_284mK_191103__IVB__T_1p40K[0.000108750],10000,-2.268383e-05,2.239292e-05,4.507675e-05,0.08932146033142976,False,I_A,6.0,BS30_A1S1,Fig2,1.4,,,,,,0.00010875,000108750,
D4.2__Fig 2__SQUID_data__IVB_BS30_A1S1_I_coil_+-0.3mA_fine_284mK_191103__IVB__T_1p40K[0.000109500],10000,-2.268464e-05,2.239287e-05,4.507751e-05,0.09425719949591334,False,I_A,6.0,BS30_A1S1,Fig2,1.4,,,,,,0.0001095,000109500,
D4.2__Fig 2__SQUID_data__IVB_BS30_A1S1_I_coil_+-0.3mA_fine_284mK_191103__IVB__T_1p40K[0.000110250],10000,-2.268439e-05,2.239226e-05,4.507665e-05,0.0895902572795286,False,I_A,6.0,BS30_A1S1,Fig2,1.4,,,,,,0.00011025,000110250,
D4.2__Fig 2__SQUID_data__IVB_BS30_A1S1_I_coil_+-0.3mA_fine_284mK_191103__IVB__T_1p40K[0.000111000],10000,-2.26853e-05,2.239257e-05,4.507787e-05,0.08976809473896037,False,I_A,6.0,BS30_A1S1,Fig2,1.4,,,,,,0.000111,000111000,
D4.2__Fig 2__SQUID_data__IVB_BS30_A1S1_I_coil_+-0.3mA_fine_284mK_191103__IVB__T_1p40K[0.000111750],10000,-2.268373e-05,2.239272e-05,4.5076450000000004e-05,0.09039633649773551,False,I_A,6.0,BS30_A1S1,Fig2,1.4,,,,,,0.00011175,000111750,
D4.2__Fig 2__SQUID_data__IVB_BS30_A1S1_I_coil_+-0.3mA_fine_284mK_191103__IVB__T_1p40K[0.000112500],10000,-2.268317e-05,2.239297e-05,4.5076139999999996e-05,0.0906739050965307,False,I_A,6.0,BS30_A1S1,Fig2,1.4,,,,,,0.0001125,000112500,
D4.2__Fig 2__SQUID_data__IVB_BS30_A1S1_I_coil_+-0.3mA_fine_284mK_191103__IVB__T_1p40K[0.000113250],10000,-2.268352e-05,2.239241e-05,4.5075929999999995e-05,0.09117355710812923,False,I_A,6.0,BS30_A1S1,Fig2,1.4,,,,,,0.00011325,000113250,
D4.2__Fig 2__SQUID_data__IVB_BS30_A1S1_I_coil_+-0.3mA_fine_284mK_191103__IVB__T_1p40K[0.000114000],10000,-2.268378e-05,2.239247e-05,4.5076250000000004e-05,0.09147621676602845,False,I_A,6.0,BS30_A1S1,Fig2,1.4,,,,,,0.000114,000114000,
D4.2__Fig 2__SQUID_data__IVB_BS30_A1S1_I_coil_+-0.3mA_fine_284mK_191103__IVB__T_1p40K[0.000114750],10000,-2.268271e-05,2.239338e-05,4.507609e-05,0.0943751300063553,False,I_A,6.0,BS30_A1S1,Fig2,1.4,,,,,,0.00011475,000114750,
D4.2__Fig 2__SQUID_data__IVB_BS30_A1S1_I_coil_+-0.3mA_fine_284mK_191103__IVB__T_1p40K[0.000115500],10000,-2.268378e-05,2.239333e-05,4.5077109999999996e-05,0.09511935040541422,False,I_A,6.0,BS30_A1S1,Fig2,1.4,,,,,,0.0001155,000115500,
D4.2__Fig 2__SQUID_data__IVB_BS30_A1S1_I_coil_+-0.3mA_fine_284mK_191103__IVB__T_1p40K[0.000116250],10000,-2.268403e-05,2.239211e-05,4.5076139999999996e-05,0.09384261725563554,False,I_A,6.0,BS30_A1S1,Fig2,1.4,,,,,,0.00011625,000116250,
D4.2__Fig 2__SQUID_data__IVB_BS30_A1S1_I_coil_+-0.3mA_fine_284mK_191103__IVB__T_1p40K[0.000117000],10000,-2.268515e-05,2.239318e-05,4.507833e-05,0.09406468850459136,False,I_A,6.0,BS30_A1S1,Fig2,1.4,,,,,,0.000117,000117000,
D4.2__Fig 2__SQUID_data__IVB_BS30_A1S1_I_coil_+-0.3mA_fine_284mK_191103__IVB__T_1p40K[0.000117750],10000,-2.268291e-05,2.239262e-05,4.507553e-05,0.09463507595847859,False,I_A,6.0,BS30_A1S1,Fig2,1.4,,,,,,0.00011775,000117750,
D4.2__Fig 2__SQUID_data__IVB_BS30_A1S1_I_coil_+-0.3mA_fine_284mK_191103__IVB__T_1p40K[0.000118500],10000,-2.268357e-05,2.239226e-05,4.507583e-05,0.09149392099165671,False,I_A,6.0,BS30_A1S1,Fig2,1.4,,,,,,0.0001185,000118500,
D4.2__Fig 2__SQUID_data__IVB_BS30_A1S1_I_coil_+-0.3mA_fine_284mK_191103__IVB__T_1p40K[0.000119250],10000,-2.268469e-05,2.239226e-05,4.507695e-05,0.09363401418296619,False,I_A,6.0,BS30_A1S1,Fig2,1.4,,,,,,0.00011925,000119250,
D4.2__Fig 2__SQUID_data__IVB_BS30_A1S1_I_coil_+-0.3mA_fine_284mK_191103__IVB__T_1p40K[0.000120000],10000,-2.268337e-05,2.239221e-05,4.507558e-05,0.09483141568147288,False,I_A,6.0,BS30_A1S1,Fig2,1.4,,,,,,0.00012,000120000,
D4.2__Fig 2__SQUID_data__IVB_BS30_A1S1_I_coil_+-0.3mA_fine_284mK_191103__IVB__T_1p40K[0.000120750],10000,-2.268383e-05,2.239313e-05,4.507696e-05,0.09461894792808273,False,I_A,6.0,BS30_A1S1,Fig2,1.4,,,,,,0.00012075,000120750,
D4.2__Fig 2__SQUID_data__IVB_BS30_A1S1_I_coil_+-0.3mA_fine_284mK_191103__IVB__T_1p40K[0.000121500],10000,-2.268342e-05,2.239196e-05,4.507538e-05,0.09501691673049169,False,I_A,6.0,BS30_A1S1,Fig2,1.4,,,,,,0.0001215,000121500,
D4.2__Fig 2__SQUID_data__IVB_BS30_A1S1_I_coil_+-0.3mA_fine_284mK_191103__IVB__T_1p40K[0.000122250],10000,-2.268368e-05,2.23916e-05,4.5075280000000004e-05,0.09482294702749805,False,I_A,6.0,BS30_A1S1,Fig2,1.4,,,,,,0.00012225,000122250,
D4.2__Fig 2__SQUID_data__IVB_BS30_A1S1_I_coil_+-0.3mA_fine_284mK_191103__IVB__T_1p40K[0.000123000],10000,-2.268342e-05,2.239165e-05,4.507507e-05,0.09566600087360928,False,I_A,6.0,BS30_A1S1,Fig2,1.4,,,,,,0.000123,000123000,
D4.2__Fig 2__SQUID_data__IVB_BS30_A1S1_I_coil_+-0.3mA_fine_284mK_191103__IVB__T_1p40K[0.000123750],10000,-2.268337e-05,2.239191e-05,4.5075280000000004e-05,0.09333791553013462,False,I_A,6.0,BS30_A1S1,Fig2,1.4,,,,,,0.00012375,000123750,
D4.2__Fig 2__SQUID_data__IVB_BS30_A1S1_I_coil_+-0.3mA_fine_284mK_191103__IVB__T_1p40K[0.000124500],10000,-2.268388e-05,2.23916e-05,4.5075480000000004e-05,0.0895461209131771,False,I_A,6.0,BS30_A1S1,Fig2,1.4,,,,,,0.0001245,000124500,
D4.2__Fig 2__SQUID_data__IVB_BS30_A1S1_I_coil_+-0.3mA_fine_284mK_191103__IVB__T_1p40K[0.000125250],10000,-2.268393e-05,2.23918e-05,4.507573e-05,0.09304823415614187,False,I_A,6.0,BS30_A1S1,Fig2,1.4,,,,,,0.00012525,000125250,
D4.2__Fig 2__SQUID_data__IVB_BS30_A1S1_I_coil_+-0.3mA_fine_284mK_191103__IVB__T_1p40K[0.000126000],10000,-2.268586e-05,2.239282e-05,4.507868e-05,0.09934310822796823,False,I_A,6.0,BS30_A1S1,Fig2,1.4,,,,,,0.000126,000126000,
D4.2__Fig 2__SQUID_data__IVB_BS30_A1S1_I_coil_+-0.3mA_fine_284mK_191103__IVB__T_1p40K[0.000126750],10000,-2.268479e-05,2.239241e-05,4.50772e-05,0.09626049867790575,False,I_A,6.0,BS30_A1S1,Fig2,1.4,,,,,,0.00012675,000126750,
D4.2__Fig 2__SQUID_data__IVB_BS30_A1S1_I_coil_+-0.3mA_fine_284mK_191103__IVB__T_1p40K[0.000127500],10000,-2.268474e-05,2.239191e-05,4.507665e-05,0.09143817114319405,False,I_A,6.0,BS30_A1S1,Fig2,1.4,,,,,,0.0001275,000127500,
D4.2__Fig 2__SQUID_data__IVB_BS30_A1S1_I_coil_+-0.3mA_fine_284mK_191103__IVB__T_1p40K[0.000128250],10000,-2.268424e-05,2.239211e-05,4.507635e-05,0.09490130601628319,False,I_A,6.0,BS30_A1S1,Fig2,1.4,,,,,,0.00012825,000128250,
D4.2__Fig 2__SQUID_data__IVB_BS30_A1S1_I_coil_+-0.3mA_fine_284mK_191103__IVB__T_1p40K[0.000129000],10000,-2.268474e-05,2.239191e-05,4.507665e-05,0.0908636565659534,False,I_A,6.0,BS30_A1S1,Fig2,1.4,,,,,,0.000129,000129000,
D4.2__Fig 2__SQUID_data__IVB_BS30_A1S1_I_coil_+-0.3mA_fine_284mK_191103__IVB__T_1p40K[0.000129750],10000,-2.26849e-05,2.239155e-05,4.5076450000000004e-05,0.0908107065095427,False,I_A,6.0,BS30_A1S1,Fig2,1.4,,,,,,0.00012975,000129750,
D4.2__Fig 2__SQUID_data__IVB_BS30_A1S1_I_coil_+-0.3mA_fine_284mK_191103__IVB__T_1p40K[0.000130500],10000,-2.26853e-05,2.239104e-05,4.507634e-05,0.09633611873870182,False,I_A,6.0,BS30_A1S1,Fig2,1.4,,,,,,0.0001305,000130500,
D4.2__Fig 2__SQUID_data__IVB_BS30_A1S1_I_coil_+-0.3mA_fine_284mK_191103__IVB__T_1p40K[0.000131250],10000,-2.268541e-05,2.239104e-05,4.507645e-05,0.099950585719726,False,I_A,6.0,BS30_A1S1,Fig2,1.4,,,,,,0.00013125,000131250,
D4.2__Fig 2__SQUID_data__IVB_BS30_A1S1_I_coil_+-0.3mA_fine_284mK_191103__IVB__T_1p40K[0.000132000],10000,-2.268469e-05,2.239013e-05,4.507482e-05,0.09585592177610218,False,I_A,6.0,BS30_A1S1,Fig2,1.4,,,,,,0.000132,000132000,
D4.2__Fig 2__SQUID_data__IVB_BS30_A1S1_I_coil_+-0.3mA_fine_284mK_191103__IVB__T_1p40K[0.000132750],10000,-2.268546e-05,2.23918e-05,4.507726e-05,0.09619569678020341,False,I_A,6.0,BS30_A1S1,Fig2,1.4,,,,,,0.00013275,000132750,
D4.2__Fig 2__SQUID_data__IVB_BS30_A1S1_I_coil_+-0.3mA_fine_284mK_191103__IVB__T_1p40K[0.000133500],10000,-2.268429e-05,2.239196e-05,4.5076250000000004e-05,0.093546391451823,False,I_A,6.0,BS30_A1S1,Fig2,1.4,,,,,,0.0001335,000133500,
D4.2__Fig 2__SQUID_data__IVB_BS30_A1S1_I_coil_+-0.3mA_fine_284mK_191103__IVB__T_1p40K[0.000134250],10000,-2.268546e-05,2.239267e-05,4.507813e-05,0.09454209425626672,False,I_A,6.0,BS30_A1S1,Fig2,1.4,,,,,,0.00013425,000134250,
D4.2__Fig 2__SQUID_data__IVB_BS30_A1S1_I_coil_+-0.3mA_fine_284mK_191103__IVB__T_1p40K[0.000135000],10000,-2.268535e-05,2.239175e-05,4.50771e-05,0.09327849671324788,False,I_A,6.0,BS30_A1S1,Fig2,1.4,,,,,,0.000135,000135000,
D4.2__Fig 2__SQUID_data__IVB_BS30_A1S1_I_coil_+-0.3mA_fine_284mK_191103__IVB__T_1p40K[0.000135750],10000,-2.26852e-05,2.239119e-05,4.507639e-05,0.09349375770136385,False,I_A,6.0,BS30_A1S1,Fig2,1.4,,,,,,0.00013575,000135750,
D4.2__Fig 2__SQUID_data__IVB_BS30_A1S1_I_coil_+-0.3mA_fine_284mK_191103__IVB__T_1p40K[0.000136500],10000,-2.268535e-05,2.239165e-05,4.5077e-05,0.0900853533437119,False,I_A,6.0,BS30_A1S1,Fig2,1.4,,,,,,0.0001365,000136500,
D4.2__Fig 2__SQUID_data__IVB_BS30_A1S1_I_coil_+-0.3mA_fine_284mK_191103__IVB__T_1p40K[0.000137250],10000,-2.268535e-05,2.239124e-05,4.507659e-05,0.09403213521804545,False,I_A,6.0,BS30_A1S1,Fig2,1.4,,,,,,0.00013725,000137250,
D4.2__Fig 2__SQUID_data__IVB_BS30_A1S1_I_coil_+-0.3mA_fine_284mK_191103__IVB__T_1p40K[0.000138000],10000,-2.268541e-05,2.23913e-05,4.5076709999999996e-05,0.09170596681350283,False,I_A,6.0,BS30_A1S1,Fig2,1.4,,,,,,0.000138,000138000,
D4.2__Fig 2__SQUID_data__IVB_BS30_A1S1_I_coil_+-0.3mA_fine_284mK_191103__IVB__T_1p40K[0.000138750],10000,-2.2685e-05,2.239063e-05,4.507563e-05,0.0912171822140728,False,I_A,6.0,BS30_A1S1,Fig2,1.4,,,,,,0.00013875,000138750,
D4.2__Fig 2__SQUID_data__IVB_BS30_A1S1_I_coil_+-0.3mA_fine_284mK_191103__IVB__T_1p40K[0.000139500],10000,-2.268439e-05,2.239109e-05,4.507548e-05,0.09109176824020808,False,I_A,6.0,BS30_A1S1,Fig2,1.4,,,,,,0.0001395,000139500,
D4.2__Fig 2__SQUID_data__IVB_BS30_A1S1_I_coil_+-0.3mA_fine_284mK_191103__IVB__T_1p40K[0.000140250],10000,-2.268535e-05,2.239201e-05,4.507736e-05,0.0924691285373261,False,I_A,6.0,BS30_A1S1,Fig2,1.4,,,,,,0.00014025,000140250,
D4.2__Fig 2__SQUID_data__IVB_BS30_A1S1_I_coil_+-0.3mA_fine_284mK_191103__IVB__T_1p40K[0.000141000],10000,-2.268449e-05,2.239165e-05,4.5076139999999996e-05,0.09185285228689763,False,I_A,6.0,BS30_A1S1,Fig2,1.4,,,,,,0.000141,000141000,
D4.2__Fig 2__SQUID_data__IVB_BS30_A1S1_I_coil_+-0.3mA_fine_284mK_191103__IVB__T_1p40K[0.000141750],10000,-2.268469e-05,2.239155e-05,4.507624e-05,0.09383213202553257,False,I_A,6.0,BS30_A1S1,Fig2,1.4,,,,,,0.00014175,000141750,
D4.2__Fig 2__SQUID_data__IVB_BS30_A1S1_I_coil_+-0.3mA_fine_284mK_191103__IVB__T_1p40K[0.000142500],10000,-2.268464e-05,2.239058e-05,4.507522e-05,0.09619705658128215,False,I_A,6.0,BS30_A1S1,Fig2,1.4,,,,,,0.0001425,000142500,
D4.2__Fig 2__SQUID_data__IVB_BS30_A1S1_I_coil_+-0.3mA_fine_284mK_191103__IVB__T_1p40K[0.000143250],10000,-2.268525e-05,2.239109e-05,4.507634e-05,0.09492566331157176,False,I_A,6.0,BS30_A1S1,Fig2,1.4,,,,,,0.00014325,000143250,
D4.2__Fig 2__SQUID_data__IVB_BS30_A1S1_I_coil_+-0.3mA_fine_284mK_191103__IVB__T_1p40K[0.000144000],10000,-2.268449e-05,2.239119e-05,4.507568e-05,0.0925534746996344,False,I_A,6.0,BS30_A1S1,Fig2,1.4,,,,,,0.000144,000144000,
D4.2__Fig 2__SQUID_data__IVB_BS30_A1S1_I_coil_+-0.3mA_fine_284mK_191103__IVB__T_1p40K[0.000144750],10000,-2.268408e-05,2.239079e-05,4.507487e-05,0.095673838222061,False,I_A,6.0,BS30_A1S1,Fig2,1.4,,,,,,0.00014475,000144750,
D4.2__Fig 2__SQUID_data__IVB_BS30_A1S1_I_coil_+-0.3mA_fine_284mK_191103__IVB__T_1p40K[0.000145500],10000,-2.26852e-05,2.239104e-05,4.507624e-05,0.09075749038317658,False,I_A,6.0,BS30_A1S1,Fig2,1.4,,,,,,0.0001455,000145500,
D4.2__Fig 2__SQUID_data__IVB_BS30_A1S1_I_coil_+-0.3mA_fine_284mK_191103__IVB__T_1p40K[0.000146250],10000,-2.26851e-05,2.239074e-05,4.507584e-05,0.09323694073906624,False,I_A,6.0,BS30_A1S1,Fig2,1.4,,,,,,0.00014625,000146250,
D4.2__Fig 2__SQUID_data__IVB_BS30_A1S1_I_coil_+-0.3mA_fine_284mK_191103__IVB__T_1p40K[0.000147000],10000,-2.268525e-05,2.239124e-05,4.507649e-05,0.0917716793271384,False,I_A,6.0,BS30_A1S1,Fig2,1.4,,,,,,0.000147,000147000,
D4.2__Fig 2__SQUID_data__IVB_BS30_A1S1_I_coil_+-0.3mA_fine_284mK_191103__IVB__T_1p40K[0.000147750],10000,-2.268479e-05,2.239074e-05,4.5075529999999994e-05,0.09497826731530688,False,I_A,6.0,BS30_A1S1,Fig2,1.4,,,,,,0.00014775,000147750,
D4.2__Fig 2__SQUID_data__IVB_BS30_A1S1_I_coil_+-0.3mA_fine_284mK_191103__IVB__T_1p40K[0.000148500],10000,-2.268495e-05,2.239216e-05,4.5077109999999996e-05,0.09342086466951022,False,I_A,6.0,BS30_A1S1,Fig2,1.4,,,,,,0.0001485,000148500,
D4.2__Fig 2__SQUID_data__IVB_BS30_A1S1_I_coil_+-0.3mA_fine_284mK_191103__IVB__T_1p40K[0.000149250],10000,-2.268459e-05,2.239099e-05,4.507558e-05,0.09532545393182211,False,I_A,6.0,BS30_A1S1,Fig2,1.4,,,,,,0.00014925,000149250,
D4.2__Fig 2__SQUID_data__IVB_BS30_A1S1_I_coil_+-0.3mA_fine_284mK_191103__IVB__T_1p40K[0.000150000],10000,-2.268479e-05,2.239109e-05,4.507588e-05,0.0911911713282207,False,I_A,6.0,BS30_A1S1,Fig2,1.4,,,,,,0.00015,000150000,
D4.2__Fig 2__SQUID_data__IVB_BS30_A1S1_I_coil_+-0.3mA_fine_284mK_191103__IVB__T_1p40K[0.000150750],10000,-2.26849e-05,2.239084e-05,4.5075739999999995e-05,0.09368468967982421,False,I_A,6.0,BS30_A1S1,Fig2,1.4,,,,,,0.00015075,000150750,
D4.2__Fig 2__SQUID_data__IVB_BS30_A1S1_I_coil_+-0.3mA_fine_284mK_191103__IVB__T_1p40K[0.000151500],10000,-2.268439e-05,2.239099e-05,4.507538e-05,0.08977235151506856,False,I_A,6.0,BS30_A1S1,Fig2,1.4,,,,,,0.0001515,000151500,
D4.2__Fig 2__SQUID_data__IVB_BS30_A1S1_I_coil_+-0.3mA_fine_284mK_191103__IVB__T_1p40K[0.000152250],10000,-2.268424e-05,2.239114e-05,4.507538e-05,0.09030471109928136,False,I_A,6.0,BS30_A1S1,Fig2,1.4,,,,,,0.00015225,000152250,
D4.2__Fig 2__SQUID_data__IVB_BS30_A1S1_I_coil_+-0.3mA_fine_284mK_191103__IVB__T_1p40K[0.000153000],10000,-2.268434e-05,2.239053e-05,4.507487e-05,0.0900310053487521,False,I_A,6.0,BS30_A1S1,Fig2,1.4,,,,,,0.000153,000153000,
D4.2__Fig 2__SQUID_data__IVB_BS30_A1S1_I_coil_+-0.3mA_fine_284mK_191103__IVB__T_1p40K[0.000153750],10000,-2.268485e-05,2.239038e-05,4.507523e-05,0.09163317227667216,False,I_A,6.0,BS30_A1S1,Fig2,1.4,,,,,,0.00015375,000153750,
D4.2__Fig 2__SQUID_data__IVB_BS30_A1S1_I_coil_+-0.3mA_fine_284mK_191103__IVB__T_1p40K[0.000154500],10000,-2.268505e-05,2.239104e-05,4.507609e-05,0.0939937949660147,False,I_A,6.0,BS30_A1S1,Fig2,1.4,,,,,,0.0001545,000154500,
D4.2__Fig 2__SQUID_data__IVB_BS30_A1S1_I_coil_+-0.3mA_fine_284mK_191103__IVB__T_1p40K[0.000155250],10000,-2.268591e-05,2.239007e-05,4.507598e-05,0.09202146747479474,False,I_A,6.0,BS30_A1S1,Fig2,1.4,,,,,,0.00015525,000155250,
D4.2__Fig 2__SQUID_data__IVB_BS30_A1S1_I_coil_+-0.3mA_fine_284mK_191103__IVB__T_1p40K[0.000156000],10000,-2.268576e-05,2.239084e-05,4.50766e-05,0.09332351822545511,False,I_A,6.0,BS30_A1S1,Fig2,1.4,,,,,,0.000156,000156000,
D4.2__Fig 2__SQUID_data__IVB_BS30_A1S1_I_coil_+-0.3mA_fine_284mK_191103__IVB__T_1p40K[0.000156750],10000,-2.268474e-05,2.239109e-05,4.507583e-05,0.09434163951399027,False,I_A,6.0,BS30_A1S1,Fig2,1.4,,,,,,0.00015675,000156750,
D4.2__Fig 2__SQUID_data__IVB_BS30_A1S1_I_coil_+-0.3mA_fine_284mK_191103__IVB__T_1p40K[0.000157500],10000,-2.268474e-05,2.23913e-05,4.507604e-05,0.09205267132400455,False,I_A,6.0,BS30_A1S1,Fig2,1.4,,,,,,0.0001575,000157500,
D4.2__Fig 2__SQUID_data__IVB_BS30_A1S1_I_coil_+-0.3mA_fine_284mK_191103__IVB__T_1p40K[0.000158250],10000,-2.268485e-05,2.239053e-05,4.507538e-05,0.0908020840802709,False,I_A,6.0,BS30_A1S1,Fig2,1.4,,,,,,0.00015825,000158250,
D4.2__Fig 2__SQUID_data__IVB_BS30_A1S1_I_coil_+-0.3mA_fine_284mK_191103__IVB__T_1p40K[0.000159000],10000,-2.268454e-05,2.239069e-05,4.507523e-05,0.08995880058315131,False,I_A,6.0,BS30_A1S1,Fig2,1.4,,,,,,0.000159,000159000,
D4.2__Fig 2__SQUID_data__IVB_BS30_A1S1_I_coil_+-0.3mA_fine_284mK_191103__IVB__T_1p40K[0.000159750],10000,-2.268479e-05,2.239002e-05,4.507481e-05,0.09457742226046058,False,I_A,6.0,BS30_A1S1,Fig2,1.4,,,,,,0.00015975,000159750,
D4.2__Fig 2__SQUID_data__IVB_BS30_A1S1_I_coil_+-0.3mA_fine_284mK_191103__IVB__T_1p40K[0.000160500],10000,-2.268479e-05,2.239074e-05,4.5075529999999994e-05,0.09826317965150676,False,I_A,6.0,BS30_A1S1,Fig2,1.4,,,,,,0.0001605,000160500,
D4.2__Fig 2__SQUID_data__IVB_BS30_A1S1_I_coil_+-0.3mA_fine_284mK_191103__IVB__T_1p40K[0.000161250],10000,-2.268479e-05,2.239053e-05,4.507532e-05,0.09041668666427147,False,I_A,6.0,BS30_A1S1,Fig2,1.4,,,,,,0.00016125,000161250,
D4.2__Fig 2__SQUID_data__IVB_BS30_A1S1_I_coil_+-0.3mA_fine_284mK_191103__IVB__T_1p40K[0.000162000],10000,-2.268495e-05,2.239023e-05,4.507518e-05,0.09254502090778918,False,I_A,6.0,BS30_A1S1,Fig2,1.4,,,,,,0.000162,000162000,
D4.2__Fig 2__SQUID_data__IVB_BS30_A1S1_I_coil_+-0.3mA_fine_284mK_191103__IVB__T_1p40K[0.000162750],10000,-2.268474e-05,2.239048e-05,4.507522e-05,0.09621714524572761,False,I_A,6.0,BS30_A1S1,Fig2,1.4,,,,,,0.00016275,000162750,
D4.2__Fig 2__SQUID_data__IVB_BS30_A1S1_I_coil_+-0.3mA_fine_284mK_191103__IVB__T_1p40K[0.000163500],10000,-2.26849e-05,2.239053e-05,4.507543e-05,0.09274291575945855,False,I_A,6.0,BS30_A1S1,Fig2,1.4,,,,,,0.0001635,000163500,
D4.2__Fig 2__SQUID_data__IVB_BS30_A1S1_I_coil_+-0.3mA_fine_284mK_191103__IVB__T_1p40K[0.000164250],10000,-2.268373e-05,2.239018e-05,4.507391e-05,0.09374170492295475,False,I_A,6.0,BS30_A1S1,Fig2,1.4,,,,,,0.00016425,000164250,
D4.2__Fig 2__SQUID_data__IVB_BS30_A1S1_I_coil_+-0.3mA_fine_284mK_191103__IVB__T_1p40K[0.000165000],10000,-2.268449e-05,2.239007e-05,4.5074559999999994e-05,0.09494071136102776,False,I_A,6.0,BS30_A1S1,Fig2,1.4,,,,,,0.000165,000165000,
D4.2__Fig 2__SQUID_data__IVB_BS30_A1S1_I_coil_+-0.3mA_fine_284mK_191103__IVB__T_1p40K[0.000165750],10000,-2.268403e-05,2.239063e-05,4.507466e-05,0.09162111404055479,False,I_A,6.0,BS30_A1S1,Fig2,1.4,,,,,,0.00016575,000165750,
D4.2__Fig 2__SQUID_data__IVB_BS30_A1S1_I_coil_+-0.3mA_fine_284mK_191103__IVB__T_1p40K[0.000166500],10000,-2.268485e-05,2.239043e-05,4.5075280000000004e-05,0.09779025466489637,False,I_A,6.0,BS30_A1S1,Fig2,1.4,,,,,,0.0001665,000166500,
D4.2__Fig 2__SQUID_data__IVB_BS30_A1S1_I_coil_+-0.3mA_fine_284mK_191103__IVB__T_1p40K[0.000167250],10000,-2.268515e-05,2.239018e-05,4.507533e-05,0.09352436528042034,False,I_A,6.0,BS30_A1S1,Fig2,1.4,,,,,,0.00016725,000167250,
D4.2__Fig 2__SQUID_data__IVB_BS30_A1S1_I_coil_+-0.3mA_fine_284mK_191103__IVB__T_1p40K[0.000168000],10000,-2.268535e-05,2.239048e-05,4.507583e-05,0.0931482515036977,False,I_A,6.0,BS30_A1S1,Fig2,1.4,,,,,,0.000168,000168000,
D4.2__Fig 2__SQUID_data__IVB_BS30_A1S1_I_coil_+-0.3mA_fine_284mK_191103__IVB__T_1p40K[0.000168750],10000,-2.268429e-05,2.239058e-05,4.507487e-05,0.09024323905636251,False,I_A,6.0,BS30_A1S1,Fig2,1.4,,,,,,0.00016875,000168750,
D4.2__Fig 2__SQUID_data__IVB_BS30_A1S1_I_coil_+-0.3mA_fine_284mK_191103__IVB__T_1p40K[0.000169500],10000,-2.268479e-05,2.238997e-05,4.5074759999999995e-05,0.09026310654281933,False,I_A,6.0,BS30_A1S1,Fig2,1.4,,,,,,0.0001695,000169500,
D4.2__Fig 2__SQUID_data__IVB_BS30_A1S1_I_coil_+-0.3mA_fine_284mK_191103__IVB__T_1p40K[0.000170250],10000,-2.268474e-05,2.238992e-05,4.507466e-05,0.09719364588509209,False,I_A,6.0,BS30_A1S1,Fig2,1.4,,,,,,0.00017025,000170250,
D4.2__Fig 2__SQUID_data__IVB_BS30_A1S1_I_coil_+-0.3mA_fine_284mK_191103__IVB__T_1p40K[0.000171000],10000,-2.268459e-05,2.239069e-05,4.5075280000000004e-05,0.08945591717899064,False,I_A,6.0,BS30_A1S1,Fig2,1.4,,,,,,0.000171,000171000,
D4.2__Fig 2__SQUID_data__IVB_BS30_A1S1_I_coil_+-0.3mA_fine_284mK_191103__IVB__T_1p40K[0.000171750],10000,-2.268541e-05,2.239094e-05,4.507635e-05,0.08946190046452711,False,I_A,6.0,BS30_A1S1,Fig2,1.4,,,,,,0.00017175,000171750,
D4.2__Fig 2__SQUID_data__IVB_BS30_A1S1_I_coil_+-0.3mA_fine_284mK_191103__IVB__T_1p40K[0.000172500],10000,-2.26849e-05,2.239043e-05,4.507533e-05,0.08997487429704404,False,I_A,6.0,BS30_A1S1,Fig2,1.4,,,,,,0.0001725,000172500,
D4.2__Fig 2__SQUID_data__IVB_BS30_A1S1_I_coil_+-0.3mA_fine_284mK_191103__IVB__T_1p40K[0.000173250],10000,-2.268429e-05,2.238941e-05,4.50737e-05,0.08980243501741023,False,I_A,6.0,BS30_A1S1,Fig2,1.4,,,,,,0.00017325,000173250,
D4.2__Fig 2__SQUID_data__IVB_BS30_A1S1_I_coil_+-0.3mA_fine_284mK_191103__IVB__T_1p40K[0.000174000],10000,-2.268479e-05,2.239109e-05,4.507588e-05,0.09410286159209813,False,I_A,6.0,BS30_A1S1,Fig2,1.4,,,,,,0.000174,000174000,
D4.2__Fig 2__SQUID_data__IVB_BS30_A1S1_I_coil_+-0.3mA_fine_284mK_191103__IVB__T_1p40K[0.000174750],10000,-2.268474e-05,2.239013e-05,4.507487e-05,0.09652354587157384,False,I_A,6.0,BS30_A1S1,Fig2,1.4,,,,,,0.00017475,000174750,
D4.2__Fig 2__SQUID_data__IVB_BS30_A1S1_I_coil_+-0.3mA_fine_284mK_191103__IVB__T_1p40K[0.000175500],10000,-2.268378e-05,2.239084e-05,4.507462e-05,0.09559470170512599,False,I_A,6.0,BS30_A1S1,Fig2,1.4,,,,,,0.0001755,000175500,
D4.2__Fig 2__SQUID_data__IVB_BS30_A1S1_I_coil_+-0.3mA_fine_284mK_191103__IVB__T_1p40K[0.000176250],10000,-2.268525e-05,2.238972e-05,4.507497e-05,0.09038448815815402,False,I_A,6.0,BS30_A1S1,Fig2,1.4,,,,,,0.00017625,000176250,
D4.2__Fig 2__SQUID_data__IVB_BS30_A1S1_I_coil_+-0.3mA_fine_284mK_191103__IVB__T_1p40K[0.000177000],10000,-2.268495e-05,2.239063e-05,4.507558e-05,0.09342538287458439,False,I_A,6.0,BS30_A1S1,Fig2,1.4,,,,,,0.000177,000177000,
D4.2__Fig 2__SQUID_data__IVB_BS30_A1S1_I_coil_+-0.3mA_fine_284mK_191103__IVB__T_1p40K[0.000177750],10000,-2.268505e-05,2.239007e-05,4.507512e-05,0.09131887023290342,False,I_A,6.0,BS30_A1S1,Fig2,1.4,,,,,,0.00017775,000177750,
D4.2__Fig 2__SQUID_data__IVB_BS30_A1S1_I_coil_+-0.3mA_fine_284mK_191103__IVB__T_1p40K[0.000178500],10000,-2.26853e-05,2.238992e-05,4.507522e-05,0.09701121841094787,False,I_A,6.0,BS30_A1S1,Fig2,1.4,,,,,,0.0001785,000178500,
D4.2__Fig 2__SQUID_data__IVB_BS30_A1S1_I_coil_+-0.3mA_fine_284mK_191103__IVB__T_1p40K[0.000179250],10000,-2.268459e-05,2.239028e-05,4.507487e-05,0.08971516489889635,False,I_A,6.0,BS30_A1S1,Fig2,1.4,,,,,,0.00017925,000179250,
D4.2__Fig 2__SQUID_data__IVB_BS30_A1S1_I_coil_+-0.3mA_fine_284mK_191103__IVB__T_1p40K[0.000180000],10000,-2.268469e-05,2.239069e-05,4.507538e-05,0.09178496113800737,False,I_A,6.0,BS30_A1S1,Fig2,1.4,,,,,,0.00018,000180000,
D4.2__Fig 2__SQUID_data__IVB_BS30_A1S1_I_coil_+-0.3mA_fine_284mK_191103__IVB__T_1p40K[0.000180750],10000,-2.268474e-05,2.238992e-05,4.507466e-05,0.09157495117985182,False,I_A,6.0,BS30_A1S1,Fig2,1.4,,,,,,0.00018075,000180750,
D4.2__Fig 2__SQUID_data__IVB_BS30_A1S1_I_coil_+-0.3mA_fine_284mK_191103__IVB__T_1p40K[0.000181500],10000,-2.268515e-05,2.238987e-05,4.507502e-05,0.09273616770649978,False,I_A,6.0,BS30_A1S1,Fig2,1.4,,,,,,0.0001815,000181500,
D4.2__Fig 2__SQUID_data__IVB_BS30_A1S1_I_coil_+-0.3mA_fine_284mK_191103__IVB__T_1p40K[0.000182250],10000,-2.268485e-05,2.239099e-05,4.507584e-05,0.0983735230783932,False,I_A,6.0,BS30_A1S1,Fig2,1.4,,,,,,0.00018225,000182250,
D4.2__Fig 2__SQUID_data__IVB_BS30_A1S1_I_coil_+-0.3mA_fine_284mK_191103__IVB__T_1p40K[0.000183000],10000,-2.268479e-05,2.239002e-05,4.507481e-05,0.0900405016478237,False,I_A,6.0,BS30_A1S1,Fig2,1.4,,,,,,0.000183,000183000,
D4.2__Fig 2__SQUID_data__IVB_BS30_A1S1_I_coil_+-0.3mA_fine_284mK_191103__IVB__T_1p40K[0.000183750],10000,-2.268434e-05,2.239038e-05,4.507472e-05,0.0938754927594286,False,I_A,6.0,BS30_A1S1,Fig2,1.4,,,,,,0.00018375,000183750,
D4.2__Fig 2__SQUID_data__IVB_BS30_A1S1_I_coil_+-0.3mA_fine_284mK_191103__IVB__T_1p40K[0.000184500],10000,-2.26853e-05,2.239104e-05,4.507634e-05,0.08849069046079039,False,I_A,6.0,BS30_A1S1,Fig2,1.4,,,,,,0.0001845,000184500,
D4.2__Fig 2__SQUID_data__IVB_BS30_A1S1_I_coil_+-0.3mA_fine_284mK_191103__IVB__T_1p40K[0.000185250],10000,-2.268393e-05,2.238972e-05,4.507365e-05,0.09415517664998257,False,I_A,6.0,BS30_A1S1,Fig2,1.4,,,,,,0.00018525,000185250,
D4.2__Fig 2__SQUID_data__IVB_BS30_A1S1_I_coil_+-0.3mA_fine_284mK_191103__IVB__T_1p40K[0.000186000],10000,-2.268439e-05,2.238967e-05,4.507406e-05,0.0888036319130007,False,I_A,6.0,BS30_A1S1,Fig2,1.4,,,,,,0.000186,000186000,
D4.2__Fig 2__SQUID_data__IVB_BS30_A1S1_I_coil_+-0.3mA_fine_284mK_191103__IVB__T_1p40K[0.000186750],10000,-2.268449e-05,2.238957e-05,4.507406e-05,0.09255377506060286,False,I_A,6.0,BS30_A1S1,Fig2,1.4,,,,,,0.00018675,000186750,
D4.2__Fig 2__SQUID_data__IVB_BS30_A1S1_I_coil_+-0.3mA_fine_284mK_191103__IVB__T_1p40K[0.000187500],10000,-2.268551e-05,2.239043e-05,4.5075939999999996e-05,0.0892841815523763,False,I_A,6.0,BS30_A1S1,Fig2,1.4,,,,,,0.0001875,000187500,
D4.2__Fig 2__SQUID_data__IVB_BS30_A1S1_I_coil_+-0.3mA_fine_284mK_191103__IVB__T_1p40K[0.000188250],10000,-2.268525e-05,2.238962e-05,4.507487e-05,0.09110249990177122,False,I_A,6.0,BS30_A1S1,Fig2,1.4,,,,,,0.00018825,000188250,
D4.2__Fig 2__SQUID_data__IVB_BS30_A1S1_I_coil_+-0.3mA_fine_284mK_191103__IVB__T_1p40K[0.000189000],10000,-2.268464e-05,2.239038e-05,4.507502e-05,0.0909625717614005,False,I_A,6.0,BS30_A1S1,Fig2,1.4,,,,,,0.000189,000189000,
D4.2__Fig 2__SQUID_data__IVB_BS30_A1S1_I_coil_+-0.3mA_fine_284mK_191103__IVB__T_1p40K[0.000189750],10000,-2.268378e-05,2.239007e-05,4.507385e-05,0.09148238976180671,False,I_A,6.0,BS30_A1S1,Fig2,1.4,,,,,,0.00018975,000189750,
D4.2__Fig 2__SQUID_data__IVB_BS30_A1S1_I_coil_+-0.3mA_fine_284mK_191103__IVB__T_1p40K[0.000190500],10000,-2.26852e-05,2.238997e-05,4.5075169999999996e-05,0.09569425615919265,False,I_A,6.0,BS30_A1S1,Fig2,1.4,,,,,,0.0001905,000190500,
D4.2__Fig 2__SQUID_data__IVB_BS30_A1S1_I_coil_+-0.3mA_fine_284mK_191103__IVB__T_1p40K[0.000191250],10000,-2.268551e-05,2.238885e-05,4.507436e-05,0.09593151202182092,False,I_A,6.0,BS30_A1S1,Fig2,1.4,,,,,,0.00019125,000191250,
D4.2__Fig 2__SQUID_data__IVB_BS30_A1S1_I_coil_+-0.3mA_fine_284mK_191103__IVB__T_1p40K[0.000192000],10000,-2.268525e-05,2.238997e-05,4.507522e-05,0.09071262845562698,False,I_A,6.0,BS30_A1S1,Fig2,1.4,,,,,,0.000192,000192000,
D4.2__Fig 2__SQUID_data__IVB_BS30_A1S1_I_coil_+-0.3mA_fine_284mK_191103__IVB__T_1p40K[0.000192750],10000,-2.26849e-05,2.238931e-05,4.507421e-05,0.09515574634559615,False,I_A,6.0,BS30_A1S1,Fig2,1.4,,,,,,0.00019275,000192750,
D4.2__Fig 2__SQUID_data__IVB_BS30_A1S1_I_coil_+-0.3mA_fine_284mK_191103__IVB__T_1p40K[0.000193500],10000,-2.268434e-05,2.238972e-05,4.507406e-05,0.09569237492554297,False,I_A,6.0,BS30_A1S1,Fig2,1.4,,,,,,0.0001935,000193500,
D4.2__Fig 2__SQUID_data__IVB_BS30_A1S1_I_coil_+-0.3mA_fine_284mK_191103__IVB__T_1p40K[0.000194250],10000,-2.268464e-05,2.239063e-05,4.507527e-05,0.09107471285948845,False,I_A,6.0,BS30_A1S1,Fig2,1.4,,,,,,0.00019425,000194250,
D4.2__Fig 2__SQUID_data__IVB_BS30_A1S1_I_coil_+-0.3mA_fine_284mK_191103__IVB__T_1p40K[0.000195000],10000,-2.268515e-05,2.239028e-05,4.507543e-05,0.09008046118984575,False,I_A,6.0,BS30_A1S1,Fig2,1.4,,,,,,0.000195,000195000,
D4.2__Fig 2__SQUID_data__IVB_BS30_A1S1_I_coil_+-0.3mA_fine_284mK_191103__IVB__T_1p40K[0.000195750],10000,-2.268479e-05,2.238946e-05,4.507425e-05,0.09039580348451634,False,I_A,6.0,BS30_A1S1,Fig2,1.4,,,,,,0.00019575,000195750,
D4.2__Fig 2__SQUID_data__IVB_BS30_A1S1_I_coil_+-0.3mA_fine_284mK_191103__IVB__T_1p40K[0.000196500],10000,-2.268413e-05,2.238997e-05,4.50741e-05,0.08806045529924489,False,I_A,6.0,BS30_A1S1,Fig2,1.4,,,,,,0.0001965,000196500,
D4.2__Fig 2__SQUID_data__IVB_BS30_A1S1_I_coil_+-0.3mA_fine_284mK_191103__IVB__T_1p40K[0.000197250],10000,-2.268418e-05,2.238982e-05,4.5073999999999996e-05,0.0920805577604401,False,I_A,6.0,BS30_A1S1,Fig2,1.4,,,,,,0.00019725,000197250,
D4.2__Fig 2__SQUID_data__IVB_BS30_A1S1_I_coil_+-0.3mA_fine_284mK_191103__IVB__T_1p40K[0.000198000],10000,-2.26849e-05,2.239048e-05,4.507538e-05,0.09590667920494735,False,I_A,6.0,BS30_A1S1,Fig2,1.4,,,,,,0.000198,000198000,
D4.2__Fig 2__SQUID_data__IVB_BS30_A1S1_I_coil_+-0.3mA_fine_284mK_191103__IVB__T_1p40K[0.000198750],10000,-2.268459e-05,2.239038e-05,4.5074969999999996e-05,0.09572882730191802,False,I_A,6.0,BS30_A1S1,Fig2,1.4,,,,,,0.00019875,000198750,
D4.2__Fig 2__SQUID_data__IVB_BS30_A1S1_I_coil_+-0.3mA_fine_284mK_191103__IVB__T_1p40K[0.000199500],10000,-2.268352e-05,2.239033e-05,4.507385e-05,0.09396566552279549,False,I_A,6.0,BS30_A1S1,Fig2,1.4,,,,,,0.0001995,000199500,
D4.2__Fig 2__SQUID_data__IVB_BS30_A1S1_I_coil_+-0.3mA_fine_284mK_191103__IVB__T_1p40K[0.000200250],10000,-2.26852e-05,2.239038e-05,4.507558e-05,0.09268886049277059,False,I_A,6.0,BS30_A1S1,Fig2,1.4,,,,,,0.00020025,000200250,
D4.2__Fig 2__SQUID_data__IVB_BS30_A1S1_I_coil_+-0.3mA_fine_284mK_191103__IVB__T_1p40K[0.000201000],10000,-2.26853e-05,2.239053e-05,4.507583e-05,0.09372087628653542,False,I_A,6.0,BS30_A1S1,Fig2,1.4,,,,,,0.000201,000201000,
D4.2__Fig 2__SQUID_data__IVB_BS30_A1S1_I_coil_+-0.3mA_fine_284mK_191103__IVB__T_1p40K[0.000201750],10000,-2.268469e-05,2.239063e-05,4.507532e-05,0.09209560409468599,False,I_A,6.0,BS30_A1S1,Fig2,1.4,,,,,,0.00020175,000201750,
D4.2__Fig 2__SQUID_data__IVB_BS30_A1S1_I_coil_+-0.3mA_fine_284mK_191103__IVB__T_1p40K[0.000202500],10000,-2.268403e-05,2.239018e-05,4.507421e-05,0.09094552560099815,False,I_A,6.0,BS30_A1S1,Fig2,1.4,,,,,,0.0002025,000202500,
D4.2__Fig 2__SQUID_data__IVB_BS30_A1S1_I_coil_+-0.3mA_fine_284mK_191103__IVB__T_1p40K[0.000203250],10000,-2.268408e-05,2.239063e-05,4.5074710000000005e-05,0.09274456457206753,False,I_A,6.0,BS30_A1S1,Fig2,1.4,,,,,,0.00020325,000203250,
D4.2__Fig 2__SQUID_data__IVB_BS30_A1S1_I_coil_+-0.3mA_fine_284mK_191103__IVB__T_1p40K[0.000204000],10000,-2.268485e-05,2.239043e-05,4.5075280000000004e-05,0.09268676015670474,False,I_A,6.0,BS30_A1S1,Fig2,1.4,,,,,,0.000204,000204000,
D4.2__Fig 2__SQUID_data__IVB_BS30_A1S1_I_coil_+-0.3mA_fine_284mK_191103__IVB__T_1p40K[0.000204750],10000,-2.268474e-05,2.239023e-05,4.5074969999999996e-05,0.09349834335434344,False,I_A,6.0,BS30_A1S1,Fig2,1.4,,,,,,0.00020475,000204750,
D4.2__Fig 2__SQUID_data__IVB_BS30_A1S1_I_coil_+-0.3mA_fine_284mK_191103__IVB__T_1p40K[0.000205500],10000,-2.26852e-05,2.238931e-05,4.5074510000000004e-05,0.09092028051757621,False,I_A,6.0,BS30_A1S1,Fig2,1.4,,,,,,0.0002055,000205500,
D4.2__Fig 2__SQUID_data__IVB_BS30_A1S1_I_coil_+-0.3mA_fine_284mK_191103__IVB__T_1p40K[0.000206250],10000,-2.26852e-05,2.238931e-05,4.5074510000000004e-05,0.08818626768115423,False,I_A,6.0,BS30_A1S1,Fig2,1.4,,,,,,0.00020625,000206250,
D4.2__Fig 2__SQUID_data__IVB_BS30_A1S1_I_coil_+-0.3mA_fine_284mK_191103__IVB__T_1p40K[0.000207000],10000,-2.268454e-05,2.239007e-05,4.507461e-05,0.08996147358819491,False,I_A,6.0,BS30_A1S1,Fig2,1.4,,,,,,0.000207,000207000,
D4.2__Fig 2__SQUID_data__IVB_BS30_A1S1_I_coil_+-0.3mA_fine_284mK_191103__IVB__T_1p40K[0.000207750],10000,-2.268429e-05,2.239023e-05,4.5074520000000005e-05,0.09390294445345738,False,I_A,6.0,BS30_A1S1,Fig2,1.4,,,,,,0.00020775,000207750,
D4.2__Fig 2__SQUID_data__IVB_BS30_A1S1_I_coil_+-0.3mA_fine_284mK_191103__IVB__T_1p40K[0.000208500],10000,-2.268551e-05,2.239013e-05,4.507564e-05,0.09764788195009244,False,I_A,6.0,BS30_A1S1,Fig2,1.4,,,,,,0.0002085,000208500,
D4.2__Fig 2__SQUID_data__IVB_BS30_A1S1_I_coil_+-0.3mA_fine_284mK_191103__IVB__T_1p40K[0.000209250],10000,-2.268413e-05,2.238957e-05,4.50737e-05,0.09278483465714783,False,I_A,6.0,BS30_A1S1,Fig2,1.4,,,,,,0.00020925,000209250,
D4.2__Fig 2__SQUID_data__IVB_BS30_A1S1_I_coil_+-0.3mA_fine_284mK_191103__IVB__T_1p40K[0.000210000],10000,-2.26851e-05,2.238926e-05,4.507436e-05,0.09457889171724493,False,I_A,6.0,BS30_A1S1,Fig2,1.4,,,,,,0.00021,000210000,
D4.2__Fig 2__SQUID_data__IVB_BS30_A1S1_I_coil_+-0.3mA_fine_284mK_191103__IVB__T_1p40K[0.000210750],10000,-2.268449e-05,2.238926e-05,4.507375e-05,0.09277919869056418,False,I_A,6.0,BS30_A1S1,Fig2,1.4,,,,,,0.00021075,000210750,
D4.2__Fig 2__SQUID_data__IVB_BS30_A1S1_I_coil_+-0.3mA_fine_284mK_191103__IVB__T_1p40K[0.000211500],10000,-2.268439e-05,2.238977e-05,4.507416e-05,0.0901566990133912,False,I_A,6.0,BS30_A1S1,Fig2,1.4,,,,,,0.0002115,000211500,
D4.2__Fig 2__SQUID_data__IVB_BS30_A1S1_I_coil_+-0.3mA_fine_284mK_191103__IVB__T_1p40K[0.000212250],10000,-2.268505e-05,2.238992e-05,4.5074969999999996e-05,0.09091305481355148,False,I_A,6.0,BS30_A1S1,Fig2,1.4,,,,,,0.00021225,000212250,
D4.2__Fig 2__SQUID_data__IVB_BS30_A1S1_I_coil_+-0.3mA_fine_284mK_191103__IVB__T_1p40K[0.000213000],10000,-2.268479e-05,2.238916e-05,4.507395e-05,0.08911858156882085,False,I_A,6.0,BS30_A1S1,Fig2,1.4,,,,,,0.000213,000213000,
D4.2__Fig 2__SQUID_data__IVB_BS30_A1S1_I_coil_+-0.3mA_fine_284mK_191103__IVB__T_1p40K[0.000213750],10000,-2.268444e-05,2.239028e-05,4.507472e-05,0.09243299486020315,False,I_A,6.0,BS30_A1S1,Fig2,1.4,,,,,,0.00021375,000213750,
D4.2__Fig 2__SQUID_data__IVB_BS30_A1S1_I_coil_+-0.3mA_fine_284mK_191103__IVB__T_1p40K[0.000214500],10000,-2.268535e-05,2.238941e-05,4.507476e-05,0.09081350494176403,False,I_A,6.0,BS30_A1S1,Fig2,1.4,,,,,,0.0002145,000214500,
D4.2__Fig 2__SQUID_data__IVB_BS30_A1S1_I_coil_+-0.3mA_fine_284mK_191103__IVB__T_1p40K[0.000215250],10000,-2.268505e-05,2.238957e-05,4.507462e-05,0.09477501526281157,False,I_A,6.0,BS30_A1S1,Fig2,1.4,,,,,,0.00021525,000215250,
D4.2__Fig 2__SQUID_data__IVB_BS30_A1S1_I_coil_+-0.3mA_fine_284mK_191103__IVB__T_1p40K[0.000216000],10000,-2.268505e-05,2.239023e-05,4.5075280000000004e-05,0.0928932747871243,False,I_A,6.0,BS30_A1S1,Fig2,1.4,,,,,,0.000216,000216000,
D4.2__Fig 2__SQUID_data__IVB_BS30_A1S1_I_coil_+-0.3mA_fine_284mK_191103__IVB__T_1p40K[0.000216750],10000,-2.268444e-05,2.238957e-05,4.5074009999999996e-05,0.09084528835219408,False,I_A,6.0,BS30_A1S1,Fig2,1.4,,,,,,0.00021675,000216750,
D4.2__Fig 2__SQUID_data__IVB_BS30_A1S1_I_coil_+-0.3mA_fine_284mK_191103__IVB__T_1p40K[0.000217500],10000,-2.268586e-05,2.239013e-05,4.507599e-05,0.09153989186000608,False,I_A,6.0,BS30_A1S1,Fig2,1.4,,,,,,0.0002175,000217500,
D4.2__Fig 2__SQUID_data__IVB_BS30_A1S1_I_coil_+-0.3mA_fine_284mK_191103__IVB__T_1p40K[0.000218250],10000,-2.268581e-05,2.239109e-05,4.5076899999999995e-05,0.09065857209645876,False,I_A,6.0,BS30_A1S1,Fig2,1.4,,,,,,0.00021825,000218250,
D4.2__Fig 2__SQUID_data__IVB_BS30_A1S1_I_coil_+-0.3mA_fine_284mK_191103__IVB__T_1p40K[0.000219000],10000,-2.268515e-05,2.239084e-05,4.507599e-05,0.09086017463765271,False,I_A,6.0,BS30_A1S1,Fig2,1.4,,,,,,0.000219,000219000,
D4.2__Fig 2__SQUID_data__IVB_BS30_A1S1_I_coil_+-0.3mA_fine_284mK_191103__IVB__T_1p40K[0.000219750],10000,-2.268541e-05,2.238997e-05,4.507538e-05,0.09202426353930512,False,I_A,6.0,BS30_A1S1,Fig2,1.4,,,,,,0.00021975,000219750,
D4.2__Fig 2__SQUID_data__IVB_BS30_A1S1_I_coil_+-0.3mA_fine_284mK_191103__IVB__T_1p40K[0.000220500],10000,-2.2685e-05,2.238957e-05,4.507457e-05,0.09107629553729349,False,I_A,6.0,BS30_A1S1,Fig2,1.4,,,,,,0.0002205,000220500,
D4.2__Fig 2__SQUID_data__IVB_BS30_A1S1_I_coil_+-0.3mA_fine_284mK_191103__IVB__T_1p40K[0.000221250],10000,-2.268479e-05,2.239038e-05,4.5075169999999996e-05,0.09000610947507034,False,I_A,6.0,BS30_A1S1,Fig2,1.4,,,,,,0.00022125,000221250,
D4.2__Fig 2__SQUID_data__IVB_BS30_A1S1_I_coil_+-0.3mA_fine_284mK_191103__IVB__T_1p40K[0.000222000],10000,-2.268459e-05,2.238911e-05,4.50737e-05,0.09049367379181895,False,I_A,6.0,BS30_A1S1,Fig2,1.4,,,,,,0.000222,000222000,
D4.2__Fig 2__SQUID_data__IVB_BS30_A1S1_I_coil_+-0.3mA_fine_284mK_191103__IVB__T_1p40K[0.000222750],10000,-2.268459e-05,2.23888e-05,4.507339e-05,0.09213137829891276,False,I_A,6.0,BS30_A1S1,Fig2,1.4,,,,,,0.00022275,000222750,
D4.2__Fig 2__SQUID_data__IVB_BS30_A1S1_I_coil_+-0.3mA_fine_284mK_191103__IVB__T_1p40K[0.000223500],10000,-2.268459e-05,2.238865e-05,4.507324e-05,0.09136342837915729,False,I_A,6.0,BS30_A1S1,Fig2,1.4,,,,,,0.0002235,000223500,
D4.2__Fig 2__SQUID_data__IVB_BS30_A1S1_I_coil_+-0.3mA_fine_284mK_191103__IVB__T_1p40K[0.000224250],10000,-2.26853e-05,2.238972e-05,4.507502e-05,0.09224185476517996,False,I_A,6.0,BS30_A1S1,Fig2,1.4,,,,,,0.00022425,000224250,
D4.2__Fig 2__SQUID_data__IVB_BS30_A1S1_I_coil_+-0.3mA_fine_284mK_191103__IVB__T_1p40K[0.000225000],10000,-2.268474e-05,2.238946e-05,4.5074199999999996e-05,0.09078362495083295,False,I_A,6.0,BS30_A1S1,Fig2,1.4,,,,,,0.000225,000225000,
D4.2__Fig 2__SQUID_data__IVB_BS30_A1S1_I_coil_+-0.3mA_fine_284mK_191103__IVB__T_1p40K[0.000225750],10000,-2.268418e-05,2.238906e-05,4.507324e-05,0.09171427566841035,False,I_A,6.0,BS30_A1S1,Fig2,1.4,,,,,,0.00022575,000225750,
D4.2__Fig 2__SQUID_data__IVB_BS30_A1S1_I_coil_+-0.3mA_fine_284mK_191103__IVB__T_1p40K[0.000226500],10000,-2.268424e-05,2.238891e-05,4.5073150000000004e-05,0.09381346205426737,False,I_A,6.0,BS30_A1S1,Fig2,1.4,,,,,,0.0002265,000226500,
D4.2__Fig 2__SQUID_data__IVB_BS30_A1S1_I_coil_+-0.3mA_fine_284mK_191103__IVB__T_1p40K[0.000227250],10000,-2.268424e-05,2.238946e-05,4.50737e-05,0.09398696852452307,False,I_A,6.0,BS30_A1S1,Fig2,1.4,,,,,,0.00022725,000227250,
D4.2__Fig 2__SQUID_data__IVB_BS30_A1S1_I_coil_+-0.3mA_fine_284mK_191103__IVB__T_1p40K[0.000228000],10000,-2.268444e-05,2.238967e-05,4.507411e-05,0.0967609456614259,False,I_A,6.0,BS30_A1S1,Fig2,1.4,,,,,,0.000228,000228000,
D4.2__Fig 2__SQUID_data__IVB_BS30_A1S1_I_coil_+-0.3mA_fine_284mK_191103__IVB__T_1p40K[0.000228750],10000,-2.268485e-05,2.238916e-05,4.5074009999999996e-05,0.09237033582288774,False,I_A,6.0,BS30_A1S1,Fig2,1.4,,,,,,0.00022875,000228750,
D4.2__Fig 2__SQUID_data__IVB_BS30_A1S1_I_coil_+-0.3mA_fine_284mK_191103__IVB__T_1p40K[0.000229500],10000,-2.268424e-05,2.238885e-05,4.507309e-05,0.091776774080698,False,I_A,6.0,BS30_A1S1,Fig2,1.4,,,,,,0.0002295,000229500,
D4.2__Fig 2__SQUID_data__IVB_BS30_A1S1_I_coil_+-0.3mA_fine_284mK_191103__IVB__T_1p40K[0.000230250],10000,-2.268479e-05,2.238931e-05,4.50741e-05,0.09260440561015545,False,I_A,6.0,BS30_A1S1,Fig2,1.4,,,,,,0.00023025,000230250,
D4.2__Fig 2__SQUID_data__IVB_BS30_A1S1_I_coil_+-0.3mA_fine_284mK_191103__IVB__T_1p40K[0.000231000],10000,-2.268495e-05,2.238896e-05,4.507391e-05,0.09142445328694712,False,I_A,6.0,BS30_A1S1,Fig2,1.4,,,,,,0.000231,000231000,
D4.2__Fig 2__SQUID_data__IVB_BS30_A1S1_I_coil_+-0.3mA_fine_284mK_191103__IVB__T_1p40K[0.000231750],10000,-2.268383e-05,2.238916e-05,4.507299e-05,0.09202654741469203,False,I_A,6.0,BS30_A1S1,Fig2,1.4,,,,,,0.00023175,000231750,
D4.2__Fig 2__SQUID_data__IVB_BS30_A1S1_I_coil_+-0.3mA_fine_284mK_191103__IVB__T_1p40K[0.000232500],10000,-2.26851e-05,2.238921e-05,4.5074310000000004e-05,0.09721265727003811,False,I_A,6.0,BS30_A1S1,Fig2,1.4,,,,,,0.0002325,000232500,
D4.2__Fig 2__SQUID_data__IVB_BS30_A1S1_I_coil_+-0.3mA_fine_284mK_191103__IVB__T_1p40K[0.000233250],10000,-2.268444e-05,2.238911e-05,4.507355e-05,0.09030460360044167,False,I_A,6.0,BS30_A1S1,Fig2,1.4,,,,,,0.00023325,000233250,
D4.2__Fig 2__SQUID_data__IVB_BS30_A1S1_I_coil_+-0.3mA_fine_284mK_191103__IVB__T_1p40K[0.000234000],10000,-2.268541e-05,2.238916e-05,4.5074569999999995e-05,0.09170673942226054,False,I_A,6.0,BS30_A1S1,Fig2,1.4,,,,,,0.000234,000234000,
D4.2__Fig 2__SQUID_data__IVB_BS30_A1S1_I_coil_+-0.3mA_fine_284mK_191103__IVB__T_1p40K[0.000234750],10000,-2.268429e-05,2.238992e-05,4.507421e-05,0.09001355997856432,False,I_A,6.0,BS30_A1S1,Fig2,1.4,,,,,,0.00023475,000234750,
D4.2__Fig 2__SQUID_data__IVB_BS30_A1S1_I_coil_+-0.3mA_fine_284mK_191103__IVB__T_1p40K[0.000235500],10000,-2.268495e-05,2.238906e-05,4.5074009999999996e-05,0.09046861726303028,False,I_A,6.0,BS30_A1S1,Fig2,1.4,,,,,,0.0002355,000235500,
D4.2__Fig 2__SQUID_data__IVB_BS30_A1S1_I_coil_+-0.3mA_fine_284mK_191103__IVB__T_1p40K[0.000236250],10000,-2.268444e-05,2.23885e-05,4.507294e-05,0.09204683752355343,False,I_A,6.0,BS30_A1S1,Fig2,1.4,,,,,,0.00023625,000236250,
D4.2__Fig 2__SQUID_data__IVB_BS30_A1S1_I_coil_+-0.3mA_fine_284mK_191103__IVB__T_1p40K[0.000237000],10000,-2.268449e-05,2.238814e-05,4.5072629999999995e-05,0.09350601069184138,False,I_A,6.0,BS30_A1S1,Fig2,1.4,,,,,,0.000237,000237000,
D4.2__Fig 2__SQUID_data__IVB_BS30_A1S1_I_coil_+-0.3mA_fine_284mK_191103__IVB__T_1p40K[0.000237750],10000,-2.268434e-05,2.238845e-05,4.507279e-05,0.09284909263714712,False,I_A,6.0,BS30_A1S1,Fig2,1.4,,,,,,0.00023775,000237750,
D4.2__Fig 2__SQUID_data__IVB_BS30_A1S1_I_coil_+-0.3mA_fine_284mK_191103__IVB__T_1p40K[0.000238500],10000,-2.268398e-05,2.238946e-05,4.507344e-05,0.09709985943147244,False,I_A,6.0,BS30_A1S1,Fig2,1.4,,,,,,0.0002385,000238500,
D4.2__Fig 2__SQUID_data__IVB_BS30_A1S1_I_coil_+-0.3mA_fine_284mK_191103__IVB__T_1p40K[0.000239250],10000,-2.2685e-05,2.238845e-05,4.507345e-05,0.0900280999197886,False,I_A,6.0,BS30_A1S1,Fig2,1.4,,,,,,0.00023925,000239250,
D4.2__Fig 2__SQUID_data__IVB_BS30_A1S1_I_coil_+-0.3mA_fine_284mK_191103__IVB__T_1p40K[0.000240000],10000,-2.268525e-05,2.238946e-05,4.5074710000000005e-05,0.09409221141694381,False,I_A,6.0,BS30_A1S1,Fig2,1.4,,,,,,0.00024,000240000,
D4.2__Fig 2__SQUID_data__IVB_BS30_A1S1_I_coil_+-0.3mA_fine_284mK_191103__IVB__T_1p40K[0.000240750],10000,-2.268551e-05,2.238946e-05,4.5074969999999996e-05,0.08944269971805212,False,I_A,6.0,BS30_A1S1,Fig2,1.4,,,,,,0.00024075,000240750,
D4.2__Fig 2__SQUID_data__IVB_BS30_A1S1_I_coil_+-0.3mA_fine_284mK_191103__IVB__T_1p40K[0.000241500],10000,-2.26852e-05,2.238967e-05,4.507487e-05,0.09281831472102894,False,I_A,6.0,BS30_A1S1,Fig2,1.4,,,,,,0.0002415,000241500,
D4.2__Fig 2__SQUID_data__IVB_BS30_A1S1_I_coil_+-0.3mA_fine_284mK_191103__IVB__T_1p40K[0.000242250],10000,-2.268525e-05,2.238875e-05,4.5074e-05,0.0900329650805045,False,I_A,6.0,BS30_A1S1,Fig2,1.4,,,,,,0.00024225,000242250,
D4.2__Fig 2__SQUID_data__IVB_BS30_A1S1_I_coil_+-0.3mA_fine_284mK_191103__IVB__T_1p40K[0.000243000],10000,-2.268439e-05,2.238916e-05,4.507355e-05,0.09123130868196133,False,I_A,6.0,BS30_A1S1,Fig2,1.4,,,,,,0.000243,000243000,
D4.2__Fig 2__SQUID_data__IVB_BS30_A1S1_I_coil_+-0.3mA_fine_284mK_191103__IVB__T_1p40K[0.000243750],10000,-2.268429e-05,2.238906e-05,4.5073350000000004e-05,0.0901555893534811,False,I_A,6.0,BS30_A1S1,Fig2,1.4,,,,,,0.00024375,000243750,
D4.2__Fig 2__SQUID_data__IVB_BS30_A1S1_I_coil_+-0.3mA_fine_284mK_191103__IVB__T_1p40K[0.000244500],10000,-2.268449e-05,2.238926e-05,4.507375e-05,0.09059071924087499,False,I_A,6.0,BS30_A1S1,Fig2,1.4,,,,,,0.0002445,000244500,
D4.2__Fig 2__SQUID_data__IVB_BS30_A1S1_I_coil_+-0.3mA_fine_284mK_191103__IVB__T_1p40K[0.000245250],10000,-2.268485e-05,2.238921e-05,4.507406e-05,0.09229664277614734,False,I_A,6.0,BS30_A1S1,Fig2,1.4,,,,,,0.00024525,000245250,
D4.2__Fig 2__SQUID_data__IVB_BS30_A1S1_I_coil_+-0.3mA_fine_284mK_191103__IVB__T_1p40K[0.000246000],10000,-2.268474e-05,2.238865e-05,4.507339e-05,0.09207920822700977,False,I_A,6.0,BS30_A1S1,Fig2,1.4,,,,,,0.000246,000246000,
D4.2__Fig 2__SQUID_data__IVB_BS30_A1S1_I_coil_+-0.3mA_fine_284mK_191103__IVB__T_1p40K[0.000246750],10000,-2.268408e-05,2.238967e-05,4.5073750000000005e-05,0.09363810956253389,False,I_A,6.0,BS30_A1S1,Fig2,1.4,,,,,,0.00024675,000246750,
D4.2__Fig 2__SQUID_data__IVB_BS30_A1S1_I_coil_+-0.3mA_fine_284mK_191103__IVB__T_1p40K[0.000247500],10000,-2.268454e-05,2.238911e-05,4.507365e-05,0.0943221394800735,False,I_A,6.0,BS30_A1S1,Fig2,1.4,,,,,,0.0002475,000247500,
D4.2__Fig 2__SQUID_data__IVB_BS30_A1S1_I_coil_+-0.3mA_fine_284mK_191103__IVB__T_1p40K[0.000248250],10000,-2.268454e-05,2.238885e-05,4.507339e-05,0.09241021893503155,False,I_A,6.0,BS30_A1S1,Fig2,1.4,,,,,,0.00024825,000248250,
D4.2__Fig 2__SQUID_data__IVB_BS30_A1S1_I_coil_+-0.3mA_fine_284mK_191103__IVB__T_1p40K[0.000249000],10000,-2.268479e-05,2.238906e-05,4.507385e-05,0.09065150396630195,False,I_A,6.0,BS30_A1S1,Fig2,1.4,,,,,,0.000249,000249000,
D4.2__Fig 2__SQUID_data__IVB_BS30_A1S1_I_coil_+-0.3mA_fine_284mK_191103__IVB__T_1p40K[0.000249750],10000,-2.268393e-05,2.238809e-05,4.507202e-05,0.09250319722397506,False,I_A,6.0,BS30_A1S1,Fig2,1.4,,,,,,0.00024975,000249750,
D4.2__Fig 2__SQUID_data__IVB_BS30_A1S1_I_coil_+-0.3mA_fine_284mK_191103__IVB__T_1p40K[0.000250500],10000,-2.268444e-05,2.238865e-05,4.507309e-05,0.09102793921398447,False,I_A,6.0,BS30_A1S1,Fig2,1.4,,,,,,0.0002505,000250500,
D4.2__Fig 2__SQUID_data__IVB_BS30_A1S1_I_coil_+-0.3mA_fine_284mK_191103__IVB__T_1p40K[0.000251250],10000,-2.26852e-05,2.23886e-05,4.50738e-05,0.09722687201552895,False,I_A,6.0,BS30_A1S1,Fig2,1.4,,,,,,0.00025125,000251250,
D4.2__Fig 2__SQUID_data__IVB_BS30_A1S1_I_coil_+-0.3mA_fine_284mK_191103__IVB__T_1p40K[0.000252000],10000,-2.268479e-05,2.238829e-05,4.507308e-05,0.09271819013352023,False,I_A,6.0,BS30_A1S1,Fig2,1.4,,,,,,0.000252,000252000,
D4.2__Fig 2__SQUID_data__IVB_BS30_A1S1_I_coil_+-0.3mA_fine_284mK_191103__IVB__T_1p40K[0.000252750],10000,-2.26852e-05,2.238829e-05,4.507349e-05,0.09184140271237606,False,I_A,6.0,BS30_A1S1,Fig2,1.4,,,,,,0.00025275,000252750,
D4.2__Fig 2__SQUID_data__IVB_BS30_A1S1_I_coil_+-0.3mA_fine_284mK_191103__IVB__T_1p40K[0.000253500],10000,-2.268464e-05,2.238784e-05,4.507248e-05,0.09398981403330439,False,I_A,6.0,BS30_A1S1,Fig2,1.4,,,,,,0.0002535,000253500,
D4.2__Fig 2__SQUID_data__IVB_BS30_A1S1_I_coil_+-0.3mA_fine_284mK_191103__IVB__T_1p40K[0.000254250],10000,-2.268413e-05,2.238885e-05,4.5072980000000006e-05,0.09095569345563344,False,I_A,6.0,BS30_A1S1,Fig2,1.4,,,,,,0.00025425,000254250,
D4.2__Fig 2__SQUID_data__IVB_BS30_A1S1_I_coil_+-0.3mA_fine_284mK_191103__IVB__T_1p40K[0.000255000],10000,-2.268342e-05,2.238835e-05,4.507177e-05,0.09223713529626529,False,I_A,6.0,BS30_A1S1,Fig2,1.4,,,,,,0.000255,000255000,
D4.2__Fig 2__SQUID_data__IVB_BS30_A1S1_I_coil_+-0.3mA_fine_284mK_191103__IVB__T_1p40K[0.000255750],10000,-2.268429e-05,2.238911e-05,4.50734e-05,0.09224313521795305,False,I_A,6.0,BS30_A1S1,Fig2,1.4,,,,,,0.00025575,000255750,
D4.2__Fig 2__SQUID_data__IVB_BS30_A1S1_I_coil_+-0.3mA_fine_284mK_191103__IVB__T_1p40K[0.000256500],10000,-2.268408e-05,2.238926e-05,4.5073340000000004e-05,0.09097963276893113,False,I_A,6.0,BS30_A1S1,Fig2,1.4,,,,,,0.0002565,000256500,
D4.2__Fig 2__SQUID_data__IVB_BS30_A1S1_I_coil_+-0.3mA_fine_284mK_191103__IVB__T_1p40K[0.000257250],10000,-2.268439e-05,2.238891e-05,4.50733e-05,0.0917968366736687,False,I_A,6.0,BS30_A1S1,Fig2,1.4,,,,,,0.00025725,000257250,
D4.2__Fig 2__SQUID_data__IVB_BS30_A1S1_I_coil_+-0.3mA_fine_284mK_191103__IVB__T_1p40K[0.000258000],10000,-2.268444e-05,2.238891e-05,4.507335e-05,0.0921895947222555,False,I_A,6.0,BS30_A1S1,Fig2,1.4,,,,,,0.000258,000258000,
D4.2__Fig 2__SQUID_data__IVB_BS30_A1S1_I_coil_+-0.3mA_fine_284mK_191103__IVB__T_1p40K[0.000258750],10000,-2.268434e-05,2.238824e-05,4.507258e-05,0.08992004456826226,False,I_A,6.0,BS30_A1S1,Fig2,1.4,,,,,,0.00025875,000258750,
D4.2__Fig 2__SQUID_data__IVB_BS30_A1S1_I_coil_+-0.3mA_fine_284mK_191103__IVB__T_1p40K[0.000259500],10000,-2.268444e-05,2.238824e-05,4.507268e-05,0.09049197484855914,False,I_A,6.0,BS30_A1S1,Fig2,1.4,,,,,,0.0002595,000259500,
D4.2__Fig 2__SQUID_data__IVB_BS30_A1S1_I_coil_+-0.3mA_fine_284mK_191103__IVB__T_1p40K[0.000260250],10000,-2.268495e-05,2.238941e-05,4.507436e-05,0.08962922724263904,False,I_A,6.0,BS30_A1S1,Fig2,1.4,,,,,,0.00026025,000260250,
D4.2__Fig 2__SQUID_data__IVB_BS30_A1S1_I_coil_+-0.3mA_fine_284mK_191103__IVB__T_1p40K[0.000261000],10000,-2.268429e-05,2.238829e-05,4.5072580000000005e-05,0.09054491590942479,False,I_A,6.0,BS30_A1S1,Fig2,1.4,,,,,,0.000261,000261000,
D4.2__Fig 2__SQUID_data__IVB_BS30_A1S1_I_coil_+-0.3mA_fine_284mK_191103__IVB__T_1p40K[0.000261750],10000,-2.268474e-05,2.238804e-05,4.507278e-05,0.09192135547384361,False,I_A,6.0,BS30_A1S1,Fig2,1.4,,,,,,0.00026175,000261750,
D4.2__Fig 2__SQUID_data__IVB_BS30_A1S1_I_coil_+-0.3mA_fine_284mK_191103__IVB__T_1p40K[0.000262500],10000,-2.268505e-05,2.238911e-05,4.507416e-05,0.0919194521386658,False,I_A,6.0,BS30_A1S1,Fig2,1.4,,,,,,0.0002625,000262500,
D4.2__Fig 2__SQUID_data__IVB_BS30_A1S1_I_coil_+-0.3mA_fine_284mK_191103__IVB__T_1p40K[0.000263250],10000,-2.268439e-05,2.23884e-05,4.507279e-05,0.1008856053032386,False,I_A,6.0,BS30_A1S1,Fig2,1.4,,,,,,0.00026325,000263250,
D4.2__Fig 2__SQUID_data__IVB_BS30_A1S1_I_coil_+-0.3mA_fine_284mK_191103__IVB__T_1p40K[0.000264000],10000,-2.268474e-05,2.238885e-05,4.507359e-05,0.09110886782386442,False,I_A,6.0,BS30_A1S1,Fig2,1.4,,,,,,0.000264,000264000,
D4.2__Fig 2__SQUID_data__IVB_BS30_A1S1_I_coil_+-0.3mA_fine_284mK_191103__IVB__T_1p40K[0.000264750],10000,-2.268505e-05,2.238875e-05,4.50738e-05,0.09211183007731653,False,I_A,6.0,BS30_A1S1,Fig2,1.4,,,,,,0.00026475,000264750,
D4.2__Fig 2__SQUID_data__IVB_BS30_A1S1_I_coil_+-0.3mA_fine_284mK_191103__IVB__T_1p40K[0.000265500],10000,-2.268434e-05,2.238835e-05,4.507269e-05,0.09052725203415864,False,I_A,6.0,BS30_A1S1,Fig2,1.4,,,,,,0.0002655,000265500,
D4.2__Fig 2__SQUID_data__IVB_BS30_A1S1_I_coil_+-0.3mA_fine_284mK_191103__IVB__T_1p40K[0.000266250],10000,-2.268413e-05,2.238946e-05,4.507359e-05,0.09603208407158355,False,I_A,6.0,BS30_A1S1,Fig2,1.4,,,,,,0.00026625,000266250,
D4.2__Fig 2__SQUID_data__IVB_BS30_A1S1_I_coil_+-0.3mA_fine_284mK_191103__IVB__T_1p40K[0.000267000],10000,-2.268403e-05,2.238921e-05,4.507324e-05,0.09076567317578327,False,I_A,6.0,BS30_A1S1,Fig2,1.4,,,,,,0.000267,000267000,
D4.2__Fig 2__SQUID_data__IVB_BS30_A1S1_I_coil_+-0.3mA_fine_284mK_191103__IVB__T_1p40K[0.000267750],10000,-2.2685e-05,2.238952e-05,4.5074520000000005e-05,0.09188473153405544,False,I_A,6.0,BS30_A1S1,Fig2,1.4,,,,,,0.00026775,000267750,
D4.2__Fig 2__SQUID_data__IVB_BS30_A1S1_I_coil_+-0.3mA_fine_284mK_191103__IVB__T_1p40K[0.000268500],10000,-2.268479e-05,2.238941e-05,4.5074199999999996e-05,0.0939578001642542,False,I_A,6.0,BS30_A1S1,Fig2,1.4,,,,,,0.0002685,000268500,
D4.2__Fig 2__SQUID_data__IVB_BS30_A1S1_I_coil_+-0.3mA_fine_284mK_191103__IVB__T_1p40K[0.000269250],10000,-2.268393e-05,2.238946e-05,4.507339e-05,0.0931453316284908,False,I_A,6.0,BS30_A1S1,Fig2,1.4,,,,,,0.00026925,000269250,
D4.2__Fig 2__SQUID_data__IVB_BS30_A1S1_I_coil_+-0.3mA_fine_284mK_191103__IVB__T_1p40K[0.000270000],10000,-2.268444e-05,2.238987e-05,4.507431e-05,0.09304571119359183,False,I_A,6.0,BS30_A1S1,Fig2,1.4,,,,,,0.00027,000270000,
D4.2__Fig 2__SQUID_data__IVB_BS30_A1S1_I_coil_+-0.3mA_fine_284mK_191103__IVB__T_1p40K[0.000270750],10000,-2.268424e-05,2.238855e-05,4.5072790000000006e-05,0.09158609748654563,False,I_A,6.0,BS30_A1S1,Fig2,1.4,,,,,,0.00027075,000270750,
D4.2__Fig 2__SQUID_data__IVB_BS30_A1S1_I_coil_+-0.3mA_fine_284mK_191103__IVB__T_1p40K[0.000271500],10000,-2.268434e-05,2.23885e-05,4.5072839999999996e-05,0.09125757950759766,False,I_A,6.0,BS30_A1S1,Fig2,1.4,,,,,,0.0002715,000271500,
D4.2__Fig 2__SQUID_data__IVB_BS30_A1S1_I_coil_+-0.3mA_fine_284mK_191103__IVB__T_1p40K[0.000272250],10000,-2.26852e-05,2.238779e-05,4.507299e-05,0.0930078761267476,False,I_A,6.0,BS30_A1S1,Fig2,1.4,,,,,,0.00027225,000272250,
D4.2__Fig 2__SQUID_data__IVB_BS30_A1S1_I_coil_+-0.3mA_fine_284mK_191103__IVB__T_1p40K[0.000273000],10000,-2.268439e-05,2.23885e-05,4.507289e-05,0.09013868803153066,False,I_A,6.0,BS30_A1S1,Fig2,1.4,,,,,,0.000273,000273000,
D4.2__Fig 2__SQUID_data__IVB_BS30_A1S1_I_coil_+-0.3mA_fine_284mK_191103__IVB__T_1p40K[0.000273750],10000,-2.26851e-05,2.238763e-05,4.507273e-05,0.0904077347686245,False,I_A,6.0,BS30_A1S1,Fig2,1.4,,,,,,0.00027375,000273750,
D4.2__Fig 2__SQUID_data__IVB_BS30_A1S1_I_coil_+-0.3mA_fine_284mK_191103__IVB__T_1p40K[0.000274500],10000,-2.268505e-05,2.238865e-05,4.50737e-05,0.08853661492275325,False,I_A,6.0,BS30_A1S1,Fig2,1.4,,,,,,0.0002745,000274500,
D4.2__Fig 2__SQUID_data__IVB_BS30_A1S1_I_coil_+-0.3mA_fine_284mK_191103__IVB__T_1p40K[0.000275250],10000,-2.2685e-05,2.238906e-05,4.507406e-05,0.09056601963855893,False,I_A,6.0,BS30_A1S1,Fig2,1.4,,,,,,0.00027525,000275250,
D4.2__Fig 2__SQUID_data__IVB_BS30_A1S1_I_coil_+-0.3mA_fine_284mK_191103__IVB__T_1p40K[0.000276000],10000,-2.268449e-05,2.238814e-05,4.5072629999999995e-05,0.09289499182499139,False,I_A,6.0,BS30_A1S1,Fig2,1.4,,,,,,0.000276,000276000,
D4.2__Fig 2__SQUID_data__IVB_BS30_A1S1_I_coil_+-0.3mA_fine_284mK_191103__IVB__T_1p40K[0.000276750],10000,-2.26849e-05,2.238824e-05,4.507314e-05,0.09186578294304155,False,I_A,6.0,BS30_A1S1,Fig2,1.4,,,,,,0.00027675,000276750,
D4.2__Fig 2__SQUID_data__IVB_BS30_A1S1_I_coil_+-0.3mA_fine_284mK_191103__IVB__T_1p40K[0.000277500],10000,-2.268413e-05,2.238835e-05,4.507248e-05,0.09535391345808125,False,I_A,6.0,BS30_A1S1,Fig2,1.4,,,,,,0.0002775,000277500,
D4.2__Fig 2__SQUID_data__IVB_BS30_A1S1_I_coil_+-0.3mA_fine_284mK_191103__IVB__T_1p40K[0.000278250],10000,-2.268424e-05,2.238799e-05,4.507223e-05,0.08977534196758456,False,I_A,6.0,BS30_A1S1,Fig2,1.4,,,,,,0.00027825,000278250,
D4.2__Fig 2__SQUID_data__IVB_BS30_A1S1_I_coil_+-0.3mA_fine_284mK_191103__IVB__T_1p40K[0.000279000],10000,-2.26852e-05,2.238835e-05,4.5073550000000005e-05,0.09187569170469445,False,I_A,6.0,BS30_A1S1,Fig2,1.4,,,,,,0.000279,000279000,
D4.2__Fig 2__SQUID_data__IVB_BS30_A1S1_I_coil_+-0.3mA_fine_284mK_191103__IVB__T_1p40K[0.000279750],10000,-2.268439e-05,2.23884e-05,4.507279e-05,0.09543472862960903,False,I_A,6.0,BS30_A1S1,Fig2,1.4,,,,,,0.00027975,000279750,
D4.2__Fig 2__SQUID_data__IVB_BS30_A1S1_I_coil_+-0.3mA_fine_284mK_191103__IVB__T_1p40K[0.000280500],10000,-2.268449e-05,2.238865e-05,4.507314e-05,0.09239430600934434,False,I_A,6.0,BS30_A1S1,Fig2,1.4,,,,,,0.0002805,000280500,
D4.2__Fig 2__SQUID_data__IVB_BS30_A1S1_I_coil_+-0.3mA_fine_284mK_191103__IVB__T_1p40K[0.000281250],10000,-2.26849e-05,2.23887e-05,4.50736e-05,0.09471736863192366,False,I_A,6.0,BS30_A1S1,Fig2,1.4,,,,,,0.00028125,000281250,
D4.2__Fig 2__SQUID_data__IVB_BS30_A1S1_I_coil_+-0.3mA_fine_284mK_191103__IVB__T_1p40K[0.000282000],10000,-2.26852e-05,2.238824e-05,4.507344e-05,0.09462899247756994,False,I_A,6.0,BS30_A1S1,Fig2,1.4,,,,,,0.000282,000282000,
D4.2__Fig 2__SQUID_data__IVB_BS30_A1S1_I_coil_+-0.3mA_fine_284mK_191103__IVB__T_1p40K[0.000282750],10000,-2.2685e-05,2.238824e-05,4.507324e-05,0.09060105751200061,False,I_A,6.0,BS30_A1S1,Fig2,1.4,,,,,,0.00028275,000282750,
D4.2__Fig 2__SQUID_data__IVB_BS30_A1S1_I_coil_+-0.3mA_fine_284mK_191103__IVB__T_1p40K[0.000283500],10000,-2.268434e-05,2.238819e-05,4.507253e-05,0.09815105908203008,False,I_A,6.0,BS30_A1S1,Fig2,1.4,,,,,,0.0002835,000283500,
D4.2__Fig 2__SQUID_data__IVB_BS30_A1S1_I_coil_+-0.3mA_fine_284mK_191103__IVB__T_1p40K[0.000284250],10000,-2.268444e-05,2.238855e-05,4.507299e-05,0.09596569601593005,False,I_A,6.0,BS30_A1S1,Fig2,1.4,,,,,,0.00028425,000284250,
D4.2__Fig 2__SQUID_data__IVB_BS30_A1S1_I_coil_+-0.3mA_fine_284mK_191103__IVB__T_1p40K[0.000285000],10000,-2.268403e-05,2.238911e-05,4.507314e-05,0.09110256084241092,False,I_A,6.0,BS30_A1S1,Fig2,1.4,,,,,,0.000285,000285000,
D4.2__Fig 2__SQUID_data__IVB_BS30_A1S1_I_coil_+-0.3mA_fine_284mK_191103__IVB__T_1p40K[0.000285750],10000,-2.268403e-05,2.238824e-05,4.507227e-05,0.09505363634145307,False,I_A,6.0,BS30_A1S1,Fig2,1.4,,,,,,0.00028575,000285750,
D4.2__Fig 2__SQUID_data__IVB_BS30_A1S1_I_coil_+-0.3mA_fine_284mK_191103__IVB__T_1p40K[0.000286500],10000,-2.268413e-05,2.238835e-05,4.507248e-05,0.09002431116325856,False,I_A,6.0,BS30_A1S1,Fig2,1.4,,,,,,0.0002865,000286500,
D4.2__Fig 2__SQUID_data__IVB_BS30_A1S1_I_coil_+-0.3mA_fine_284mK_191103__IVB__T_1p40K[0.000287250],10000,-2.268449e-05,2.238901e-05,4.50735e-05,0.0921791360930166,False,I_A,6.0,BS30_A1S1,Fig2,1.4,,,,,,0.00028725,000287250,
D4.2__Fig 2__SQUID_data__IVB_BS30_A1S1_I_coil_+-0.3mA_fine_284mK_191103__IVB__T_1p40K[0.000288000],10000,-2.268418e-05,2.23887e-05,4.507288e-05,0.09293250395464472,False,I_A,6.0,BS30_A1S1,Fig2,1.4,,,,,,0.000288,000288000,
D4.2__Fig 2__SQUID_data__IVB_BS30_A1S1_I_coil_+-0.3mA_fine_284mK_191103__IVB__T_1p40K[0.000288750],10000,-2.268434e-05,2.23887e-05,4.5073039999999996e-05,0.09341094213008128,False,I_A,6.0,BS30_A1S1,Fig2,1.4,,,,,,0.00028875,000288750,
D4.2__Fig 2__SQUID_data__IVB_BS30_A1S1_I_coil_+-0.3mA_fine_284mK_191103__IVB__T_1p40K[0.000289500],10000,-2.268566e-05,2.238941e-05,4.507507e-05,0.09359175365199089,False,I_A,6.0,BS30_A1S1,Fig2,1.4,,,,,,0.0002895,000289500,
D4.2__Fig 2__SQUID_data__IVB_BS30_A1S1_I_coil_+-0.3mA_fine_284mK_191103__IVB__T_1p40K[0.000290250],10000,-2.268485e-05,2.238829e-05,4.507314e-05,0.09066531915987354,False,I_A,6.0,BS30_A1S1,Fig2,1.4,,,,,,0.00029025,000290250,
D4.2__Fig 2__SQUID_data__IVB_BS30_A1S1_I_coil_+-0.3mA_fine_284mK_191103__IVB__T_1p40K[0.000291000],10000,-2.268525e-05,2.238906e-05,4.5074310000000004e-05,0.09832675592077218,False,I_A,6.0,BS30_A1S1,Fig2,1.4,,,,,,0.000291,000291000,
D4.2__Fig 2__SQUID_data__IVB_BS30_A1S1_I_coil_+-0.3mA_fine_284mK_191103__IVB__T_1p40K[0.000291750],10000,-2.268541e-05,2.238931e-05,4.507472e-05,0.09005171703739356,False,I_A,6.0,BS30_A1S1,Fig2,1.4,,,,,,0.00029175,000291750,
D4.2__Fig 2__SQUID_data__IVB_BS30_A1S1_I_coil_+-0.3mA_fine_284mK_191103__IVB__T_1p40K[0.000292500],10000,-2.268515e-05,2.238962e-05,4.507477e-05,0.09355122790910761,False,I_A,6.0,BS30_A1S1,Fig2,1.4,,,,,,0.0002925,000292500,
D4.2__Fig 2__SQUID_data__IVB_BS30_A1S1_I_coil_+-0.3mA_fine_284mK_191103__IVB__T_1p40K[0.000293250],10000,-2.2685e-05,2.238875e-05,4.5073750000000005e-05,0.09095159271658791,False,I_A,6.0,BS30_A1S1,Fig2,1.4,,,,,,0.00029325,000293250,
D4.2__Fig 2__SQUID_data__IVB_BS30_A1S1_I_coil_+-0.3mA_fine_284mK_191103__IVB__T_1p40K[0.000294000],10000,-2.268556e-05,2.238916e-05,4.507472e-05,0.09411511806288238,False,I_A,6.0,BS30_A1S1,Fig2,1.4,,,,,,0.000294,000294000,
D4.2__Fig 2__SQUID_data__IVB_BS30_A1S1_I_coil_+-0.3mA_fine_284mK_191103__IVB__T_1p40K[0.000294750],10000,-2.268596e-05,2.238982e-05,4.507578e-05,0.09069476501418536,False,I_A,6.0,BS30_A1S1,Fig2,1.4,,,,,,0.00029475,000294750,
D4.2__Fig 2__SQUID_data__IVB_BS30_A1S1_I_coil_+-0.3mA_fine_284mK_191103__IVB__T_1p40K[0.000295500],10000,-2.268566e-05,2.239069e-05,4.507635e-05,0.09062045077473431,False,I_A,6.0,BS30_A1S1,Fig2,1.4,,,,,,0.0002955,000295500,
D4.2__Fig 2__SQUID_data__IVB_BS30_A1S1_I_coil_+-0.3mA_fine_284mK_191103__IVB__T_1p40K[0.000296250],10000,-2.268444e-05,2.238946e-05,4.50739e-05,0.09364968799457153,False,I_A,6.0,BS30_A1S1,Fig2,1.4,,,,,,0.00029625,000296250,
D4.2__Fig 2__SQUID_data__IVB_BS30_A1S1_I_coil_+-0.3mA_fine_284mK_191103__IVB__T_1p40K[0.000297000],10000,-2.268596e-05,2.238982e-05,4.507578e-05,0.09113861877216092,False,I_A,6.0,BS30_A1S1,Fig2,1.4,,,,,,0.000297,000297000,
D4.2__Fig 2__SQUID_data__IVB_BS30_A1S1_I_coil_+-0.3mA_fine_284mK_191103__IVB__T_1p40K[0.000297750],10000,-2.268551e-05,2.23914e-05,4.5076909999999996e-05,0.08899952127797214,False,I_A,6.0,BS30_A1S1,Fig2,1.4,,,,,,0.00029775,000297750,
D4.2__Fig 2__SQUID_data__IVB_BS30_A1S1_I_coil_+-0.3mA_fine_284mK_191103__IVB__T_1p40K[0.000298500],10000,-2.268551e-05,2.239099e-05,4.5076499999999994e-05,0.09336145073128133,False,I_A,6.0,BS30_A1S1,Fig2,1.4,,,,,,0.0002985,000298500,
D4.2__Fig 2__SQUID_data__IVB_BS30_A1S1_I_coil_+-0.3mA_fine_284mK_191103__IVB__T_1p40K[0.000299250],10000,-2.268586e-05,2.239206e-05,4.507792e-05,0.09651157848658191,False,I_A,6.0,BS30_A1S1,Fig2,1.4,,,,,,0.00029925,000299250,
D4.2__Fig 2__SQUID_data__IVB_BS30_A1S1_I_coil_+-0.3mA_fine_284mK_191103__IVB__T_1p40K[0.000300000],10000,-2.231345e-05,2.164051e-05,4.3953960000000004e-05,0.27120197300257703,True,I_A,6.0,BS30_A1S1,Fig2,1.4,,,,,,0.0003,000300000,
D4.2__Fig 2__SQUID_data__IVI_BS30_A1S1_I_contrl_+-0.15mA_285mK_191103__IVB__T_1p40K[-0.000000375],10000,-2.042983e-05,2.010184e-05,4.053167e-05,0.11183650231285981,False,I_A,6.0,BS30_A1S1,Fig2,1.4,,,,,,,000000375,-3.75e-07
D4.2__Fig 2__SQUID_data__IVI_BS30_A1S1_I_contrl_+-0.15mA_285mK_191103__IVB__T_1p40K[-0.000000750],10000,-2.042642e-05,2.00937e-05,4.052012e-05,0.11107402354594813,False,I_A,6.0,BS30_A1S1,Fig2,1.4,,,,,,,000000750,-7.5e-07
D4.2__Fig 2__SQUID_data__IVI_BS30_A1S1_I_contrl_+-0.15mA_285mK_191103__IVB__T_1p40K[-0.000001125],10000,-2.042266e-05,2.008602e-05,4.050868e-05,0.11250957365763174,False,I_A,6.0,BS30_A1S1,Fig2,1.4,,,,,,,000001125,-1.125e-06
D4.2__Fig 2__SQUID_data__IVI_BS30_A1S1_I_contrl_+-0.15mA_285mK_191103__IVB__T_1p40K[-0.000001500],10000,-2.040872e-05,2.008383e-05,4.049255e-05,0.11597047915534137,False,I_A,6.0,BS30_A1S1,Fig2,1.4,,,,,,,000001500,-1.5e-06
D4.2__Fig 2__SQUID_data__IVI_BS30_A1S1_I_contrl_+-0.15mA_285mK_191103__IVB__T_1p40K[-0.000001875],10000,-2.039835e-05,2.008744e-05,4.0485790000000004e-05,0.11551147712351331,False,I_A,6.0,BS30_A1S1,Fig2,1.4,,,,,,,000001875,-1.875e-06
D4.2__Fig 2__SQUID_data__IVI_BS30_A1S1_I_contrl_+-0.15mA_285mK_191103__IVB__T_1p40K[-0.000002250],10000,-2.03869e-05,2.009126e-05,4.047816e-05,0.11734126523458548,False,I_A,6.0,BS30_A1S1,Fig2,1.4,,,,,,,000002250,-2.25e-06
D4.2__Fig 2__SQUID_data__IVI_BS30_A1S1_I_contrl_+-0.15mA_285mK_191103__IVB__T_1p40K[-0.000002625],10000,-2.039733e-05,2.011496e-05,4.051229e-05,0.11272624633225208,False,I_A,6.0,BS30_A1S1,Fig2,1.4,,,,,,,000002625,-2.625e-06
D4.2__Fig 2__SQUID_data__IVI_BS30_A1S1_I_contrl_+-0.15mA_285mK_191103__IVB__T_1p40K[-0.000003000],10000,-2.041956e-05,2.011369e-05,4.0533250000000004e-05,0.12039321552577929,False,I_A,6.0,BS30_A1S1,Fig2,1.4,,,,,,,000003000,-3e-06
D4.2__Fig 2__SQUID_data__IVI_BS30_A1S1_I_contrl_+-0.15mA_285mK_191103__IVB__T_1p40K[-0.000003375],10000,-2.04189e-05,2.010016e-05,4.051906e-05,0.1197120866229598,False,I_A,6.0,BS30_A1S1,Fig2,1.4,,,,,,,000003375,-3.375e-06
D4.2__Fig 2__SQUID_data__IVI_BS30_A1S1_I_contrl_+-0.15mA_285mK_191103__IVB__T_1p40K[-0.000003750],10000,-2.038858e-05,2.010753e-05,4.0496109999999994e-05,0.1272606868362394,False,I_A,6.0,BS30_A1S1,Fig2,1.4,,,,,,,000003750,-3.75e-06
D4.2__Fig 2__SQUID_data__IVI_BS30_A1S1_I_contrl_+-0.15mA_285mK_191103__IVB__T_1p40K[-0.000004125],10000,-2.03986e-05,2.012427e-05,4.052287e-05,0.11698850229323536,False,I_A,6.0,BS30_A1S1,Fig2,1.4,,,,,,,000004125,-4.125e-06
D4.2__Fig 2__SQUID_data__IVI_BS30_A1S1_I_contrl_+-0.15mA_285mK_191103__IVB__T_1p40K[-0.000004500],10000,-2.042215e-05,2.012142e-05,4.054357e-05,0.11083022842863696,False,I_A,6.0,BS30_A1S1,Fig2,1.4,,,,,,,000004500,-4.5e-06
D4.2__Fig 2__SQUID_data__IVI_BS30_A1S1_I_contrl_+-0.15mA_285mK_191103__IVB__T_1p40K[-0.000004875],10000,-2.04278e-05,2.010977e-05,4.053757e-05,0.11669349304999264,False,I_A,6.0,BS30_A1S1,Fig2,1.4,,,,,,,000004875,-4.875e-06
D4.2__Fig 2__SQUID_data__IVI_BS30_A1S1_I_contrl_+-0.15mA_285mK_191103__IVB__T_1p40K[-0.000005250],10000,-2.041584e-05,2.008846e-05,4.05043e-05,0.11985391450153918,False,I_A,6.0,BS30_A1S1,Fig2,1.4,,,,,,,000005250,-5.25e-06
D4.2__Fig 2__SQUID_data__IVI_BS30_A1S1_I_contrl_+-0.15mA_285mK_191103__IVB__T_1p40K[-0.000005625],10000,-2.039926e-05,2.008943e-05,4.0488690000000004e-05,0.11232958250173536,False,I_A,6.0,BS30_A1S1,Fig2,1.4,,,,,,,000005625,-5.625e-06
D4.2__Fig 2__SQUID_data__IVI_BS30_A1S1_I_contrl_+-0.15mA_285mK_191103__IVB__T_1p40K[-0.000006000],10000,-2.03868e-05,2.009477e-05,4.048157e-05,0.11414699360069494,False,I_A,6.0,BS30_A1S1,Fig2,1.4,,,,,,,000006000,-6e-06
D4.2__Fig 2__SQUID_data__IVI_BS30_A1S1_I_contrl_+-0.15mA_285mK_191103__IVB__T_1p40K[-0.000006375],10000,-2.038568e-05,2.010494e-05,4.049062e-05,0.11113859193439035,False,I_A,6.0,BS30_A1S1,Fig2,1.4,,,,,,,000006375,-6.375e-06
D4.2__Fig 2__SQUID_data__IVI_BS30_A1S1_I_contrl_+-0.15mA_285mK_191103__IVB__T_1p40K[-0.000006750],10000,-2.038797e-05,2.010692e-05,4.0494890000000004e-05,0.11016241836711561,False,I_A,6.0,BS30_A1S1,Fig2,1.4,,,,,,,000006750,-6.75e-06
D4.2__Fig 2__SQUID_data__IVI_BS30_A1S1_I_contrl_+-0.15mA_285mK_191103__IVB__T_1p40K[-0.000007125],10000,-2.03898e-05,2.01174e-05,4.05072e-05,0.11762852322058644,False,I_A,6.0,BS30_A1S1,Fig2,1.4,,,,,,,000007125,-7.125e-06
D4.2__Fig 2__SQUID_data__IVI_BS30_A1S1_I_contrl_+-0.15mA_285mK_191103__IVB__T_1p40K[-0.000007500],10000,-2.040343e-05,2.01265e-05,4.052993e-05,0.10956342908983713,False,I_A,6.0,BS30_A1S1,Fig2,1.4,,,,,,,000007500,-7.5e-06
D4.2__Fig 2__SQUID_data__IVI_BS30_A1S1_I_contrl_+-0.15mA_285mK_191103__IVB__T_1p40K[-0.000007875],10000,-2.039072e-05,2.009985e-05,4.049057e-05,0.11085089149641662,False,I_A,6.0,BS30_A1S1,Fig2,1.4,,,,,,,000007875,-7.875e-06
D4.2__Fig 2__SQUID_data__IVI_BS30_A1S1_I_contrl_+-0.15mA_285mK_191103__IVB__T_1p40K[-0.000008250],10000,-2.040715e-05,2.011094e-05,4.051809e-05,0.11456583296401174,False,I_A,6.0,BS30_A1S1,Fig2,1.4,,,,,,,000008250,-8.25e-06
D4.2__Fig 2__SQUID_data__IVI_BS30_A1S1_I_contrl_+-0.15mA_285mK_191103__IVB__T_1p40K[-0.000008625],10000,-2.041569e-05,2.011715e-05,4.053284e-05,0.11211108558756175,False,I_A,6.0,BS30_A1S1,Fig2,1.4,,,,,,,000008625,-8.625e-06
D4.2__Fig 2__SQUID_data__IVI_BS30_A1S1_I_contrl_+-0.15mA_285mK_191103__IVB__T_1p40K[-0.000009000],10000,-2.041254e-05,2.008765e-05,4.050019e-05,0.11568966180651633,False,I_A,6.0,BS30_A1S1,Fig2,1.4,,,,,,,000009000,-9e-06
D4.2__Fig 2__SQUID_data__IVI_BS30_A1S1_I_contrl_+-0.15mA_285mK_191103__IVB__T_1p40K[-0.000009375],10000,-2.039331e-05,2.011862e-05,4.051193e-05,0.11028411056155688,False,I_A,6.0,BS30_A1S1,Fig2,1.4,,,,,,,000009375,-9.375e-06
D4.2__Fig 2__SQUID_data__IVI_BS30_A1S1_I_contrl_+-0.15mA_285mK_191103__IVB__T_1p40K[-0.000009750],10000,-2.042134e-05,2.01113e-05,4.053264e-05,0.118758483476596,False,I_A,6.0,BS30_A1S1,Fig2,1.4,,,,,,,000009750,-9.75e-06
D4.2__Fig 2__SQUID_data__IVI_BS30_A1S1_I_contrl_+-0.15mA_285mK_191103__IVB__T_1p40K[-0.000010125],10000,-2.040109e-05,2.009375e-05,4.049484e-05,0.11550652621144897,False,I_A,6.0,BS30_A1S1,Fig2,1.4,,,,,,,000010125,-1.0125e-05
D4.2__Fig 2__SQUID_data__IVI_BS30_A1S1_I_contrl_+-0.15mA_285mK_191103__IVB__T_1p40K[-0.000010500],10000,-2.040883e-05,2.011018e-05,4.051901e-05,0.11564850893787186,False,I_A,6.0,BS30_A1S1,Fig2,1.4,,,,,,,000010500,-1.05e-05
D4.2__Fig 2__SQUID_data__IVI_BS30_A1S1_I_contrl_+-0.15mA_285mK_191103__IVB__T_1p40K[-0.000010875],10000,-2.042673e-05,2.011069e-05,4.053742e-05,0.12363841858739578,False,I_A,6.0,BS30_A1S1,Fig2,1.4,,,,,,,000010875,-1.0875e-05
D4.2__Fig 2__SQUID_data__IVI_BS30_A1S1_I_contrl_+-0.15mA_285mK_191103__IVB__T_1p40K[-0.000011250],10000,-2.042312e-05,2.009049e-05,4.051361e-05,0.11181940036749091,False,I_A,6.0,BS30_A1S1,Fig2,1.4,,,,,,,000011250,-1.125e-05
D4.2__Fig 2__SQUID_data__IVI_BS30_A1S1_I_contrl_+-0.15mA_285mK_191103__IVB__T_1p40K[-0.000011625],10000,-2.039565e-05,2.010011e-05,4.049576e-05,0.11635954826764434,False,I_A,6.0,BS30_A1S1,Fig2,1.4,,,,,,,000011625,-1.1625e-05
D4.2__Fig 2__SQUID_data__IVI_BS30_A1S1_I_contrl_+-0.15mA_285mK_191103__IVB__T_1p40K[-0.000012000],10000,-2.040725e-05,2.011903e-05,4.0526280000000004e-05,0.10950009200012054,False,I_A,6.0,BS30_A1S1,Fig2,1.4,,,,,,,000012000,-1.2e-05
D4.2__Fig 2__SQUID_data__IVI_BS30_A1S1_I_contrl_+-0.15mA_285mK_191103__IVB__T_1p40K[-0.000012375],10000,-2.042388e-05,2.009802e-05,4.05219e-05,0.11728005127044284,False,I_A,6.0,BS30_A1S1,Fig2,1.4,,,,,,,000012375,-1.2375e-05
D4.2__Fig 2__SQUID_data__IVI_BS30_A1S1_I_contrl_+-0.15mA_285mK_191103__IVB__T_1p40K[-0.000012750],10000,-2.039331e-05,2.01057e-05,4.049901e-05,0.11417945011327385,False,I_A,6.0,BS30_A1S1,Fig2,1.4,,,,,,,000012750,-1.275e-05
D4.2__Fig 2__SQUID_data__IVI_BS30_A1S1_I_contrl_+-0.15mA_285mK_191103__IVB__T_1p40K[-0.000013125],10000,-2.041035e-05,2.011608e-05,4.052643e-05,0.11161021498476598,False,I_A,6.0,BS30_A1S1,Fig2,1.4,,,,,,,000013125,-1.3125e-05
D4.2__Fig 2__SQUID_data__IVI_BS30_A1S1_I_contrl_+-0.15mA_285mK_191103__IVB__T_1p40K[-0.000013500],10000,-2.04162e-05,2.011114e-05,4.052734e-05,0.11404377170454412,False,I_A,6.0,BS30_A1S1,Fig2,1.4,,,,,,,000013500,-1.35e-05
D4.2__Fig 2__SQUID_data__IVI_BS30_A1S1_I_contrl_+-0.15mA_285mK_191103__IVB__T_1p40K[-0.000013875],10000,-2.039881e-05,2.009639e-05,4.04952e-05,0.11146725866015751,False,I_A,6.0,BS30_A1S1,Fig2,1.4,,,,,,,000013875,-1.3875e-05
D4.2__Fig 2__SQUID_data__IVI_BS30_A1S1_I_contrl_+-0.15mA_285mK_191103__IVB__T_1p40K[-0.000014250],10000,-2.039153e-05,2.011699e-05,4.050852e-05,0.11841712668149773,False,I_A,6.0,BS30_A1S1,Fig2,1.4,,,,,,,000014250,-1.425e-05
D4.2__Fig 2__SQUID_data__IVI_BS30_A1S1_I_contrl_+-0.15mA_285mK_191103__IVB__T_1p40K[-0.000014625],10000,-2.041717e-05,2.011491e-05,4.053208e-05,0.11581804790604701,False,I_A,6.0,BS30_A1S1,Fig2,1.4,,,,,,,000014625,-1.4625e-05
D4.2__Fig 2__SQUID_data__IVI_BS30_A1S1_I_contrl_+-0.15mA_285mK_191103__IVB__T_1p40K[-0.000015000],10000,-2.040231e-05,2.009441e-05,4.0496719999999996e-05,0.11405500060241501,False,I_A,6.0,BS30_A1S1,Fig2,1.4,,,,,,,000015000,-1.5e-05
D4.2__Fig 2__SQUID_data__IVI_BS30_A1S1_I_contrl_+-0.15mA_285mK_191103__IVB__T_1p40K[-0.000015375],10000,-2.041172e-05,2.011292e-05,4.052464e-05,0.1122468986677471,False,I_A,6.0,BS30_A1S1,Fig2,1.4,,,,,,,000015375,-1.5375e-05
D4.2__Fig 2__SQUID_data__IVI_BS30_A1S1_I_contrl_+-0.15mA_285mK_191103__IVB__T_1p40K[-0.000015750],10000,-2.041376e-05,2.010382e-05,4.0517580000000005e-05,0.11146362933033531,False,I_A,6.0,BS30_A1S1,Fig2,1.4,,,,,,,000015750,-1.575e-05
D4.2__Fig 2__SQUID_data__IVI_BS30_A1S1_I_contrl_+-0.15mA_285mK_191103__IVB__T_1p40K[-0.000016125],10000,-2.039911e-05,2.01113e-05,4.051041e-05,0.11412179519102203,False,I_A,6.0,BS30_A1S1,Fig2,1.4,,,,,,,000016125,-1.6125e-05
D4.2__Fig 2__SQUID_data__IVI_BS30_A1S1_I_contrl_+-0.15mA_285mK_191103__IVB__T_1p40K[-0.000016500],10000,-2.041844e-05,2.011313e-05,4.053157e-05,0.11235237325349641,False,I_A,6.0,BS30_A1S1,Fig2,1.4,,,,,,,000016500,-1.65e-05
D4.2__Fig 2__SQUID_data__IVI_BS30_A1S1_I_contrl_+-0.15mA_285mK_191103__IVB__T_1p40K[-0.000016875],10000,-2.040928e-05,2.009792e-05,4.05072e-05,0.1106207713347209,False,I_A,6.0,BS30_A1S1,Fig2,1.4,,,,,,,000016875,-1.6875e-05
D4.2__Fig 2__SQUID_data__IVI_BS30_A1S1_I_contrl_+-0.15mA_285mK_191103__IVB__T_1p40K[-0.000017250],10000,-2.041122e-05,2.011679e-05,4.052801e-05,0.11415680726654799,False,I_A,6.0,BS30_A1S1,Fig2,1.4,,,,,,,000017250,-1.725e-05
D4.2__Fig 2__SQUID_data__IVI_BS30_A1S1_I_contrl_+-0.15mA_285mK_191103__IVB__T_1p40K[-0.000017625],10000,-2.040918e-05,2.011598e-05,4.052516e-05,0.10867748671788732,False,I_A,6.0,BS30_A1S1,Fig2,1.4,,,,,,,000017625,-1.7625e-05
D4.2__Fig 2__SQUID_data__IVI_BS30_A1S1_I_contrl_+-0.15mA_285mK_191103__IVB__T_1p40K[-0.000018000],10000,-2.043095e-05,2.010351e-05,4.053446e-05,0.1130685344660143,False,I_A,6.0,BS30_A1S1,Fig2,1.4,,,,,,,000018000,-1.8e-05
D4.2__Fig 2__SQUID_data__IVI_BS30_A1S1_I_contrl_+-0.15mA_285mK_191103__IVB__T_1p40K[-0.000018375],10000,-2.04134e-05,2.008815e-05,4.0501549999999995e-05,0.11252759520645152,False,I_A,6.0,BS30_A1S1,Fig2,1.4,,,,,,,000018375,-1.8375e-05
D4.2__Fig 2__SQUID_data__IVI_BS30_A1S1_I_contrl_+-0.15mA_285mK_191103__IVB__T_1p40K[-0.000018750],10000,-2.040476e-05,2.008759e-05,4.049235e-05,0.10851828546261273,False,I_A,6.0,BS30_A1S1,Fig2,1.4,,,,,,,000018750,-1.875e-05
D4.2__Fig 2__SQUID_data__IVI_BS30_A1S1_I_contrl_+-0.15mA_285mK_191103__IVB__T_1p40K[-0.000019125],10000,-2.039814e-05,2.008937e-05,4.048751e-05,0.11355273260250756,False,I_A,6.0,BS30_A1S1,Fig2,1.4,,,,,,,000019125,-1.9125e-05
D4.2__Fig 2__SQUID_data__IVI_BS30_A1S1_I_contrl_+-0.15mA_285mK_191103__IVB__T_1p40K[-0.000019500],10000,-2.038985e-05,2.009207e-05,4.0481920000000004e-05,0.11300226887484394,False,I_A,6.0,BS30_A1S1,Fig2,1.4,,,,,,,000019500,-1.95e-05
D4.2__Fig 2__SQUID_data__IVI_BS30_A1S1_I_contrl_+-0.15mA_285mK_191103__IVB__T_1p40K[-0.000019875],10000,-2.038884e-05,2.010295e-05,4.0491790000000004e-05,0.11310599937547075,False,I_A,6.0,BS30_A1S1,Fig2,1.4,,,,,,,000019875,-1.9875e-05
D4.2__Fig 2__SQUID_data__IVI_BS30_A1S1_I_contrl_+-0.15mA_285mK_191103__IVB__T_1p40K[-0.000020250],10000,-2.040013e-05,2.012483e-05,4.052496e-05,0.12687693481150325,False,I_A,6.0,BS30_A1S1,Fig2,1.4,,,,,,,000020250,-2.025e-05
D4.2__Fig 2__SQUID_data__IVI_BS30_A1S1_I_contrl_+-0.15mA_285mK_191103__IVB__T_1p40K[-0.000020625],10000,-2.04189e-05,2.012594e-05,4.054484e-05,0.11834143983161229,False,I_A,6.0,BS30_A1S1,Fig2,1.4,,,,,,,000020625,-2.0625e-05
D4.2__Fig 2__SQUID_data__IVI_BS30_A1S1_I_contrl_+-0.15mA_285mK_191103__IVB__T_1p40K[-0.000021000],10000,-2.042831e-05,2.011531e-05,4.054362e-05,0.11799650920058657,False,I_A,6.0,BS30_A1S1,Fig2,1.4,,,,,,,000021000,-2.1e-05
D4.2__Fig 2__SQUID_data__IVI_BS30_A1S1_I_contrl_+-0.15mA_285mK_191103__IVB__T_1p40K[-0.000021375],10000,-2.042525e-05,2.009426e-05,4.051951e-05,0.11684565567164731,False,I_A,6.0,BS30_A1S1,Fig2,1.4,,,,,,,000021375,-2.1375e-05
D4.2__Fig 2__SQUID_data__IVI_BS30_A1S1_I_contrl_+-0.15mA_285mK_191103__IVB__T_1p40K[-0.000021750],10000,-2.041055e-05,2.008729e-05,4.049784e-05,0.10883916000847518,False,I_A,6.0,BS30_A1S1,Fig2,1.4,,,,,,,000021750,-2.175e-05
D4.2__Fig 2__SQUID_data__IVI_BS30_A1S1_I_contrl_+-0.15mA_285mK_191103__IVB__T_1p40K[-0.000022125],10000,-2.03925e-05,2.009227e-05,4.048477e-05,0.11104241691810945,False,I_A,6.0,BS30_A1S1,Fig2,1.4,,,,,,,000022125,-2.2125e-05
D4.2__Fig 2__SQUID_data__IVI_BS30_A1S1_I_contrl_+-0.15mA_285mK_191103__IVB__T_1p40K[-0.000022500],10000,-2.038594e-05,2.009578e-05,4.0481720000000004e-05,0.11524776855028597,False,I_A,6.0,BS30_A1S1,Fig2,1.4,,,,,,,000022500,-2.25e-05
D4.2__Fig 2__SQUID_data__IVI_BS30_A1S1_I_contrl_+-0.15mA_285mK_191103__IVB__T_1p40K[-0.000022875],10000,-2.038329e-05,2.009894e-05,4.048223e-05,0.11300022927629982,False,I_A,6.0,BS30_A1S1,Fig2,1.4,,,,,,,000022875,-2.2875e-05
D4.2__Fig 2__SQUID_data__IVI_BS30_A1S1_I_contrl_+-0.15mA_285mK_191103__IVB__T_1p40K[-0.000023250],10000,-2.038522e-05,2.010046e-05,4.0485679999999996e-05,0.1159158755091532,False,I_A,6.0,BS30_A1S1,Fig2,1.4,,,,,,,000023250,-2.325e-05
D4.2__Fig 2__SQUID_data__IVI_BS30_A1S1_I_contrl_+-0.15mA_285mK_191103__IVB__T_1p40K[-0.000023625],10000,-2.038914e-05,2.010713e-05,4.0496270000000005e-05,0.11328261552120483,False,I_A,6.0,BS30_A1S1,Fig2,1.4,,,,,,,000023625,-2.3625e-05
D4.2__Fig 2__SQUID_data__IVI_BS30_A1S1_I_contrl_+-0.15mA_285mK_191103__IVB__T_1p40K[-0.000024000],10000,-2.039021e-05,2.011791e-05,4.050812e-05,0.11492453018986719,False,I_A,6.0,BS30_A1S1,Fig2,1.4,,,,,,,000024000,-2.4e-05
D4.2__Fig 2__SQUID_data__IVI_BS30_A1S1_I_contrl_+-0.15mA_285mK_191103__IVB__T_1p40K[-0.000024375],10000,-2.040557e-05,2.013001e-05,4.0535580000000004e-05,0.11640700242554058,False,I_A,6.0,BS30_A1S1,Fig2,1.4,,,,,,,000024375,-2.4375e-05
D4.2__Fig 2__SQUID_data__IVI_BS30_A1S1_I_contrl_+-0.15mA_285mK_191103__IVB__T_1p40K[-0.000024750],10000,-2.04192e-05,2.012457e-05,4.0543769999999994e-05,0.1167270071484504,False,I_A,6.0,BS30_A1S1,Fig2,1.4,,,,,,,000024750,-2.475e-05
D4.2__Fig 2__SQUID_data__IVI_BS30_A1S1_I_contrl_+-0.15mA_285mK_191103__IVB__T_1p40K[-0.000025125],10000,-2.04277e-05,2.01146e-05,4.05423e-05,0.11468793538224674,False,I_A,6.0,BS30_A1S1,Fig2,1.4,,,,,,,000025125,-2.5125e-05
D4.2__Fig 2__SQUID_data__IVI_BS30_A1S1_I_contrl_+-0.15mA_285mK_191103__IVB__T_1p40K[-0.000025500],10000,-2.042622e-05,2.010021e-05,4.052643e-05,0.1148340664575235,False,I_A,6.0,BS30_A1S1,Fig2,1.4,,,,,,,000025500,-2.55e-05
D4.2__Fig 2__SQUID_data__IVI_BS30_A1S1_I_contrl_+-0.15mA_285mK_191103__IVB__T_1p40K[-0.000025875],10000,-2.042683e-05,2.009655e-05,4.0523380000000004e-05,0.11753974768131259,False,I_A,6.0,BS30_A1S1,Fig2,1.4,,,,,,,000025875,-2.5875e-05
D4.2__Fig 2__SQUID_data__IVI_BS30_A1S1_I_contrl_+-0.15mA_285mK_191103__IVB__T_1p40K[-0.000026250],10000,-2.042612e-05,2.009614e-05,4.0522259999999994e-05,0.11839209208237222,False,I_A,6.0,BS30_A1S1,Fig2,1.4,,,,,,,000026250,-2.625e-05
D4.2__Fig 2__SQUID_data__IVI_BS30_A1S1_I_contrl_+-0.15mA_285mK_191103__IVB__T_1p40K[-0.000026625],10000,-2.041991e-05,2.009009e-05,4.0510000000000003e-05,0.12114514322468123,False,I_A,6.0,BS30_A1S1,Fig2,1.4,,,,,,,000026625,-2.6625e-05
D4.2__Fig 2__SQUID_data__IVI_BS30_A1S1_I_contrl_+-0.15mA_285mK_191103__IVB__T_1p40K[-0.000027000],10000,-2.041584e-05,2.008546e-05,4.0501300000000005e-05,0.1272665294300915,False,I_A,6.0,BS30_A1S1,Fig2,1.4,,,,,,,000027000,-2.7e-05
D4.2__Fig 2__SQUID_data__IVI_BS30_A1S1_I_contrl_+-0.15mA_285mK_191103__IVB__T_1p40K[-0.000027375],10000,-2.040704e-05,2.00878e-05,4.049484e-05,0.11494479508689401,False,I_A,6.0,BS30_A1S1,Fig2,1.4,,,,,,,000027375,-2.7375e-05
D4.2__Fig 2__SQUID_data__IVI_BS30_A1S1_I_contrl_+-0.15mA_285mK_191103__IVB__T_1p40K[-0.000027750],10000,-2.039636e-05,2.008978e-05,4.048614e-05,0.11872008651230595,False,I_A,6.0,BS30_A1S1,Fig2,1.4,,,,,,,000027750,-2.775e-05
D4.2__Fig 2__SQUID_data__IVI_BS30_A1S1_I_contrl_+-0.15mA_285mK_191103__IVB__T_1p40K[-0.000028125],10000,-2.03927e-05,2.008754e-05,4.0480239999999995e-05,0.11531287408582562,False,I_A,6.0,BS30_A1S1,Fig2,1.4,,,,,,,000028125,-2.8125e-05
D4.2__Fig 2__SQUID_data__IVI_BS30_A1S1_I_contrl_+-0.15mA_285mK_191103__IVB__T_1p40K[-0.000028500],10000,-2.039896e-05,2.008068e-05,4.047964e-05,0.12149415863610764,False,I_A,6.0,BS30_A1S1,Fig2,1.4,,,,,,,000028500,-2.85e-05
D4.2__Fig 2__SQUID_data__IVI_BS30_A1S1_I_contrl_+-0.15mA_285mK_191103__IVB__T_1p40K[-0.000028875],10000,-2.041386e-05,2.009121e-05,4.050507e-05,0.1265974101197918,False,I_A,6.0,BS30_A1S1,Fig2,1.4,,,,,,,000028875,-2.8875e-05
D4.2__Fig 2__SQUID_data__IVI_BS30_A1S1_I_contrl_+-0.15mA_285mK_191103__IVB__T_1p40K[-0.000029250],10000,-2.042322e-05,2.012065e-05,4.054387e-05,0.11043335658097349,False,I_A,6.0,BS30_A1S1,Fig2,1.4,,,,,,,000029250,-2.925e-05
D4.2__Fig 2__SQUID_data__IVI_BS30_A1S1_I_contrl_+-0.15mA_285mK_191103__IVB__T_1p40K[-0.000029625],10000,-2.042235e-05,2.014146e-05,4.056381e-05,0.13082582443478658,False,I_A,6.0,BS30_A1S1,Fig2,1.4,,,,,,,000029625,-2.9625e-05
D4.2__Fig 2__SQUID_data__IVI_BS30_A1S1_I_contrl_+-0.15mA_285mK_191103__IVB__T_1p40K[-0.000030000],10000,-2.038833e-05,2.012259e-05,4.051092e-05,0.11571035651352976,False,I_A,6.0,BS30_A1S1,Fig2,1.4,,,,,,,000030000,-3e-05
D4.2__Fig 2__SQUID_data__IVI_BS30_A1S1_I_contrl_+-0.15mA_285mK_191103__IVB__T_1p40K[-0.000030375],10000,-2.039194e-05,2.012396e-05,4.0515899999999996e-05,0.11616977000312556,False,I_A,6.0,BS30_A1S1,Fig2,1.4,,,,,,,000030375,-3.0375e-05
D4.2__Fig 2__SQUID_data__IVI_BS30_A1S1_I_contrl_+-0.15mA_285mK_191103__IVB__T_1p40K[-0.000030750],10000,-2.039779e-05,2.012717e-05,4.052496e-05,0.11699887207307728,False,I_A,6.0,BS30_A1S1,Fig2,1.4,,,,,,,000030750,-3.075e-05
D4.2__Fig 2__SQUID_data__IVI_BS30_A1S1_I_contrl_+-0.15mA_285mK_191103__IVB__T_1p40K[-0.000031125],10000,-2.039474e-05,2.012696e-05,4.0521699999999995e-05,0.1244164131252951,False,I_A,6.0,BS30_A1S1,Fig2,1.4,,,,,,,000031125,-3.1125e-05
D4.2__Fig 2__SQUID_data__IVI_BS30_A1S1_I_contrl_+-0.15mA_285mK_191103__IVB__T_1p40K[-0.000031500],10000,-2.040323e-05,2.013118e-05,4.0534410000000003e-05,0.11545830810837085,False,I_A,6.0,BS30_A1S1,Fig2,1.4,,,,,,,000031500,-3.15e-05
D4.2__Fig 2__SQUID_data__IVI_BS30_A1S1_I_contrl_+-0.15mA_285mK_191103__IVB__T_1p40K[-0.000031875],10000,-2.040857e-05,2.013261e-05,4.054118e-05,0.11973270156211427,False,I_A,6.0,BS30_A1S1,Fig2,1.4,,,,,,,000031875,-3.1875e-05
D4.2__Fig 2__SQUID_data__IVI_BS30_A1S1_I_contrl_+-0.15mA_285mK_191103__IVB__T_1p40K[-0.000032250],10000,-2.040114e-05,2.012879e-05,4.052993e-05,0.11305383693291819,False,I_A,6.0,BS30_A1S1,Fig2,1.4,,,,,,,000032250,-3.225e-05
D4.2__Fig 2__SQUID_data__IVI_BS30_A1S1_I_contrl_+-0.15mA_285mK_191103__IVB__T_1p40K[-0.000032625],10000,-2.040679e-05,2.013541e-05,4.05422e-05,0.12018297912800457,False,I_A,6.0,BS30_A1S1,Fig2,1.4,,,,,,,000032625,-3.2625e-05
D4.2__Fig 2__SQUID_data__IVI_BS30_A1S1_I_contrl_+-0.15mA_285mK_191103__IVB__T_1p40K[-0.000033000],10000,-2.039835e-05,2.010774e-05,4.050609e-05,0.1103706701947776,False,I_A,6.0,BS30_A1S1,Fig2,1.4,,,,,,,000033000,-3.3e-05
D4.2__Fig 2__SQUID_data__IVI_BS30_A1S1_I_contrl_+-0.15mA_285mK_191103__IVB__T_1p40K[-0.000033375],10000,-2.040847e-05,2.009655e-05,4.050502e-05,0.11626201846856524,False,I_A,6.0,BS30_A1S1,Fig2,1.4,,,,,,,000033375,-3.3375e-05
D4.2__Fig 2__SQUID_data__IVI_BS30_A1S1_I_contrl_+-0.15mA_285mK_191103__IVB__T_1p40K[-0.000033750],10000,-2.041823e-05,2.010906e-05,4.052729e-05,0.1152995276704456,False,I_A,6.0,BS30_A1S1,Fig2,1.4,,,,,,,000033750,-3.375e-05
D4.2__Fig 2__SQUID_data__IVI_BS30_A1S1_I_contrl_+-0.15mA_285mK_191103__IVB__T_1p40K[-0.000034125],10000,-2.04045e-05,2.012457e-05,4.0529069999999996e-05,0.11551194863187211,False,I_A,6.0,BS30_A1S1,Fig2,1.4,,,,,,,000034125,-3.4125e-05
D4.2__Fig 2__SQUID_data__IVI_BS30_A1S1_I_contrl_+-0.15mA_285mK_191103__IVB__T_1p40K[-0.000034500],10000,-2.040476e-05,2.013118e-05,4.053594e-05,0.11340418504150102,False,I_A,6.0,BS30_A1S1,Fig2,1.4,,,,,,,000034500,-3.45e-05
D4.2__Fig 2__SQUID_data__IVI_BS30_A1S1_I_contrl_+-0.15mA_285mK_191103__IVB__T_1p40K[-0.000034875],10000,-2.03924e-05,2.012462e-05,4.051702e-05,0.11656796845625106,False,I_A,6.0,BS30_A1S1,Fig2,1.4,,,,,,,000034875,-3.4875e-05
D4.2__Fig 2__SQUID_data__IVI_BS30_A1S1_I_contrl_+-0.15mA_285mK_191103__IVB__T_1p40K[-0.000035250],10000,-2.039662e-05,2.012905e-05,4.052567e-05,0.11715624540105338,False,I_A,6.0,BS30_A1S1,Fig2,1.4,,,,,,,000035250,-3.525e-05
D4.2__Fig 2__SQUID_data__IVI_BS30_A1S1_I_contrl_+-0.15mA_285mK_191103__IVB__T_1p40K[-0.000035625],10000,-2.039794e-05,2.01291e-05,4.052704e-05,0.13415503471382706,False,I_A,6.0,BS30_A1S1,Fig2,1.4,,,,,,,000035625,-3.5625e-05
D4.2__Fig 2__SQUID_data__IVI_BS30_A1S1_I_contrl_+-0.15mA_285mK_191103__IVB__T_1p40K[-0.000036000],10000,-2.039418e-05,2.0126e-05,4.052018e-05,0.12801744025085093,False,I_A,6.0,BS30_A1S1,Fig2,1.4,,,,,,,000036000,-3.6e-05
D4.2__Fig 2__SQUID_data__IVI_BS30_A1S1_I_contrl_+-0.15mA_285mK_191103__IVB__T_1p40K[-0.000036375],10000,-2.040186e-05,2.012742e-05,4.052928e-05,0.13080302918559972,False,I_A,6.0,BS30_A1S1,Fig2,1.4,,,,,,,000036375,-3.6375e-05
D4.2__Fig 2__SQUID_data__IVI_BS30_A1S1_I_contrl_+-0.15mA_285mK_191103__IVB__T_1p40K[-0.000036750],10000,-2.038482e-05,2.010285e-05,4.048767e-05,0.11599999087520309,False,I_A,6.0,BS30_A1S1,Fig2,1.4,,,,,,,000036750,-3.675e-05
D4.2__Fig 2__SQUID_data__IVI_BS30_A1S1_I_contrl_+-0.15mA_285mK_191103__IVB__T_1p40K[-0.000037125],10000,-2.038461e-05,2.009634e-05,4.048095e-05,0.11783341742551527,False,I_A,6.0,BS30_A1S1,Fig2,1.4,,,,,,,000037125,-3.7125e-05
D4.2__Fig 2__SQUID_data__IVI_BS30_A1S1_I_contrl_+-0.15mA_285mK_191103__IVB__T_1p40K[-0.000037500],10000,-2.038721e-05,2.011282e-05,4.050003e-05,0.1108968156901728,False,I_A,6.0,BS30_A1S1,Fig2,1.4,,,,,,,000037500,-3.75e-05
D4.2__Fig 2__SQUID_data__IVI_BS30_A1S1_I_contrl_+-0.15mA_285mK_191103__IVB__T_1p40K[-0.000037875],10000,-2.040318e-05,2.01262e-05,4.0529380000000004e-05,0.12195293922567504,False,I_A,6.0,BS30_A1S1,Fig2,1.4,,,,,,,000037875,-3.7875e-05
D4.2__Fig 2__SQUID_data__IVI_BS30_A1S1_I_contrl_+-0.15mA_285mK_191103__IVB__T_1p40K[-0.000038250],10000,-2.042393e-05,2.012701e-05,4.055094e-05,0.12358906182175941,False,I_A,6.0,BS30_A1S1,Fig2,1.4,,,,,,,000038250,-3.825e-05
D4.2__Fig 2__SQUID_data__IVI_BS30_A1S1_I_contrl_+-0.15mA_285mK_191103__IVB__T_1p40K[-0.000038625],10000,-2.042815e-05,2.012518e-05,4.055333e-05,0.13609975013023518,False,I_A,6.0,BS30_A1S1,Fig2,1.4,,,,,,,000038625,-3.8625e-05
D4.2__Fig 2__SQUID_data__IVI_BS30_A1S1_I_contrl_+-0.15mA_285mK_191103__IVB__T_1p40K[-0.000039000],10000,-2.042174e-05,2.013688e-05,4.055862e-05,0.12821990572988515,False,I_A,6.0,BS30_A1S1,Fig2,1.4,,,,,,,000039000,-3.9e-05
D4.2__Fig 2__SQUID_data__IVI_BS30_A1S1_I_contrl_+-0.15mA_285mK_191103__IVB__T_1p40K[-0.000039375],10000,-2.039499e-05,2.011389e-05,4.050888e-05,0.11482679121404182,False,I_A,6.0,BS30_A1S1,Fig2,1.4,,,,,,,000039375,-3.9375e-05
D4.2__Fig 2__SQUID_data__IVI_BS30_A1S1_I_contrl_+-0.15mA_285mK_191103__IVB__T_1p40K[-0.000039750],10000,-2.039952e-05,2.008815e-05,4.048767e-05,0.11370328539047464,False,I_A,6.0,BS30_A1S1,Fig2,1.4,,,,,,,000039750,-3.975e-05
D4.2__Fig 2__SQUID_data__IVI_BS30_A1S1_I_contrl_+-0.15mA_285mK_191103__IVB__T_1p40K[-0.000040125],10000,-2.042373e-05,2.010326e-05,4.052699e-05,0.11653505167621625,False,I_A,6.0,BS30_A1S1,Fig2,1.4,,,,,,,000040125,-4.0125e-05
D4.2__Fig 2__SQUID_data__IVI_BS30_A1S1_I_contrl_+-0.15mA_285mK_191103__IVB__T_1p40K[-0.000040500],10000,-2.040715e-05,2.010224e-05,4.050939e-05,0.1272594010855382,False,I_A,6.0,BS30_A1S1,Fig2,1.4,,,,,,,000040500,-4.05e-05
D4.2__Fig 2__SQUID_data__IVI_BS30_A1S1_I_contrl_+-0.15mA_285mK_191103__IVB__T_1p40K[-0.000040875],10000,-2.040542e-05,2.01235e-05,4.052892e-05,0.12990807571970353,False,I_A,6.0,BS30_A1S1,Fig2,1.4,,,,,,,000040875,-4.0875e-05
D4.2__Fig 2__SQUID_data__IVI_BS30_A1S1_I_contrl_+-0.15mA_285mK_191103__IVB__T_1p40K[-0.000041250],10000,-2.040333e-05,2.013154e-05,4.053487e-05,0.11857516435234973,False,I_A,6.0,BS30_A1S1,Fig2,1.4,,,,,,,000041250,-4.125e-05
D4.2__Fig 2__SQUID_data__IVI_BS30_A1S1_I_contrl_+-0.15mA_285mK_191103__IVB__T_1p40K[-0.000041625],10000,-2.039728e-05,2.012879e-05,4.052607e-05,0.1322924442715296,False,I_A,6.0,BS30_A1S1,Fig2,1.4,,,,,,,000041625,-4.1625e-05
D4.2__Fig 2__SQUID_data__IVI_BS30_A1S1_I_contrl_+-0.15mA_285mK_191103__IVB__T_1p40K[-0.000042000],10000,-2.040481e-05,2.013123e-05,4.0536039999999996e-05,0.12379996734252344,False,I_A,6.0,BS30_A1S1,Fig2,1.4,,,,,,,000042000,-4.2e-05
D4.2__Fig 2__SQUID_data__IVI_BS30_A1S1_I_contrl_+-0.15mA_285mK_191103__IVB__T_1p40K[-0.000042375],10000,-2.041167e-05,2.012869e-05,4.054036e-05,0.12585795746280704,False,I_A,6.0,BS30_A1S1,Fig2,1.4,,,,,,,000042375,-4.2375e-05
D4.2__Fig 2__SQUID_data__IVI_BS30_A1S1_I_contrl_+-0.15mA_285mK_191103__IVB__T_1p40K[-0.000042750],10000,-2.042027e-05,2.012783e-05,4.05481e-05,0.11745358305022074,False,I_A,6.0,BS30_A1S1,Fig2,1.4,,,,,,,000042750,-4.275e-05
D4.2__Fig 2__SQUID_data__IVI_BS30_A1S1_I_contrl_+-0.15mA_285mK_191103__IVB__T_1p40K[-0.000043125],10000,-2.042378e-05,2.012767e-05,4.055145e-05,0.12209342326584317,False,I_A,6.0,BS30_A1S1,Fig2,1.4,,,,,,,000043125,-4.3125e-05
D4.2__Fig 2__SQUID_data__IVI_BS30_A1S1_I_contrl_+-0.15mA_285mK_191103__IVB__T_1p40K[-0.000043500],10000,-2.041854e-05,2.012757e-05,4.054611e-05,0.11398654312403808,False,I_A,6.0,BS30_A1S1,Fig2,1.4,,,,,,,000043500,-4.35e-05
D4.2__Fig 2__SQUID_data__IVI_BS30_A1S1_I_contrl_+-0.15mA_285mK_191103__IVB__T_1p40K[-0.000043875],10000,-2.041635e-05,2.013129e-05,4.054764e-05,0.11297704174206505,False,I_A,6.0,BS30_A1S1,Fig2,1.4,,,,,,,000043875,-4.3875e-05
D4.2__Fig 2__SQUID_data__IVI_BS30_A1S1_I_contrl_+-0.15mA_285mK_191103__IVB__T_1p40K[-0.000044250],10000,-2.04013e-05,2.013078e-05,4.053208e-05,0.11659387429018868,False,I_A,6.0,BS30_A1S1,Fig2,1.4,,,,,,,000044250,-4.425e-05
D4.2__Fig 2__SQUID_data__IVI_BS30_A1S1_I_contrl_+-0.15mA_285mK_191103__IVB__T_1p40K[-0.000044625],10000,-2.039296e-05,2.012208e-05,4.0515040000000004e-05,0.11555700936372959,False,I_A,6.0,BS30_A1S1,Fig2,1.4,,,,,,,000044625,-4.4625e-05
D4.2__Fig 2__SQUID_data__IVI_BS30_A1S1_I_contrl_+-0.15mA_285mK_191103__IVB__T_1p40K[-0.000045000],10000,-2.039316e-05,2.012483e-05,4.051799e-05,0.11445033110326834,False,I_A,6.0,BS30_A1S1,Fig2,1.4,,,,,,,000045000,-4.5e-05
D4.2__Fig 2__SQUID_data__IVI_BS30_A1S1_I_contrl_+-0.15mA_285mK_191103__IVB__T_1p40K[-0.000045375],10000,-2.039865e-05,2.012879e-05,4.0527440000000004e-05,0.1087451401409725,False,I_A,6.0,BS30_A1S1,Fig2,1.4,,,,,,,000045375,-4.5375e-05
D4.2__Fig 2__SQUID_data__IVI_BS30_A1S1_I_contrl_+-0.15mA_285mK_191103__IVB__T_1p40K[-0.000045750],10000,-2.040379e-05,2.013032e-05,4.0534109999999996e-05,0.11450120005857604,False,I_A,6.0,BS30_A1S1,Fig2,1.4,,,,,,,000045750,-4.575e-05
D4.2__Fig 2__SQUID_data__IVI_BS30_A1S1_I_contrl_+-0.15mA_285mK_191103__IVB__T_1p40K[-0.000046125],10000,-2.042073e-05,2.01294e-05,4.0550130000000005e-05,0.11851826708719791,False,I_A,6.0,BS30_A1S1,Fig2,1.4,,,,,,,000046125,-4.6125e-05
D4.2__Fig 2__SQUID_data__IVI_BS30_A1S1_I_contrl_+-0.15mA_285mK_191103__IVB__T_1p40K[-0.000046500],10000,-2.042673e-05,2.012452e-05,4.055125e-05,0.10785344268445797,False,I_A,6.0,BS30_A1S1,Fig2,1.4,,,,,,,000046500,-4.65e-05
D4.2__Fig 2__SQUID_data__IVI_BS30_A1S1_I_contrl_+-0.15mA_285mK_191103__IVB__T_1p40K[-0.000046875],10000,-2.041651e-05,2.0129e-05,4.054551e-05,0.1284113245554838,False,I_A,6.0,BS30_A1S1,Fig2,1.4,,,,,,,000046875,-4.6875e-05
D4.2__Fig 2__SQUID_data__IVI_BS30_A1S1_I_contrl_+-0.15mA_285mK_191103__IVB__T_1p40K[-0.000047250],10000,-2.040725e-05,2.013098e-05,4.053823e-05,0.12113228751444531,False,I_A,6.0,BS30_A1S1,Fig2,1.4,,,,,,,000047250,-4.725e-05
D4.2__Fig 2__SQUID_data__IVI_BS30_A1S1_I_contrl_+-0.15mA_285mK_191103__IVB__T_1p40K[-0.000047625],10000,-2.03836e-05,2.009939e-05,4.048299e-05,0.12149213075503223,False,I_A,6.0,BS30_A1S1,Fig2,1.4,,,,,,,000047625,-4.7625e-05
D4.2__Fig 2__SQUID_data__IVI_BS30_A1S1_I_contrl_+-0.15mA_285mK_191103__IVB__T_1p40K[-0.000048000],10000,-2.039926e-05,2.009731e-05,4.049657e-05,0.12284704353955511,False,I_A,6.0,BS30_A1S1,Fig2,1.4,,,,,,,000048000,-4.8e-05
D4.2__Fig 2__SQUID_data__IVI_BS30_A1S1_I_contrl_+-0.15mA_285mK_191103__IVB__T_1p40K[-0.000048375],10000,-2.039987e-05,2.008897e-05,4.048884e-05,0.1185772544703644,False,I_A,6.0,BS30_A1S1,Fig2,1.4,,,,,,,000048375,-4.8375e-05
D4.2__Fig 2__SQUID_data__IVI_BS30_A1S1_I_contrl_+-0.15mA_285mK_191103__IVB__T_1p40K[-0.000048750],10000,-2.039545e-05,2.00906e-05,4.048605e-05,0.11756168546976949,False,I_A,6.0,BS30_A1S1,Fig2,1.4,,,,,,,000048750,-4.875e-05
D4.2__Fig 2__SQUID_data__IVI_BS30_A1S1_I_contrl_+-0.15mA_285mK_191103__IVB__T_1p40K[-0.000049125],10000,-2.039016e-05,2.008841e-05,4.047857e-05,0.11903846074067995,False,I_A,6.0,BS30_A1S1,Fig2,1.4,,,,,,,000049125,-4.9125e-05
D4.2__Fig 2__SQUID_data__IVI_BS30_A1S1_I_contrl_+-0.15mA_285mK_191103__IVB__T_1p40K[-0.000049500],10000,-2.03925e-05,2.009344e-05,4.048594e-05,0.11388405239314485,False,I_A,6.0,BS30_A1S1,Fig2,1.4,,,,,,,000049500,-4.95e-05
D4.2__Fig 2__SQUID_data__IVI_BS30_A1S1_I_contrl_+-0.15mA_285mK_191103__IVB__T_1p40K[-0.000049875],10000,-2.039804e-05,2.009126e-05,4.04893e-05,0.1295884851845421,False,I_A,6.0,BS30_A1S1,Fig2,1.4,,,,,,,000049875,-4.9875e-05
D4.2__Fig 2__SQUID_data__IVI_BS30_A1S1_I_contrl_+-0.15mA_285mK_191103__IVB__T_1p40K[-0.000050250],10000,-2.040196e-05,2.008093e-05,4.0482890000000004e-05,0.12485340090866466,False,I_A,6.0,BS30_A1S1,Fig2,1.4,,,,,,,000050250,-5.025e-05
D4.2__Fig 2__SQUID_data__IVI_BS30_A1S1_I_contrl_+-0.15mA_285mK_191103__IVB__T_1p40K[-0.000050625],10000,-2.041259e-05,2.008897e-05,4.050156e-05,0.11944421878276147,False,I_A,6.0,BS30_A1S1,Fig2,1.4,,,,,,,000050625,-5.0625e-05
D4.2__Fig 2__SQUID_data__IVI_BS30_A1S1_I_contrl_+-0.15mA_285mK_191103__IVB__T_1p40K[-0.000051000],10000,-2.041783e-05,2.01087e-05,4.052653e-05,0.13160455946278016,False,I_A,6.0,BS30_A1S1,Fig2,1.4,,,,,,,000051000,-5.1e-05
D4.2__Fig 2__SQUID_data__IVI_BS30_A1S1_I_contrl_+-0.15mA_285mK_191103__IVB__T_1p40K[-0.000051375],10000,-2.042363e-05,2.013246e-05,4.055609e-05,0.12095011137907113,False,I_A,6.0,BS30_A1S1,Fig2,1.4,,,,,,,000051375,-5.1375e-05
D4.2__Fig 2__SQUID_data__IVI_BS30_A1S1_I_contrl_+-0.15mA_285mK_191103__IVB__T_1p40K[-0.000051750],10000,-2.042032e-05,2.012752e-05,4.054784e-05,0.11262565161087286,False,I_A,6.0,BS30_A1S1,Fig2,1.4,,,,,,,000051750,-5.175e-05
D4.2__Fig 2__SQUID_data__IVI_BS30_A1S1_I_contrl_+-0.15mA_285mK_191103__IVB__T_1p40K[-0.000052125],10000,-2.042159e-05,2.012752e-05,4.054911e-05,0.1144766989409058,False,I_A,6.0,BS30_A1S1,Fig2,1.4,,,,,,,000052125,-5.2125e-05
D4.2__Fig 2__SQUID_data__IVI_BS30_A1S1_I_contrl_+-0.15mA_285mK_191103__IVB__T_1p40K[-0.000052500],10000,-2.041966e-05,2.012793e-05,4.0547590000000004e-05,0.11216295326410643,False,I_A,6.0,BS30_A1S1,Fig2,1.4,,,,,,,000052500,-5.25e-05
D4.2__Fig 2__SQUID_data__IVI_BS30_A1S1_I_contrl_+-0.15mA_285mK_191103__IVB__T_1p40K[-0.000052875],10000,-2.041106e-05,2.01291e-05,4.054016e-05,0.11560229223197119,False,I_A,6.0,BS30_A1S1,Fig2,1.4,,,,,,,000052875,-5.2875e-05
D4.2__Fig 2__SQUID_data__IVI_BS30_A1S1_I_contrl_+-0.15mA_285mK_191103__IVB__T_1p40K[-0.000053250],10000,-2.040776e-05,2.012823e-05,4.053599e-05,0.11555572729264814,False,I_A,6.0,BS30_A1S1,Fig2,1.4,,,,,,,000053250,-5.325e-05
D4.2__Fig 2__SQUID_data__IVI_BS30_A1S1_I_contrl_+-0.15mA_285mK_191103__IVB__T_1p40K[-0.000053625],10000,-2.039931e-05,2.012895e-05,4.052826e-05,0.11037035588955746,False,I_A,6.0,BS30_A1S1,Fig2,1.4,,,,,,,000053625,-5.3625e-05
D4.2__Fig 2__SQUID_data__IVI_BS30_A1S1_I_contrl_+-0.15mA_285mK_191103__IVB__T_1p40K[-0.000054000],10000,-2.039545e-05,2.012142e-05,4.051687e-05,0.11656754846535937,False,I_A,6.0,BS30_A1S1,Fig2,1.4,,,,,,,000054000,-5.4e-05
D4.2__Fig 2__SQUID_data__IVI_BS30_A1S1_I_contrl_+-0.15mA_285mK_191103__IVB__T_1p40K[-0.000054375],10000,-2.039036e-05,2.011887e-05,4.0509230000000004e-05,0.1228594154634445,False,I_A,6.0,BS30_A1S1,Fig2,1.4,,,,,,,000054375,-5.4375e-05
D4.2__Fig 2__SQUID_data__IVI_BS30_A1S1_I_contrl_+-0.15mA_285mK_191103__IVB__T_1p40K[-0.000054750],10000,-2.039967e-05,2.012462e-05,4.052429e-05,0.11261637135126286,False,I_A,6.0,BS30_A1S1,Fig2,1.4,,,,,,,000054750,-5.475e-05
D4.2__Fig 2__SQUID_data__IVI_BS30_A1S1_I_contrl_+-0.15mA_285mK_191103__IVB__T_1p40K[-0.000055125],10000,-2.041661e-05,2.012849e-05,4.0545100000000006e-05,0.11291122100216333,False,I_A,6.0,BS30_A1S1,Fig2,1.4,,,,,,,000055125,-5.5125e-05
D4.2__Fig 2__SQUID_data__IVI_BS30_A1S1_I_contrl_+-0.15mA_285mK_191103__IVB__T_1p40K[-0.000055500],10000,-2.042764e-05,2.011481e-05,4.054245e-05,0.10886310213824775,False,I_A,6.0,BS30_A1S1,Fig2,1.4,,,,,,,000055500,-5.55e-05
D4.2__Fig 2__SQUID_data__IVI_BS30_A1S1_I_contrl_+-0.15mA_285mK_191103__IVB__T_1p40K[-0.000055875],10000,-2.042276e-05,2.009334e-05,4.0516099999999997e-05,0.12092455417099782,False,I_A,6.0,BS30_A1S1,Fig2,1.4,,,,,,,000055875,-5.5875e-05
D4.2__Fig 2__SQUID_data__IVI_BS30_A1S1_I_contrl_+-0.15mA_285mK_191103__IVB__T_1p40K[-0.000056250],10000,-2.042256e-05,2.009304e-05,4.05156e-05,0.12193460000283311,False,I_A,6.0,BS30_A1S1,Fig2,1.4,,,,,,,000056250,-5.625e-05
D4.2__Fig 2__SQUID_data__IVI_BS30_A1S1_I_contrl_+-0.15mA_285mK_191103__IVB__T_1p40K[-0.000056625],10000,-2.042154e-05,2.009629e-05,4.0517829999999996e-05,0.12059492160604157,False,I_A,6.0,BS30_A1S1,Fig2,1.4,,,,,,,000056625,-5.6625e-05
D4.2__Fig 2__SQUID_data__IVI_BS30_A1S1_I_contrl_+-0.15mA_285mK_191103__IVB__T_1p40K[-0.000057000],10000,-2.043039e-05,2.010428e-05,4.0534669999999995e-05,0.1226126365001473,False,I_A,6.0,BS30_A1S1,Fig2,1.4,,,,,,,000057000,-5.7e-05
D4.2__Fig 2__SQUID_data__IVI_BS30_A1S1_I_contrl_+-0.15mA_285mK_191103__IVB__T_1p40K[-0.000057375],10000,-2.042515e-05,2.010082e-05,4.0525969999999996e-05,0.12039163309591891,False,I_A,6.0,BS30_A1S1,Fig2,1.4,,,,,,,000057375,-5.7375e-05
D4.2__Fig 2__SQUID_data__IVI_BS30_A1S1_I_contrl_+-0.15mA_285mK_191103__IVB__T_1p40K[-0.000057750],10000,-2.042591e-05,2.009599e-05,4.05219e-05,0.12510513640069096,False,I_A,6.0,BS30_A1S1,Fig2,1.4,,,,,,,000057750,-5.775e-05
D4.2__Fig 2__SQUID_data__IVI_BS30_A1S1_I_contrl_+-0.15mA_285mK_191103__IVB__T_1p40K[-0.000058125],10000,-2.041401e-05,2.008892e-05,4.050293e-05,0.12186668136207457,False,I_A,6.0,BS30_A1S1,Fig2,1.4,,,,,,,000058125,-5.8125e-05
D4.2__Fig 2__SQUID_data__IVI_BS30_A1S1_I_contrl_+-0.15mA_285mK_191103__IVB__T_1p40K[-0.000058500],10000,-2.039748e-05,2.009253e-05,4.049001e-05,0.11354060566813473,False,I_A,6.0,BS30_A1S1,Fig2,1.4,,,,,,,000058500,-5.85e-05
D4.2__Fig 2__SQUID_data__IVI_BS30_A1S1_I_contrl_+-0.15mA_285mK_191103__IVB__T_1p40K[-0.000058875],10000,-2.038736e-05,2.010234e-05,4.04897e-05,0.11344150815400406,False,I_A,6.0,BS30_A1S1,Fig2,1.4,,,,,,,000058875,-5.8875e-05
D4.2__Fig 2__SQUID_data__IVI_BS30_A1S1_I_contrl_+-0.15mA_285mK_191103__IVB__T_1p40K[-0.000059250],10000,-2.038904e-05,2.01086e-05,4.049764e-05,0.11686311906879558,False,I_A,6.0,BS30_A1S1,Fig2,1.4,,,,,,,000059250,-5.925e-05
D4.2__Fig 2__SQUID_data__IVI_BS30_A1S1_I_contrl_+-0.15mA_285mK_191103__IVB__T_1p40K[-0.000059625],10000,-2.038955e-05,2.011862e-05,4.050817e-05,0.11293233063798262,False,I_A,6.0,BS30_A1S1,Fig2,1.4,,,,,,,000059625,-5.9625e-05
D4.2__Fig 2__SQUID_data__IVI_BS30_A1S1_I_contrl_+-0.15mA_285mK_191103__IVB__T_1p40K[-0.000060000],10000,-2.038929e-05,2.012152e-05,4.051081e-05,0.12658184344295506,False,I_A,6.0,BS30_A1S1,Fig2,1.4,,,,,,,000060000,-6e-05
D4.2__Fig 2__SQUID_data__IVI_BS30_A1S1_I_contrl_+-0.15mA_285mK_191103__IVB__T_1p40K[-0.000060375],10000,-2.03926e-05,2.012055e-05,4.051315e-05,0.12692838424153094,False,I_A,6.0,BS30_A1S1,Fig2,1.4,,,,,,,000060375,-6.0375e-05
D4.2__Fig 2__SQUID_data__IVI_BS30_A1S1_I_contrl_+-0.15mA_285mK_191103__IVB__T_1p40K[-0.000060750],10000,-2.038843e-05,2.011862e-05,4.050705e-05,0.12459795135167845,False,I_A,6.0,BS30_A1S1,Fig2,1.4,,,,,,,000060750,-6.075e-05
D4.2__Fig 2__SQUID_data__IVI_BS30_A1S1_I_contrl_+-0.15mA_285mK_191103__IVB__T_1p40K[-0.000061125],10000,-2.039163e-05,2.012076e-05,4.0512389999999994e-05,0.11363221597734195,False,I_A,6.0,BS30_A1S1,Fig2,1.4,,,,,,,000061125,-6.1125e-05
D4.2__Fig 2__SQUID_data__IVI_BS30_A1S1_I_contrl_+-0.15mA_285mK_191103__IVB__T_1p40K[-0.000061500],10000,-2.039708e-05,2.012818e-05,4.052526e-05,0.12286748700720883,False,I_A,6.0,BS30_A1S1,Fig2,1.4,,,,,,,000061500,-6.15e-05
D4.2__Fig 2__SQUID_data__IVI_BS30_A1S1_I_contrl_+-0.15mA_285mK_191103__IVB__T_1p40K[-0.000061875],10000,-2.040633e-05,2.01319e-05,4.053823e-05,0.11851458206119111,False,I_A,6.0,BS30_A1S1,Fig2,1.4,,,,,,,000061875,-6.1875e-05
D4.2__Fig 2__SQUID_data__IVI_BS30_A1S1_I_contrl_+-0.15mA_285mK_191103__IVB__T_1p40K[-0.000062250],10000,-2.040989e-05,2.013052e-05,4.054041e-05,0.11473434320061589,False,I_A,6.0,BS30_A1S1,Fig2,1.4,,,,,,,000062250,-6.225e-05
D4.2__Fig 2__SQUID_data__IVI_BS30_A1S1_I_contrl_+-0.15mA_285mK_191103__IVB__T_1p40K[-0.000062625],10000,-2.041193e-05,2.012783e-05,4.053976e-05,0.12028195531953458,False,I_A,6.0,BS30_A1S1,Fig2,1.4,,,,,,,000062625,-6.2625e-05
D4.2__Fig 2__SQUID_data__IVI_BS30_A1S1_I_contrl_+-0.15mA_285mK_191103__IVB__T_1p40K[-0.000063000],10000,-2.040898e-05,2.013169e-05,4.0540669999999994e-05,0.1172434250317132,False,I_A,6.0,BS30_A1S1,Fig2,1.4,,,,,,,000063000,-6.3e-05
D4.2__Fig 2__SQUID_data__IVI_BS30_A1S1_I_contrl_+-0.15mA_285mK_191103__IVB__T_1p40K[-0.000063375],10000,-2.039041e-05,2.011949e-05,4.0509899999999996e-05,0.11482389511295094,False,I_A,6.0,BS30_A1S1,Fig2,1.4,,,,,,,000063375,-6.3375e-05
D4.2__Fig 2__SQUID_data__IVI_BS30_A1S1_I_contrl_+-0.15mA_285mK_191103__IVB__T_1p40K[-0.000063750],10000,-2.038812e-05,2.011852e-05,4.050664e-05,0.11405699062449695,False,I_A,6.0,BS30_A1S1,Fig2,1.4,,,,,,,000063750,-6.375e-05
D4.2__Fig 2__SQUID_data__IVI_BS30_A1S1_I_contrl_+-0.15mA_285mK_191103__IVB__T_1p40K[-0.000064125],10000,-2.038467e-05,2.009939e-05,4.048406e-05,0.11521250196971734,False,I_A,6.0,BS30_A1S1,Fig2,1.4,,,,,,,000064125,-6.4125e-05
D4.2__Fig 2__SQUID_data__IVI_BS30_A1S1_I_contrl_+-0.15mA_285mK_191103__IVB__T_1p40K[-0.000064500],10000,-2.038787e-05,2.010967e-05,4.049754e-05,0.1168720387048937,False,I_A,6.0,BS30_A1S1,Fig2,1.4,,,,,,,000064500,-6.45e-05
D4.2__Fig 2__SQUID_data__IVI_BS30_A1S1_I_contrl_+-0.15mA_285mK_191103__IVB__T_1p40K[-0.000064875],10000,-2.040247e-05,2.011908e-05,4.052155e-05,0.11250694481651688,False,I_A,6.0,BS30_A1S1,Fig2,1.4,,,,,,,000064875,-6.4875e-05
D4.2__Fig 2__SQUID_data__IVI_BS30_A1S1_I_contrl_+-0.15mA_285mK_191103__IVB__T_1p40K[-0.000065250],10000,-2.042052e-05,2.011745e-05,4.053797e-05,0.1217905757641559,False,I_A,6.0,BS30_A1S1,Fig2,1.4,,,,,,,000065250,-6.525e-05
D4.2__Fig 2__SQUID_data__IVI_BS30_A1S1_I_contrl_+-0.15mA_285mK_191103__IVB__T_1p40K[-0.000065625],10000,-2.041422e-05,2.009904e-05,4.051326e-05,0.1146622482510215,False,I_A,6.0,BS30_A1S1,Fig2,1.4,,,,,,,000065625,-6.5625e-05
D4.2__Fig 2__SQUID_data__IVI_BS30_A1S1_I_contrl_+-0.15mA_285mK_191103__IVB__T_1p40K[-0.000066000],10000,-2.039591e-05,2.009161e-05,4.048752e-05,0.1257886582875634,False,I_A,6.0,BS30_A1S1,Fig2,1.4,,,,,,,000066000,-6.6e-05
D4.2__Fig 2__SQUID_data__IVI_BS30_A1S1_I_contrl_+-0.15mA_285mK_191103__IVB__T_1p40K[-0.000066375],10000,-2.038751e-05,2.010453e-05,4.049204e-05,0.11134879941178073,False,I_A,6.0,BS30_A1S1,Fig2,1.4,,,,,,,000066375,-6.6375e-05
D4.2__Fig 2__SQUID_data__IVI_BS30_A1S1_I_contrl_+-0.15mA_285mK_191103__IVB__T_1p40K[-0.000066750],10000,-2.03894e-05,2.011847e-05,4.0507870000000004e-05,0.11323176913238671,False,I_A,6.0,BS30_A1S1,Fig2,1.4,,,,,,,000066750,-6.675e-05
D4.2__Fig 2__SQUID_data__IVI_BS30_A1S1_I_contrl_+-0.15mA_285mK_191103__IVB__T_1p40K[-0.000067125],10000,-2.039407e-05,2.012564e-05,4.051971e-05,0.1116009445745339,False,I_A,6.0,BS30_A1S1,Fig2,1.4,,,,,,,000067125,-6.7125e-05
D4.2__Fig 2__SQUID_data__IVI_BS30_A1S1_I_contrl_+-0.15mA_285mK_191103__IVB__T_1p40K[-0.000067500],10000,-2.03958e-05,2.012854e-05,4.0524340000000004e-05,0.11973558385052327,False,I_A,6.0,BS30_A1S1,Fig2,1.4,,,,,,,000067500,-6.75e-05
D4.2__Fig 2__SQUID_data__IVI_BS30_A1S1_I_contrl_+-0.15mA_285mK_191103__IVB__T_1p40K[-0.000067875],10000,-2.039153e-05,2.012477e-05,4.05163e-05,0.12408328624714147,False,I_A,6.0,BS30_A1S1,Fig2,1.4,,,,,,,000067875,-6.7875e-05
D4.2__Fig 2__SQUID_data__IVI_BS30_A1S1_I_contrl_+-0.15mA_285mK_191103__IVB__T_1p40K[-0.000068250],10000,-2.039357e-05,2.012457e-05,4.051814e-05,0.1168791062383348,False,I_A,6.0,BS30_A1S1,Fig2,1.4,,,,,,,000068250,-6.825e-05
D4.2__Fig 2__SQUID_data__IVI_BS30_A1S1_I_contrl_+-0.15mA_285mK_191103__IVB__T_1p40K[-0.000068625],10000,-2.038868e-05,2.011821e-05,4.050689e-05,0.10891979386309761,False,I_A,6.0,BS30_A1S1,Fig2,1.4,,,,,,,000068625,-6.8625e-05
D4.2__Fig 2__SQUID_data__IVI_BS30_A1S1_I_contrl_+-0.15mA_285mK_191103__IVB__T_1p40K[-0.000069000],10000,-2.038863e-05,2.012096e-05,4.050959e-05,0.11452083859710882,False,I_A,6.0,BS30_A1S1,Fig2,1.4,,,,,,,000069000,-6.9e-05
D4.2__Fig 2__SQUID_data__IVI_BS30_A1S1_I_contrl_+-0.15mA_285mK_191103__IVB__T_1p40K[-0.000069375],10000,-2.040252e-05,2.013032e-05,4.053284e-05,0.11425354635002918,False,I_A,6.0,BS30_A1S1,Fig2,1.4,,,,,,,000069375,-6.9375e-05
D4.2__Fig 2__SQUID_data__IVI_BS30_A1S1_I_contrl_+-0.15mA_285mK_191103__IVB__T_1p40K[-0.000069750],10000,-2.0428e-05,2.01117e-05,4.05397e-05,0.1151490660289922,False,I_A,6.0,BS30_A1S1,Fig2,1.4,,,,,,,000069750,-6.975e-05
D4.2__Fig 2__SQUID_data__IVI_BS30_A1S1_I_contrl_+-0.15mA_285mK_191103__IVB__T_1p40K[-0.000070125],10000,-2.04163e-05,2.009243e-05,4.0508729999999996e-05,0.1263514405542908,False,I_A,6.0,BS30_A1S1,Fig2,1.4,,,,,,,000070125,-7.0125e-05
D4.2__Fig 2__SQUID_data__IVI_BS30_A1S1_I_contrl_+-0.15mA_285mK_191103__IVB__T_1p40K[-0.000070500],10000,-2.039453e-05,2.009873e-05,4.049326e-05,0.1198969320415046,False,I_A,6.0,BS30_A1S1,Fig2,1.4,,,,,,,000070500,-7.05e-05
D4.2__Fig 2__SQUID_data__IVI_BS30_A1S1_I_contrl_+-0.15mA_285mK_191103__IVB__T_1p40K[-0.000070875],10000,-2.039209e-05,2.012569e-05,4.051778e-05,0.11681791654045466,False,I_A,6.0,BS30_A1S1,Fig2,1.4,,,,,,,000070875,-7.0875e-05
D4.2__Fig 2__SQUID_data__IVI_BS30_A1S1_I_contrl_+-0.15mA_285mK_191103__IVB__T_1p40K[-0.000071250],10000,-2.040567e-05,2.013413e-05,4.05398e-05,0.11067264660956545,False,I_A,6.0,BS30_A1S1,Fig2,1.4,,,,,,,000071250,-7.125e-05
D4.2__Fig 2__SQUID_data__IVI_BS30_A1S1_I_contrl_+-0.15mA_285mK_191103__IVB__T_1p40K[-0.000071625],10000,-2.037836e-05,2.010738e-05,4.048574e-05,0.12167248229785264,False,I_A,6.0,BS30_A1S1,Fig2,1.4,,,,,,,000071625,-7.1625e-05
D4.2__Fig 2__SQUID_data__IVI_BS30_A1S1_I_contrl_+-0.15mA_285mK_191103__IVB__T_1p40K[-0.000072000],10000,-2.037353e-05,2.008724e-05,4.046077e-05,0.12742913529044733,False,I_A,6.0,BS30_A1S1,Fig2,1.4,,,,,,,000072000,-7.2e-05
D4.2__Fig 2__SQUID_data__IVI_BS30_A1S1_I_contrl_+-0.15mA_285mK_191103__IVB__T_1p40K[-0.000072375],10000,-2.038873e-05,2.007544e-05,4.0464169999999996e-05,0.12070355321178303,False,I_A,6.0,BS30_A1S1,Fig2,1.4,,,,,,,000072375,-7.2375e-05
D4.2__Fig 2__SQUID_data__IVI_BS30_A1S1_I_contrl_+-0.15mA_285mK_191103__IVB__T_1p40K[-0.000072750],10000,-2.04132e-05,2.009014e-05,4.050334e-05,0.11097612365882738,False,I_A,6.0,BS30_A1S1,Fig2,1.4,,,,,,,000072750,-7.275e-05
D4.2__Fig 2__SQUID_data__IVI_BS30_A1S1_I_contrl_+-0.15mA_285mK_191103__IVB__T_1p40K[-0.000073125],10000,-2.042164e-05,2.008922e-05,4.0510859999999996e-05,0.1102456404948899,False,I_A,6.0,BS30_A1S1,Fig2,1.4,,,,,,,000073125,-7.3125e-05
D4.2__Fig 2__SQUID_data__IVI_BS30_A1S1_I_contrl_+-0.15mA_285mK_191103__IVB__T_1p40K[-0.000073500],10000,-2.040898e-05,2.008414e-05,4.049312e-05,0.1158406054454475,False,I_A,6.0,BS30_A1S1,Fig2,1.4,,,,,,,000073500,-7.35e-05
D4.2__Fig 2__SQUID_data__IVI_BS30_A1S1_I_contrl_+-0.15mA_285mK_191103__IVB__T_1p40K[-0.000073875],10000,-2.040384e-05,2.008836e-05,4.04922e-05,0.11474396013638337,False,I_A,6.0,BS30_A1S1,Fig2,1.4,,,,,,,000073875,-7.3875e-05
D4.2__Fig 2__SQUID_data__IVI_BS30_A1S1_I_contrl_+-0.15mA_285mK_191103__IVB__T_1p40K[-0.000074250],10000,-2.039514e-05,2.009115e-05,4.048629e-05,0.11137269743071045,False,I_A,6.0,BS30_A1S1,Fig2,1.4,,,,,,,000074250,-7.425e-05
D4.2__Fig 2__SQUID_data__IVI_BS30_A1S1_I_contrl_+-0.15mA_285mK_191103__IVB__T_1p40K[-0.000074625],10000,-2.038828e-05,2.009634e-05,4.048462e-05,0.10952506538684188,False,I_A,6.0,BS30_A1S1,Fig2,1.4,,,,,,,000074625,-7.4625e-05
D4.2__Fig 2__SQUID_data__IVI_BS30_A1S1_I_contrl_+-0.15mA_285mK_191103__IVB__T_1p40K[-0.000075000],10000,-2.038421e-05,2.010067e-05,4.048488e-05,0.11064122728850652,False,I_A,6.0,BS30_A1S1,Fig2,1.4,,,,,,,000075000,-7.5e-05
D4.2__Fig 2__SQUID_data__IVI_BS30_A1S1_I_contrl_+-0.15mA_285mK_191103__IVB__T_1p40K[-0.000075375],10000,-2.038975e-05,2.010952e-05,4.049927e-05,0.11211731482855535,False,I_A,6.0,BS30_A1S1,Fig2,1.4,,,,,,,000075375,-7.5375e-05
D4.2__Fig 2__SQUID_data__IVI_BS30_A1S1_I_contrl_+-0.15mA_285mK_191103__IVB__T_1p40K[-0.000075750],10000,-2.039041e-05,2.012086e-05,4.051127e-05,0.1141464711645481,False,I_A,6.0,BS30_A1S1,Fig2,1.4,,,,,,,000075750,-7.575e-05
D4.2__Fig 2__SQUID_data__IVI_BS30_A1S1_I_contrl_+-0.15mA_285mK_191103__IVB__T_1p40K[-0.000076125],10000,-2.039321e-05,2.01231e-05,4.051631e-05,0.11728890400544434,False,I_A,6.0,BS30_A1S1,Fig2,1.4,,,,,,,000076125,-7.6125e-05
D4.2__Fig 2__SQUID_data__IVI_BS30_A1S1_I_contrl_+-0.15mA_285mK_191103__IVB__T_1p40K[-0.000076500],10000,-2.039647e-05,2.01291e-05,4.052557e-05,0.10991134651415804,False,I_A,6.0,BS30_A1S1,Fig2,1.4,,,,,,,000076500,-7.65e-05
D4.2__Fig 2__SQUID_data__IVI_BS30_A1S1_I_contrl_+-0.15mA_285mK_191103__IVB__T_1p40K[-0.000076875],10000,-2.040959e-05,2.013159e-05,4.054118e-05,0.1126024854930592,False,I_A,6.0,BS30_A1S1,Fig2,1.4,,,,,,,000076875,-7.6875e-05
D4.2__Fig 2__SQUID_data__IVI_BS30_A1S1_I_contrl_+-0.15mA_285mK_191103__IVB__T_1p40K[-0.000077250],10000,-2.041935e-05,2.012915e-05,4.05485e-05,0.11171083949472249,False,I_A,6.0,BS30_A1S1,Fig2,1.4,,,,,,,000077250,-7.725e-05
D4.2__Fig 2__SQUID_data__IVI_BS30_A1S1_I_contrl_+-0.15mA_285mK_191103__IVB__T_1p40K[-0.000077625],10000,-2.042525e-05,2.012767e-05,4.055292e-05,0.11813121950593869,False,I_A,6.0,BS30_A1S1,Fig2,1.4,,,,,,,000077625,-7.7625e-05
D4.2__Fig 2__SQUID_data__IVI_BS30_A1S1_I_contrl_+-0.15mA_285mK_191103__IVB__T_1p40K[-0.000078000],10000,-2.042922e-05,2.011608e-05,4.05453e-05,0.11402366782952232,False,I_A,6.0,BS30_A1S1,Fig2,1.4,,,,,,,000078000,-7.8e-05
D4.2__Fig 2__SQUID_data__IVI_BS30_A1S1_I_contrl_+-0.15mA_285mK_191103__IVB__T_1p40K[-0.000078375],10000,-2.042607e-05,2.010418e-05,4.053025e-05,0.11676386801241323,False,I_A,6.0,BS30_A1S1,Fig2,1.4,,,,,,,000078375,-7.8375e-05
D4.2__Fig 2__SQUID_data__IVI_BS30_A1S1_I_contrl_+-0.15mA_285mK_191103__IVB__T_1p40K[-0.000078750],10000,-2.040969e-05,2.009212e-05,4.050181e-05,0.12367273524881589,False,I_A,6.0,BS30_A1S1,Fig2,1.4,,,,,,,000078750,-7.875e-05
D4.2__Fig 2__SQUID_data__IVI_BS30_A1S1_I_contrl_+-0.15mA_285mK_191103__IVB__T_1p40K[-0.000079125],10000,-2.039107e-05,2.010128e-05,4.049235e-05,0.13149022575638744,False,I_A,6.0,BS30_A1S1,Fig2,1.4,,,,,,,000079125,-7.9125e-05
D4.2__Fig 2__SQUID_data__IVI_BS30_A1S1_I_contrl_+-0.15mA_285mK_191103__IVB__T_1p40K[-0.000079500],10000,-2.039453e-05,2.011898e-05,4.0513510000000005e-05,0.11246790095087295,False,I_A,6.0,BS30_A1S1,Fig2,1.4,,,,,,,000079500,-7.95e-05
D4.2__Fig 2__SQUID_data__IVI_BS30_A1S1_I_contrl_+-0.15mA_285mK_191103__IVB__T_1p40K[-0.000079875],10000,-2.041452e-05,2.012874e-05,4.054326e-05,0.11389577607613761,False,I_A,6.0,BS30_A1S1,Fig2,1.4,,,,,,,000079875,-7.9875e-05
D4.2__Fig 2__SQUID_data__IVI_BS30_A1S1_I_contrl_+-0.15mA_285mK_191103__IVB__T_1p40K[-0.000080250],10000,-2.042836e-05,2.012355e-05,4.055191e-05,0.12382109779223952,False,I_A,6.0,BS30_A1S1,Fig2,1.4,,,,,,,000080250,-8.025e-05
D4.2__Fig 2__SQUID_data__IVI_BS30_A1S1_I_contrl_+-0.15mA_285mK_191103__IVB__T_1p40K[-0.000080625],10000,-2.042866e-05,2.011465e-05,4.054331e-05,0.11041716606465582,False,I_A,6.0,BS30_A1S1,Fig2,1.4,,,,,,,000080625,-8.0625e-05
D4.2__Fig 2__SQUID_data__IVI_BS30_A1S1_I_contrl_+-0.15mA_285mK_191103__IVB__T_1p40K[-0.000081000],10000,-2.042413e-05,2.010082e-05,4.052495e-05,0.1120277031799064,False,I_A,6.0,BS30_A1S1,Fig2,1.4,,,,,,,000081000,-8.1e-05
D4.2__Fig 2__SQUID_data__IVI_BS30_A1S1_I_contrl_+-0.15mA_285mK_191103__IVB__T_1p40K[-0.000081375],10000,-2.041162e-05,2.008978e-05,4.05014e-05,0.1166561488413553,False,I_A,6.0,BS30_A1S1,Fig2,1.4,,,,,,,000081375,-8.1375e-05
D4.2__Fig 2__SQUID_data__IVI_BS30_A1S1_I_contrl_+-0.15mA_285mK_191103__IVB__T_1p40K[-0.000081750],10000,-2.03899e-05,2.010377e-05,4.049367e-05,0.1220803107597365,False,I_A,6.0,BS30_A1S1,Fig2,1.4,,,,,,,000081750,-8.175e-05
D4.2__Fig 2__SQUID_data__IVI_BS30_A1S1_I_contrl_+-0.15mA_285mK_191103__IVB__T_1p40K[-0.000082125],10000,-2.04042e-05,2.011389e-05,4.051809e-05,0.11016600550889358,False,I_A,6.0,BS30_A1S1,Fig2,1.4,,,,,,,000082125,-8.2125e-05
D4.2__Fig 2__SQUID_data__IVI_BS30_A1S1_I_contrl_+-0.15mA_285mK_191103__IVB__T_1p40K[-0.000082500],10000,-2.041564e-05,2.012818e-05,4.054382e-05,0.11569929943883378,False,I_A,6.0,BS30_A1S1,Fig2,1.4,,,,,,,000082500,-8.25e-05
D4.2__Fig 2__SQUID_data__IVI_BS30_A1S1_I_contrl_+-0.15mA_285mK_191103__IVB__T_1p40K[-0.000082875],10000,-2.041859e-05,2.010234e-05,4.0520929999999996e-05,0.11050292241720075,False,I_A,6.0,BS30_A1S1,Fig2,1.4,,,,,,,000082875,-8.2875e-05
D4.2__Fig 2__SQUID_data__IVI_BS30_A1S1_I_contrl_+-0.15mA_285mK_191103__IVB__T_1p40K[-0.000083250],10000,-2.039982e-05,2.008653e-05,4.048635e-05,0.115391405197061,False,I_A,6.0,BS30_A1S1,Fig2,1.4,,,,,,,000083250,-8.325e-05
D4.2__Fig 2__SQUID_data__IVI_BS30_A1S1_I_contrl_+-0.15mA_285mK_191103__IVB__T_1p40K[-0.000083625],10000,-2.038695e-05,2.00998e-05,4.048675e-05,0.11301572017252984,False,I_A,6.0,BS30_A1S1,Fig2,1.4,,,,,,,000083625,-8.3625e-05
D4.2__Fig 2__SQUID_data__IVI_BS30_A1S1_I_contrl_+-0.15mA_285mK_191103__IVB__T_1p40K[-0.000084000],10000,-2.038553e-05,2.009934e-05,4.0484869999999994e-05,0.1112840667873101,False,I_A,6.0,BS30_A1S1,Fig2,1.4,,,,,,,000084000,-8.4e-05
D4.2__Fig 2__SQUID_data__IVI_BS30_A1S1_I_contrl_+-0.15mA_285mK_191103__IVB__T_1p40K[-0.000084375],10000,-2.038421e-05,2.010219e-05,4.0486400000000006e-05,0.10804904601278846,False,I_A,6.0,BS30_A1S1,Fig2,1.4,,,,,,,000084375,-8.4375e-05
D4.2__Fig 2__SQUID_data__IVI_BS30_A1S1_I_contrl_+-0.15mA_285mK_191103__IVB__T_1p40K[-0.000084750],10000,-2.038868e-05,2.011526e-05,4.050394e-05,0.10912136022191722,False,I_A,6.0,BS30_A1S1,Fig2,1.4,,,,,,,000084750,-8.475e-05
D4.2__Fig 2__SQUID_data__IVI_BS30_A1S1_I_contrl_+-0.15mA_285mK_191103__IVB__T_1p40K[-0.000085125],10000,-2.040201e-05,2.012757e-05,4.0529580000000004e-05,0.11560480417955403,False,I_A,6.0,BS30_A1S1,Fig2,1.4,,,,,,,000085125,-8.5125e-05
D4.2__Fig 2__SQUID_data__IVI_BS30_A1S1_I_contrl_+-0.15mA_285mK_191103__IVB__T_1p40K[-0.000085500],10000,-2.041452e-05,2.013078e-05,4.05453e-05,0.11055186705205461,False,I_A,6.0,BS30_A1S1,Fig2,1.4,,,,,,,000085500,-8.55e-05
D4.2__Fig 2__SQUID_data__IVI_BS30_A1S1_I_contrl_+-0.15mA_285mK_191103__IVB__T_1p40K[-0.000085875],10000,-2.040903e-05,2.010209e-05,4.051112e-05,0.11641656102870054,False,I_A,6.0,BS30_A1S1,Fig2,1.4,,,,,,,000085875,-8.5875e-05
D4.2__Fig 2__SQUID_data__IVI_BS30_A1S1_I_contrl_+-0.15mA_285mK_191103__IVB__T_1p40K[-0.000086250],10000,-2.039845e-05,2.01118e-05,4.051025e-05,0.11617139511187739,False,I_A,6.0,BS30_A1S1,Fig2,1.4,,,,,,,000086250,-8.625e-05
D4.2__Fig 2__SQUID_data__IVI_BS30_A1S1_I_contrl_+-0.15mA_285mK_191103__IVB__T_1p40K[-0.000086625],10000,-2.04193e-05,2.011038e-05,4.052968e-05,0.1127593469898709,False,I_A,6.0,BS30_A1S1,Fig2,1.4,,,,,,,000086625,-8.6625e-05
D4.2__Fig 2__SQUID_data__IVI_BS30_A1S1_I_contrl_+-0.15mA_285mK_191103__IVB__T_1p40K[-0.000087000],10000,-2.042108e-05,2.012045e-05,4.054153e-05,0.11395894421111726,False,I_A,6.0,BS30_A1S1,Fig2,1.4,,,,,,,000087000,-8.7e-05
D4.2__Fig 2__SQUID_data__IVI_BS30_A1S1_I_contrl_+-0.15mA_285mK_191103__IVB__T_1p40K[-0.000087375],10000,-2.041829e-05,2.010011e-05,4.05184e-05,0.11567148393419,False,I_A,6.0,BS30_A1S1,Fig2,1.4,,,,,,,000087375,-8.7375e-05
D4.2__Fig 2__SQUID_data__IVI_BS30_A1S1_I_contrl_+-0.15mA_285mK_191103__IVB__T_1p40K[-0.000087750],10000,-2.041503e-05,2.012498e-05,4.054001e-05,0.12497147454053475,False,I_A,6.0,BS30_A1S1,Fig2,1.4,,,,,,,000087750,-8.775e-05
D4.2__Fig 2__SQUID_data__IVI_BS30_A1S1_I_contrl_+-0.15mA_285mK_191103__IVB__T_1p40K[-0.000088125],10000,-2.040526e-05,2.010285e-05,4.050811e-05,0.12057062371706881,False,I_A,6.0,BS30_A1S1,Fig2,1.4,,,,,,,000088125,-8.8125e-05
D4.2__Fig 2__SQUID_data__IVI_BS30_A1S1_I_contrl_+-0.15mA_285mK_191103__IVB__T_1p40K[-0.000088500],10000,-2.03899e-05,2.009512e-05,4.0485020000000004e-05,0.1211711554056495,False,I_A,6.0,BS30_A1S1,Fig2,1.4,,,,,,,000088500,-8.85e-05
D4.2__Fig 2__SQUID_data__IVI_BS30_A1S1_I_contrl_+-0.15mA_285mK_191103__IVB__T_1p40K[-0.000088875],10000,-2.038812e-05,2.011191e-05,4.050003e-05,0.11998301483946333,False,I_A,6.0,BS30_A1S1,Fig2,1.4,,,,,,,000088875,-8.8875e-05
D4.2__Fig 2__SQUID_data__IVI_BS30_A1S1_I_contrl_+-0.15mA_285mK_191103__IVB__T_1p40K[-0.000089250],10000,-2.039387e-05,2.012483e-05,4.05187e-05,0.11423831325655193,False,I_A,6.0,BS30_A1S1,Fig2,1.4,,,,,,,000089250,-8.925e-05
D4.2__Fig 2__SQUID_data__IVI_BS30_A1S1_I_contrl_+-0.15mA_285mK_191103__IVB__T_1p40K[-0.000089625],10000,-2.040191e-05,2.012854e-05,4.053045e-05,0.1152787721107741,False,I_A,6.0,BS30_A1S1,Fig2,1.4,,,,,,,000089625,-8.9625e-05
D4.2__Fig 2__SQUID_data__IVI_BS30_A1S1_I_contrl_+-0.15mA_285mK_191103__IVB__T_1p40K[-0.000090000],10000,-2.042413e-05,2.012345e-05,4.054758e-05,0.11539149958619628,False,I_A,6.0,BS30_A1S1,Fig2,1.4,,,,,,,000090000,-9e-05
D4.2__Fig 2__SQUID_data__IVI_BS30_A1S1_I_contrl_+-0.15mA_285mK_191103__IVB__T_1p40K[-0.000090375],10000,-2.04221e-05,2.010173e-05,4.0523829999999995e-05,0.109404451931762,False,I_A,6.0,BS30_A1S1,Fig2,1.4,,,,,,,000090375,-9.0375e-05
D4.2__Fig 2__SQUID_data__IVI_BS30_A1S1_I_contrl_+-0.15mA_285mK_191103__IVB__T_1p40K[-0.000090750],10000,-2.039799e-05,2.009899e-05,4.049698e-05,0.11386206569874799,False,I_A,6.0,BS30_A1S1,Fig2,1.4,,,,,,,000090750,-9.075e-05
D4.2__Fig 2__SQUID_data__IVI_BS30_A1S1_I_contrl_+-0.15mA_285mK_191103__IVB__T_1p40K[-0.000091125],10000,-2.038879e-05,2.012081e-05,4.05096e-05,0.11144066624134212,False,I_A,6.0,BS30_A1S1,Fig2,1.4,,,,,,,000091125,-9.1125e-05
D4.2__Fig 2__SQUID_data__IVI_BS30_A1S1_I_contrl_+-0.15mA_285mK_191103__IVB__T_1p40K[-0.000091500],10000,-2.041223e-05,2.013586e-05,4.054809e-05,0.11224306307882756,False,I_A,6.0,BS30_A1S1,Fig2,1.4,,,,,,,000091500,-9.15e-05
D4.2__Fig 2__SQUID_data__IVI_BS30_A1S1_I_contrl_+-0.15mA_285mK_191103__IVB__T_1p40K[-0.000091875],10000,-2.042693e-05,2.010178e-05,4.052871e-05,0.11313413117715276,False,I_A,6.0,BS30_A1S1,Fig2,1.4,,,,,,,000091875,-9.1875e-05
D4.2__Fig 2__SQUID_data__IVI_BS30_A1S1_I_contrl_+-0.15mA_285mK_191103__IVB__T_1p40K[-0.000092250],10000,-2.041966e-05,2.009075e-05,4.0510410000000005e-05,0.1152717956600547,False,I_A,6.0,BS30_A1S1,Fig2,1.4,,,,,,,000092250,-9.225e-05
D4.2__Fig 2__SQUID_data__IVI_BS30_A1S1_I_contrl_+-0.15mA_285mK_191103__IVB__T_1p40K[-0.000092625],10000,-2.041879e-05,2.00908e-05,4.050959e-05,0.11382758894495991,False,I_A,6.0,BS30_A1S1,Fig2,1.4,,,,,,,000092625,-9.2625e-05
D4.2__Fig 2__SQUID_data__IVI_BS30_A1S1_I_contrl_+-0.15mA_285mK_191103__IVB__T_1p40K[-0.000093000],10000,-2.042307e-05,2.010453e-05,4.05276e-05,0.1269363624019805,False,I_A,6.0,BS30_A1S1,Fig2,1.4,,,,,,,000093000,-9.3e-05
D4.2__Fig 2__SQUID_data__IVI_BS30_A1S1_I_contrl_+-0.15mA_285mK_191103__IVB__T_1p40K[-0.000093375],10000,-2.042973e-05,2.013271e-05,4.056244e-05,0.12409734807739321,False,I_A,6.0,BS30_A1S1,Fig2,1.4,,,,,,,000093375,-9.3375e-05
D4.2__Fig 2__SQUID_data__IVI_BS30_A1S1_I_contrl_+-0.15mA_285mK_191103__IVB__T_1p40K[-0.000093750],10000,-2.041635e-05,2.012925e-05,4.05456e-05,0.11091918910354473,False,I_A,6.0,BS30_A1S1,Fig2,1.4,,,,,,,000093750,-9.375e-05
D4.2__Fig 2__SQUID_data__IVI_BS30_A1S1_I_contrl_+-0.15mA_285mK_191103__IVB__T_1p40K[-0.000094125],10000,-2.041971e-05,2.012971e-05,4.0549419999999996e-05,0.1156580237312254,False,I_A,6.0,BS30_A1S1,Fig2,1.4,,,,,,,000094125,-9.4125e-05
D4.2__Fig 2__SQUID_data__IVI_BS30_A1S1_I_contrl_+-0.15mA_285mK_191103__IVB__T_1p40K[-0.000094500],10000,-2.042017e-05,2.012823e-05,4.05484e-05,0.11494901174396266,False,I_A,6.0,BS30_A1S1,Fig2,1.4,,,,,,,000094500,-9.45e-05
D4.2__Fig 2__SQUID_data__IVI_BS30_A1S1_I_contrl_+-0.15mA_285mK_191103__IVB__T_1p40K[-0.000094875],10000,-2.042607e-05,2.012966e-05,4.055573e-05,0.11105010271430864,False,I_A,6.0,BS30_A1S1,Fig2,1.4,,,,,,,000094875,-9.4875e-05
D4.2__Fig 2__SQUID_data__IVI_BS30_A1S1_I_contrl_+-0.15mA_285mK_191103__IVB__T_1p40K[-0.000095250],10000,-2.041844e-05,2.01378e-05,4.055624e-05,0.11206698721209994,False,I_A,6.0,BS30_A1S1,Fig2,1.4,,,,,,,000095250,-9.525e-05
D4.2__Fig 2__SQUID_data__IVI_BS30_A1S1_I_contrl_+-0.15mA_285mK_191103__IVB__T_1p40K[-0.000095625],10000,-2.041096e-05,2.013876e-05,4.0549720000000004e-05,0.12374907564412617,False,I_A,6.0,BS30_A1S1,Fig2,1.4,,,,,,,000095625,-9.5625e-05
D4.2__Fig 2__SQUID_data__IVI_BS30_A1S1_I_contrl_+-0.15mA_285mK_191103__IVB__T_1p40K[-0.000096000],10000,-2.03957e-05,2.011338e-05,4.050908e-05,0.12425949828070797,False,I_A,6.0,BS30_A1S1,Fig2,1.4,,,,,,,000096000,-9.6e-05
D4.2__Fig 2__SQUID_data__IVI_BS30_A1S1_I_contrl_+-0.15mA_285mK_191103__IVB__T_1p40K[-0.000096375],10000,-2.039458e-05,2.009731e-05,4.049189e-05,0.11277659870020487,False,I_A,6.0,BS30_A1S1,Fig2,1.4,,,,,,,000096375,-9.6375e-05
D4.2__Fig 2__SQUID_data__IVI_BS30_A1S1_I_contrl_+-0.15mA_285mK_191103__IVB__T_1p40K[-0.000096750],10000,-2.03987e-05,2.008963e-05,4.048833e-05,0.11133623860810393,False,I_A,6.0,BS30_A1S1,Fig2,1.4,,,,,,,000096750,-9.675e-05
D4.2__Fig 2__SQUID_data__IVI_BS30_A1S1_I_contrl_+-0.15mA_285mK_191103__IVB__T_1p40K[-0.000097125],10000,-2.039102e-05,2.009573e-05,4.048675e-05,0.1246286653138026,False,I_A,6.0,BS30_A1S1,Fig2,1.4,,,,,,,000097125,-9.7125e-05
D4.2__Fig 2__SQUID_data__IVI_BS30_A1S1_I_contrl_+-0.15mA_285mK_191103__IVB__T_1p40K[-0.000097500],10000,-2.038843e-05,2.01173e-05,4.050573e-05,0.1220559782269786,False,I_A,6.0,BS30_A1S1,Fig2,1.4,,,,,,,000097500,-9.75e-05
D4.2__Fig 2__SQUID_data__IVI_BS30_A1S1_I_contrl_+-0.15mA_285mK_191103__IVB__T_1p40K[-0.000097875],10000,-2.041366e-05,2.013073e-05,4.054439e-05,0.1227021321926832,False,I_A,6.0,BS30_A1S1,Fig2,1.4,,,,,,,000097875,-9.7875e-05
D4.2__Fig 2__SQUID_data__IVI_BS30_A1S1_I_contrl_+-0.15mA_285mK_191103__IVB__T_1p40K[-0.000098250],10000,-2.041183e-05,2.010341e-05,4.051524e-05,0.11474042092603909,False,I_A,6.0,BS30_A1S1,Fig2,1.4,,,,,,,000098250,-9.825e-05
D4.2__Fig 2__SQUID_data__IVI_BS30_A1S1_I_contrl_+-0.15mA_285mK_191103__IVB__T_1p40K[-0.000098625],10000,-2.03897e-05,2.010662e-05,4.0496319999999995e-05,0.1140483010720406,False,I_A,6.0,BS30_A1S1,Fig2,1.4,,,,,,,000098625,-9.8625e-05
D4.2__Fig 2__SQUID_data__IVI_BS30_A1S1_I_contrl_+-0.15mA_285mK_191103__IVB__T_1p40K[-0.000099000],10000,-2.039662e-05,2.011903e-05,4.051565e-05,0.11896194844169188,False,I_A,6.0,BS30_A1S1,Fig2,1.4,,,,,,,000099000,-9.9e-05
D4.2__Fig 2__SQUID_data__IVI_BS30_A1S1_I_contrl_+-0.15mA_285mK_191103__IVB__T_1p40K[-0.000099375],10000,-2.040318e-05,2.009024e-05,4.0493419999999996e-05,0.11218797114432857,False,I_A,6.0,BS30_A1S1,Fig2,1.4,,,,,,,000099375,-9.9375e-05
D4.2__Fig 2__SQUID_data__IVI_BS30_A1S1_I_contrl_+-0.15mA_285mK_191103__IVB__T_1p40K[-0.000099750],10000,-2.039189e-05,2.009538e-05,4.048727e-05,0.11280455463337571,False,I_A,6.0,BS30_A1S1,Fig2,1.4,,,,,,,000099750,-9.975e-05
D4.2__Fig 2__SQUID_data__IVI_BS30_A1S1_I_contrl_+-0.15mA_285mK_191103__IVB__T_1p40K[-0.000100125],10000,-2.038695e-05,2.012722e-05,4.051417e-05,0.11320923772606897,False,I_A,6.0,BS30_A1S1,Fig2,1.4,,,,,,,000100125,-0.000100125
D4.2__Fig 2__SQUID_data__IVI_BS30_A1S1_I_contrl_+-0.15mA_285mK_191103__IVB__T_1p40K[-0.000100500],10000,-2.041686e-05,2.011491e-05,4.053177e-05,0.11219968579641523,False,I_A,6.0,BS30_A1S1,Fig2,1.4,,,,,,,000100500,-0.0001005
D4.2__Fig 2__SQUID_data__IVI_BS30_A1S1_I_contrl_+-0.15mA_285mK_191103__IVB__T_1p40K[-0.000100875],10000,-2.040404e-05,2.010016e-05,4.05042e-05,0.11488791239141606,False,I_A,6.0,BS30_A1S1,Fig2,1.4,,,,,,,000100875,-0.000100875
D4.2__Fig 2__SQUID_data__IVI_BS30_A1S1_I_contrl_+-0.15mA_285mK_191103__IVB__T_1p40K[-0.000101250],10000,-2.040725e-05,2.012086e-05,4.0528109999999996e-05,0.11131533483807533,False,I_A,6.0,BS30_A1S1,Fig2,1.4,,,,,,,000101250,-0.00010125
D4.2__Fig 2__SQUID_data__IVI_BS30_A1S1_I_contrl_+-0.15mA_285mK_191103__IVB__T_1p40K[-0.000101625],10000,-2.041411e-05,2.010906e-05,4.052317e-05,0.11065501053913826,False,I_A,6.0,BS30_A1S1,Fig2,1.4,,,,,,,000101625,-0.000101625
D4.2__Fig 2__SQUID_data__IVI_BS30_A1S1_I_contrl_+-0.15mA_285mK_191103__IVB__T_1p40K[-0.000102000],10000,-2.040114e-05,2.010117e-05,4.050231e-05,0.1122684583437391,False,I_A,6.0,BS30_A1S1,Fig2,1.4,,,,,,,000102000,-0.000102
D4.2__Fig 2__SQUID_data__IVI_BS30_A1S1_I_contrl_+-0.15mA_285mK_191103__IVB__T_1p40K[-0.000102375],10000,-2.041513e-05,2.011933e-05,4.053446e-05,0.11036957276695235,False,I_A,6.0,BS30_A1S1,Fig2,1.4,,,,,,,000102375,-0.000102375
D4.2__Fig 2__SQUID_data__IVI_BS30_A1S1_I_contrl_+-0.15mA_285mK_191103__IVB__T_1p40K[-0.000102750],10000,-2.040018e-05,2.010616e-05,4.0506340000000005e-05,0.11230395800389782,False,I_A,6.0,BS30_A1S1,Fig2,1.4,,,,,,,000102750,-0.00010275
D4.2__Fig 2__SQUID_data__IVI_BS30_A1S1_I_contrl_+-0.15mA_285mK_191103__IVB__T_1p40K[-0.000103125],10000,-2.040827e-05,2.012671e-05,4.053498e-05,0.11800250596207104,False,I_A,6.0,BS30_A1S1,Fig2,1.4,,,,,,,000103125,-0.000103125
D4.2__Fig 2__SQUID_data__IVI_BS30_A1S1_I_contrl_+-0.15mA_285mK_191103__IVB__T_1p40K[-0.000103500],10000,-2.041874e-05,2.01145e-05,4.053324e-05,0.11870372049455707,False,I_A,6.0,BS30_A1S1,Fig2,1.4,,,,,,,000103500,-0.0001035
D4.2__Fig 2__SQUID_data__IVI_BS30_A1S1_I_contrl_+-0.15mA_285mK_191103__IVB__T_1p40K[-0.000103875],10000,-2.040984e-05,2.009232e-05,4.050216e-05,0.1115983762879465,False,I_A,6.0,BS30_A1S1,Fig2,1.4,,,,,,,000103875,-0.000103875
D4.2__Fig 2__SQUID_data__IVI_BS30_A1S1_I_contrl_+-0.15mA_285mK_191103__IVB__T_1p40K[-0.000104250],10000,-2.038879e-05,2.00968e-05,4.0485590000000003e-05,0.1104832373029159,False,I_A,6.0,BS30_A1S1,Fig2,1.4,,,,,,,000104250,-0.00010425
D4.2__Fig 2__SQUID_data__IVI_BS30_A1S1_I_contrl_+-0.15mA_285mK_191103__IVB__T_1p40K[-0.000104625],10000,-2.039016e-05,2.012101e-05,4.0511170000000004e-05,0.10998269032123975,False,I_A,6.0,BS30_A1S1,Fig2,1.4,,,,,,,000104625,-0.000104625
D4.2__Fig 2__SQUID_data__IVI_BS30_A1S1_I_contrl_+-0.15mA_285mK_191103__IVB__T_1p40K[-0.000105000],10000,-2.041706e-05,2.012772e-05,4.054478e-05,0.11454799444843673,False,I_A,6.0,BS30_A1S1,Fig2,1.4,,,,,,,000105000,-0.000105
D4.2__Fig 2__SQUID_data__IVI_BS30_A1S1_I_contrl_+-0.15mA_285mK_191103__IVB__T_1p40K[-0.000105375],10000,-2.040796e-05,2.010606e-05,4.051402e-05,0.1144957559641488,False,I_A,6.0,BS30_A1S1,Fig2,1.4,,,,,,,000105375,-0.000105375
D4.2__Fig 2__SQUID_data__IVI_BS30_A1S1_I_contrl_+-0.15mA_285mK_191103__IVB__T_1p40K[-0.000105750],10000,-2.03928e-05,2.010468e-05,4.0497479999999995e-05,0.11708825756827859,False,I_A,6.0,BS30_A1S1,Fig2,1.4,,,,,,,000105750,-0.00010575
D4.2__Fig 2__SQUID_data__IVI_BS30_A1S1_I_contrl_+-0.15mA_285mK_191103__IVB__T_1p40K[-0.000106125],10000,-2.041264e-05,2.011674e-05,4.0529380000000004e-05,0.11658065393663454,False,I_A,6.0,BS30_A1S1,Fig2,1.4,,,,,,,000106125,-0.000106125
D4.2__Fig 2__SQUID_data__IVI_BS30_A1S1_I_contrl_+-0.15mA_285mK_191103__IVB__T_1p40K[-0.000106500],10000,-2.043324e-05,2.010428e-05,4.053752e-05,0.11216763585241804,False,I_A,6.0,BS30_A1S1,Fig2,1.4,,,,,,,000106500,-0.0001065
D4.2__Fig 2__SQUID_data__IVI_BS30_A1S1_I_contrl_+-0.15mA_285mK_191103__IVB__T_1p40K[-0.000106875],10000,-2.040837e-05,2.008602e-05,4.0494389999999996e-05,0.1122712896345549,False,I_A,6.0,BS30_A1S1,Fig2,1.4,,,,,,,000106875,-0.000106875
D4.2__Fig 2__SQUID_data__IVI_BS30_A1S1_I_contrl_+-0.15mA_285mK_191103__IVB__T_1p40K[-0.000107250],10000,-2.038507e-05,2.011572e-05,4.0500789999999996e-05,0.11443696821558814,False,I_A,6.0,BS30_A1S1,Fig2,1.4,,,,,,,000107250,-0.00010725
D4.2__Fig 2__SQUID_data__IVI_BS30_A1S1_I_contrl_+-0.15mA_285mK_191103__IVB__T_1p40K[-0.000107625],10000,-2.04071e-05,2.012569e-05,4.053279e-05,0.1100718076405343,False,I_A,6.0,BS30_A1S1,Fig2,1.4,,,,,,,000107625,-0.000107625
D4.2__Fig 2__SQUID_data__IVI_BS30_A1S1_I_contrl_+-0.15mA_285mK_191103__IVB__T_1p40K[-0.000108000],10000,-2.042688e-05,2.012661e-05,4.0553489999999997e-05,0.11042527964695449,False,I_A,6.0,BS30_A1S1,Fig2,1.4,,,,,,,000108000,-0.000108
D4.2__Fig 2__SQUID_data__IVI_BS30_A1S1_I_contrl_+-0.15mA_285mK_191103__IVB__T_1p40K[-0.000108375],10000,-2.042185e-05,2.010357e-05,4.052542e-05,0.11230972175211913,False,I_A,6.0,BS30_A1S1,Fig2,1.4,,,,,,,000108375,-0.000108375
D4.2__Fig 2__SQUID_data__IVI_BS30_A1S1_I_contrl_+-0.15mA_285mK_191103__IVB__T_1p40K[-0.000108750],10000,-2.040582e-05,2.009238e-05,4.04982e-05,0.11401857254146013,False,I_A,6.0,BS30_A1S1,Fig2,1.4,,,,,,,000108750,-0.00010875
D4.2__Fig 2__SQUID_data__IVI_BS30_A1S1_I_contrl_+-0.15mA_285mK_191103__IVB__T_1p40K[-0.000109125],10000,-2.03896e-05,2.011516e-05,4.050476e-05,0.1109988918878794,False,I_A,6.0,BS30_A1S1,Fig2,1.4,,,,,,,000109125,-0.000109125
D4.2__Fig 2__SQUID_data__IVI_BS30_A1S1_I_contrl_+-0.15mA_285mK_191103__IVB__T_1p40K[-0.000109500],10000,-2.040994e-05,2.012076e-05,4.05307e-05,0.1101699499967504,False,I_A,6.0,BS30_A1S1,Fig2,1.4,,,,,,,000109500,-0.0001095
D4.2__Fig 2__SQUID_data__IVI_BS30_A1S1_I_contrl_+-0.15mA_285mK_191103__IVB__T_1p40K[-0.000109875],10000,-2.040994e-05,2.010128e-05,4.0511219999999994e-05,0.11280137666634171,False,I_A,6.0,BS30_A1S1,Fig2,1.4,,,,,,,000109875,-0.000109875
D4.2__Fig 2__SQUID_data__IVI_BS30_A1S1_I_contrl_+-0.15mA_285mK_191103__IVB__T_1p40K[-0.000110250],10000,-2.038385e-05,2.011796e-05,4.050181e-05,0.11089947607483325,False,I_A,6.0,BS30_A1S1,Fig2,1.4,,,,,,,000110250,-0.00011025
D4.2__Fig 2__SQUID_data__IVI_BS30_A1S1_I_contrl_+-0.15mA_285mK_191103__IVB__T_1p40K[-0.000110625],10000,-2.040903e-05,2.012889e-05,4.053792e-05,0.11370115609217026,False,I_A,6.0,BS30_A1S1,Fig2,1.4,,,,,,,000110625,-0.000110625
D4.2__Fig 2__SQUID_data__IVI_BS30_A1S1_I_contrl_+-0.15mA_285mK_191103__IVB__T_1p40K[-0.000111000],10000,-2.042688e-05,2.011297e-05,4.0539850000000005e-05,0.11065650518849207,False,I_A,6.0,BS30_A1S1,Fig2,1.4,,,,,,,000111000,-0.000111
D4.2__Fig 2__SQUID_data__IVI_BS30_A1S1_I_contrl_+-0.15mA_285mK_191103__IVB__T_1p40K[-0.000111375],10000,-2.041518e-05,2.009324e-05,4.050842e-05,0.11386136069606106,False,I_A,6.0,BS30_A1S1,Fig2,1.4,,,,,,,000111375,-0.000111375
D4.2__Fig 2__SQUID_data__IVI_BS30_A1S1_I_contrl_+-0.15mA_285mK_191103__IVB__T_1p40K[-0.000111750],10000,-2.039133e-05,2.009629e-05,4.0487619999999996e-05,0.10991504609788798,False,I_A,6.0,BS30_A1S1,Fig2,1.4,,,,,,,000111750,-0.00011175
D4.2__Fig 2__SQUID_data__IVI_BS30_A1S1_I_contrl_+-0.15mA_285mK_191103__IVB__T_1p40K[-0.000112125],10000,-2.038741e-05,2.011196e-05,4.0499370000000005e-05,0.10765812201679979,False,I_A,6.0,BS30_A1S1,Fig2,1.4,,,,,,,000112125,-0.000112125
D4.2__Fig 2__SQUID_data__IVI_BS30_A1S1_I_contrl_+-0.15mA_285mK_191103__IVB__T_1p40K[-0.000112500],10000,-2.039336e-05,2.012691e-05,4.0520270000000004e-05,0.11284791718590334,False,I_A,6.0,BS30_A1S1,Fig2,1.4,,,,,,,000112500,-0.0001125
D4.2__Fig 2__SQUID_data__IVI_BS30_A1S1_I_contrl_+-0.15mA_285mK_191103__IVB__T_1p40K[-0.000112875],10000,-2.04071e-05,2.013393e-05,4.054103e-05,0.10983745012364336,False,I_A,6.0,BS30_A1S1,Fig2,1.4,,,,,,,000112875,-0.000112875
D4.2__Fig 2__SQUID_data__IVI_BS30_A1S1_I_contrl_+-0.15mA_285mK_191103__IVB__T_1p40K[-0.000113250],10000,-2.041005e-05,2.013337e-05,4.054342e-05,0.11108227729517849,False,I_A,6.0,BS30_A1S1,Fig2,1.4,,,,,,,000113250,-0.00011325
D4.2__Fig 2__SQUID_data__IVI_BS30_A1S1_I_contrl_+-0.15mA_285mK_191103__IVB__T_1p40K[-0.000113625],10000,-2.040725e-05,2.013286e-05,4.0540109999999996e-05,0.11209819386614264,False,I_A,6.0,BS30_A1S1,Fig2,1.4,,,,,,,000113625,-0.000113625
D4.2__Fig 2__SQUID_data__IVI_BS30_A1S1_I_contrl_+-0.15mA_285mK_191103__IVB__T_1p40K[-0.000114000],10000,-2.041813e-05,2.012925e-05,4.054738e-05,0.1148087091239426,False,I_A,6.0,BS30_A1S1,Fig2,1.4,,,,,,,000114000,-0.000114
D4.2__Fig 2__SQUID_data__IVI_BS30_A1S1_I_contrl_+-0.15mA_285mK_191103__IVB__T_1p40K[-0.000114375],10000,-2.042683e-05,2.012065e-05,4.0547479999999996e-05,0.10951929551679139,False,I_A,6.0,BS30_A1S1,Fig2,1.4,,,,,,,000114375,-0.000114375
D4.2__Fig 2__SQUID_data__IVI_BS30_A1S1_I_contrl_+-0.15mA_285mK_191103__IVB__T_1p40K[-0.000114750],10000,-2.042342e-05,2.010194e-05,4.052536e-05,0.1126311793561255,False,I_A,6.0,BS30_A1S1,Fig2,1.4,,,,,,,000114750,-0.00011475
D4.2__Fig 2__SQUID_data__IVI_BS30_A1S1_I_contrl_+-0.15mA_285mK_191103__IVB__T_1p40K[-0.000115125],10000,-2.041564e-05,2.013001e-05,4.0545650000000004e-05,0.10979763546428457,False,I_A,6.0,BS30_A1S1,Fig2,1.4,,,,,,,000115125,-0.000115125
D4.2__Fig 2__SQUID_data__IVI_BS30_A1S1_I_contrl_+-0.15mA_285mK_191103__IVB__T_1p40K[-0.000115500],10000,-2.042795e-05,2.012544e-05,4.055339e-05,0.11099388475644957,False,I_A,6.0,BS30_A1S1,Fig2,1.4,,,,,,,000115500,-0.0001155
D4.2__Fig 2__SQUID_data__IVI_BS30_A1S1_I_contrl_+-0.15mA_285mK_191103__IVB__T_1p40K[-0.000115875],10000,-2.042169e-05,2.010758e-05,4.0529269999999996e-05,0.11374699343428041,False,I_A,6.0,BS30_A1S1,Fig2,1.4,,,,,,,000115875,-0.000115875
D4.2__Fig 2__SQUID_data__IVI_BS30_A1S1_I_contrl_+-0.15mA_285mK_191103__IVB__T_1p40K[-0.000116250],10000,-2.039336e-05,2.009965e-05,4.049301e-05,0.11602755503462384,False,I_A,6.0,BS30_A1S1,Fig2,1.4,,,,,,,000116250,-0.00011625
D4.2__Fig 2__SQUID_data__IVI_BS30_A1S1_I_contrl_+-0.15mA_285mK_191103__IVB__T_1p40K[-0.000116625],10000,-2.040623e-05,2.011516e-05,4.052139e-05,0.11193238968282924,False,I_A,6.0,BS30_A1S1,Fig2,1.4,,,,,,,000116625,-0.000116625
D4.2__Fig 2__SQUID_data__IVI_BS30_A1S1_I_contrl_+-0.15mA_285mK_191103__IVB__T_1p40K[-0.000117000],10000,-2.041366e-05,2.010824e-05,4.05219e-05,0.11126453942752453,False,I_A,6.0,BS30_A1S1,Fig2,1.4,,,,,,,000117000,-0.000117
D4.2__Fig 2__SQUID_data__IVI_BS30_A1S1_I_contrl_+-0.15mA_285mK_191103__IVB__T_1p40K[-0.000117375],10000,-2.040267e-05,2.010702e-05,4.050969e-05,0.11097974568065494,False,I_A,6.0,BS30_A1S1,Fig2,1.4,,,,,,,000117375,-0.000117375
D4.2__Fig 2__SQUID_data__IVI_BS30_A1S1_I_contrl_+-0.15mA_285mK_191103__IVB__T_1p40K[-0.000117750],10000,-2.04131e-05,2.011175e-05,4.052485e-05,0.11271708083061706,False,I_A,6.0,BS30_A1S1,Fig2,1.4,,,,,,,000117750,-0.00011775
D4.2__Fig 2__SQUID_data__IVI_BS30_A1S1_I_contrl_+-0.15mA_285mK_191103__IVB__T_1p40K[-0.000118125],10000,-2.040521e-05,2.010743e-05,4.051264e-05,0.11185633592170033,False,I_A,6.0,BS30_A1S1,Fig2,1.4,,,,,,,000118125,-0.000118125
D4.2__Fig 2__SQUID_data__IVI_BS30_A1S1_I_contrl_+-0.15mA_285mK_191103__IVB__T_1p40K[-0.000118500],10000,-2.040877e-05,2.011069e-05,4.051946e-05,0.10899235128324261,False,I_A,6.0,BS30_A1S1,Fig2,1.4,,,,,,,000118500,-0.0001185
D4.2__Fig 2__SQUID_data__IVI_BS30_A1S1_I_contrl_+-0.15mA_285mK_191103__IVB__T_1p40K[-0.000118875],10000,-2.040704e-05,2.010967e-05,4.051671e-05,0.11010024424613317,False,I_A,6.0,BS30_A1S1,Fig2,1.4,,,,,,,000118875,-0.000118875
D4.2__Fig 2__SQUID_data__IVI_BS30_A1S1_I_contrl_+-0.15mA_285mK_191103__IVB__T_1p40K[-0.000119250],10000,-2.040832e-05,2.010957e-05,4.051789e-05,0.108645393897239,False,I_A,6.0,BS30_A1S1,Fig2,1.4,,,,,,,000119250,-0.00011925
D4.2__Fig 2__SQUID_data__IVI_BS30_A1S1_I_contrl_+-0.15mA_285mK_191103__IVB__T_1p40K[-0.000119625],10000,-2.040201e-05,2.010952e-05,4.051153e-05,0.11114291056084473,False,I_A,6.0,BS30_A1S1,Fig2,1.4,,,,,,,000119625,-0.000119625
D4.2__Fig 2__SQUID_data__IVI_BS30_A1S1_I_contrl_+-0.15mA_285mK_191103__IVB__T_1p40K[-0.000120000],10000,-2.041691e-05,2.011445e-05,4.053136e-05,0.11364579528891716,False,I_A,6.0,BS30_A1S1,Fig2,1.4,,,,,,,000120000,-0.00012
D4.2__Fig 2__SQUID_data__IVI_BS30_A1S1_I_contrl_+-0.15mA_285mK_191103__IVB__T_1p40K[-0.000120375],10000,-2.040333e-05,2.010204e-05,4.0505370000000005e-05,0.11267762852304428,False,I_A,6.0,BS30_A1S1,Fig2,1.4,,,,,,,000120375,-0.000120375
D4.2__Fig 2__SQUID_data__IVI_BS30_A1S1_I_contrl_+-0.15mA_285mK_191103__IVB__T_1p40K[-0.000120750],10000,-2.040659e-05,2.01233e-05,4.052989e-05,0.1091128119506176,False,I_A,6.0,BS30_A1S1,Fig2,1.4,,,,,,,000120750,-0.00012075
D4.2__Fig 2__SQUID_data__IVI_BS30_A1S1_I_contrl_+-0.15mA_285mK_191103__IVB__T_1p40K[-0.000121125],10000,-2.041783e-05,2.01056e-05,4.052343e-05,0.11231923144817899,False,I_A,6.0,BS30_A1S1,Fig2,1.4,,,,,,,000121125,-0.000121125
D4.2__Fig 2__SQUID_data__IVI_BS30_A1S1_I_contrl_+-0.15mA_285mK_191103__IVB__T_1p40K[-0.000121500],10000,-2.039931e-05,2.010774e-05,4.050705e-05,0.11298988724678521,False,I_A,6.0,BS30_A1S1,Fig2,1.4,,,,,,,000121500,-0.0001215
D4.2__Fig 2__SQUID_data__IVI_BS30_A1S1_I_contrl_+-0.15mA_285mK_191103__IVB__T_1p40K[-0.000121875],10000,-2.041127e-05,2.011369e-05,4.052496e-05,0.11234926072952298,False,I_A,6.0,BS30_A1S1,Fig2,1.4,,,,,,,000121875,-0.000121875
D4.2__Fig 2__SQUID_data__IVI_BS30_A1S1_I_contrl_+-0.15mA_285mK_191103__IVB__T_1p40K[-0.000122250],10000,-2.040674e-05,2.011099e-05,4.051773e-05,0.10763686412123329,False,I_A,6.0,BS30_A1S1,Fig2,1.4,,,,,,,000122250,-0.00012225
D4.2__Fig 2__SQUID_data__IVI_BS30_A1S1_I_contrl_+-0.15mA_285mK_191103__IVB__T_1p40K[-0.000122625],10000,-2.04101e-05,2.01177e-05,4.05278e-05,0.11399152859480331,False,I_A,6.0,BS30_A1S1,Fig2,1.4,,,,,,,000122625,-0.000122625
D4.2__Fig 2__SQUID_data__IVI_BS30_A1S1_I_contrl_+-0.15mA_285mK_191103__IVB__T_1p40K[-0.000123000],10000,-2.040465e-05,2.010402e-05,4.0508670000000005e-05,0.11471160440534091,False,I_A,6.0,BS30_A1S1,Fig2,1.4,,,,,,,000123000,-0.000123
D4.2__Fig 2__SQUID_data__IVI_BS30_A1S1_I_contrl_+-0.15mA_285mK_191103__IVB__T_1p40K[-0.000123375],10000,-2.04043e-05,2.012172e-05,4.052602e-05,0.11814861181117307,False,I_A,6.0,BS30_A1S1,Fig2,1.4,,,,,,,000123375,-0.000123375
D4.2__Fig 2__SQUID_data__IVI_BS30_A1S1_I_contrl_+-0.15mA_285mK_191103__IVB__T_1p40K[-0.000123750],10000,-2.041651e-05,2.010611e-05,4.0522620000000005e-05,0.11148019217037274,False,I_A,6.0,BS30_A1S1,Fig2,1.4,,,,,,,000123750,-0.00012375
D4.2__Fig 2__SQUID_data__IVI_BS30_A1S1_I_contrl_+-0.15mA_285mK_191103__IVB__T_1p40K[-0.000124125],10000,-2.039896e-05,2.01087e-05,4.050766e-05,0.11118306589529733,False,I_A,6.0,BS30_A1S1,Fig2,1.4,,,,,,,000124125,-0.000124125
D4.2__Fig 2__SQUID_data__IVI_BS30_A1S1_I_contrl_+-0.15mA_285mK_191103__IVB__T_1p40K[-0.000124500],10000,-2.04103e-05,2.012533e-05,4.053563e-05,0.11061973463995978,False,I_A,6.0,BS30_A1S1,Fig2,1.4,,,,,,,000124500,-0.0001245
D4.2__Fig 2__SQUID_data__IVI_BS30_A1S1_I_contrl_+-0.15mA_285mK_191103__IVB__T_1p40K[-0.000124875],10000,-2.041396e-05,2.009604e-05,4.0510000000000003e-05,0.10944964917120367,False,I_A,6.0,BS30_A1S1,Fig2,1.4,,,,,,,000124875,-0.000124875
D4.2__Fig 2__SQUID_data__IVI_BS30_A1S1_I_contrl_+-0.15mA_285mK_191103__IVB__T_1p40K[-0.000125250],10000,-2.03954e-05,2.01114e-05,4.0506799999999996e-05,0.1137081793634462,False,I_A,6.0,BS30_A1S1,Fig2,1.4,,,,,,,000125250,-0.00012525
D4.2__Fig 2__SQUID_data__IVI_BS30_A1S1_I_contrl_+-0.15mA_285mK_191103__IVB__T_1p40K[-0.000125625],10000,-2.041045e-05,2.01265e-05,4.0536950000000005e-05,0.11428149702757183,False,I_A,6.0,BS30_A1S1,Fig2,1.4,,,,,,,000125625,-0.000125625
D4.2__Fig 2__SQUID_data__IVI_BS30_A1S1_I_contrl_+-0.15mA_285mK_191103__IVB__T_1p40K[-0.000126000],10000,-2.04161e-05,2.009604e-05,4.0512140000000004e-05,0.11028250723864162,False,I_A,6.0,BS30_A1S1,Fig2,1.4,,,,,,,000126000,-0.000126
D4.2__Fig 2__SQUID_data__IVI_BS30_A1S1_I_contrl_+-0.15mA_285mK_191103__IVB__T_1p40K[-0.000126375],10000,-2.039138e-05,2.010601e-05,4.049739e-05,0.11187281530250938,False,I_A,6.0,BS30_A1S1,Fig2,1.4,,,,,,,000126375,-0.000126375
D4.2__Fig 2__SQUID_data__IVI_BS30_A1S1_I_contrl_+-0.15mA_285mK_191103__IVB__T_1p40K[-0.000126750],10000,-2.04017e-05,2.012554e-05,4.052724e-05,0.112930444089143,False,I_A,6.0,BS30_A1S1,Fig2,1.4,,,,,,,000126750,-0.00012675
D4.2__Fig 2__SQUID_data__IVI_BS30_A1S1_I_contrl_+-0.15mA_285mK_191103__IVB__T_1p40K[-0.000127125],10000,-2.041981e-05,2.013037e-05,4.055018e-05,0.11326940833608172,False,I_A,6.0,BS30_A1S1,Fig2,1.4,,,,,,,000127125,-0.000127125
D4.2__Fig 2__SQUID_data__IVI_BS30_A1S1_I_contrl_+-0.15mA_285mK_191103__IVB__T_1p40K[-0.000127500],10000,-2.042876e-05,2.012213e-05,4.0550890000000004e-05,0.10963539294460564,False,I_A,6.0,BS30_A1S1,Fig2,1.4,,,,,,,000127500,-0.0001275
D4.2__Fig 2__SQUID_data__IVI_BS30_A1S1_I_contrl_+-0.15mA_285mK_191103__IVB__T_1p40K[-0.000127875],10000,-2.042942e-05,2.011435e-05,4.054377e-05,0.11265969752757186,False,I_A,6.0,BS30_A1S1,Fig2,1.4,,,,,,,000127875,-0.000127875
D4.2__Fig 2__SQUID_data__IVI_BS30_A1S1_I_contrl_+-0.15mA_285mK_191103__IVB__T_1p40K[-0.000128250],10000,-2.042714e-05,2.010626e-05,4.05334e-05,0.11048435071960272,False,I_A,6.0,BS30_A1S1,Fig2,1.4,,,,,,,000128250,-0.00012825
D4.2__Fig 2__SQUID_data__IVI_BS30_A1S1_I_contrl_+-0.15mA_285mK_191103__IVB__T_1p40K[-0.000128625],10000,-2.041381e-05,2.009171e-05,4.050552e-05,0.11540637919526041,False,I_A,6.0,BS30_A1S1,Fig2,1.4,,,,,,,000128625,-0.000128625
D4.2__Fig 2__SQUID_data__IVI_BS30_A1S1_I_contrl_+-0.15mA_285mK_191103__IVB__T_1p40K[-0.000129000],10000,-2.03835e-05,2.011048e-05,4.0493979999999994e-05,0.11462029214451057,False,I_A,6.0,BS30_A1S1,Fig2,1.4,,,,,,,000129000,-0.000129
D4.2__Fig 2__SQUID_data__IVI_BS30_A1S1_I_contrl_+-0.15mA_285mK_191103__IVB__T_1p40K[-0.000129375],10000,-2.040206e-05,2.012376e-05,4.052582e-05,0.11250953855236587,False,I_A,6.0,BS30_A1S1,Fig2,1.4,,,,,,,000129375,-0.000129375
D4.2__Fig 2__SQUID_data__IVI_BS30_A1S1_I_contrl_+-0.15mA_285mK_191103__IVB__T_1p40K[-0.000129750],10000,-2.041396e-05,2.010824e-05,4.05222e-05,0.1140849836427513,False,I_A,6.0,BS30_A1S1,Fig2,1.4,,,,,,,000129750,-0.00012975
D4.2__Fig 2__SQUID_data__IVI_BS30_A1S1_I_contrl_+-0.15mA_285mK_191103__IVB__T_1p40K[-0.000130125],10000,-2.04045e-05,2.011384e-05,4.0518340000000004e-05,0.11078172183299202,False,I_A,6.0,BS30_A1S1,Fig2,1.4,,,,,,,000130125,-0.000130125
D4.2__Fig 2__SQUID_data__IVI_BS30_A1S1_I_contrl_+-0.15mA_285mK_191103__IVB__T_1p40K[-0.000130500],10000,-2.040694e-05,2.011038e-05,4.051732e-05,0.10743357753441589,False,I_A,6.0,BS30_A1S1,Fig2,1.4,,,,,,,000130500,-0.0001305
D4.2__Fig 2__SQUID_data__IVI_BS30_A1S1_I_contrl_+-0.15mA_285mK_191103__IVB__T_1p40K[-0.000130875],10000,-2.040633e-05,2.010916e-05,4.051549e-05,0.11617942674010398,False,I_A,6.0,BS30_A1S1,Fig2,1.4,,,,,,,000130875,-0.000130875
D4.2__Fig 2__SQUID_data__IVI_BS30_A1S1_I_contrl_+-0.15mA_285mK_191103__IVB__T_1p40K[-0.000131250],10000,-2.041656e-05,2.011282e-05,4.0529380000000004e-05,0.11202354613554029,False,I_A,6.0,BS30_A1S1,Fig2,1.4,,,,,,,000131250,-0.00013125
D4.2__Fig 2__SQUID_data__IVI_BS30_A1S1_I_contrl_+-0.15mA_285mK_191103__IVB__T_1p40K[-0.000131625],10000,-2.039819e-05,2.009761e-05,4.04958e-05,0.11481114766647363,False,I_A,6.0,BS30_A1S1,Fig2,1.4,,,,,,,000131625,-0.000131625
D4.2__Fig 2__SQUID_data__IVI_BS30_A1S1_I_contrl_+-0.15mA_285mK_191103__IVB__T_1p40K[-0.000132000],10000,-2.040486e-05,2.01143e-05,4.051916e-05,0.11452619175345803,False,I_A,6.0,BS30_A1S1,Fig2,1.4,,,,,,,000132000,-0.000132
D4.2__Fig 2__SQUID_data__IVI_BS30_A1S1_I_contrl_+-0.15mA_285mK_191103__IVB__T_1p40K[-0.000132375],10000,-2.042322e-05,2.011389e-05,4.053711e-05,0.11493912372584682,False,I_A,6.0,BS30_A1S1,Fig2,1.4,,,,,,,000132375,-0.000132375
D4.2__Fig 2__SQUID_data__IVI_BS30_A1S1_I_contrl_+-0.15mA_285mK_191103__IVB__T_1p40K[-0.000132750],10000,-2.040328e-05,2.009573e-05,4.049901e-05,0.11380068178083216,False,I_A,6.0,BS30_A1S1,Fig2,1.4,,,,,,,000132750,-0.00013275
D4.2__Fig 2__SQUID_data__IVI_BS30_A1S1_I_contrl_+-0.15mA_285mK_191103__IVB__T_1p40K[-0.000133125],10000,-2.039331e-05,2.012071e-05,4.051402e-05,0.11289010511734258,False,I_A,6.0,BS30_A1S1,Fig2,1.4,,,,,,,000133125,-0.000133125
D4.2__Fig 2__SQUID_data__IVI_BS30_A1S1_I_contrl_+-0.15mA_285mK_191103__IVB__T_1p40K[-0.000133500],10000,-2.041915e-05,2.01232e-05,4.054235e-05,0.11431740505068895,False,I_A,6.0,BS30_A1S1,Fig2,1.4,,,,,,,000133500,-0.0001335
D4.2__Fig 2__SQUID_data__IVI_BS30_A1S1_I_contrl_+-0.15mA_285mK_191103__IVB__T_1p40K[-0.000133875],10000,-2.040582e-05,2.010936e-05,4.051518e-05,0.11454733231798808,False,I_A,6.0,BS30_A1S1,Fig2,1.4,,,,,,,000133875,-0.000133875
D4.2__Fig 2__SQUID_data__IVI_BS30_A1S1_I_contrl_+-0.15mA_285mK_191103__IVB__T_1p40K[-0.000134250],10000,-2.04015e-05,2.01e-05,4.0501500000000005e-05,0.11078909473681973,False,I_A,6.0,BS30_A1S1,Fig2,1.4,,,,,,,000134250,-0.00013425
D4.2__Fig 2__SQUID_data__IVI_BS30_A1S1_I_contrl_+-0.15mA_285mK_191103__IVB__T_1p40K[-0.000134625],10000,-2.041152e-05,2.012539e-05,4.053691e-05,0.10940170049999354,False,I_A,6.0,BS30_A1S1,Fig2,1.4,,,,,,,000134625,-0.000134625
D4.2__Fig 2__SQUID_data__IVI_BS30_A1S1_I_contrl_+-0.15mA_285mK_191103__IVB__T_1p40K[-0.000135000],10000,-2.041915e-05,2.011114e-05,4.053029e-05,0.11378791510973336,False,I_A,6.0,BS30_A1S1,Fig2,1.4,,,,,,,000135000,-0.000135
D4.2__Fig 2__SQUID_data__IVI_BS30_A1S1_I_contrl_+-0.15mA_285mK_191103__IVB__T_1p40K[-0.000135375],10000,-2.040048e-05,2.010031e-05,4.0500789999999996e-05,0.11209402873048349,False,I_A,6.0,BS30_A1S1,Fig2,1.4,,,,,,,000135375,-0.000135375
D4.2__Fig 2__SQUID_data__IVI_BS30_A1S1_I_contrl_+-0.15mA_285mK_191103__IVB__T_1p40K[-0.000135750],10000,-2.040008e-05,2.012213e-05,4.0522210000000004e-05,0.11232650926694127,False,I_A,6.0,BS30_A1S1,Fig2,1.4,,,,,,,000135750,-0.00013575
D4.2__Fig 2__SQUID_data__IVI_BS30_A1S1_I_contrl_+-0.15mA_285mK_191103__IVB__T_1p40K[-0.000136125],10000,-2.04223e-05,2.010997e-05,4.053227e-05,0.11193692445484714,False,I_A,6.0,BS30_A1S1,Fig2,1.4,,,,,,,000136125,-0.000136125
D4.2__Fig 2__SQUID_data__IVI_BS30_A1S1_I_contrl_+-0.15mA_285mK_191103__IVB__T_1p40K[-0.000136500],10000,-2.040155e-05,2.010697e-05,4.050852e-05,0.10993074971681047,False,I_A,6.0,BS30_A1S1,Fig2,1.4,,,,,,,000136500,-0.0001365
D4.2__Fig 2__SQUID_data__IVI_BS30_A1S1_I_contrl_+-0.15mA_285mK_191103__IVB__T_1p40K[-0.000136875],10000,-2.041122e-05,2.012045e-05,4.053167e-05,0.1130497868558499,False,I_A,6.0,BS30_A1S1,Fig2,1.4,,,,,,,000136875,-0.000136875
D4.2__Fig 2__SQUID_data__IVI_BS30_A1S1_I_contrl_+-0.15mA_285mK_191103__IVB__T_1p40K[-0.000137250],10000,-2.040562e-05,2.01029e-05,4.050852e-05,0.11374947778969775,False,I_A,6.0,BS30_A1S1,Fig2,1.4,,,,,,,000137250,-0.00013725
D4.2__Fig 2__SQUID_data__IVI_BS30_A1S1_I_contrl_+-0.15mA_285mK_191103__IVB__T_1p40K[-0.000137625],10000,-2.04012e-05,2.011516e-05,4.051636e-05,0.11148129119340286,False,I_A,6.0,BS30_A1S1,Fig2,1.4,,,,,,,000137625,-0.000137625
D4.2__Fig 2__SQUID_data__IVI_BS30_A1S1_I_contrl_+-0.15mA_285mK_191103__IVB__T_1p40K[-0.000138000],10000,-2.041615e-05,2.010575e-05,4.0521899999999996e-05,0.10936834573644019,False,I_A,6.0,BS30_A1S1,Fig2,1.4,,,,,,,000138000,-0.000138
D4.2__Fig 2__SQUID_data__IVI_BS30_A1S1_I_contrl_+-0.15mA_285mK_191103__IVB__T_1p40K[-0.000138375],10000,-2.03955e-05,2.010616e-05,4.050166e-05,0.11783045484374945,False,I_A,6.0,BS30_A1S1,Fig2,1.4,,,,,,,000138375,-0.000138375
D4.2__Fig 2__SQUID_data__IVI_BS30_A1S1_I_contrl_+-0.15mA_285mK_191103__IVB__T_1p40K[-0.000138750],10000,-2.041061e-05,2.011989e-05,4.05305e-05,0.11377834204612265,False,I_A,6.0,BS30_A1S1,Fig2,1.4,,,,,,,000138750,-0.00013875
D4.2__Fig 2__SQUID_data__IVI_BS30_A1S1_I_contrl_+-0.15mA_285mK_191103__IVB__T_1p40K[-0.000139125],10000,-2.03865e-05,2.010748e-05,4.0493979999999994e-05,0.11109009488331963,False,I_A,6.0,BS30_A1S1,Fig2,1.4,,,,,,,000139125,-0.000139125
D4.2__Fig 2__SQUID_data__IVI_BS30_A1S1_I_contrl_+-0.15mA_285mK_191103__IVB__T_1p40K[-0.000139500],10000,-2.039407e-05,2.012167e-05,4.051574e-05,0.1088510332631126,False,I_A,6.0,BS30_A1S1,Fig2,1.4,,,,,,,000139500,-0.0001395
D4.2__Fig 2__SQUID_data__IVI_BS30_A1S1_I_contrl_+-0.15mA_285mK_191103__IVB__T_1p40K[-0.000139875],10000,-2.040801e-05,2.012813e-05,4.053614e-05,0.1118391930625234,False,I_A,6.0,BS30_A1S1,Fig2,1.4,,,,,,,000139875,-0.000139875
D4.2__Fig 2__SQUID_data__IVI_BS30_A1S1_I_contrl_+-0.15mA_285mK_191103__IVB__T_1p40K[-0.000140250],10000,-2.042886e-05,2.010697e-05,4.053583e-05,0.12020866463727731,False,I_A,6.0,BS30_A1S1,Fig2,1.4,,,,,,,000140250,-0.00014025
D4.2__Fig 2__SQUID_data__IVI_BS30_A1S1_I_contrl_+-0.15mA_285mK_191103__IVB__T_1p40K[-0.000140625],10000,-2.040348e-05,2.010367e-05,4.050715e-05,0.11342831727293523,False,I_A,6.0,BS30_A1S1,Fig2,1.4,,,,,,,000140625,-0.000140625
D4.2__Fig 2__SQUID_data__IVI_BS30_A1S1_I_contrl_+-0.15mA_285mK_191103__IVB__T_1p40K[-0.000141000],10000,-2.040547e-05,2.01177e-05,4.052317e-05,0.11808114936202703,False,I_A,6.0,BS30_A1S1,Fig2,1.4,,,,,,,000141000,-0.000141
D4.2__Fig 2__SQUID_data__IVI_BS30_A1S1_I_contrl_+-0.15mA_285mK_191103__IVB__T_1p40K[-0.000141375],10000,-2.040893e-05,2.011196e-05,4.052089e-05,0.1099175595404457,False,I_A,6.0,BS30_A1S1,Fig2,1.4,,,,,,,000141375,-0.000141375
D4.2__Fig 2__SQUID_data__IVI_BS30_A1S1_I_contrl_+-0.15mA_285mK_191103__IVB__T_1p40K[-0.000141750],10000,-2.04074e-05,2.011119e-05,4.051859e-05,0.11164416558119336,False,I_A,6.0,BS30_A1S1,Fig2,1.4,,,,,,,000141750,-0.00014175
D4.2__Fig 2__SQUID_data__IVI_BS30_A1S1_I_contrl_+-0.15mA_285mK_191103__IVB__T_1p40K[-0.000142125],10000,-2.040562e-05,2.010931e-05,4.051493e-05,0.11315789645145337,False,I_A,6.0,BS30_A1S1,Fig2,1.4,,,,,,,000142125,-0.000142125
D4.2__Fig 2__SQUID_data__IVI_BS30_A1S1_I_contrl_+-0.15mA_285mK_191103__IVB__T_1p40K[-0.000142500],10000,-2.04105e-05,2.011908e-05,4.0529580000000004e-05,0.10978355565890036,False,I_A,6.0,BS30_A1S1,Fig2,1.4,,,,,,,000142500,-0.0001425
D4.2__Fig 2__SQUID_data__IVI_BS30_A1S1_I_contrl_+-0.15mA_285mK_191103__IVB__T_1p40K[-0.000142875],10000,-2.04046e-05,2.010295e-05,4.050755e-05,0.11255023160979492,False,I_A,6.0,BS30_A1S1,Fig2,1.4,,,,,,,000142875,-0.000142875
D4.2__Fig 2__SQUID_data__IVI_BS30_A1S1_I_contrl_+-0.15mA_285mK_191103__IVB__T_1p40K[-0.000143250],10000,-2.041137e-05,2.011638e-05,4.052775e-05,0.10971637745545082,False,I_A,6.0,BS30_A1S1,Fig2,1.4,,,,,,,000143250,-0.00014325
D4.2__Fig 2__SQUID_data__IVI_BS30_A1S1_I_contrl_+-0.15mA_285mK_191103__IVB__T_1p40K[-0.000143625],10000,-2.040328e-05,2.010743e-05,4.051071e-05,0.11222225244648434,False,I_A,6.0,BS30_A1S1,Fig2,1.4,,,,,,,000143625,-0.000143625
D4.2__Fig 2__SQUID_data__IVI_BS30_A1S1_I_contrl_+-0.15mA_285mK_191103__IVB__T_1p40K[-0.000144000],10000,-2.040679e-05,2.011781e-05,4.0524599999999995e-05,0.11027886099157483,False,I_A,6.0,BS30_A1S1,Fig2,1.4,,,,,,,000144000,-0.000144
D4.2__Fig 2__SQUID_data__IVI_BS30_A1S1_I_contrl_+-0.15mA_285mK_191103__IVB__T_1p40K[-0.000144375],10000,-2.041549e-05,2.011267e-05,4.052816e-05,0.1100509252201001,False,I_A,6.0,BS30_A1S1,Fig2,1.4,,,,,,,000144375,-0.000144375
D4.2__Fig 2__SQUID_data__IVI_BS30_A1S1_I_contrl_+-0.15mA_285mK_191103__IVB__T_1p40K[-0.000144750],10000,-2.039942e-05,2.010977e-05,4.050919e-05,0.1141015302497085,False,I_A,6.0,BS30_A1S1,Fig2,1.4,,,,,,,000144750,-0.00014475
D4.2__Fig 2__SQUID_data__IVI_BS30_A1S1_I_contrl_+-0.15mA_285mK_191103__IVB__T_1p40K[-0.000145125],10000,-2.041218e-05,2.011404e-05,4.052622e-05,0.10919249338265154,False,I_A,6.0,BS30_A1S1,Fig2,1.4,,,,,,,000145125,-0.000145125
D4.2__Fig 2__SQUID_data__IVI_BS30_A1S1_I_contrl_+-0.15mA_285mK_191103__IVB__T_1p40K[-0.000145500],10000,-2.040445e-05,2.011002e-05,4.0514470000000004e-05,0.11177445203099759,False,I_A,6.0,BS30_A1S1,Fig2,1.4,,,,,,,000145500,-0.0001455
D4.2__Fig 2__SQUID_data__IVI_BS30_A1S1_I_contrl_+-0.15mA_285mK_191103__IVB__T_1p40K[-0.000145875],10000,-2.041061e-05,2.012223e-05,4.053284e-05,0.11323812300189041,False,I_A,6.0,BS30_A1S1,Fig2,1.4,,,,,,,000145875,-0.000145875
D4.2__Fig 2__SQUID_data__IVI_BS30_A1S1_I_contrl_+-0.15mA_285mK_191103__IVB__T_1p40K[-0.000146250],10000,-2.042098e-05,2.009299e-05,4.0513969999999997e-05,0.1165781688977289,False,I_A,6.0,BS30_A1S1,Fig2,1.4,,,,,,,000146250,-0.00014625
D4.2__Fig 2__SQUID_data__IVI_BS30_A1S1_I_contrl_+-0.15mA_285mK_191103__IVB__T_1p40K[-0.000146625],10000,-2.039296e-05,2.010189e-05,4.049485e-05,0.1139852358744241,False,I_A,6.0,BS30_A1S1,Fig2,1.4,,,,,,,000146625,-0.000146625
D4.2__Fig 2__SQUID_data__IVI_BS30_A1S1_I_contrl_+-0.15mA_285mK_191103__IVB__T_1p40K[-0.000147000],10000,-2.039174e-05,2.012152e-05,4.051326e-05,0.10983723467741426,False,I_A,6.0,BS30_A1S1,Fig2,1.4,,,,,,,000147000,-0.000147
D4.2__Fig 2__SQUID_data__IVI_BS30_A1S1_I_contrl_+-0.15mA_285mK_191103__IVB__T_1p40K[-0.000147375],10000,-2.041467e-05,2.013134e-05,4.054601e-05,0.11324717402971542,False,I_A,6.0,BS30_A1S1,Fig2,1.4,,,,,,,000147375,-0.000147375
D4.2__Fig 2__SQUID_data__IVI_BS30_A1S1_I_contrl_+-0.15mA_285mK_191103__IVB__T_1p40K[-0.000147750],10000,-2.042088e-05,2.012406e-05,4.054494e-05,0.1156789680721027,False,I_A,6.0,BS30_A1S1,Fig2,1.4,,,,,,,000147750,-0.00014775
D4.2__Fig 2__SQUID_data__IVI_BS30_A1S1_I_contrl_+-0.15mA_285mK_191103__IVB__T_1p40K[-0.000148125],10000,-2.039865e-05,2.01054e-05,4.050405e-05,0.11056025024504364,False,I_A,6.0,BS30_A1S1,Fig2,1.4,,,,,,,000148125,-0.000148125
D4.2__Fig 2__SQUID_data__IVI_BS30_A1S1_I_contrl_+-0.15mA_285mK_191103__IVB__T_1p40K[-0.000148500],10000,-2.03984e-05,2.01147e-05,4.0513100000000003e-05,0.1114496179230396,False,I_A,6.0,BS30_A1S1,Fig2,1.4,,,,,,,000148500,-0.0001485
D4.2__Fig 2__SQUID_data__IVI_BS30_A1S1_I_contrl_+-0.15mA_285mK_191103__IVB__T_1p40K[-0.000148875],10000,-2.041539e-05,2.012401e-05,4.05394e-05,0.11435129058772972,False,I_A,6.0,BS30_A1S1,Fig2,1.4,,,,,,,000148875,-0.000148875
D4.2__Fig 2__SQUID_data__IVI_BS30_A1S1_I_contrl_+-0.15mA_285mK_191103__IVB__T_1p40K[-0.000149250],10000,-2.041467e-05,2.010062e-05,4.051529e-05,0.11128126220909607,False,I_A,6.0,BS30_A1S1,Fig2,1.4,,,,,,,000149250,-0.00014925
D4.2__Fig 2__SQUID_data__IVI_BS30_A1S1_I_contrl_+-0.15mA_285mK_191103__IVB__T_1p40K[-0.000149625],10000,-2.040165e-05,2.008887e-05,4.049052e-05,0.11137742974689005,False,I_A,6.0,BS30_A1S1,Fig2,1.4,,,,,,,000149625,-0.000149625
D4.2__Fig 2__SQUID_data__IVI_BS30_A1S1_I_contrl_+-0.15mA_285mK_191103__IVB__T_1p40K[-0.000150000],10000,-2.038497e-05,2.009919e-05,4.048416e-05,0.11587891331826942,False,I_A,6.0,BS30_A1S1,Fig2,1.4,,,,,,,000150000,-0.00015
D4.2__Fig 2__SQUID_data__IVI_BS30_A1S1_I_contrl_+-0.15mA_285mK_191103__IVB__T_1p40K[0.000000000],10000,-2.042296e-05,2.012335e-05,4.054631e-05,0.11001609706567918,False,I_A,6.0,BS30_A1S1,Fig2,1.4,,,,,,,000000000,0.0
D4.2__Fig 2__SQUID_data__IVI_BS30_A1S1_I_contrl_+-0.15mA_285mK_191103__IVB__T_1p40K[0.000000375],10000,-2.041116e-05,2.010855e-05,4.051971e-05,0.1134861014380912,False,I_A,6.0,BS30_A1S1,Fig2,1.4,,,,,,,000000375,3.75e-07
D4.2__Fig 2__SQUID_data__IVI_BS30_A1S1_I_contrl_+-0.15mA_285mK_191103__IVB__T_1p40K[0.000000750],10000,-2.039921e-05,2.009477e-05,4.049398e-05,0.1158098548335853,False,I_A,6.0,BS30_A1S1,Fig2,1.4,,,,,,,000000750,7.5e-07
D4.2__Fig 2__SQUID_data__IVI_BS30_A1S1_I_contrl_+-0.15mA_285mK_191103__IVB__T_1p40K[0.000001125],10000,-2.041722e-05,2.011338e-05,4.05306e-05,0.10997304735907562,False,I_A,6.0,BS30_A1S1,Fig2,1.4,,,,,,,000001125,1.125e-06
D4.2__Fig 2__SQUID_data__IVI_BS30_A1S1_I_contrl_+-0.15mA_285mK_191103__IVB__T_1p40K[0.000001500],10000,-2.040277e-05,2.010728e-05,4.0510049999999993e-05,0.1118470186866893,False,I_A,6.0,BS30_A1S1,Fig2,1.4,,,,,,,000001500,1.5e-06
D4.2__Fig 2__SQUID_data__IVI_BS30_A1S1_I_contrl_+-0.15mA_285mK_191103__IVB__T_1p40K[0.000001875],10000,-2.041849e-05,2.010387e-05,4.052236e-05,0.11183981409101408,False,I_A,6.0,BS30_A1S1,Fig2,1.4,,,,,,,000001875,1.875e-06
D4.2__Fig 2__SQUID_data__IVI_BS30_A1S1_I_contrl_+-0.15mA_285mK_191103__IVB__T_1p40K[0.000002250],10000,-2.040582e-05,2.011267e-05,4.051849e-05,0.1074422371689407,False,I_A,6.0,BS30_A1S1,Fig2,1.4,,,,,,,000002250,2.25e-06
D4.2__Fig 2__SQUID_data__IVI_BS30_A1S1_I_contrl_+-0.15mA_285mK_191103__IVB__T_1p40K[0.000002625],10000,-2.040038e-05,2.008607e-05,4.0486449999999996e-05,0.11931365648861986,False,I_A,6.0,BS30_A1S1,Fig2,1.4,,,,,,,000002625,2.625e-06
D4.2__Fig 2__SQUID_data__IVI_BS30_A1S1_I_contrl_+-0.15mA_285mK_191103__IVB__T_1p40K[0.000003000],10000,-2.042434e-05,2.009355e-05,4.051789e-05,0.11112256295107714,False,I_A,6.0,BS30_A1S1,Fig2,1.4,,,,,,,000003000,3e-06
D4.2__Fig 2__SQUID_data__IVI_BS30_A1S1_I_contrl_+-0.15mA_285mK_191103__IVB__T_1p40K[0.000003375],10000,-2.043065e-05,2.011074e-05,4.0541390000000004e-05,0.11187396200408493,False,I_A,6.0,BS30_A1S1,Fig2,1.4,,,,,,,000003375,3.375e-06
D4.2__Fig 2__SQUID_data__IVI_BS30_A1S1_I_contrl_+-0.15mA_285mK_191103__IVB__T_1p40K[0.000003750],10000,-2.041986e-05,2.012671e-05,4.054657e-05,0.11081963892017554,False,I_A,6.0,BS30_A1S1,Fig2,1.4,,,,,,,000003750,3.75e-06
D4.2__Fig 2__SQUID_data__IVI_BS30_A1S1_I_contrl_+-0.15mA_285mK_191103__IVB__T_1p40K[0.000004125],10000,-2.041076e-05,2.012879e-05,4.053955e-05,0.11002455881914458,False,I_A,6.0,BS30_A1S1,Fig2,1.4,,,,,,,000004125,4.125e-06
D4.2__Fig 2__SQUID_data__IVI_BS30_A1S1_I_contrl_+-0.15mA_285mK_191103__IVB__T_1p40K[0.000004500],10000,-2.039682e-05,2.012823e-05,4.052505e-05,0.11312444086438767,False,I_A,6.0,BS30_A1S1,Fig2,1.4,,,,,,,000004500,4.5e-06
D4.2__Fig 2__SQUID_data__IVI_BS30_A1S1_I_contrl_+-0.15mA_285mK_191103__IVB__T_1p40K[0.000004875],10000,-2.039911e-05,2.01291e-05,4.0528210000000003e-05,0.1073195744141664,False,I_A,6.0,BS30_A1S1,Fig2,1.4,,,,,,,000004875,4.875e-06
D4.2__Fig 2__SQUID_data__IVI_BS30_A1S1_I_contrl_+-0.15mA_285mK_191103__IVB__T_1p40K[0.000005250],10000,-2.039891e-05,2.012513e-05,4.0524039999999996e-05,0.11165451487464409,False,I_A,6.0,BS30_A1S1,Fig2,1.4,,,,,,,000005250,5.25e-06
D4.2__Fig 2__SQUID_data__IVI_BS30_A1S1_I_contrl_+-0.15mA_285mK_191103__IVB__T_1p40K[0.000005625],10000,-2.03869e-05,2.011435e-05,4.050125e-05,0.11111286305250533,False,I_A,6.0,BS30_A1S1,Fig2,1.4,,,,,,,000005625,5.625e-06
D4.2__Fig 2__SQUID_data__IVI_BS30_A1S1_I_contrl_+-0.15mA_285mK_191103__IVB__T_1p40K[0.000006000],10000,-2.039631e-05,2.009141e-05,4.0487720000000003e-05,0.11678016599231662,False,I_A,6.0,BS30_A1S1,Fig2,1.4,,,,,,,000006000,6e-06
D4.2__Fig 2__SQUID_data__IVI_BS30_A1S1_I_contrl_+-0.15mA_285mK_191103__IVB__T_1p40K[0.000006375],10000,-2.042174e-05,2.009975e-05,4.052149e-05,0.11555924500936253,False,I_A,6.0,BS30_A1S1,Fig2,1.4,,,,,,,000006375,6.375e-06
D4.2__Fig 2__SQUID_data__IVI_BS30_A1S1_I_contrl_+-0.15mA_285mK_191103__IVB__T_1p40K[0.000006750],10000,-2.040999e-05,2.011491e-05,4.05249e-05,0.11054911857137871,False,I_A,6.0,BS30_A1S1,Fig2,1.4,,,,,,,000006750,6.75e-06
D4.2__Fig 2__SQUID_data__IVI_BS30_A1S1_I_contrl_+-0.15mA_285mK_191103__IVB__T_1p40K[0.000007125],10000,-2.040374e-05,2.010011e-05,4.050385e-05,0.1159606132836984,False,I_A,6.0,BS30_A1S1,Fig2,1.4,,,,,,,000007125,7.125e-06
D4.2__Fig 2__SQUID_data__IVI_BS30_A1S1_I_contrl_+-0.15mA_285mK_191103__IVB__T_1p40K[0.000007500],10000,-2.041371e-05,2.011623e-05,4.052994e-05,0.11123416838001828,False,I_A,6.0,BS30_A1S1,Fig2,1.4,,,,,,,000007500,7.5e-06
D4.2__Fig 2__SQUID_data__IVI_BS30_A1S1_I_contrl_+-0.15mA_285mK_191103__IVB__T_1p40K[0.000007875],10000,-2.040394e-05,2.010168e-05,4.0505619999999995e-05,0.11589040038733044,False,I_A,6.0,BS30_A1S1,Fig2,1.4,,,,,,,000007875,7.875e-06
D4.2__Fig 2__SQUID_data__IVI_BS30_A1S1_I_contrl_+-0.15mA_285mK_191103__IVB__T_1p40K[0.000008250],10000,-2.041803e-05,2.010484e-05,4.0522869999999996e-05,0.11251298856198756,False,I_A,6.0,BS30_A1S1,Fig2,1.4,,,,,,,000008250,8.25e-06
D4.2__Fig 2__SQUID_data__IVI_BS30_A1S1_I_contrl_+-0.15mA_285mK_191103__IVB__T_1p40K[0.000008625],10000,-2.040018e-05,2.011221e-05,4.051239e-05,0.11520951884592175,False,I_A,6.0,BS30_A1S1,Fig2,1.4,,,,,,,000008625,8.625e-06
D4.2__Fig 2__SQUID_data__IVI_BS30_A1S1_I_contrl_+-0.15mA_285mK_191103__IVB__T_1p40K[0.000009000],10000,-2.041274e-05,2.010372e-05,4.051646e-05,0.11120542104104478,False,I_A,6.0,BS30_A1S1,Fig2,1.4,,,,,,,000009000,9e-06
D4.2__Fig 2__SQUID_data__IVI_BS30_A1S1_I_contrl_+-0.15mA_285mK_191103__IVB__T_1p40K[0.000009375],10000,-2.041045e-05,2.011353e-05,4.052398e-05,0.1189280745580871,False,I_A,6.0,BS30_A1S1,Fig2,1.4,,,,,,,000009375,9.375e-06
D4.2__Fig 2__SQUID_data__IVI_BS30_A1S1_I_contrl_+-0.15mA_285mK_191103__IVB__T_1p40K[0.000009750],10000,-2.040064e-05,2.009858e-05,4.0499219999999995e-05,0.11972435289873071,False,I_A,6.0,BS30_A1S1,Fig2,1.4,,,,,,,000009750,9.75e-06
D4.2__Fig 2__SQUID_data__IVI_BS30_A1S1_I_contrl_+-0.15mA_285mK_191103__IVB__T_1p40K[0.000010125],10000,-2.042841e-05,2.009029e-05,4.05187e-05,0.11463337804963876,False,I_A,6.0,BS30_A1S1,Fig2,1.4,,,,,,,000010125,1.0125e-05
D4.2__Fig 2__SQUID_data__IVI_BS30_A1S1_I_contrl_+-0.15mA_285mK_191103__IVB__T_1p40K[0.000010500],10000,-2.041589e-05,2.01293e-05,4.054519e-05,0.11209101961511721,False,I_A,6.0,BS30_A1S1,Fig2,1.4,,,,,,,000010500,1.05e-05
D4.2__Fig 2__SQUID_data__IVI_BS30_A1S1_I_contrl_+-0.15mA_285mK_191103__IVB__T_1p40K[0.000010875],10000,-2.040211e-05,2.011501e-05,4.051712e-05,0.11586853168022004,False,I_A,6.0,BS30_A1S1,Fig2,1.4,,,,,,,000010875,1.0875e-05
D4.2__Fig 2__SQUID_data__IVI_BS30_A1S1_I_contrl_+-0.15mA_285mK_191103__IVB__T_1p40K[0.000011250],10000,-2.039784e-05,2.009044e-05,4.048828e-05,0.12702632718599285,False,I_A,6.0,BS30_A1S1,Fig2,1.4,,,,,,,000011250,1.125e-05
D4.2__Fig 2__SQUID_data__IVI_BS30_A1S1_I_contrl_+-0.15mA_285mK_191103__IVB__T_1p40K[0.000011625],10000,-2.041569e-05,2.00881e-05,4.050379e-05,0.1148830985725649,False,I_A,6.0,BS30_A1S1,Fig2,1.4,,,,,,,000011625,1.1625e-05
D4.2__Fig 2__SQUID_data__IVI_BS30_A1S1_I_contrl_+-0.15mA_285mK_191103__IVB__T_1p40K[0.000012000],10000,-2.043024e-05,2.010626e-05,4.05365e-05,0.10948386258843813,False,I_A,6.0,BS30_A1S1,Fig2,1.4,,,,,,,000012000,1.2e-05
D4.2__Fig 2__SQUID_data__IVI_BS30_A1S1_I_contrl_+-0.15mA_285mK_191103__IVB__T_1p40K[0.000012375],10000,-2.041142e-05,2.012432e-05,4.053574e-05,0.1222904487297025,False,I_A,6.0,BS30_A1S1,Fig2,1.4,,,,,,,000012375,1.2375e-05
D4.2__Fig 2__SQUID_data__IVI_BS30_A1S1_I_contrl_+-0.15mA_285mK_191103__IVB__T_1p40K[0.000012750],10000,-2.038329e-05,2.011369e-05,4.049698e-05,0.12326624266957953,False,I_A,6.0,BS30_A1S1,Fig2,1.4,,,,,,,000012750,1.275e-05
D4.2__Fig 2__SQUID_data__IVI_BS30_A1S1_I_contrl_+-0.15mA_285mK_191103__IVB__T_1p40K[0.000013125],10000,-2.041183e-05,2.008546e-05,4.0497289999999995e-05,0.12047135454322412,False,I_A,6.0,BS30_A1S1,Fig2,1.4,,,,,,,000013125,1.3125e-05
D4.2__Fig 2__SQUID_data__IVI_BS30_A1S1_I_contrl_+-0.15mA_285mK_191103__IVB__T_1p40K[0.000013500],10000,-2.041808e-05,2.010957e-05,4.052765e-05,0.11294421105794998,False,I_A,6.0,BS30_A1S1,Fig2,1.4,,,,,,,000013500,1.35e-05
D4.2__Fig 2__SQUID_data__IVI_BS30_A1S1_I_contrl_+-0.15mA_285mK_191103__IVB__T_1p40K[0.000013875],10000,-2.040318e-05,2.013149e-05,4.053467e-05,0.11713609457891877,False,I_A,6.0,BS30_A1S1,Fig2,1.4,,,,,,,000013875,1.3875e-05
D4.2__Fig 2__SQUID_data__IVI_BS30_A1S1_I_contrl_+-0.15mA_285mK_191103__IVB__T_1p40K[0.000014250],10000,-2.039402e-05,2.010158e-05,4.04956e-05,0.10991078774234368,False,I_A,6.0,BS30_A1S1,Fig2,1.4,,,,,,,000014250,1.425e-05
D4.2__Fig 2__SQUID_data__IVI_BS30_A1S1_I_contrl_+-0.15mA_285mK_191103__IVB__T_1p40K[0.000014625],10000,-2.041493e-05,2.010219e-05,4.051712e-05,0.11318352469798802,False,I_A,6.0,BS30_A1S1,Fig2,1.4,,,,,,,000014625,1.4625e-05
D4.2__Fig 2__SQUID_data__IVI_BS30_A1S1_I_contrl_+-0.15mA_285mK_191103__IVB__T_1p40K[0.000015000],10000,-2.041289e-05,2.011674e-05,4.052963e-05,0.11606705214094103,False,I_A,6.0,BS30_A1S1,Fig2,1.4,,,,,,,000015000,1.5e-05
D4.2__Fig 2__SQUID_data__IVI_BS30_A1S1_I_contrl_+-0.15mA_285mK_191103__IVB__T_1p40K[0.000015375],10000,-2.039738e-05,2.010219e-05,4.0499570000000006e-05,0.11178230933714536,False,I_A,6.0,BS30_A1S1,Fig2,1.4,,,,,,,000015375,1.5375e-05
D4.2__Fig 2__SQUID_data__IVI_BS30_A1S1_I_contrl_+-0.15mA_285mK_191103__IVB__T_1p40K[0.000015750],10000,-2.042708e-05,2.009487e-05,4.052195e-05,0.11279171264851869,False,I_A,6.0,BS30_A1S1,Fig2,1.4,,,,,,,000015750,1.575e-05
D4.2__Fig 2__SQUID_data__IVI_BS30_A1S1_I_contrl_+-0.15mA_285mK_191103__IVB__T_1p40K[0.000016125],10000,-2.040623e-05,2.012584e-05,4.053207e-05,0.11340997715834078,False,I_A,6.0,BS30_A1S1,Fig2,1.4,,,,,,,000016125,1.6125e-05
D4.2__Fig 2__SQUID_data__IVI_BS30_A1S1_I_contrl_+-0.15mA_285mK_191103__IVB__T_1p40K[0.000016500],10000,-2.039835e-05,2.009751e-05,4.0495860000000004e-05,0.11925718124467868,False,I_A,6.0,BS30_A1S1,Fig2,1.4,,,,,,,000016500,1.65e-05
D4.2__Fig 2__SQUID_data__IVI_BS30_A1S1_I_contrl_+-0.15mA_285mK_191103__IVB__T_1p40K[0.000016875],10000,-2.040796e-05,2.00906e-05,4.049856e-05,0.11220344117877641,False,I_A,6.0,BS30_A1S1,Fig2,1.4,,,,,,,000016875,1.6875e-05
D4.2__Fig 2__SQUID_data__IVI_BS30_A1S1_I_contrl_+-0.15mA_285mK_191103__IVB__T_1p40K[0.000017250],10000,-2.042525e-05,2.009324e-05,4.051849e-05,0.11474969224790034,False,I_A,6.0,BS30_A1S1,Fig2,1.4,,,,,,,000017250,1.725e-05
D4.2__Fig 2__SQUID_data__IVI_BS30_A1S1_I_contrl_+-0.15mA_285mK_191103__IVB__T_1p40K[0.000017625],10000,-2.042886e-05,2.011399e-05,4.054285e-05,0.11568550881300824,False,I_A,6.0,BS30_A1S1,Fig2,1.4,,,,,,,000017625,1.7625e-05
D4.2__Fig 2__SQUID_data__IVI_BS30_A1S1_I_contrl_+-0.15mA_285mK_191103__IVB__T_1p40K[0.000018000],10000,-2.041879e-05,2.012427e-05,4.054306e-05,0.11366040486740553,False,I_A,6.0,BS30_A1S1,Fig2,1.4,,,,,,,000018000,1.8e-05
D4.2__Fig 2__SQUID_data__IVI_BS30_A1S1_I_contrl_+-0.15mA_285mK_191103__IVB__T_1p40K[0.000018375],10000,-2.039835e-05,2.01234e-05,4.052175e-05,0.11894434313258909,False,I_A,6.0,BS30_A1S1,Fig2,1.4,,,,,,,000018375,1.8375e-05
D4.2__Fig 2__SQUID_data__IVI_BS30_A1S1_I_contrl_+-0.15mA_285mK_191103__IVB__T_1p40K[0.000018750],10000,-2.039372e-05,2.009721e-05,4.049093e-05,0.11651605338059695,False,I_A,6.0,BS30_A1S1,Fig2,1.4,,,,,,,000018750,1.875e-05
D4.2__Fig 2__SQUID_data__IVI_BS30_A1S1_I_contrl_+-0.15mA_285mK_191103__IVB__T_1p40K[0.000019125],10000,-2.040857e-05,2.009767e-05,4.050624e-05,0.11445552426351975,False,I_A,6.0,BS30_A1S1,Fig2,1.4,,,,,,,000019125,1.9125e-05
D4.2__Fig 2__SQUID_data__IVI_BS30_A1S1_I_contrl_+-0.15mA_285mK_191103__IVB__T_1p40K[0.000019500],10000,-2.042159e-05,2.011211e-05,4.05337e-05,0.11078717821346935,False,I_A,6.0,BS30_A1S1,Fig2,1.4,,,,,,,000019500,1.95e-05
D4.2__Fig 2__SQUID_data__IVI_BS30_A1S1_I_contrl_+-0.15mA_285mK_191103__IVB__T_1p40K[0.000019875],10000,-2.039565e-05,2.010809e-05,4.050374e-05,0.10876600647516545,False,I_A,6.0,BS30_A1S1,Fig2,1.4,,,,,,,000019875,1.9875e-05
D4.2__Fig 2__SQUID_data__IVI_BS30_A1S1_I_contrl_+-0.15mA_285mK_191103__IVB__T_1p40K[0.000020250],10000,-2.041401e-05,2.009751e-05,4.051152e-05,0.10757614368304684,False,I_A,6.0,BS30_A1S1,Fig2,1.4,,,,,,,000020250,2.025e-05
D4.2__Fig 2__SQUID_data__IVI_BS30_A1S1_I_contrl_+-0.15mA_285mK_191103__IVB__T_1p40K[0.000020625],10000,-2.041356e-05,2.012065e-05,4.053421e-05,0.11378103324589477,False,I_A,6.0,BS30_A1S1,Fig2,1.4,,,,,,,000020625,2.0625e-05
D4.2__Fig 2__SQUID_data__IVI_BS30_A1S1_I_contrl_+-0.15mA_285mK_191103__IVB__T_1p40K[0.000021000],10000,-2.039982e-05,2.00999e-05,4.049972e-05,0.11688273508861981,False,I_A,6.0,BS30_A1S1,Fig2,1.4,,,,,,,000021000,2.1e-05
D4.2__Fig 2__SQUID_data__IVI_BS30_A1S1_I_contrl_+-0.15mA_285mK_191103__IVB__T_1p40K[0.000021375],10000,-2.041788e-05,2.010148e-05,4.0519359999999994e-05,0.10820568664173748,False,I_A,6.0,BS30_A1S1,Fig2,1.4,,,,,,,000021375,2.1375e-05
D4.2__Fig 2__SQUID_data__IVI_BS30_A1S1_I_contrl_+-0.15mA_285mK_191103__IVB__T_1p40K[0.000021750],10000,-2.040806e-05,2.011069e-05,4.051875e-05,0.11161853799767867,False,I_A,6.0,BS30_A1S1,Fig2,1.4,,,,,,,000021750,2.175e-05
D4.2__Fig 2__SQUID_data__IVI_BS30_A1S1_I_contrl_+-0.15mA_285mK_191103__IVB__T_1p40K[0.000022125],10000,-2.040755e-05,2.010224e-05,4.050979e-05,0.11540188339506904,False,I_A,6.0,BS30_A1S1,Fig2,1.4,,,,,,,000022125,2.2125e-05
D4.2__Fig 2__SQUID_data__IVI_BS30_A1S1_I_contrl_+-0.15mA_285mK_191103__IVB__T_1p40K[0.000022500],10000,-2.041081e-05,2.011297e-05,4.052378e-05,0.11324472471818234,False,I_A,6.0,BS30_A1S1,Fig2,1.4,,,,,,,000022500,2.25e-05
D4.2__Fig 2__SQUID_data__IVI_BS30_A1S1_I_contrl_+-0.15mA_285mK_191103__IVB__T_1p40K[0.000022875],10000,-2.040537e-05,2.009909e-05,4.050446e-05,0.11481426563505168,False,I_A,6.0,BS30_A1S1,Fig2,1.4,,,,,,,000022875,2.2875e-05
D4.2__Fig 2__SQUID_data__IVI_BS30_A1S1_I_contrl_+-0.15mA_285mK_191103__IVB__T_1p40K[0.000023250],10000,-2.043054e-05,2.009945e-05,4.052999e-05,0.11580634632802815,False,I_A,6.0,BS30_A1S1,Fig2,1.4,,,,,,,000023250,2.325e-05
D4.2__Fig 2__SQUID_data__IVI_BS30_A1S1_I_contrl_+-0.15mA_285mK_191103__IVB__T_1p40K[0.000023625],10000,-2.04101e-05,2.012849e-05,4.053859e-05,0.11712328530910285,False,I_A,6.0,BS30_A1S1,Fig2,1.4,,,,,,,000023625,2.3625e-05
D4.2__Fig 2__SQUID_data__IVI_BS30_A1S1_I_contrl_+-0.15mA_285mK_191103__IVB__T_1p40K[0.000024000],10000,-2.039407e-05,2.011664e-05,4.051071e-05,0.11015792472374095,False,I_A,6.0,BS30_A1S1,Fig2,1.4,,,,,,,000024000,2.4e-05
D4.2__Fig 2__SQUID_data__IVI_BS30_A1S1_I_contrl_+-0.15mA_285mK_191103__IVB__T_1p40K[0.000024375],10000,-2.039357e-05,2.00909e-05,4.048447e-05,0.11383391477896451,False,I_A,6.0,BS30_A1S1,Fig2,1.4,,,,,,,000024375,2.4375e-05
D4.2__Fig 2__SQUID_data__IVI_BS30_A1S1_I_contrl_+-0.15mA_285mK_191103__IVB__T_1p40K[0.000024750],10000,-2.042037e-05,2.008805e-05,4.050842e-05,0.12212857541313286,False,I_A,6.0,BS30_A1S1,Fig2,1.4,,,,,,,000024750,2.475e-05
D4.2__Fig 2__SQUID_data__IVI_BS30_A1S1_I_contrl_+-0.15mA_285mK_191103__IVB__T_1p40K[0.000025125],10000,-2.042388e-05,2.011826e-05,4.054214e-05,0.11693475053858521,False,I_A,6.0,BS30_A1S1,Fig2,1.4,,,,,,,000025125,2.5125e-05
D4.2__Fig 2__SQUID_data__IVI_BS30_A1S1_I_contrl_+-0.15mA_285mK_191103__IVB__T_1p40K[0.000025500],10000,-2.040999e-05,2.012691e-05,4.05369e-05,0.11451110853087769,False,I_A,6.0,BS30_A1S1,Fig2,1.4,,,,,,,000025500,2.55e-05
D4.2__Fig 2__SQUID_data__IVI_BS30_A1S1_I_contrl_+-0.15mA_285mK_191103__IVB__T_1p40K[0.000025875],10000,-2.039352e-05,2.011623e-05,4.050975e-05,0.11109368376102313,False,I_A,6.0,BS30_A1S1,Fig2,1.4,,,,,,,000025875,2.5875e-05
D4.2__Fig 2__SQUID_data__IVI_BS30_A1S1_I_contrl_+-0.15mA_285mK_191103__IVB__T_1p40K[0.000026250],10000,-2.040562e-05,2.008363e-05,4.048925e-05,0.11922045758266951,False,I_A,6.0,BS30_A1S1,Fig2,1.4,,,,,,,000026250,2.625e-05
D4.2__Fig 2__SQUID_data__IVI_BS30_A1S1_I_contrl_+-0.15mA_285mK_191103__IVB__T_1p40K[0.000026625],10000,-2.042358e-05,2.009843e-05,4.052201e-05,0.11777695796358385,False,I_A,6.0,BS30_A1S1,Fig2,1.4,,,,,,,000026625,2.6625e-05
D4.2__Fig 2__SQUID_data__IVI_BS30_A1S1_I_contrl_+-0.15mA_285mK_191103__IVB__T_1p40K[0.000027000],10000,-2.040847e-05,2.01177e-05,4.0526169999999996e-05,0.11291438478588753,False,I_A,6.0,BS30_A1S1,Fig2,1.4,,,,,,,000027000,2.7e-05
D4.2__Fig 2__SQUID_data__IVI_BS30_A1S1_I_contrl_+-0.15mA_285mK_191103__IVB__T_1p40K[0.000027375],10000,-2.040471e-05,2.009527e-05,4.0499979999999994e-05,0.11201234430885175,False,I_A,6.0,BS30_A1S1,Fig2,1.4,,,,,,,000027375,2.7375e-05
D4.2__Fig 2__SQUID_data__IVI_BS30_A1S1_I_contrl_+-0.15mA_285mK_191103__IVB__T_1p40K[0.000027750],10000,-2.042068e-05,2.010779e-05,4.052847e-05,0.11934018284454175,False,I_A,6.0,BS30_A1S1,Fig2,1.4,,,,,,,000027750,2.775e-05
D4.2__Fig 2__SQUID_data__IVI_BS30_A1S1_I_contrl_+-0.15mA_285mK_191103__IVB__T_1p40K[0.000028125],10000,-2.041717e-05,2.01142e-05,4.053137e-05,0.11691328146741334,False,I_A,6.0,BS30_A1S1,Fig2,1.4,,,,,,,000028125,2.8125e-05
D4.2__Fig 2__SQUID_data__IVI_BS30_A1S1_I_contrl_+-0.15mA_285mK_191103__IVB__T_1p40K[0.000028500],10000,-2.039189e-05,2.010219e-05,4.049408e-05,0.11480862887778114,False,I_A,6.0,BS30_A1S1,Fig2,1.4,,,,,,,000028500,2.85e-05
D4.2__Fig 2__SQUID_data__IVI_BS30_A1S1_I_contrl_+-0.15mA_285mK_191103__IVB__T_1p40K[0.000028875],10000,-2.040247e-05,2.009431e-05,4.049678e-05,0.11977118434517596,False,I_A,6.0,BS30_A1S1,Fig2,1.4,,,,,,,000028875,2.8875e-05
D4.2__Fig 2__SQUID_data__IVI_BS30_A1S1_I_contrl_+-0.15mA_285mK_191103__IVB__T_1p40K[0.000029250],10000,-2.04307e-05,2.010412e-05,4.0534820000000005e-05,0.11272920362877831,False,I_A,6.0,BS30_A1S1,Fig2,1.4,,,,,,,000029250,2.925e-05
D4.2__Fig 2__SQUID_data__IVI_BS30_A1S1_I_contrl_+-0.15mA_285mK_191103__IVB__T_1p40K[0.000029625],10000,-2.040944e-05,2.012635e-05,4.0535790000000005e-05,0.11564277181551282,False,I_A,6.0,BS30_A1S1,Fig2,1.4,,,,,,,000029625,2.9625e-05
D4.2__Fig 2__SQUID_data__IVI_BS30_A1S1_I_contrl_+-0.15mA_285mK_191103__IVB__T_1p40K[0.000030000],10000,-2.038482e-05,2.010891e-05,4.0493730000000004e-05,0.11681990406492543,False,I_A,6.0,BS30_A1S1,Fig2,1.4,,,,,,,000030000,3e-05
D4.2__Fig 2__SQUID_data__IVI_BS30_A1S1_I_contrl_+-0.15mA_285mK_191103__IVB__T_1p40K[0.000030375],10000,-2.040999e-05,2.008627e-05,4.049626e-05,0.12131616132163041,False,I_A,6.0,BS30_A1S1,Fig2,1.4,,,,,,,000030375,3.0375e-05
D4.2__Fig 2__SQUID_data__IVI_BS30_A1S1_I_contrl_+-0.15mA_285mK_191103__IVB__T_1p40K[0.000030750],10000,-2.042541e-05,2.009995e-05,4.052536e-05,0.11503822311862383,False,I_A,6.0,BS30_A1S1,Fig2,1.4,,,,,,,000030750,3.075e-05
D4.2__Fig 2__SQUID_data__IVI_BS30_A1S1_I_contrl_+-0.15mA_285mK_191103__IVB__T_1p40K[0.000031125],10000,-2.042698e-05,2.012116e-05,4.054814e-05,0.11537626629105537,False,I_A,6.0,BS30_A1S1,Fig2,1.4,,,,,,,000031125,3.1125e-05
D4.2__Fig 2__SQUID_data__IVI_BS30_A1S1_I_contrl_+-0.15mA_285mK_191103__IVB__T_1p40K[0.000031500],10000,-2.039921e-05,2.012432e-05,4.052353e-05,0.11121551343883487,False,I_A,6.0,BS30_A1S1,Fig2,1.4,,,,,,,000031500,3.15e-05
D4.2__Fig 2__SQUID_data__IVI_BS30_A1S1_I_contrl_+-0.15mA_285mK_191103__IVB__T_1p40K[0.000031875],10000,-2.039484e-05,2.0097e-05,4.049184e-05,0.11219911455604199,False,I_A,6.0,BS30_A1S1,Fig2,1.4,,,,,,,000031875,3.1875e-05
D4.2__Fig 2__SQUID_data__IVI_BS30_A1S1_I_contrl_+-0.15mA_285mK_191103__IVB__T_1p40K[0.000032250],10000,-2.041015e-05,2.00965e-05,4.050665e-05,0.11948661658642538,False,I_A,6.0,BS30_A1S1,Fig2,1.4,,,,,,,000032250,3.225e-05
D4.2__Fig 2__SQUID_data__IVI_BS30_A1S1_I_contrl_+-0.15mA_285mK_191103__IVB__T_1p40K[0.000032625],10000,-2.041844e-05,2.011618e-05,4.0534620000000005e-05,0.10960736192923579,False,I_A,6.0,BS30_A1S1,Fig2,1.4,,,,,,,000032625,3.2625e-05
D4.2__Fig 2__SQUID_data__IVI_BS30_A1S1_I_contrl_+-0.15mA_285mK_191103__IVB__T_1p40K[0.000033000],10000,-2.039484e-05,2.010596e-05,4.05008e-05,0.11375143713339599,False,I_A,6.0,BS30_A1S1,Fig2,1.4,,,,,,,000033000,3.3e-05
D4.2__Fig 2__SQUID_data__IVI_BS30_A1S1_I_contrl_+-0.15mA_285mK_191103__IVB__T_1p40K[0.000033375],10000,-2.041488e-05,2.009889e-05,4.0513769999999996e-05,0.1244151100756816,False,I_A,6.0,BS30_A1S1,Fig2,1.4,,,,,,,000033375,3.3375e-05
D4.2__Fig 2__SQUID_data__IVI_BS30_A1S1_I_contrl_+-0.15mA_285mK_191103__IVB__T_1p40K[0.000033750],10000,-2.041218e-05,2.011491e-05,4.052709e-05,0.1122405105987071,False,I_A,6.0,BS30_A1S1,Fig2,1.4,,,,,,,000033750,3.375e-05
D4.2__Fig 2__SQUID_data__IVI_BS30_A1S1_I_contrl_+-0.15mA_285mK_191103__IVB__T_1p40K[0.000034125],10000,-2.040944e-05,2.01026e-05,4.051204e-05,0.11363467522921995,False,I_A,6.0,BS30_A1S1,Fig2,1.4,,,,,,,000034125,3.4125e-05
D4.2__Fig 2__SQUID_data__IVI_BS30_A1S1_I_contrl_+-0.15mA_285mK_191103__IVB__T_1p40K[0.000034500],10000,-2.040526e-05,2.00995e-05,4.050476e-05,0.11308719744834247,False,I_A,6.0,BS30_A1S1,Fig2,1.4,,,,,,,000034500,3.45e-05
D4.2__Fig 2__SQUID_data__IVI_BS30_A1S1_I_contrl_+-0.15mA_285mK_191103__IVB__T_1p40K[0.000034875],10000,-2.04338e-05,2.009726e-05,4.053106e-05,0.11825465923340776,False,I_A,6.0,BS30_A1S1,Fig2,1.4,,,,,,,000034875,3.4875e-05
D4.2__Fig 2__SQUID_data__IVI_BS30_A1S1_I_contrl_+-0.15mA_285mK_191103__IVB__T_1p40K[0.000035250],10000,-2.041605e-05,2.011196e-05,4.052801e-05,0.12468029386683721,False,I_A,6.0,BS30_A1S1,Fig2,1.4,,,,,,,000035250,3.525e-05
D4.2__Fig 2__SQUID_data__IVI_BS30_A1S1_I_contrl_+-0.15mA_285mK_191103__IVB__T_1p40K[0.000035625],10000,-2.038955e-05,2.010799e-05,4.049754e-05,0.11478065442013546,False,I_A,6.0,BS30_A1S1,Fig2,1.4,,,,,,,000035625,3.5625e-05
D4.2__Fig 2__SQUID_data__IVI_BS30_A1S1_I_contrl_+-0.15mA_285mK_191103__IVB__T_1p40K[0.000036000],10000,-2.040506e-05,2.008398e-05,4.048904e-05,0.12195831087669119,False,I_A,6.0,BS30_A1S1,Fig2,1.4,,,,,,,000036000,3.6e-05
D4.2__Fig 2__SQUID_data__IVI_BS30_A1S1_I_contrl_+-0.15mA_285mK_191103__IVB__T_1p40K[0.000036375],10000,-2.042688e-05,2.010036e-05,4.052724e-05,0.11461696166757818,False,I_A,6.0,BS30_A1S1,Fig2,1.4,,,,,,,000036375,3.6375e-05
D4.2__Fig 2__SQUID_data__IVI_BS30_A1S1_I_contrl_+-0.15mA_285mK_191103__IVB__T_1p40K[0.000036750],10000,-2.041752e-05,2.01145e-05,4.053202e-05,0.11807840892011325,False,I_A,6.0,BS30_A1S1,Fig2,1.4,,,,,,,000036750,3.675e-05
D4.2__Fig 2__SQUID_data__IVI_BS30_A1S1_I_contrl_+-0.15mA_285mK_191103__IVB__T_1p40K[0.000037125],10000,-2.038751e-05,2.011313e-05,4.050064e-05,0.11838202376284472,False,I_A,6.0,BS30_A1S1,Fig2,1.4,,,,,,,000037125,3.7125e-05
D4.2__Fig 2__SQUID_data__IVI_BS30_A1S1_I_contrl_+-0.15mA_285mK_191103__IVB__T_1p40K[0.000037500],10000,-2.041656e-05,2.009334e-05,4.0509899999999996e-05,0.11449330689408964,False,I_A,6.0,BS30_A1S1,Fig2,1.4,,,,,,,000037500,3.75e-05
D4.2__Fig 2__SQUID_data__IVI_BS30_A1S1_I_contrl_+-0.15mA_285mK_191103__IVB__T_1p40K[0.000037875],10000,-2.04132e-05,2.011994e-05,4.0533139999999996e-05,0.11931049878081569,False,I_A,6.0,BS30_A1S1,Fig2,1.4,,,,,,,000037875,3.7875e-05
D4.2__Fig 2__SQUID_data__IVI_BS30_A1S1_I_contrl_+-0.15mA_285mK_191103__IVB__T_1p40K[0.000038250],10000,-2.039372e-05,2.010855e-05,4.050227e-05,0.10848670317794916,False,I_A,6.0,BS30_A1S1,Fig2,1.4,,,,,,,000038250,3.825e-05
D4.2__Fig 2__SQUID_data__IVI_BS30_A1S1_I_contrl_+-0.15mA_285mK_191103__IVB__T_1p40K[0.000038625],10000,-2.042337e-05,2.008617e-05,4.050954e-05,0.11711975534554944,False,I_A,6.0,BS30_A1S1,Fig2,1.4,,,,,,,000038625,3.8625e-05
D4.2__Fig 2__SQUID_data__IVI_BS30_A1S1_I_contrl_+-0.15mA_285mK_191103__IVB__T_1p40K[0.000039000],10000,-2.039926e-05,2.009115e-05,4.049041e-05,0.11762399136747978,False,I_A,6.0,BS30_A1S1,Fig2,1.4,,,,,,,000039000,3.9e-05
D4.2__Fig 2__SQUID_data__IVI_BS30_A1S1_I_contrl_+-0.15mA_285mK_191103__IVB__T_1p40K[0.000039375],10000,-2.041605e-05,2.010707e-05,4.052312e-05,0.10888429766192778,False,I_A,6.0,BS30_A1S1,Fig2,1.4,,,,,,,000039375,3.9375e-05
D4.2__Fig 2__SQUID_data__IVI_BS30_A1S1_I_contrl_+-0.15mA_285mK_191103__IVB__T_1p40K[0.000039750],10000,-2.040343e-05,2.010555e-05,4.050898e-05,0.11730061282566599,False,I_A,6.0,BS30_A1S1,Fig2,1.4,,,,,,,000039750,3.975e-05
D4.2__Fig 2__SQUID_data__IVI_BS30_A1S1_I_contrl_+-0.15mA_285mK_191103__IVB__T_1p40K[0.000040125],10000,-2.0413e-05,2.010016e-05,4.0513159999999994e-05,0.11475572317938842,False,I_A,6.0,BS30_A1S1,Fig2,1.4,,,,,,,000040125,4.0125e-05
D4.2__Fig 2__SQUID_data__IVI_BS30_A1S1_I_contrl_+-0.15mA_285mK_191103__IVB__T_1p40K[0.000040500],10000,-2.040781e-05,2.011537e-05,4.052318e-05,0.11264227510090037,False,I_A,6.0,BS30_A1S1,Fig2,1.4,,,,,,,000040500,4.05e-05
D4.2__Fig 2__SQUID_data__IVI_BS30_A1S1_I_contrl_+-0.15mA_285mK_191103__IVB__T_1p40K[0.000040875],10000,-2.040557e-05,2.010316e-05,4.050873e-05,0.11164533267424953,False,I_A,6.0,BS30_A1S1,Fig2,1.4,,,,,,,000040875,4.0875e-05
D4.2__Fig 2__SQUID_data__IVI_BS30_A1S1_I_contrl_+-0.15mA_285mK_191103__IVB__T_1p40K[0.000041250],10000,-2.041829e-05,2.010697e-05,4.052526e-05,0.11228628983952002,False,I_A,6.0,BS30_A1S1,Fig2,1.4,,,,,,,000041250,4.125e-05
D4.2__Fig 2__SQUID_data__IVI_BS30_A1S1_I_contrl_+-0.15mA_285mK_191103__IVB__T_1p40K[0.000041625],10000,-2.039789e-05,2.010891e-05,4.0506799999999996e-05,0.12577518479804595,False,I_A,6.0,BS30_A1S1,Fig2,1.4,,,,,,,000041625,4.1625e-05
D4.2__Fig 2__SQUID_data__IVI_BS30_A1S1_I_contrl_+-0.15mA_285mK_191103__IVB__T_1p40K[0.000042000],10000,-2.042073e-05,2.01025e-05,4.052323e-05,0.11446071582283292,False,I_A,6.0,BS30_A1S1,Fig2,1.4,,,,,,,000042000,4.2e-05
D4.2__Fig 2__SQUID_data__IVI_BS30_A1S1_I_contrl_+-0.15mA_285mK_191103__IVB__T_1p40K[0.000042375],10000,-2.040771e-05,2.011826e-05,4.0525969999999996e-05,0.11737401883892014,False,I_A,6.0,BS30_A1S1,Fig2,1.4,,,,,,,000042375,4.2375e-05
D4.2__Fig 2__SQUID_data__IVI_BS30_A1S1_I_contrl_+-0.15mA_285mK_191103__IVB__T_1p40K[0.000042750],10000,-2.040074e-05,2.009278e-05,4.049352e-05,0.11653706014732025,False,I_A,6.0,BS30_A1S1,Fig2,1.4,,,,,,,000042750,4.275e-05
D4.2__Fig 2__SQUID_data__IVI_BS30_A1S1_I_contrl_+-0.15mA_285mK_191103__IVB__T_1p40K[0.000043125],10000,-2.041223e-05,2.008709e-05,4.049932e-05,0.11379770494792518,False,I_A,6.0,BS30_A1S1,Fig2,1.4,,,,,,,000043125,4.3125e-05
D4.2__Fig 2__SQUID_data__IVI_BS30_A1S1_I_contrl_+-0.15mA_285mK_191103__IVB__T_1p40K[0.000043500],10000,-2.042729e-05,2.010138e-05,4.0528669999999995e-05,0.11610290084140727,False,I_A,6.0,BS30_A1S1,Fig2,1.4,,,,,,,000043500,4.35e-05
D4.2__Fig 2__SQUID_data__IVI_BS30_A1S1_I_contrl_+-0.15mA_285mK_191103__IVB__T_1p40K[0.000043875],10000,-2.043003e-05,2.011669e-05,4.054672e-05,0.11173282694648495,False,I_A,6.0,BS30_A1S1,Fig2,1.4,,,,,,,000043875,4.3875e-05
D4.2__Fig 2__SQUID_data__IVI_BS30_A1S1_I_contrl_+-0.15mA_285mK_191103__IVB__T_1p40K[0.000044250],10000,-2.040923e-05,2.012615e-05,4.0535380000000004e-05,0.11107733205557396,False,I_A,6.0,BS30_A1S1,Fig2,1.4,,,,,,,000044250,4.425e-05
D4.2__Fig 2__SQUID_data__IVI_BS30_A1S1_I_contrl_+-0.15mA_285mK_191103__IVB__T_1p40K[0.000044625],10000,-2.039107e-05,2.010555e-05,4.049662e-05,0.11028322036254684,False,I_A,6.0,BS30_A1S1,Fig2,1.4,,,,,,,000044625,4.4625e-05
D4.2__Fig 2__SQUID_data__IVI_BS30_A1S1_I_contrl_+-0.15mA_285mK_191103__IVB__T_1p40K[0.000045000],10000,-2.041656e-05,2.009568e-05,4.051224e-05,0.1164707442265674,False,I_A,6.0,BS30_A1S1,Fig2,1.4,,,,,,,000045000,4.5e-05
D4.2__Fig 2__SQUID_data__IVI_BS30_A1S1_I_contrl_+-0.15mA_285mK_191103__IVB__T_1p40K[0.000045375],10000,-2.040857e-05,2.013047e-05,4.053904e-05,0.1184571710003457,False,I_A,6.0,BS30_A1S1,Fig2,1.4,,,,,,,000045375,4.5375e-05
D4.2__Fig 2__SQUID_data__IVI_BS30_A1S1_I_contrl_+-0.15mA_285mK_191103__IVB__T_1p40K[0.000045750],10000,-2.039809e-05,2.011516e-05,4.051325e-05,0.11518073467630185,False,I_A,6.0,BS30_A1S1,Fig2,1.4,,,,,,,000045750,4.575e-05
D4.2__Fig 2__SQUID_data__IVI_BS30_A1S1_I_contrl_+-0.15mA_285mK_191103__IVB__T_1p40K[0.000046125],10000,-2.038792e-05,2.009995e-05,4.048787e-05,0.11200415043438793,False,I_A,6.0,BS30_A1S1,Fig2,1.4,,,,,,,000046125,4.6125e-05
D4.2__Fig 2__SQUID_data__IVI_BS30_A1S1_I_contrl_+-0.15mA_285mK_191103__IVB__T_1p40K[0.000046500],10000,-2.042241e-05,2.009075e-05,4.051316e-05,0.11255168261679366,False,I_A,6.0,BS30_A1S1,Fig2,1.4,,,,,,,000046500,4.65e-05
D4.2__Fig 2__SQUID_data__IVI_BS30_A1S1_I_contrl_+-0.15mA_285mK_191103__IVB__T_1p40K[0.000046875],10000,-2.041356e-05,2.011684e-05,4.05304e-05,0.10886738399681786,False,I_A,6.0,BS30_A1S1,Fig2,1.4,,,,,,,000046875,4.6875e-05
D4.2__Fig 2__SQUID_data__IVI_BS30_A1S1_I_contrl_+-0.15mA_285mK_191103__IVB__T_1p40K[0.000047250],10000,-2.040552e-05,2.01024e-05,4.050792e-05,0.10901501443639451,False,I_A,6.0,BS30_A1S1,Fig2,1.4,,,,,,,000047250,4.725e-05
D4.2__Fig 2__SQUID_data__IVI_BS30_A1S1_I_contrl_+-0.15mA_285mK_191103__IVB__T_1p40K[0.000047625],10000,-2.041645e-05,2.010479e-05,4.0521240000000004e-05,0.11945125103935923,False,I_A,6.0,BS30_A1S1,Fig2,1.4,,,,,,,000047625,4.7625e-05
D4.2__Fig 2__SQUID_data__IVI_BS30_A1S1_I_contrl_+-0.15mA_285mK_191103__IVB__T_1p40K[0.000048000],10000,-2.040186e-05,2.010779e-05,4.050965e-05,0.1115055333853444,False,I_A,6.0,BS30_A1S1,Fig2,1.4,,,,,,,000048000,4.8e-05
D4.2__Fig 2__SQUID_data__IVI_BS30_A1S1_I_contrl_+-0.15mA_285mK_191103__IVB__T_1p40K[0.000048375],10000,-2.041869e-05,2.010234e-05,4.052103e-05,0.11102055739965021,False,I_A,6.0,BS30_A1S1,Fig2,1.4,,,,,,,000048375,4.8375e-05
D4.2__Fig 2__SQUID_data__IVI_BS30_A1S1_I_contrl_+-0.15mA_285mK_191103__IVB__T_1p40K[0.000048750],10000,-2.041244e-05,2.01142e-05,4.052664e-05,0.11053596155041433,False,I_A,6.0,BS30_A1S1,Fig2,1.4,,,,,,,000048750,4.875e-05
D4.2__Fig 2__SQUID_data__IVI_BS30_A1S1_I_contrl_+-0.15mA_285mK_191103__IVB__T_1p40K[0.000049125],10000,-2.039438e-05,2.009843e-05,4.049281e-05,0.11800053409314316,False,I_A,6.0,BS30_A1S1,Fig2,1.4,,,,,,,000049125,4.9125e-05
D4.2__Fig 2__SQUID_data__IVI_BS30_A1S1_I_contrl_+-0.15mA_285mK_191103__IVB__T_1p40K[0.000049500],10000,-2.041325e-05,2.009853e-05,4.051178e-05,0.11599430898623234,False,I_A,6.0,BS30_A1S1,Fig2,1.4,,,,,,,000049500,4.95e-05
D4.2__Fig 2__SQUID_data__IVI_BS30_A1S1_I_contrl_+-0.15mA_285mK_191103__IVB__T_1p40K[0.000049875],10000,-2.041162e-05,2.012706e-05,4.0538680000000004e-05,0.11216041396022955,False,I_A,6.0,BS30_A1S1,Fig2,1.4,,,,,,,000049875,4.9875e-05
D4.2__Fig 2__SQUID_data__IVI_BS30_A1S1_I_contrl_+-0.15mA_285mK_191103__IVB__T_1p40K[0.000050250],10000,-2.039886e-05,2.01024e-05,4.050126e-05,0.1106465977316369,False,I_A,6.0,BS30_A1S1,Fig2,1.4,,,,,,,000050250,5.025e-05
D4.2__Fig 2__SQUID_data__IVI_BS30_A1S1_I_contrl_+-0.15mA_285mK_191103__IVB__T_1p40K[0.000050625],10000,-2.041335e-05,2.009853e-05,4.051188e-05,0.11203418822142643,False,I_A,6.0,BS30_A1S1,Fig2,1.4,,,,,,,000050625,5.0625e-05
D4.2__Fig 2__SQUID_data__IVI_BS30_A1S1_I_contrl_+-0.15mA_285mK_191103__IVB__T_1p40K[0.000051000],10000,-2.040872e-05,2.011145e-05,4.052017e-05,0.1186783646030897,False,I_A,6.0,BS30_A1S1,Fig2,1.4,,,,,,,000051000,5.1e-05
D4.2__Fig 2__SQUID_data__IVI_BS30_A1S1_I_contrl_+-0.15mA_285mK_191103__IVB__T_1p40K[0.000051375],10000,-2.040781e-05,2.009634e-05,4.050415e-05,0.12785327195091548,False,I_A,6.0,BS30_A1S1,Fig2,1.4,,,,,,,000051375,5.1375e-05
D4.2__Fig 2__SQUID_data__IVI_BS30_A1S1_I_contrl_+-0.15mA_285mK_191103__IVB__T_1p40K[0.000051750],10000,-2.041823e-05,2.011353e-05,4.0531759999999994e-05,0.11077333858137196,False,I_A,6.0,BS30_A1S1,Fig2,1.4,,,,,,,000051750,5.175e-05
D4.2__Fig 2__SQUID_data__IVI_BS30_A1S1_I_contrl_+-0.15mA_285mK_191103__IVB__T_1p40K[0.000052125],10000,-2.039438e-05,2.010672e-05,4.0501100000000004e-05,0.11261105651340063,False,I_A,6.0,BS30_A1S1,Fig2,1.4,,,,,,,000052125,5.2125e-05
D4.2__Fig 2__SQUID_data__IVI_BS30_A1S1_I_contrl_+-0.15mA_285mK_191103__IVB__T_1p40K[0.000052500],10000,-2.041605e-05,2.009578e-05,4.0511829999999996e-05,0.11244738612613102,False,I_A,6.0,BS30_A1S1,Fig2,1.4,,,,,,,000052500,5.25e-05
D4.2__Fig 2__SQUID_data__IVI_BS30_A1S1_I_contrl_+-0.15mA_285mK_191103__IVB__T_1p40K[0.000052875],10000,-2.041483e-05,2.011765e-05,4.053248e-05,0.11128178842958282,False,I_A,6.0,BS30_A1S1,Fig2,1.4,,,,,,,000052875,5.2875e-05
D4.2__Fig 2__SQUID_data__IVI_BS30_A1S1_I_contrl_+-0.15mA_285mK_191103__IVB__T_1p40K[0.000053250],10000,-2.039794e-05,2.009975e-05,4.0497689999999996e-05,0.11050132229044017,False,I_A,6.0,BS30_A1S1,Fig2,1.4,,,,,,,000053250,5.325e-05
D4.2__Fig 2__SQUID_data__IVI_BS30_A1S1_I_contrl_+-0.15mA_285mK_191103__IVB__T_1p40K[0.000053625],10000,-2.041345e-05,2.010041e-05,4.051386e-05,0.11541073699796922,False,I_A,6.0,BS30_A1S1,Fig2,1.4,,,,,,,000053625,5.3625e-05
D4.2__Fig 2__SQUID_data__IVI_BS30_A1S1_I_contrl_+-0.15mA_285mK_191103__IVB__T_1p40K[0.000054000],10000,-2.041157e-05,2.013195e-05,4.0543520000000004e-05,0.11711967857244568,False,I_A,6.0,BS30_A1S1,Fig2,1.4,,,,,,,000054000,5.4e-05
D4.2__Fig 2__SQUID_data__IVI_BS30_A1S1_I_contrl_+-0.15mA_285mK_191103__IVB__T_1p40K[0.000054375],10000,-2.038238e-05,2.011943e-05,4.050181e-05,0.11484892997858501,False,I_A,6.0,BS30_A1S1,Fig2,1.4,,,,,,,000054375,5.4375e-05
D4.2__Fig 2__SQUID_data__IVI_BS30_A1S1_I_contrl_+-0.15mA_285mK_191103__IVB__T_1p40K[0.000054750],10000,-2.041045e-05,2.012401e-05,4.053446e-05,0.11727884897649192,False,I_A,6.0,BS30_A1S1,Fig2,1.4,,,,,,,000054750,5.475e-05
D4.2__Fig 2__SQUID_data__IVI_BS30_A1S1_I_contrl_+-0.15mA_285mK_191103__IVB__T_1p40K[0.000055125],10000,-2.04046e-05,2.009049e-05,4.0495090000000004e-05,0.11738215328003895,False,I_A,6.0,BS30_A1S1,Fig2,1.4,,,,,,,000055125,5.5125e-05
D4.2__Fig 2__SQUID_data__IVI_BS30_A1S1_I_contrl_+-0.15mA_285mK_191103__IVB__T_1p40K[0.000055500],10000,-2.042027e-05,2.009161e-05,4.051188e-05,0.11743001044403636,False,I_A,6.0,BS30_A1S1,Fig2,1.4,,,,,,,000055500,5.55e-05
D4.2__Fig 2__SQUID_data__IVI_BS30_A1S1_I_contrl_+-0.15mA_285mK_191103__IVB__T_1p40K[0.000055875],10000,-2.041671e-05,2.011842e-05,4.053513e-05,0.1177944465610699,False,I_A,6.0,BS30_A1S1,Fig2,1.4,,,,,,,000055875,5.5875e-05
D4.2__Fig 2__SQUID_data__IVI_BS30_A1S1_I_contrl_+-0.15mA_285mK_191103__IVB__T_1p40K[0.000056250],10000,-2.039148e-05,2.012355e-05,4.051503e-05,0.11320880703582449,False,I_A,6.0,BS30_A1S1,Fig2,1.4,,,,,,,000056250,5.625e-05
D4.2__Fig 2__SQUID_data__IVI_BS30_A1S1_I_contrl_+-0.15mA_285mK_191103__IVB__T_1p40K[0.000056625],10000,-2.039519e-05,2.008678e-05,4.048197e-05,0.11834225671652794,False,I_A,6.0,BS30_A1S1,Fig2,1.4,,,,,,,000056625,5.6625e-05
D4.2__Fig 2__SQUID_data__IVI_BS30_A1S1_I_contrl_+-0.15mA_285mK_191103__IVB__T_1p40K[0.000057000],10000,-2.041808e-05,2.00882e-05,4.050628e-05,0.11625520678747789,False,I_A,6.0,BS30_A1S1,Fig2,1.4,,,,,,,000057000,5.7e-05
D4.2__Fig 2__SQUID_data__IVI_BS30_A1S1_I_contrl_+-0.15mA_285mK_191103__IVB__T_1p40K[0.000057375],10000,-2.043054e-05,2.010346e-05,4.0534e-05,0.11174543554414833,False,I_A,6.0,BS30_A1S1,Fig2,1.4,,,,,,,000057375,5.7375e-05
D4.2__Fig 2__SQUID_data__IVI_BS30_A1S1_I_contrl_+-0.15mA_285mK_191103__IVB__T_1p40K[0.000057750],10000,-2.040242e-05,2.013322e-05,4.053564e-05,0.11774274099771713,False,I_A,6.0,BS30_A1S1,Fig2,1.4,,,,,,,000057750,5.775e-05
D4.2__Fig 2__SQUID_data__IVI_BS30_A1S1_I_contrl_+-0.15mA_285mK_191103__IVB__T_1p40K[0.000058125],10000,-2.038584e-05,2.011272e-05,4.049856e-05,0.11510416098160448,False,I_A,6.0,BS30_A1S1,Fig2,1.4,,,,,,,000058125,5.8125e-05
D4.2__Fig 2__SQUID_data__IVI_BS30_A1S1_I_contrl_+-0.15mA_285mK_191103__IVB__T_1p40K[0.000058500],10000,-2.041091e-05,2.009538e-05,4.050629e-05,0.11376819731310112,False,I_A,6.0,BS30_A1S1,Fig2,1.4,,,,,,,000058500,5.85e-05
D4.2__Fig 2__SQUID_data__IVI_BS30_A1S1_I_contrl_+-0.15mA_285mK_191103__IVB__T_1p40K[0.000058875],10000,-2.04104e-05,2.011694e-05,4.052734e-05,0.11784789484970205,False,I_A,6.0,BS30_A1S1,Fig2,1.4,,,,,,,000058875,5.8875e-05
D4.2__Fig 2__SQUID_data__IVI_BS30_A1S1_I_contrl_+-0.15mA_285mK_191103__IVB__T_1p40K[0.000059250],10000,-2.039687e-05,2.009965e-05,4.0496519999999996e-05,0.12220300645659567,False,I_A,6.0,BS30_A1S1,Fig2,1.4,,,,,,,000059250,5.925e-05
D4.2__Fig 2__SQUID_data__IVI_BS30_A1S1_I_contrl_+-0.15mA_285mK_191103__IVB__T_1p40K[0.000059625],10000,-2.040684e-05,2.010346e-05,4.05103e-05,0.1183684417815168,False,I_A,6.0,BS30_A1S1,Fig2,1.4,,,,,,,000059625,5.9625e-05
D4.2__Fig 2__SQUID_data__IVI_BS30_A1S1_I_contrl_+-0.15mA_285mK_191103__IVB__T_1p40K[0.000060000],10000,-2.042785e-05,2.011353e-05,4.054138e-05,0.11370462949505432,False,I_A,6.0,BS30_A1S1,Fig2,1.4,,,,,,,000060000,6e-05
D4.2__Fig 2__SQUID_data__IVI_BS30_A1S1_I_contrl_+-0.15mA_285mK_191103__IVB__T_1p40K[0.000060375],10000,-2.04191e-05,2.012452e-05,4.054362e-05,0.11235708606494893,False,I_A,6.0,BS30_A1S1,Fig2,1.4,,,,,,,000060375,6.0375e-05
D4.2__Fig 2__SQUID_data__IVI_BS30_A1S1_I_contrl_+-0.15mA_285mK_191103__IVB__T_1p40K[0.000060750],10000,-2.040155e-05,2.012742e-05,4.052897e-05,0.11128172808613628,False,I_A,6.0,BS30_A1S1,Fig2,1.4,,,,,,,000060750,6.075e-05
D4.2__Fig 2__SQUID_data__IVI_BS30_A1S1_I_contrl_+-0.15mA_285mK_191103__IVB__T_1p40K[0.000061125],10000,-2.039285e-05,2.011297e-05,4.0505819999999996e-05,0.11278613768049003,False,I_A,6.0,BS30_A1S1,Fig2,1.4,,,,,,,000061125,6.1125e-05
D4.2__Fig 2__SQUID_data__IVI_BS30_A1S1_I_contrl_+-0.15mA_285mK_191103__IVB__T_1p40K[0.000061500],10000,-2.039489e-05,2.009009e-05,4.048498e-05,0.11401513910059287,False,I_A,6.0,BS30_A1S1,Fig2,1.4,,,,,,,000061500,6.15e-05
D4.2__Fig 2__SQUID_data__IVI_BS30_A1S1_I_contrl_+-0.15mA_285mK_191103__IVB__T_1p40K[0.000061875],10000,-2.04191e-05,2.008948e-05,4.050858e-05,0.11806402968111694,False,I_A,6.0,BS30_A1S1,Fig2,1.4,,,,,,,000061875,6.1875e-05
D4.2__Fig 2__SQUID_data__IVI_BS30_A1S1_I_contrl_+-0.15mA_285mK_191103__IVB__T_1p40K[0.000062250],10000,-2.042281e-05,2.01114e-05,4.053421e-05,0.11657072810802795,False,I_A,6.0,BS30_A1S1,Fig2,1.4,,,,,,,000062250,6.225e-05
D4.2__Fig 2__SQUID_data__IVI_BS30_A1S1_I_contrl_+-0.15mA_285mK_191103__IVB__T_1p40K[0.000062625],10000,-2.039855e-05,2.010916e-05,4.0507710000000006e-05,0.11189964772570879,False,I_A,6.0,BS30_A1S1,Fig2,1.4,,,,,,,000062625,6.2625e-05
D4.2__Fig 2__SQUID_data__IVI_BS30_A1S1_I_contrl_+-0.15mA_285mK_191103__IVB__T_1p40K[0.000063000],10000,-2.041264e-05,2.009522e-05,4.050786e-05,0.1183441863720736,False,I_A,6.0,BS30_A1S1,Fig2,1.4,,,,,,,000063000,6.3e-05
D4.2__Fig 2__SQUID_data__IVI_BS30_A1S1_I_contrl_+-0.15mA_285mK_191103__IVB__T_1p40K[0.000063375],10000,-2.041534e-05,2.011694e-05,4.0532280000000004e-05,0.11640838704378768,False,I_A,6.0,BS30_A1S1,Fig2,1.4,,,,,,,000063375,6.3375e-05
D4.2__Fig 2__SQUID_data__IVI_BS30_A1S1_I_contrl_+-0.15mA_285mK_191103__IVB__T_1p40K[0.000063750],10000,-2.040114e-05,2.009889e-05,4.050003e-05,0.11796078859200809,False,I_A,6.0,BS30_A1S1,Fig2,1.4,,,,,,,000063750,6.375e-05
D4.2__Fig 2__SQUID_data__IVI_BS30_A1S1_I_contrl_+-0.15mA_285mK_191103__IVB__T_1p40K[0.000064125],10000,-2.042241e-05,2.009868e-05,4.052109e-05,0.11309133232917547,False,I_A,6.0,BS30_A1S1,Fig2,1.4,,,,,,,000064125,6.4125e-05
D4.2__Fig 2__SQUID_data__IVI_BS30_A1S1_I_contrl_+-0.15mA_285mK_191103__IVB__T_1p40K[0.000064500],10000,-2.040745e-05,2.012879e-05,4.0536239999999996e-05,0.11397637023417999,False,I_A,6.0,BS30_A1S1,Fig2,1.4,,,,,,,000064500,6.45e-05
D4.2__Fig 2__SQUID_data__IVI_BS30_A1S1_I_contrl_+-0.15mA_285mK_191103__IVB__T_1p40K[0.000064875],10000,-2.039504e-05,2.01113e-05,4.050634e-05,0.11422933003163645,False,I_A,6.0,BS30_A1S1,Fig2,1.4,,,,,,,000064875,6.4875e-05
D4.2__Fig 2__SQUID_data__IVI_BS30_A1S1_I_contrl_+-0.15mA_285mK_191103__IVB__T_1p40K[0.000065250],10000,-2.038853e-05,2.010062e-05,4.0489149999999995e-05,0.11894341658861161,False,I_A,6.0,BS30_A1S1,Fig2,1.4,,,,,,,000065250,6.525e-05
D4.2__Fig 2__SQUID_data__IVI_BS30_A1S1_I_contrl_+-0.15mA_285mK_191103__IVB__T_1p40K[0.000065625],10000,-2.039575e-05,2.008637e-05,4.048212e-05,0.11302427832134312,False,I_A,6.0,BS30_A1S1,Fig2,1.4,,,,,,,000065625,6.5625e-05
D4.2__Fig 2__SQUID_data__IVI_BS30_A1S1_I_contrl_+-0.15mA_285mK_191103__IVB__T_1p40K[0.000066000],10000,-2.040674e-05,2.008271e-05,4.048945e-05,0.10955218828247452,False,I_A,6.0,BS30_A1S1,Fig2,1.4,,,,,,,000066000,6.6e-05
D4.2__Fig 2__SQUID_data__IVI_BS30_A1S1_I_contrl_+-0.15mA_285mK_191103__IVB__T_1p40K[0.000066375],10000,-2.042591e-05,2.008851e-05,4.051442e-05,0.11316469918040446,False,I_A,6.0,BS30_A1S1,Fig2,1.4,,,,,,,000066375,6.6375e-05
D4.2__Fig 2__SQUID_data__IVI_BS30_A1S1_I_contrl_+-0.15mA_285mK_191103__IVB__T_1p40K[0.000066750],10000,-2.043197e-05,2.010255e-05,4.053452e-05,0.1114994697717491,False,I_A,6.0,BS30_A1S1,Fig2,1.4,,,,,,,000066750,6.675e-05
D4.2__Fig 2__SQUID_data__IVI_BS30_A1S1_I_contrl_+-0.15mA_285mK_191103__IVB__T_1p40K[0.000067125],10000,-2.042785e-05,2.012244e-05,4.055029e-05,0.11504320977070467,False,I_A,6.0,BS30_A1S1,Fig2,1.4,,,,,,,000067125,6.7125e-05
D4.2__Fig 2__SQUID_data__IVI_BS30_A1S1_I_contrl_+-0.15mA_285mK_191103__IVB__T_1p40K[0.000067500],10000,-2.039906e-05,2.012055e-05,4.051961e-05,0.11666654827082416,False,I_A,6.0,BS30_A1S1,Fig2,1.4,,,,,,,000067500,6.75e-05
D4.2__Fig 2__SQUID_data__IVI_BS30_A1S1_I_contrl_+-0.15mA_285mK_191103__IVB__T_1p40K[0.000067875],10000,-2.03954e-05,2.009863e-05,4.049403e-05,0.12017181007479867,False,I_A,6.0,BS30_A1S1,Fig2,1.4,,,,,,,000067875,6.7875e-05
D4.2__Fig 2__SQUID_data__IVI_BS30_A1S1_I_contrl_+-0.15mA_285mK_191103__IVB__T_1p40K[0.000068250],10000,-2.04192e-05,2.010178e-05,4.052098e-05,0.11219484883218396,False,I_A,6.0,BS30_A1S1,Fig2,1.4,,,,,,,000068250,6.825e-05
D4.2__Fig 2__SQUID_data__IVI_BS30_A1S1_I_contrl_+-0.15mA_285mK_191103__IVB__T_1p40K[0.000068625],10000,-2.040476e-05,2.011002e-05,4.051478e-05,0.11177972427812613,False,I_A,6.0,BS30_A1S1,Fig2,1.4,,,,,,,000068625,6.8625e-05
D4.2__Fig 2__SQUID_data__IVI_BS30_A1S1_I_contrl_+-0.15mA_285mK_191103__IVB__T_1p40K[0.000069000],10000,-2.040867e-05,2.009807e-05,4.0506740000000006e-05,0.11515063711930941,False,I_A,6.0,BS30_A1S1,Fig2,1.4,,,,,,,000069000,6.9e-05
D4.2__Fig 2__SQUID_data__IVI_BS30_A1S1_I_contrl_+-0.15mA_285mK_191103__IVB__T_1p40K[0.000069375],10000,-2.042108e-05,2.011638e-05,4.053746e-05,0.11450191091460088,False,I_A,6.0,BS30_A1S1,Fig2,1.4,,,,,,,000069375,6.9375e-05
D4.2__Fig 2__SQUID_data__IVI_BS30_A1S1_I_contrl_+-0.15mA_285mK_191103__IVB__T_1p40K[0.000069750],10000,-2.039896e-05,2.010219e-05,4.050115e-05,0.12511758860488947,False,I_A,6.0,BS30_A1S1,Fig2,1.4,,,,,,,000069750,6.975e-05
D4.2__Fig 2__SQUID_data__IVI_BS30_A1S1_I_contrl_+-0.15mA_285mK_191103__IVB__T_1p40K[0.000070125],10000,-2.041269e-05,2.008358e-05,4.0496270000000005e-05,0.1155555601856248,False,I_A,6.0,BS30_A1S1,Fig2,1.4,,,,,,,000070125,7.0125e-05
D4.2__Fig 2__SQUID_data__IVI_BS30_A1S1_I_contrl_+-0.15mA_285mK_191103__IVB__T_1p40K[0.000070500],10000,-2.042113e-05,2.011175e-05,4.053288e-05,0.1255465039970272,False,I_A,6.0,BS30_A1S1,Fig2,1.4,,,,,,,000070500,7.05e-05
D4.2__Fig 2__SQUID_data__IVI_BS30_A1S1_I_contrl_+-0.15mA_285mK_191103__IVB__T_1p40K[0.000070875],10000,-2.040384e-05,2.011338e-05,4.051722e-05,0.11368867984083612,False,I_A,6.0,BS30_A1S1,Fig2,1.4,,,,,,,000070875,7.0875e-05
D4.2__Fig 2__SQUID_data__IVI_BS30_A1S1_I_contrl_+-0.15mA_285mK_191103__IVB__T_1p40K[0.000071250],10000,-2.039184e-05,2.010041e-05,4.0492249999999995e-05,0.11580636415323738,False,I_A,6.0,BS30_A1S1,Fig2,1.4,,,,,,,000071250,7.125e-05
D4.2__Fig 2__SQUID_data__IVI_BS30_A1S1_I_contrl_+-0.15mA_285mK_191103__IVB__T_1p40K[0.000071625],10000,-2.04221e-05,2.00849e-05,4.0507e-05,0.11637696974950758,False,I_A,6.0,BS30_A1S1,Fig2,1.4,,,,,,,000071625,7.1625e-05
D4.2__Fig 2__SQUID_data__IVI_BS30_A1S1_I_contrl_+-0.15mA_285mK_191103__IVB__T_1p40K[0.000072000],10000,-2.043029e-05,2.011074e-05,4.054103e-05,0.12145110432291129,False,I_A,6.0,BS30_A1S1,Fig2,1.4,,,,,,,000072000,7.2e-05
D4.2__Fig 2__SQUID_data__IVI_BS30_A1S1_I_contrl_+-0.15mA_285mK_191103__IVB__T_1p40K[0.000072375],10000,-2.042897e-05,2.011974e-05,4.054871e-05,0.12391407796906007,False,I_A,6.0,BS30_A1S1,Fig2,1.4,,,,,,,000072375,7.2375e-05
D4.2__Fig 2__SQUID_data__IVI_BS30_A1S1_I_contrl_+-0.15mA_285mK_191103__IVB__T_1p40K[0.000072750],10000,-2.042205e-05,2.012269e-05,4.0544739999999994e-05,0.1087668185140638,False,I_A,6.0,BS30_A1S1,Fig2,1.4,,,,,,,000072750,7.275e-05
D4.2__Fig 2__SQUID_data__IVI_BS30_A1S1_I_contrl_+-0.15mA_285mK_191103__IVB__T_1p40K[0.000073125],10000,-2.041376e-05,2.012594e-05,4.05397e-05,0.11207499084494063,False,I_A,6.0,BS30_A1S1,Fig2,1.4,,,,,,,000073125,7.3125e-05
D4.2__Fig 2__SQUID_data__IVI_BS30_A1S1_I_contrl_+-0.15mA_285mK_191103__IVB__T_1p40K[0.000073500],10000,-2.040516e-05,2.01232e-05,4.052836e-05,0.11459203150405188,False,I_A,6.0,BS30_A1S1,Fig2,1.4,,,,,,,000073500,7.35e-05
D4.2__Fig 2__SQUID_data__IVI_BS30_A1S1_I_contrl_+-0.15mA_285mK_191103__IVB__T_1p40K[0.000073875],10000,-2.038894e-05,2.010311e-05,4.049205e-05,0.11422174534086467,False,I_A,6.0,BS30_A1S1,Fig2,1.4,,,,,,,000073875,7.3875e-05
D4.2__Fig 2__SQUID_data__IVI_BS30_A1S1_I_contrl_+-0.15mA_285mK_191103__IVB__T_1p40K[0.000074250],10000,-2.039855e-05,2.009024e-05,4.048879e-05,0.11275478208582536,False,I_A,6.0,BS30_A1S1,Fig2,1.4,,,,,,,000074250,7.425e-05
D4.2__Fig 2__SQUID_data__IVI_BS30_A1S1_I_contrl_+-0.15mA_285mK_191103__IVB__T_1p40K[0.000074625],10000,-2.042831e-05,2.009812e-05,4.052643e-05,0.11578113587052305,False,I_A,6.0,BS30_A1S1,Fig2,1.4,,,,,,,000074625,7.4625e-05
D4.2__Fig 2__SQUID_data__IVI_BS30_A1S1_I_contrl_+-0.15mA_285mK_191103__IVB__T_1p40K[0.000075000],10000,-2.042368e-05,2.01116e-05,4.0535279999999997e-05,0.12870309172959737,False,I_A,6.0,BS30_A1S1,Fig2,1.4,,,,,,,000075000,7.5e-05
D4.2__Fig 2__SQUID_data__IVI_BS30_A1S1_I_contrl_+-0.15mA_285mK_191103__IVB__T_1p40K[0.000075375],10000,-2.040292e-05,2.010082e-05,4.050374e-05,0.11335925089697195,False,I_A,6.0,BS30_A1S1,Fig2,1.4,,,,,,,000075375,7.5375e-05
D4.2__Fig 2__SQUID_data__IVI_BS30_A1S1_I_contrl_+-0.15mA_285mK_191103__IVB__T_1p40K[0.000075750],10000,-2.039936e-05,2.009538e-05,4.049474e-05,0.11535506903544801,False,I_A,6.0,BS30_A1S1,Fig2,1.4,,,,,,,000075750,7.575e-05
D4.2__Fig 2__SQUID_data__IVI_BS30_A1S1_I_contrl_+-0.15mA_285mK_191103__IVB__T_1p40K[0.000076125],10000,-2.042942e-05,2.010479e-05,4.053421e-05,0.11259656392210063,False,I_A,6.0,BS30_A1S1,Fig2,1.4,,,,,,,000076125,7.6125e-05
D4.2__Fig 2__SQUID_data__IVI_BS30_A1S1_I_contrl_+-0.15mA_285mK_191103__IVB__T_1p40K[0.000076500],10000,-2.042805e-05,2.012264e-05,4.055069e-05,0.10808322313757715,False,I_A,6.0,BS30_A1S1,Fig2,1.4,,,,,,,000076500,7.65e-05
D4.2__Fig 2__SQUID_data__IVI_BS30_A1S1_I_contrl_+-0.15mA_285mK_191103__IVB__T_1p40K[0.000076875],10000,-2.042149e-05,2.012508e-05,4.054657e-05,0.11356987082352958,False,I_A,6.0,BS30_A1S1,Fig2,1.4,,,,,,,000076875,7.6875e-05
D4.2__Fig 2__SQUID_data__IVI_BS30_A1S1_I_contrl_+-0.15mA_285mK_191103__IVB__T_1p40K[0.000077250],10000,-2.041228e-05,2.012559e-05,4.053787e-05,0.11694193506503879,False,I_A,6.0,BS30_A1S1,Fig2,1.4,,,,,,,000077250,7.725e-05
D4.2__Fig 2__SQUID_data__IVI_BS30_A1S1_I_contrl_+-0.15mA_285mK_191103__IVB__T_1p40K[0.000077625],10000,-2.039413e-05,2.011521e-05,4.050934e-05,0.1116271101420273,False,I_A,6.0,BS30_A1S1,Fig2,1.4,,,,,,,000077625,7.7625e-05
D4.2__Fig 2__SQUID_data__IVI_BS30_A1S1_I_contrl_+-0.15mA_285mK_191103__IVB__T_1p40K[0.000078000],10000,-2.039306e-05,2.009604e-05,4.0489100000000005e-05,0.10945204795222219,False,I_A,6.0,BS30_A1S1,Fig2,1.4,,,,,,,000078000,7.8e-05
D4.2__Fig 2__SQUID_data__IVI_BS30_A1S1_I_contrl_+-0.15mA_285mK_191103__IVB__T_1p40K[0.000078375],10000,-2.041305e-05,2.008932e-05,4.050237e-05,0.11624888513920029,False,I_A,6.0,BS30_A1S1,Fig2,1.4,,,,,,,000078375,7.8375e-05
D4.2__Fig 2__SQUID_data__IVI_BS30_A1S1_I_contrl_+-0.15mA_285mK_191103__IVB__T_1p40K[0.000078750],10000,-2.043136e-05,2.010458e-05,4.053594e-05,0.11999612105150531,False,I_A,6.0,BS30_A1S1,Fig2,1.4,,,,,,,000078750,7.875e-05
D4.2__Fig 2__SQUID_data__IVI_BS30_A1S1_I_contrl_+-0.15mA_285mK_191103__IVB__T_1p40K[0.000079125],10000,-2.04134e-05,2.011989e-05,4.053329e-05,0.1261805916066131,False,I_A,6.0,BS30_A1S1,Fig2,1.4,,,,,,,000079125,7.9125e-05
D4.2__Fig 2__SQUID_data__IVI_BS30_A1S1_I_contrl_+-0.15mA_285mK_191103__IVB__T_1p40K[0.000079500],10000,-2.038233e-05,2.011079e-05,4.049312e-05,0.12357545726022436,False,I_A,6.0,BS30_A1S1,Fig2,1.4,,,,,,,000079500,7.95e-05
D4.2__Fig 2__SQUID_data__IVI_BS30_A1S1_I_contrl_+-0.15mA_285mK_191103__IVB__T_1p40K[0.000079875],10000,-2.041396e-05,2.008073e-05,4.049469e-05,0.11397733719716303,False,I_A,6.0,BS30_A1S1,Fig2,1.4,,,,,,,000079875,7.9875e-05
D4.2__Fig 2__SQUID_data__IVI_BS30_A1S1_I_contrl_+-0.15mA_285mK_191103__IVB__T_1p40K[0.000080250],10000,-2.042469e-05,2.009548e-05,4.052017e-05,0.11501368410360081,False,I_A,6.0,BS30_A1S1,Fig2,1.4,,,,,,,000080250,8.025e-05
D4.2__Fig 2__SQUID_data__IVI_BS30_A1S1_I_contrl_+-0.15mA_285mK_191103__IVB__T_1p40K[0.000080625],10000,-2.042907e-05,2.012193e-05,4.0551e-05,0.11302558345003967,False,I_A,6.0,BS30_A1S1,Fig2,1.4,,,,,,,000080625,8.0625e-05
D4.2__Fig 2__SQUID_data__IVI_BS30_A1S1_I_contrl_+-0.15mA_285mK_191103__IVB__T_1p40K[0.000081000],10000,-2.040994e-05,2.012462e-05,4.053456e-05,0.11758100233760915,False,I_A,6.0,BS30_A1S1,Fig2,1.4,,,,,,,000081000,8.1e-05
D4.2__Fig 2__SQUID_data__IVI_BS30_A1S1_I_contrl_+-0.15mA_285mK_191103__IVB__T_1p40K[0.000081375],10000,-2.039367e-05,2.011557e-05,4.050924e-05,0.11379880267162176,False,I_A,6.0,BS30_A1S1,Fig2,1.4,,,,,,,000081375,8.1375e-05
D4.2__Fig 2__SQUID_data__IVI_BS30_A1S1_I_contrl_+-0.15mA_285mK_191103__IVB__T_1p40K[0.000081750],10000,-2.040399e-05,2.008093e-05,4.048492e-05,0.11605809674163,False,I_A,6.0,BS30_A1S1,Fig2,1.4,,,,,,,000081750,8.175e-05
D4.2__Fig 2__SQUID_data__IVI_BS30_A1S1_I_contrl_+-0.15mA_285mK_191103__IVB__T_1p40K[0.000082125],10000,-2.042871e-05,2.009171e-05,4.052042e-05,0.11517997119649398,False,I_A,6.0,BS30_A1S1,Fig2,1.4,,,,,,,000082125,8.2125e-05
D4.2__Fig 2__SQUID_data__IVI_BS30_A1S1_I_contrl_+-0.15mA_285mK_191103__IVB__T_1p40K[0.000082500],10000,-2.040852e-05,2.011501e-05,4.052353e-05,0.11637442180660111,False,I_A,6.0,BS30_A1S1,Fig2,1.4,,,,,,,000082500,8.25e-05
D4.2__Fig 2__SQUID_data__IVI_BS30_A1S1_I_contrl_+-0.15mA_285mK_191103__IVB__T_1p40K[0.000082875],10000,-2.04044e-05,2.009436e-05,4.049876e-05,0.1140582249551781,False,I_A,6.0,BS30_A1S1,Fig2,1.4,,,,,,,000082875,8.2875e-05
D4.2__Fig 2__SQUID_data__IVI_BS30_A1S1_I_contrl_+-0.15mA_285mK_191103__IVB__T_1p40K[0.000083250],10000,-2.041518e-05,2.010733e-05,4.052251e-05,0.11284674497771194,False,I_A,6.0,BS30_A1S1,Fig2,1.4,,,,,,,000083250,8.325e-05
D4.2__Fig 2__SQUID_data__IVI_BS30_A1S1_I_contrl_+-0.15mA_285mK_191103__IVB__T_1p40K[0.000083625],10000,-2.040506e-05,2.00999e-05,4.050496e-05,0.11205759172768952,False,I_A,6.0,BS30_A1S1,Fig2,1.4,,,,,,,000083625,8.3625e-05
D4.2__Fig 2__SQUID_data__IVI_BS30_A1S1_I_contrl_+-0.15mA_285mK_191103__IVB__T_1p40K[0.000084000],10000,-2.041829e-05,2.010514e-05,4.052343e-05,0.1171071960291753,False,I_A,6.0,BS30_A1S1,Fig2,1.4,,,,,,,000084000,8.4e-05
D4.2__Fig 2__SQUID_data__IVI_BS30_A1S1_I_contrl_+-0.15mA_285mK_191103__IVB__T_1p40K[0.000084375],10000,-2.039362e-05,2.011155e-05,4.050517e-05,0.11110419623531559,False,I_A,6.0,BS30_A1S1,Fig2,1.4,,,,,,,000084375,8.4375e-05
D4.2__Fig 2__SQUID_data__IVI_BS30_A1S1_I_contrl_+-0.15mA_285mK_191103__IVB__T_1p40K[0.000084750],10000,-2.039362e-05,2.009711e-05,4.049073e-05,0.11688520656672031,False,I_A,6.0,BS30_A1S1,Fig2,1.4,,,,,,,000084750,8.475e-05
D4.2__Fig 2__SQUID_data__IVI_BS30_A1S1_I_contrl_+-0.15mA_285mK_191103__IVB__T_1p40K[0.000085125],10000,-2.042398e-05,2.009365e-05,4.051763e-05,0.11159534105438992,False,I_A,6.0,BS30_A1S1,Fig2,1.4,,,,,,,000085125,8.5125e-05
D4.2__Fig 2__SQUID_data__IVI_BS30_A1S1_I_contrl_+-0.15mA_285mK_191103__IVB__T_1p40K[0.000085500],10000,-2.042836e-05,2.01173e-05,4.0545660000000004e-05,0.10796483119608913,False,I_A,6.0,BS30_A1S1,Fig2,1.4,,,,,,,000085500,8.55e-05
D4.2__Fig 2__SQUID_data__IVI_BS30_A1S1_I_contrl_+-0.15mA_285mK_191103__IVB__T_1p40K[0.000085875],10000,-2.040999e-05,2.01206e-05,4.0530589999999994e-05,0.11400617363865587,False,I_A,6.0,BS30_A1S1,Fig2,1.4,,,,,,,000085875,8.5875e-05
D4.2__Fig 2__SQUID_data__IVI_BS30_A1S1_I_contrl_+-0.15mA_285mK_191103__IVB__T_1p40K[0.000086250],10000,-2.03894e-05,2.010529e-05,4.049469e-05,0.1155185077810329,False,I_A,6.0,BS30_A1S1,Fig2,1.4,,,,,,,000086250,8.625e-05
D4.2__Fig 2__SQUID_data__IVI_BS30_A1S1_I_contrl_+-0.15mA_285mK_191103__IVB__T_1p40K[0.000086625],10000,-2.041498e-05,2.007717e-05,4.049215e-05,0.11822263112039456,False,I_A,6.0,BS30_A1S1,Fig2,1.4,,,,,,,000086625,8.6625e-05
D4.2__Fig 2__SQUID_data__IVI_BS30_A1S1_I_contrl_+-0.15mA_285mK_191103__IVB__T_1p40K[0.000087000],10000,-2.042866e-05,2.010087e-05,4.052953e-05,0.11194132237216312,False,I_A,6.0,BS30_A1S1,Fig2,1.4,,,,,,,000087000,8.7e-05
D4.2__Fig 2__SQUID_data__IVI_BS30_A1S1_I_contrl_+-0.15mA_285mK_191103__IVB__T_1p40K[0.000087375],10000,-2.040196e-05,2.010707e-05,4.050903e-05,0.11521912492225081,False,I_A,6.0,BS30_A1S1,Fig2,1.4,,,,,,,000087375,8.7375e-05
D4.2__Fig 2__SQUID_data__IVI_BS30_A1S1_I_contrl_+-0.15mA_285mK_191103__IVB__T_1p40K[0.000087750],10000,-2.04101e-05,2.009217e-05,4.050227e-05,0.10936118740900284,False,I_A,6.0,BS30_A1S1,Fig2,1.4,,,,,,,000087750,8.775e-05
D4.2__Fig 2__SQUID_data__IVI_BS30_A1S1_I_contrl_+-0.15mA_285mK_191103__IVB__T_1p40K[0.000088125],10000,-2.041274e-05,2.011196e-05,4.05247e-05,0.11534926593278153,False,I_A,6.0,BS30_A1S1,Fig2,1.4,,,,,,,000088125,8.8125e-05
D4.2__Fig 2__SQUID_data__IVI_BS30_A1S1_I_contrl_+-0.15mA_285mK_191103__IVB__T_1p40K[0.000088500],10000,-2.040501e-05,2.009171e-05,4.0496719999999996e-05,0.11003996829506434,False,I_A,6.0,BS30_A1S1,Fig2,1.4,,,,,,,000088500,8.85e-05
D4.2__Fig 2__SQUID_data__IVI_BS30_A1S1_I_contrl_+-0.15mA_285mK_191103__IVB__T_1p40K[0.000088875],10000,-2.042266e-05,2.010321e-05,4.052587e-05,0.11174913726992405,False,I_A,6.0,BS30_A1S1,Fig2,1.4,,,,,,,000088875,8.8875e-05
D4.2__Fig 2__SQUID_data__IVI_BS30_A1S1_I_contrl_+-0.15mA_285mK_191103__IVB__T_1p40K[0.000089250],10000,-2.040165e-05,2.010606e-05,4.0507710000000006e-05,0.1124053804589833,False,I_A,6.0,BS30_A1S1,Fig2,1.4,,,,,,,000089250,8.925e-05
D4.2__Fig 2__SQUID_data__IVI_BS30_A1S1_I_contrl_+-0.15mA_285mK_191103__IVB__T_1p40K[0.000089625],10000,-2.041371e-05,2.009655e-05,4.051026e-05,0.10934342375413678,False,I_A,6.0,BS30_A1S1,Fig2,1.4,,,,,,,000089625,8.9625e-05
D4.2__Fig 2__SQUID_data__IVI_BS30_A1S1_I_contrl_+-0.15mA_285mK_191103__IVB__T_1p40K[0.000090000],10000,-2.041106e-05,2.010753e-05,4.0518589999999995e-05,0.12072686984979315,False,I_A,6.0,BS30_A1S1,Fig2,1.4,,,,,,,000090000,9e-05
D4.2__Fig 2__SQUID_data__IVI_BS30_A1S1_I_contrl_+-0.15mA_285mK_191103__IVB__T_1p40K[0.000090375],10000,-2.041132e-05,2.009822e-05,4.050954e-05,0.11294801545194486,False,I_A,6.0,BS30_A1S1,Fig2,1.4,,,,,,,000090375,9.0375e-05
D4.2__Fig 2__SQUID_data__IVI_BS30_A1S1_I_contrl_+-0.15mA_285mK_191103__IVB__T_1p40K[0.000090750],10000,-2.041213e-05,2.01057e-05,4.0517829999999996e-05,0.11727555082953628,False,I_A,6.0,BS30_A1S1,Fig2,1.4,,,,,,,000090750,9.075e-05
D4.2__Fig 2__SQUID_data__IVI_BS30_A1S1_I_contrl_+-0.15mA_285mK_191103__IVB__T_1p40K[0.000091125],10000,-2.039865e-05,2.010382e-05,4.0502470000000005e-05,0.11213374651487606,False,I_A,6.0,BS30_A1S1,Fig2,1.4,,,,,,,000091125,9.1125e-05
D4.2__Fig 2__SQUID_data__IVI_BS30_A1S1_I_contrl_+-0.15mA_285mK_191103__IVB__T_1p40K[0.000091500],10000,-2.041361e-05,2.009863e-05,4.051224e-05,0.1155477858697007,False,I_A,6.0,BS30_A1S1,Fig2,1.4,,,,,,,000091500,9.15e-05
D4.2__Fig 2__SQUID_data__IVI_BS30_A1S1_I_contrl_+-0.15mA_285mK_191103__IVB__T_1p40K[0.000091875],10000,-2.041961e-05,2.011196e-05,4.053157e-05,0.11011061144658175,False,I_A,6.0,BS30_A1S1,Fig2,1.4,,,,,,,000091875,9.1875e-05
D4.2__Fig 2__SQUID_data__IVI_BS30_A1S1_I_contrl_+-0.15mA_285mK_191103__IVB__T_1p40K[0.000092250],10000,-2.040201e-05,2.01054e-05,4.050741e-05,0.12326639984216349,False,I_A,6.0,BS30_A1S1,Fig2,1.4,,,,,,,000092250,9.225e-05
D4.2__Fig 2__SQUID_data__IVI_BS30_A1S1_I_contrl_+-0.15mA_285mK_191103__IVB__T_1p40K[0.000092625],10000,-2.041381e-05,2.009619e-05,4.0510000000000003e-05,0.11647478446880444,False,I_A,6.0,BS30_A1S1,Fig2,1.4,,,,,,,000092625,9.2625e-05
D4.2__Fig 2__SQUID_data__IVI_BS30_A1S1_I_contrl_+-0.15mA_285mK_191103__IVB__T_1p40K[0.000093000],10000,-2.04131e-05,2.01084e-05,4.0521499999999995e-05,0.11424374710123616,False,I_A,6.0,BS30_A1S1,Fig2,1.4,,,,,,,000093000,9.3e-05
D4.2__Fig 2__SQUID_data__IVI_BS30_A1S1_I_contrl_+-0.15mA_285mK_191103__IVB__T_1p40K[0.000093375],10000,-2.040359e-05,2.008317e-05,4.0486760000000004e-05,0.11643069316202788,False,I_A,6.0,BS30_A1S1,Fig2,1.4,,,,,,,000093375,9.3375e-05
D4.2__Fig 2__SQUID_data__IVI_BS30_A1S1_I_contrl_+-0.15mA_285mK_191103__IVB__T_1p40K[0.000093750],10000,-2.039708e-05,2.01026e-05,4.049968e-05,0.11473238078618414,False,I_A,6.0,BS30_A1S1,Fig2,1.4,,,,,,,000093750,9.375e-05
D4.2__Fig 2__SQUID_data__IVI_BS30_A1S1_I_contrl_+-0.15mA_285mK_191103__IVB__T_1p40K[0.000094125],10000,-2.041747e-05,2.011277e-05,4.0530239999999996e-05,0.11391262116918444,False,I_A,6.0,BS30_A1S1,Fig2,1.4,,,,,,,000094125,9.4125e-05
D4.2__Fig 2__SQUID_data__IVI_BS30_A1S1_I_contrl_+-0.15mA_285mK_191103__IVB__T_1p40K[0.000094500],10000,-2.041086e-05,2.010743e-05,4.051829e-05,0.11341803879917418,False,I_A,6.0,BS30_A1S1,Fig2,1.4,,,,,,,000094500,9.45e-05
D4.2__Fig 2__SQUID_data__IVI_BS30_A1S1_I_contrl_+-0.15mA_285mK_191103__IVB__T_1p40K[0.000094875],10000,-2.040277e-05,2.009487e-05,4.049764e-05,0.11376052079167912,False,I_A,6.0,BS30_A1S1,Fig2,1.4,,,,,,,000094875,9.4875e-05
D4.2__Fig 2__SQUID_data__IVI_BS30_A1S1_I_contrl_+-0.15mA_285mK_191103__IVB__T_1p40K[0.000095250],10000,-2.042032e-05,2.010723e-05,4.052755e-05,0.1131526541134496,False,I_A,6.0,BS30_A1S1,Fig2,1.4,,,,,,,000095250,9.525e-05
D4.2__Fig 2__SQUID_data__IVI_BS30_A1S1_I_contrl_+-0.15mA_285mK_191103__IVB__T_1p40K[0.000095625],10000,-2.042195e-05,2.011104e-05,4.053299e-05,0.11702377828900544,False,I_A,6.0,BS30_A1S1,Fig2,1.4,,,,,,,000095625,9.5625e-05
D4.2__Fig 2__SQUID_data__IVI_BS30_A1S1_I_contrl_+-0.15mA_285mK_191103__IVB__T_1p40K[0.000096000],10000,-2.04012e-05,2.009848e-05,4.049968e-05,0.11071342269075964,False,I_A,6.0,BS30_A1S1,Fig2,1.4,,,,,,,000096000,9.6e-05
D4.2__Fig 2__SQUID_data__IVI_BS30_A1S1_I_contrl_+-0.15mA_285mK_191103__IVB__T_1p40K[0.000096375],10000,-2.041401e-05,2.008093e-05,4.049494e-05,0.11352543653200022,False,I_A,6.0,BS30_A1S1,Fig2,1.4,,,,,,,000096375,9.6375e-05
D4.2__Fig 2__SQUID_data__IVI_BS30_A1S1_I_contrl_+-0.15mA_285mK_191103__IVB__T_1p40K[0.000096750],10000,-2.041823e-05,2.011023e-05,4.052846e-05,0.11386639673082598,False,I_A,6.0,BS30_A1S1,Fig2,1.4,,,,,,,000096750,9.675e-05
D4.2__Fig 2__SQUID_data__IVI_BS30_A1S1_I_contrl_+-0.15mA_285mK_191103__IVB__T_1p40K[0.000097125],10000,-2.040242e-05,2.010606e-05,4.0508480000000006e-05,0.1097028131678422,False,I_A,6.0,BS30_A1S1,Fig2,1.4,,,,,,,000097125,9.7125e-05
D4.2__Fig 2__SQUID_data__IVI_BS30_A1S1_I_contrl_+-0.15mA_285mK_191103__IVB__T_1p40K[0.000097500],10000,-2.040669e-05,2.009797e-05,4.050466e-05,0.11137869726440583,False,I_A,6.0,BS30_A1S1,Fig2,1.4,,,,,,,000097500,9.75e-05
D4.2__Fig 2__SQUID_data__IVI_BS30_A1S1_I_contrl_+-0.15mA_285mK_191103__IVB__T_1p40K[0.000097875],10000,-2.041635e-05,2.010519e-05,4.052154e-05,0.11232818892937071,False,I_A,6.0,BS30_A1S1,Fig2,1.4,,,,,,,000097875,9.7875e-05
D4.2__Fig 2__SQUID_data__IVI_BS30_A1S1_I_contrl_+-0.15mA_285mK_191103__IVB__T_1p40K[0.000098250],10000,-2.040821e-05,2.00937e-05,4.050191e-05,0.11126338470264258,False,I_A,6.0,BS30_A1S1,Fig2,1.4,,,,,,,000098250,9.825e-05
D4.2__Fig 2__SQUID_data__IVI_BS30_A1S1_I_contrl_+-0.15mA_285mK_191103__IVB__T_1p40K[0.000098625],10000,-2.041289e-05,2.010779e-05,4.0520680000000005e-05,0.11354185333844102,False,I_A,6.0,BS30_A1S1,Fig2,1.4,,,,,,,000098625,9.8625e-05
D4.2__Fig 2__SQUID_data__IVI_BS30_A1S1_I_contrl_+-0.15mA_285mK_191103__IVB__T_1p40K[0.000099000],10000,-2.039997e-05,2.010143e-05,4.05014e-05,0.10914541208602846,False,I_A,6.0,BS30_A1S1,Fig2,1.4,,,,,,,000099000,9.9e-05
D4.2__Fig 2__SQUID_data__IVI_BS30_A1S1_I_contrl_+-0.15mA_285mK_191103__IVB__T_1p40K[0.000099375],10000,-2.041844e-05,2.009797e-05,4.0516410000000005e-05,0.10893786794743597,False,I_A,6.0,BS30_A1S1,Fig2,1.4,,,,,,,000099375,9.9375e-05
D4.2__Fig 2__SQUID_data__IVI_BS30_A1S1_I_contrl_+-0.15mA_285mK_191103__IVB__T_1p40K[0.000099750],10000,-2.041839e-05,2.011287e-05,4.053126e-05,0.11640923815619843,False,I_A,6.0,BS30_A1S1,Fig2,1.4,,,,,,,000099750,9.975e-05
D4.2__Fig 2__SQUID_data__IVI_BS30_A1S1_I_contrl_+-0.15mA_285mK_191103__IVB__T_1p40K[0.000100125],10000,-2.039931e-05,2.010087e-05,4.050018e-05,0.11399860987451904,False,I_A,6.0,BS30_A1S1,Fig2,1.4,,,,,,,000100125,0.000100125
D4.2__Fig 2__SQUID_data__IVI_BS30_A1S1_I_contrl_+-0.15mA_285mK_191103__IVB__T_1p40K[0.000100500],10000,-2.041559e-05,2.007752e-05,4.049311e-05,0.1129260667774598,False,I_A,6.0,BS30_A1S1,Fig2,1.4,,,,,,,000100500,0.0001005
D4.2__Fig 2__SQUID_data__IVI_BS30_A1S1_I_contrl_+-0.15mA_285mK_191103__IVB__T_1p40K[0.000100875],10000,-2.041981e-05,2.010753e-05,4.052734e-05,0.10796855094960009,False,I_A,6.0,BS30_A1S1,Fig2,1.4,,,,,,,000100875,0.000100875
D4.2__Fig 2__SQUID_data__IVI_BS30_A1S1_I_contrl_+-0.15mA_285mK_191103__IVB__T_1p40K[0.000101250],10000,-2.040257e-05,2.010362e-05,4.050619e-05,0.11152484662002518,False,I_A,6.0,BS30_A1S1,Fig2,1.4,,,,,,,000101250,0.00010125
D4.2__Fig 2__SQUID_data__IVI_BS30_A1S1_I_contrl_+-0.15mA_285mK_191103__IVB__T_1p40K[0.000101625],10000,-2.041142e-05,2.009624e-05,4.050766e-05,0.11356612155523425,False,I_A,6.0,BS30_A1S1,Fig2,1.4,,,,,,,000101625,0.000101625
D4.2__Fig 2__SQUID_data__IVI_BS30_A1S1_I_contrl_+-0.15mA_285mK_191103__IVB__T_1p40K[0.000102000],10000,-2.041127e-05,2.011069e-05,4.052196e-05,0.11049578757569462,False,I_A,6.0,BS30_A1S1,Fig2,1.4,,,,,,,000102000,0.000102
D4.2__Fig 2__SQUID_data__IVI_BS30_A1S1_I_contrl_+-0.15mA_285mK_191103__IVB__T_1p40K[0.000102375],10000,-2.040094e-05,2.009304e-05,4.049398e-05,0.1097853337515837,False,I_A,6.0,BS30_A1S1,Fig2,1.4,,,,,,,000102375,0.000102375
D4.2__Fig 2__SQUID_data__IVI_BS30_A1S1_I_contrl_+-0.15mA_285mK_191103__IVB__T_1p40K[0.000102750],10000,-2.043268e-05,2.00848e-05,4.051748e-05,0.11507165413480865,False,I_A,6.0,BS30_A1S1,Fig2,1.4,,,,,,,000102750,0.00010275
D4.2__Fig 2__SQUID_data__IVI_BS30_A1S1_I_contrl_+-0.15mA_285mK_191103__IVB__T_1p40K[0.000103125],10000,-2.042749e-05,2.011669e-05,4.0544179999999996e-05,0.10860873670277015,False,I_A,6.0,BS30_A1S1,Fig2,1.4,,,,,,,000103125,0.000103125
D4.2__Fig 2__SQUID_data__IVI_BS30_A1S1_I_contrl_+-0.15mA_285mK_191103__IVB__T_1p40K[0.000103500],10000,-2.0413e-05,2.0126e-05,4.0539e-05,0.11337442594231818,False,I_A,6.0,BS30_A1S1,Fig2,1.4,,,,,,,000103500,0.0001035
D4.2__Fig 2__SQUID_data__IVI_BS30_A1S1_I_contrl_+-0.15mA_285mK_191103__IVB__T_1p40K[0.000103875],10000,-2.039962e-05,2.011887e-05,4.051849e-05,0.11154622401586561,False,I_A,6.0,BS30_A1S1,Fig2,1.4,,,,,,,000103875,0.000103875
D4.2__Fig 2__SQUID_data__IVI_BS30_A1S1_I_contrl_+-0.15mA_285mK_191103__IVB__T_1p40K[0.000104250],10000,-2.039118e-05,2.010728e-05,4.0498459999999996e-05,0.11337081557443633,False,I_A,6.0,BS30_A1S1,Fig2,1.4,,,,,,,000104250,0.00010425
D4.2__Fig 2__SQUID_data__IVI_BS30_A1S1_I_contrl_+-0.15mA_285mK_191103__IVB__T_1p40K[0.000104625],10000,-2.039006e-05,2.008993e-05,4.0479990000000005e-05,0.11417251256901545,False,I_A,6.0,BS30_A1S1,Fig2,1.4,,,,,,,000104625,0.000104625
D4.2__Fig 2__SQUID_data__IVI_BS30_A1S1_I_contrl_+-0.15mA_285mK_191103__IVB__T_1p40K[0.000105000],10000,-2.040114e-05,2.008373e-05,4.048487e-05,0.11862737616056948,False,I_A,6.0,BS30_A1S1,Fig2,1.4,,,,,,,000105000,0.000105
D4.2__Fig 2__SQUID_data__IVI_BS30_A1S1_I_contrl_+-0.15mA_285mK_191103__IVB__T_1p40K[0.000105375],10000,-2.043187e-05,2.009309e-05,4.052496e-05,0.1120049082973343,False,I_A,6.0,BS30_A1S1,Fig2,1.4,,,,,,,000105375,0.000105375
D4.2__Fig 2__SQUID_data__IVI_BS30_A1S1_I_contrl_+-0.15mA_285mK_191103__IVB__T_1p40K[0.000105750],10000,-2.040811e-05,2.012015e-05,4.052826e-05,0.11216380567911674,False,I_A,6.0,BS30_A1S1,Fig2,1.4,,,,,,,000105750,0.00010575
D4.2__Fig 2__SQUID_data__IVI_BS30_A1S1_I_contrl_+-0.15mA_285mK_191103__IVB__T_1p40K[0.000106125],10000,-2.039377e-05,2.010311e-05,4.049688e-05,0.11066559323032794,False,I_A,6.0,BS30_A1S1,Fig2,1.4,,,,,,,000106125,0.000106125
D4.2__Fig 2__SQUID_data__IVI_BS30_A1S1_I_contrl_+-0.15mA_285mK_191103__IVB__T_1p40K[0.000106500],10000,-2.040903e-05,2.008276e-05,4.0491790000000004e-05,0.11264464557778893,False,I_A,6.0,BS30_A1S1,Fig2,1.4,,,,,,,000106500,0.0001065
D4.2__Fig 2__SQUID_data__IVI_BS30_A1S1_I_contrl_+-0.15mA_285mK_191103__IVB__T_1p40K[0.000106875],10000,-2.043054e-05,2.009573e-05,4.052627e-05,0.11525477564194958,False,I_A,6.0,BS30_A1S1,Fig2,1.4,,,,,,,000106875,0.000106875
D4.2__Fig 2__SQUID_data__IVI_BS30_A1S1_I_contrl_+-0.15mA_285mK_191103__IVB__T_1p40K[0.000107250],10000,-2.04044e-05,2.011491e-05,4.0519310000000004e-05,0.11313932398714145,False,I_A,6.0,BS30_A1S1,Fig2,1.4,,,,,,,000107250,0.00010725
D4.2__Fig 2__SQUID_data__IVI_BS30_A1S1_I_contrl_+-0.15mA_285mK_191103__IVB__T_1p40K[0.000107625],10000,-2.040669e-05,2.009456e-05,4.050125e-05,0.11233240755049795,False,I_A,6.0,BS30_A1S1,Fig2,1.4,,,,,,,000107625,0.000107625
D4.2__Fig 2__SQUID_data__IVI_BS30_A1S1_I_contrl_+-0.15mA_285mK_191103__IVB__T_1p40K[0.000108000],10000,-2.042195e-05,2.009955e-05,4.0521499999999995e-05,0.11120916960940146,False,I_A,6.0,BS30_A1S1,Fig2,1.4,,,,,,,000108000,0.000108
D4.2__Fig 2__SQUID_data__IVI_BS30_A1S1_I_contrl_+-0.15mA_285mK_191103__IVB__T_1p40K[0.000108375],10000,-2.040354e-05,2.010774e-05,4.051128e-05,0.11257122795936927,False,I_A,6.0,BS30_A1S1,Fig2,1.4,,,,,,,000108375,0.000108375
D4.2__Fig 2__SQUID_data__IVI_BS30_A1S1_I_contrl_+-0.15mA_285mK_191103__IVB__T_1p40K[0.000108750],10000,-2.04101e-05,2.009426e-05,4.050436e-05,0.10967899573039949,False,I_A,6.0,BS30_A1S1,Fig2,1.4,,,,,,,000108750,0.00010875
D4.2__Fig 2__SQUID_data__IVI_BS30_A1S1_I_contrl_+-0.15mA_285mK_191103__IVB__T_1p40K[0.000109125],10000,-2.041203e-05,2.011531e-05,4.052734e-05,0.11277055270336077,False,I_A,6.0,BS30_A1S1,Fig2,1.4,,,,,,,000109125,0.000109125
D4.2__Fig 2__SQUID_data__IVI_BS30_A1S1_I_contrl_+-0.15mA_285mK_191103__IVB__T_1p40K[0.000109500],10000,-2.040638e-05,2.008973e-05,4.049611e-05,0.11876927550196627,False,I_A,6.0,BS30_A1S1,Fig2,1.4,,,,,,,000109500,0.0001095
D4.2__Fig 2__SQUID_data__IVI_BS30_A1S1_I_contrl_+-0.15mA_285mK_191103__IVB__T_1p40K[0.000109875],10000,-2.041834e-05,2.010377e-05,4.052211e-05,0.11218627268180098,False,I_A,6.0,BS30_A1S1,Fig2,1.4,,,,,,,000109875,0.000109875
D4.2__Fig 2__SQUID_data__IVI_BS30_A1S1_I_contrl_+-0.15mA_285mK_191103__IVB__T_1p40K[0.000110250],10000,-2.04071e-05,2.01055e-05,4.0512599999999996e-05,0.10974048167094731,False,I_A,6.0,BS30_A1S1,Fig2,1.4,,,,,,,000110250,0.00011025
D4.2__Fig 2__SQUID_data__IVI_BS30_A1S1_I_contrl_+-0.15mA_285mK_191103__IVB__T_1p40K[0.000110625],10000,-2.039245e-05,2.009136e-05,4.048381e-05,0.11250002831303288,False,I_A,6.0,BS30_A1S1,Fig2,1.4,,,,,,,000110625,0.000110625
D4.2__Fig 2__SQUID_data__IVI_BS30_A1S1_I_contrl_+-0.15mA_285mK_191103__IVB__T_1p40K[0.000111000],10000,-2.041452e-05,2.010809e-05,4.0522610000000005e-05,0.11347617045942329,False,I_A,6.0,BS30_A1S1,Fig2,1.4,,,,,,,000111000,0.000111
D4.2__Fig 2__SQUID_data__IVI_BS30_A1S1_I_contrl_+-0.15mA_285mK_191103__IVB__T_1p40K[0.000111375],10000,-2.041066e-05,2.010372e-05,4.051438e-05,0.11074575464452226,False,I_A,6.0,BS30_A1S1,Fig2,1.4,,,,,,,000111375,0.000111375
D4.2__Fig 2__SQUID_data__IVI_BS30_A1S1_I_contrl_+-0.15mA_285mK_191103__IVB__T_1p40K[0.000111750],10000,-2.040211e-05,2.010845e-05,4.051056e-05,0.11439850250221109,False,I_A,6.0,BS30_A1S1,Fig2,1.4,,,,,,,000111750,0.00011175
D4.2__Fig 2__SQUID_data__IVI_BS30_A1S1_I_contrl_+-0.15mA_285mK_191103__IVB__T_1p40K[0.000112125],10000,-2.041844e-05,2.01175e-05,4.053594e-05,0.10998285220401827,False,I_A,6.0,BS30_A1S1,Fig2,1.4,,,,,,,000112125,0.000112125
D4.2__Fig 2__SQUID_data__IVI_BS30_A1S1_I_contrl_+-0.15mA_285mK_191103__IVB__T_1p40K[0.000112500],10000,-2.042001e-05,2.009344e-05,4.051345e-05,0.11352751957860688,False,I_A,6.0,BS30_A1S1,Fig2,1.4,,,,,,,000112500,0.0001125
D4.2__Fig 2__SQUID_data__IVI_BS30_A1S1_I_contrl_+-0.15mA_285mK_191103__IVB__T_1p40K[0.000112875],10000,-2.040689e-05,2.009619e-05,4.0503079999999994e-05,0.10917608600432421,False,I_A,6.0,BS30_A1S1,Fig2,1.4,,,,,,,000112875,0.000112875
D4.2__Fig 2__SQUID_data__IVI_BS30_A1S1_I_contrl_+-0.15mA_285mK_191103__IVB__T_1p40K[0.000113250],10000,-2.041366e-05,2.010006e-05,4.0513720000000006e-05,0.11277127602720358,False,I_A,6.0,BS30_A1S1,Fig2,1.4,,,,,,,000113250,0.00011325
D4.2__Fig 2__SQUID_data__IVI_BS30_A1S1_I_contrl_+-0.15mA_285mK_191103__IVB__T_1p40K[0.000113625],10000,-2.041676e-05,2.010931e-05,4.052607e-05,0.11165295920313716,False,I_A,6.0,BS30_A1S1,Fig2,1.4,,,,,,,000113625,0.000113625
D4.2__Fig 2__SQUID_data__IVI_BS30_A1S1_I_contrl_+-0.15mA_285mK_191103__IVB__T_1p40K[0.000114000],10000,-2.03958e-05,2.010214e-05,4.049794e-05,0.10912031817388575,False,I_A,6.0,BS30_A1S1,Fig2,1.4,,,,,,,000114000,0.000114
D4.2__Fig 2__SQUID_data__IVI_BS30_A1S1_I_contrl_+-0.15mA_285mK_191103__IVB__T_1p40K[0.000114375],10000,-2.04164e-05,2.009131e-05,4.050771e-05,0.11427595579982448,False,I_A,6.0,BS30_A1S1,Fig2,1.4,,,,,,,000114375,0.000114375
D4.2__Fig 2__SQUID_data__IVI_BS30_A1S1_I_contrl_+-0.15mA_285mK_191103__IVB__T_1p40K[0.000114750],10000,-2.041188e-05,2.010814e-05,4.052002e-05,0.11296688636855327,False,I_A,6.0,BS30_A1S1,Fig2,1.4,,,,,,,000114750,0.00011475
D4.2__Fig 2__SQUID_data__IVI_BS30_A1S1_I_contrl_+-0.15mA_285mK_191103__IVB__T_1p40K[0.000115125],10000,-2.040633e-05,2.00937e-05,4.050003e-05,0.11201253743445595,False,I_A,6.0,BS30_A1S1,Fig2,1.4,,,,,,,000115125,0.000115125
D4.2__Fig 2__SQUID_data__IVI_BS30_A1S1_I_contrl_+-0.15mA_285mK_191103__IVB__T_1p40K[0.000115500],10000,-2.041864e-05,2.010667e-05,4.0525310000000004e-05,0.10735480881935396,False,I_A,6.0,BS30_A1S1,Fig2,1.4,,,,,,,000115500,0.0001155
D4.2__Fig 2__SQUID_data__IVI_BS30_A1S1_I_contrl_+-0.15mA_285mK_191103__IVB__T_1p40K[0.000115875],10000,-2.040292e-05,2.010178e-05,4.05047e-05,0.10906115322758185,False,I_A,6.0,BS30_A1S1,Fig2,1.4,,,,,,,000115875,0.000115875
D4.2__Fig 2__SQUID_data__IVI_BS30_A1S1_I_contrl_+-0.15mA_285mK_191103__IVB__T_1p40K[0.000116250],10000,-2.041345e-05,2.0097e-05,4.051045e-05,0.11031599443947271,False,I_A,6.0,BS30_A1S1,Fig2,1.4,,,,,,,000116250,0.00011625
D4.2__Fig 2__SQUID_data__IVI_BS30_A1S1_I_contrl_+-0.15mA_285mK_191103__IVB__T_1p40K[0.000116625],10000,-2.04073e-05,2.010189e-05,4.050919e-05,0.1129165907552999,False,I_A,6.0,BS30_A1S1,Fig2,1.4,,,,,,,000116625,0.000116625
D4.2__Fig 2__SQUID_data__IVI_BS30_A1S1_I_contrl_+-0.15mA_285mK_191103__IVB__T_1p40K[0.000117000],10000,-2.041905e-05,2.010265e-05,4.0521699999999995e-05,0.1116767015701527,False,I_A,6.0,BS30_A1S1,Fig2,1.4,,,,,,,000117000,0.000117
D4.2__Fig 2__SQUID_data__IVI_BS30_A1S1_I_contrl_+-0.15mA_285mK_191103__IVB__T_1p40K[0.000117375],10000,-2.040496e-05,2.010341e-05,4.050837e-05,0.11746223246796259,False,I_A,6.0,BS30_A1S1,Fig2,1.4,,,,,,,000117375,0.000117375
D4.2__Fig 2__SQUID_data__IVI_BS30_A1S1_I_contrl_+-0.15mA_285mK_191103__IVB__T_1p40K[0.000117750],10000,-2.041249e-05,2.009588e-05,4.050837e-05,0.11678875648195847,False,I_A,6.0,BS30_A1S1,Fig2,1.4,,,,,,,000117750,0.00011775
D4.2__Fig 2__SQUID_data__IVI_BS30_A1S1_I_contrl_+-0.15mA_285mK_191103__IVB__T_1p40K[0.000118125],10000,-2.04101e-05,2.010397e-05,4.0514070000000004e-05,0.10812932684659383,False,I_A,6.0,BS30_A1S1,Fig2,1.4,,,,,,,000118125,0.000118125
D4.2__Fig 2__SQUID_data__IVI_BS30_A1S1_I_contrl_+-0.15mA_285mK_191103__IVB__T_1p40K[0.000118500],10000,-2.040755e-05,2.010173e-05,4.050928e-05,0.10989569812122675,False,I_A,6.0,BS30_A1S1,Fig2,1.4,,,,,,,000118500,0.0001185
D4.2__Fig 2__SQUID_data__IVI_BS30_A1S1_I_contrl_+-0.15mA_285mK_191103__IVB__T_1p40K[0.000118875],10000,-2.041635e-05,2.009507e-05,4.051142e-05,0.11039607229356763,False,I_A,6.0,BS30_A1S1,Fig2,1.4,,,,,,,000118875,0.000118875
D4.2__Fig 2__SQUID_data__IVI_BS30_A1S1_I_contrl_+-0.15mA_285mK_191103__IVB__T_1p40K[0.000119250],10000,-2.040577e-05,2.009558e-05,4.050135e-05,0.11486564747142683,False,I_A,6.0,BS30_A1S1,Fig2,1.4,,,,,,,000119250,0.00011925
D4.2__Fig 2__SQUID_data__IVI_BS30_A1S1_I_contrl_+-0.15mA_285mK_191103__IVB__T_1p40K[0.000119625],10000,-2.04104e-05,2.010967e-05,4.052007e-05,0.10991872568076906,False,I_A,6.0,BS30_A1S1,Fig2,1.4,,,,,,,000119625,0.000119625
D4.2__Fig 2__SQUID_data__IVI_BS30_A1S1_I_contrl_+-0.15mA_285mK_191103__IVB__T_1p40K[0.000120000],10000,-2.041569e-05,2.010351e-05,4.0519199999999997e-05,0.11291444899005279,False,I_A,6.0,BS30_A1S1,Fig2,1.4,,,,,,,000120000,0.00012
D4.2__Fig 2__SQUID_data__IVI_BS30_A1S1_I_contrl_+-0.15mA_285mK_191103__IVB__T_1p40K[0.000120375],10000,-2.040491e-05,2.009721e-05,4.0502119999999994e-05,0.10836121723460193,False,I_A,6.0,BS30_A1S1,Fig2,1.4,,,,,,,000120375,0.000120375
D4.2__Fig 2__SQUID_data__IVI_BS30_A1S1_I_contrl_+-0.15mA_285mK_191103__IVB__T_1p40K[0.000120750],10000,-2.041147e-05,2.010209e-05,4.051356e-05,0.10806644814490907,False,I_A,6.0,BS30_A1S1,Fig2,1.4,,,,,,,000120750,0.00012075
D4.2__Fig 2__SQUID_data__IVI_BS30_A1S1_I_contrl_+-0.15mA_285mK_191103__IVB__T_1p40K[0.000121125],10000,-2.040923e-05,2.010031e-05,4.050954e-05,0.1125531161423684,False,I_A,6.0,BS30_A1S1,Fig2,1.4,,,,,,,000121125,0.000121125
D4.2__Fig 2__SQUID_data__IVI_BS30_A1S1_I_contrl_+-0.15mA_285mK_191103__IVB__T_1p40K[0.000121500],10000,-2.041071e-05,2.010494e-05,4.0515650000000006e-05,0.11137391454736384,False,I_A,6.0,BS30_A1S1,Fig2,1.4,,,,,,,000121500,0.0001215
D4.2__Fig 2__SQUID_data__IVI_BS30_A1S1_I_contrl_+-0.15mA_285mK_191103__IVB__T_1p40K[0.000121875],10000,-2.041595e-05,2.010021e-05,4.051616e-05,0.11131974268895921,False,I_A,6.0,BS30_A1S1,Fig2,1.4,,,,,,,000121875,0.000121875
D4.2__Fig 2__SQUID_data__IVI_BS30_A1S1_I_contrl_+-0.15mA_285mK_191103__IVB__T_1p40K[0.000122250],10000,-2.04074e-05,2.008485e-05,4.049225e-05,0.12039053153337459,False,I_A,6.0,BS30_A1S1,Fig2,1.4,,,,,,,000122250,0.00012225
D4.2__Fig 2__SQUID_data__IVI_BS30_A1S1_I_contrl_+-0.15mA_285mK_191103__IVB__T_1p40K[0.000122625],10000,-2.040893e-05,2.010433e-05,4.051326e-05,0.11984892507471119,False,I_A,6.0,BS30_A1S1,Fig2,1.4,,,,,,,000122625,0.000122625
D4.2__Fig 2__SQUID_data__IVI_BS30_A1S1_I_contrl_+-0.15mA_285mK_191103__IVB__T_1p40K[0.000123000],10000,-2.040827e-05,2.009853e-05,4.0506799999999996e-05,0.11258116767852319,False,I_A,6.0,BS30_A1S1,Fig2,1.4,,,,,,,000123000,0.000123
D4.2__Fig 2__SQUID_data__IVI_BS30_A1S1_I_contrl_+-0.15mA_285mK_191103__IVB__T_1p40K[0.000123375],10000,-2.042118e-05,2.009726e-05,4.051844e-05,0.110920605576904,False,I_A,6.0,BS30_A1S1,Fig2,1.4,,,,,,,000123375,0.000123375
D4.2__Fig 2__SQUID_data__IVI_BS30_A1S1_I_contrl_+-0.15mA_285mK_191103__IVB__T_1p40K[0.000123750],10000,-2.040572e-05,2.010662e-05,4.0512340000000005e-05,0.10828365709309387,False,I_A,6.0,BS30_A1S1,Fig2,1.4,,,,,,,000123750,0.00012375
D4.2__Fig 2__SQUID_data__IVI_BS30_A1S1_I_contrl_+-0.15mA_285mK_191103__IVB__T_1p40K[0.000124125],10000,-2.040308e-05,2.008892e-05,4.0492000000000005e-05,0.11359115137048799,False,I_A,6.0,BS30_A1S1,Fig2,1.4,,,,,,,000124125,0.000124125
D4.2__Fig 2__SQUID_data__IVI_BS30_A1S1_I_contrl_+-0.15mA_285mK_191103__IVB__T_1p40K[0.000124500],10000,-2.042134e-05,2.010499e-05,4.052633e-05,0.11043840754630624,False,I_A,6.0,BS30_A1S1,Fig2,1.4,,,,,,,000124500,0.0001245
D4.2__Fig 2__SQUID_data__IVI_BS30_A1S1_I_contrl_+-0.15mA_285mK_191103__IVB__T_1p40K[0.000124875],10000,-2.040409e-05,2.01024e-05,4.050649e-05,0.11067151125573498,False,I_A,6.0,BS30_A1S1,Fig2,1.4,,,,,,,000124875,0.000124875
D4.2__Fig 2__SQUID_data__IVI_BS30_A1S1_I_contrl_+-0.15mA_285mK_191103__IVB__T_1p40K[0.000125250],10000,-2.04074e-05,2.009141e-05,4.049881e-05,0.11699248783762042,False,I_A,6.0,BS30_A1S1,Fig2,1.4,,,,,,,000125250,0.00012525
D4.2__Fig 2__SQUID_data__IVI_BS30_A1S1_I_contrl_+-0.15mA_285mK_191103__IVB__T_1p40K[0.000125625],10000,-2.041167e-05,2.010494e-05,4.0516610000000005e-05,0.11350162989620526,False,I_A,6.0,BS30_A1S1,Fig2,1.4,,,,,,,000125625,0.000125625
D4.2__Fig 2__SQUID_data__IVI_BS30_A1S1_I_contrl_+-0.15mA_285mK_191103__IVB__T_1p40K[0.000126000],10000,-2.040964e-05,2.009599e-05,4.050563e-05,0.11252164361463034,False,I_A,6.0,BS30_A1S1,Fig2,1.4,,,,,,,000126000,0.000126
D4.2__Fig 2__SQUID_data__IVI_BS30_A1S1_I_contrl_+-0.15mA_285mK_191103__IVB__T_1p40K[0.000126375],10000,-2.041661e-05,2.01087e-05,4.0525310000000004e-05,0.11364868253779004,False,I_A,6.0,BS30_A1S1,Fig2,1.4,,,,,,,000126375,0.000126375
D4.2__Fig 2__SQUID_data__IVI_BS30_A1S1_I_contrl_+-0.15mA_285mK_191103__IVB__T_1p40K[0.000126750],10000,-2.039743e-05,2.010067e-05,4.04981e-05,0.11928274755955943,False,I_A,6.0,BS30_A1S1,Fig2,1.4,,,,,,,000126750,0.00012675
D4.2__Fig 2__SQUID_data__IVI_BS30_A1S1_I_contrl_+-0.15mA_285mK_191103__IVB__T_1p40K[0.000127125],10000,-2.041768e-05,2.0097e-05,4.0514680000000006e-05,0.11777718060165275,False,I_A,6.0,BS30_A1S1,Fig2,1.4,,,,,,,000127125,0.000127125
D4.2__Fig 2__SQUID_data__IVI_BS30_A1S1_I_contrl_+-0.15mA_285mK_191103__IVB__T_1p40K[0.000127500],10000,-2.041244e-05,2.010718e-05,4.051962e-05,0.11143710123579165,False,I_A,6.0,BS30_A1S1,Fig2,1.4,,,,,,,000127500,0.0001275
D4.2__Fig 2__SQUID_data__IVI_BS30_A1S1_I_contrl_+-0.15mA_285mK_191103__IVB__T_1p40K[0.000127875],10000,-2.04102e-05,2.009614e-05,4.050634e-05,0.11813444049447507,False,I_A,6.0,BS30_A1S1,Fig2,1.4,,,,,,,000127875,0.000127875
D4.2__Fig 2__SQUID_data__IVI_BS30_A1S1_I_contrl_+-0.15mA_285mK_191103__IVB__T_1p40K[0.000128250],10000,-2.041183e-05,2.009924e-05,4.051107e-05,0.1163852434399329,False,I_A,6.0,BS30_A1S1,Fig2,1.4,,,,,,,000128250,0.00012825
D4.2__Fig 2__SQUID_data__IVI_BS30_A1S1_I_contrl_+-0.15mA_285mK_191103__IVB__T_1p40K[0.000128625],10000,-2.041157e-05,2.010138e-05,4.051295e-05,0.11366701986543046,False,I_A,6.0,BS30_A1S1,Fig2,1.4,,,,,,,000128625,0.000128625
D4.2__Fig 2__SQUID_data__IVI_BS30_A1S1_I_contrl_+-0.15mA_285mK_191103__IVB__T_1p40K[0.000129000],10000,-2.040771e-05,2.010229e-05,4.0510000000000003e-05,0.12749970858444415,False,I_A,6.0,BS30_A1S1,Fig2,1.4,,,,,,,000129000,0.000129
D4.2__Fig 2__SQUID_data__IVI_BS30_A1S1_I_contrl_+-0.15mA_285mK_191103__IVB__T_1p40K[0.000129375],10000,-2.041244e-05,2.009024e-05,4.050268e-05,0.11197440689752071,False,I_A,6.0,BS30_A1S1,Fig2,1.4,,,,,,,000129375,0.000129375
D4.2__Fig 2__SQUID_data__IVI_BS30_A1S1_I_contrl_+-0.15mA_285mK_191103__IVB__T_1p40K[0.000129750],10000,-2.042851e-05,2.010453e-05,4.053304e-05,0.12583160846702948,False,I_A,6.0,BS30_A1S1,Fig2,1.4,,,,,,,000129750,0.00012975
D4.2__Fig 2__SQUID_data__IVI_BS30_A1S1_I_contrl_+-0.15mA_285mK_191103__IVB__T_1p40K[0.000130125],10000,-2.040394e-05,2.011231e-05,4.051625e-05,0.11114255036454,False,I_A,6.0,BS30_A1S1,Fig2,1.4,,,,,,,000130125,0.000130125
D4.2__Fig 2__SQUID_data__IVI_BS30_A1S1_I_contrl_+-0.15mA_285mK_191103__IVB__T_1p40K[0.000130500],10000,-2.039769e-05,2.008912e-05,4.0486809999999994e-05,0.1291484510630879,False,I_A,6.0,BS30_A1S1,Fig2,1.4,,,,,,,000130500,0.0001305
D4.2__Fig 2__SQUID_data__IVI_BS30_A1S1_I_contrl_+-0.15mA_285mK_191103__IVB__T_1p40K[0.000130875],10000,-2.041788e-05,2.009217e-05,4.0510049999999993e-05,0.11232727146638925,False,I_A,6.0,BS30_A1S1,Fig2,1.4,,,,,,,000130875,0.000130875
D4.2__Fig 2__SQUID_data__IVI_BS30_A1S1_I_contrl_+-0.15mA_285mK_191103__IVB__T_1p40K[0.000131250],10000,-2.041137e-05,2.010484e-05,4.0516210000000004e-05,0.11838015481880221,False,I_A,6.0,BS30_A1S1,Fig2,1.4,,,,,,,000131250,0.00013125
D4.2__Fig 2__SQUID_data__IVI_BS30_A1S1_I_contrl_+-0.15mA_285mK_191103__IVB__T_1p40K[0.000131625],10000,-2.041381e-05,2.010341e-05,4.051722e-05,0.12111504568985536,False,I_A,6.0,BS30_A1S1,Fig2,1.4,,,,,,,000131625,0.000131625
D4.2__Fig 2__SQUID_data__IVI_BS30_A1S1_I_contrl_+-0.15mA_285mK_191103__IVB__T_1p40K[0.000132000],10000,-2.041294e-05,2.009477e-05,4.050771e-05,0.11365163597810052,False,I_A,6.0,BS30_A1S1,Fig2,1.4,,,,,,,000132000,0.000132
D4.2__Fig 2__SQUID_data__IVI_BS30_A1S1_I_contrl_+-0.15mA_285mK_191103__IVB__T_1p40K[0.000132375],10000,-2.040659e-05,2.010855e-05,4.051514e-05,0.1122541292941135,False,I_A,6.0,BS30_A1S1,Fig2,1.4,,,,,,,000132375,0.000132375
D4.2__Fig 2__SQUID_data__IVI_BS30_A1S1_I_contrl_+-0.15mA_285mK_191103__IVB__T_1p40K[0.000132750],10000,-2.040964e-05,2.009863e-05,4.0508270000000004e-05,0.12354236531354372,False,I_A,6.0,BS30_A1S1,Fig2,1.4,,,,,,,000132750,0.00013275
D4.2__Fig 2__SQUID_data__IVI_BS30_A1S1_I_contrl_+-0.15mA_285mK_191103__IVB__T_1p40K[0.000133125],10000,-2.041116e-05,2.010219e-05,4.051335e-05,0.11864019000649781,False,I_A,6.0,BS30_A1S1,Fig2,1.4,,,,,,,000133125,0.000133125
D4.2__Fig 2__SQUID_data__IVI_BS30_A1S1_I_contrl_+-0.15mA_285mK_191103__IVB__T_1p40K[0.000133500],10000,-2.040989e-05,2.010021e-05,4.05101e-05,0.11169716170270683,False,I_A,6.0,BS30_A1S1,Fig2,1.4,,,,,,,000133500,0.0001335
D4.2__Fig 2__SQUID_data__IVI_BS30_A1S1_I_contrl_+-0.15mA_285mK_191103__IVB__T_1p40K[0.000133875],10000,-2.041005e-05,2.009314e-05,4.050319e-05,0.11913981287362409,False,I_A,6.0,BS30_A1S1,Fig2,1.4,,,,,,,000133875,0.000133875
D4.2__Fig 2__SQUID_data__IVI_BS30_A1S1_I_contrl_+-0.15mA_285mK_191103__IVB__T_1p40K[0.000134250],10000,-2.040877e-05,2.010311e-05,4.051188e-05,0.11093989460459339,False,I_A,6.0,BS30_A1S1,Fig2,1.4,,,,,,,000134250,0.00013425
D4.2__Fig 2__SQUID_data__IVI_BS30_A1S1_I_contrl_+-0.15mA_285mK_191103__IVB__T_1p40K[0.000134625],10000,-2.041605e-05,2.009873e-05,4.051478e-05,0.11206006154267366,False,I_A,6.0,BS30_A1S1,Fig2,1.4,,,,,,,000134625,0.000134625
D4.2__Fig 2__SQUID_data__IVI_BS30_A1S1_I_contrl_+-0.15mA_285mK_191103__IVB__T_1p40K[0.000135000],10000,-2.041055e-05,2.009939e-05,4.050994e-05,0.11357481141383809,False,I_A,6.0,BS30_A1S1,Fig2,1.4,,,,,,,000135000,0.000135
D4.2__Fig 2__SQUID_data__IVI_BS30_A1S1_I_contrl_+-0.15mA_285mK_191103__IVB__T_1p40K[0.000135375],10000,-2.040806e-05,2.011013e-05,4.051819e-05,0.11394259781139074,False,I_A,6.0,BS30_A1S1,Fig2,1.4,,,,,,,000135375,0.000135375
D4.2__Fig 2__SQUID_data__IVI_BS30_A1S1_I_contrl_+-0.15mA_285mK_191103__IVB__T_1p40K[0.000135750],10000,-2.041122e-05,2.010087e-05,4.051209e-05,0.10942505977533509,False,I_A,6.0,BS30_A1S1,Fig2,1.4,,,,,,,000135750,0.00013575
D4.2__Fig 2__SQUID_data__IVI_BS30_A1S1_I_contrl_+-0.15mA_285mK_191103__IVB__T_1p40K[0.000136125],10000,-2.041752e-05,2.009934e-05,4.0516859999999995e-05,0.11260373426856991,False,I_A,6.0,BS30_A1S1,Fig2,1.4,,,,,,,000136125,0.000136125
D4.2__Fig 2__SQUID_data__IVI_BS30_A1S1_I_contrl_+-0.15mA_285mK_191103__IVB__T_1p40K[0.000136500],10000,-2.040364e-05,2.010438e-05,4.050802e-05,0.1147773946167835,False,I_A,6.0,BS30_A1S1,Fig2,1.4,,,,,,,000136500,0.0001365
D4.2__Fig 2__SQUID_data__IVI_BS30_A1S1_I_contrl_+-0.15mA_285mK_191103__IVB__T_1p40K[0.000136875],10000,-2.041223e-05,2.0097e-05,4.0509230000000004e-05,0.1128182540398293,False,I_A,6.0,BS30_A1S1,Fig2,1.4,,,,,,,000136875,0.000136875
D4.2__Fig 2__SQUID_data__IVI_BS30_A1S1_I_contrl_+-0.15mA_285mK_191103__IVB__T_1p40K[0.000137250],10000,-2.04102e-05,2.009985e-05,4.051005e-05,0.10960961916214645,False,I_A,6.0,BS30_A1S1,Fig2,1.4,,,,,,,000137250,0.00013725
D4.2__Fig 2__SQUID_data__IVI_BS30_A1S1_I_contrl_+-0.15mA_285mK_191103__IVB__T_1p40K[0.000137625],10000,-2.04042e-05,2.010097e-05,4.0505170000000004e-05,0.1118128049523847,False,I_A,6.0,BS30_A1S1,Fig2,1.4,,,,,,,000137625,0.000137625
D4.2__Fig 2__SQUID_data__IVI_BS30_A1S1_I_contrl_+-0.15mA_285mK_191103__IVB__T_1p40K[0.000138000],10000,-2.041223e-05,2.010245e-05,4.051468e-05,0.11152708025284333,False,I_A,6.0,BS30_A1S1,Fig2,1.4,,,,,,,000138000,0.000138
D4.2__Fig 2__SQUID_data__IVI_BS30_A1S1_I_contrl_+-0.15mA_285mK_191103__IVB__T_1p40K[0.000138375],10000,-2.040944e-05,2.010056e-05,4.0510000000000003e-05,0.10996795159178667,False,I_A,6.0,BS30_A1S1,Fig2,1.4,,,,,,,000138375,0.000138375
D4.2__Fig 2__SQUID_data__IVI_BS30_A1S1_I_contrl_+-0.15mA_285mK_191103__IVB__T_1p40K[0.000138750],10000,-2.040791e-05,2.009212e-05,4.050003e-05,0.1130123748574828,False,I_A,6.0,BS30_A1S1,Fig2,1.4,,,,,,,000138750,0.00013875
D4.2__Fig 2__SQUID_data__IVI_BS30_A1S1_I_contrl_+-0.15mA_285mK_191103__IVB__T_1p40K[0.000139125],10000,-2.041961e-05,2.010555e-05,4.052516e-05,0.11870281688823195,False,I_A,6.0,BS30_A1S1,Fig2,1.4,,,,,,,000139125,0.000139125
D4.2__Fig 2__SQUID_data__IVI_BS30_A1S1_I_contrl_+-0.15mA_285mK_191103__IVB__T_1p40K[0.000139500],10000,-2.040343e-05,2.010153e-05,4.050496e-05,0.11729385865620186,False,I_A,6.0,BS30_A1S1,Fig2,1.4,,,,,,,000139500,0.0001395
D4.2__Fig 2__SQUID_data__IVI_BS30_A1S1_I_contrl_+-0.15mA_285mK_191103__IVB__T_1p40K[0.000139875],10000,-2.040572e-05,2.00906e-05,4.049632e-05,0.11411068616923513,False,I_A,6.0,BS30_A1S1,Fig2,1.4,,,,,,,000139875,0.000139875
D4.2__Fig 2__SQUID_data__IVI_BS30_A1S1_I_contrl_+-0.15mA_285mK_191103__IVB__T_1p40K[0.000140250],10000,-2.042032e-05,2.01087e-05,4.052902e-05,0.11765932296275318,False,I_A,6.0,BS30_A1S1,Fig2,1.4,,,,,,,000140250,0.00014025
D4.2__Fig 2__SQUID_data__IVI_BS30_A1S1_I_contrl_+-0.15mA_285mK_191103__IVB__T_1p40K[0.000140625],10000,-2.039789e-05,2.009975e-05,4.049764e-05,0.11091577367385017,False,I_A,6.0,BS30_A1S1,Fig2,1.4,,,,,,,000140625,0.000140625
D4.2__Fig 2__SQUID_data__IVI_BS30_A1S1_I_contrl_+-0.15mA_285mK_191103__IVB__T_1p40K[0.000141000],10000,-2.041666e-05,2.01e-05,4.051666e-05,0.11457958352057813,False,I_A,6.0,BS30_A1S1,Fig2,1.4,,,,,,,000141000,0.000141
D4.2__Fig 2__SQUID_data__IVI_BS30_A1S1_I_contrl_+-0.15mA_285mK_191103__IVB__T_1p40K[0.000141375],10000,-2.040338e-05,2.010062e-05,4.0504000000000004e-05,0.11246139140322722,False,I_A,6.0,BS30_A1S1,Fig2,1.4,,,,,,,000141375,0.000141375
D4.2__Fig 2__SQUID_data__IVI_BS30_A1S1_I_contrl_+-0.15mA_285mK_191103__IVB__T_1p40K[0.000141750],10000,-2.041315e-05,2.009258e-05,4.050573e-05,0.11524001931677509,False,I_A,6.0,BS30_A1S1,Fig2,1.4,,,,,,,000141750,0.00014175
D4.2__Fig 2__SQUID_data__IVI_BS30_A1S1_I_contrl_+-0.15mA_285mK_191103__IVB__T_1p40K[0.000142125],10000,-2.04164e-05,2.011201e-05,4.0528410000000004e-05,0.11437792812042541,False,I_A,6.0,BS30_A1S1,Fig2,1.4,,,,,,,000142125,0.000142125
D4.2__Fig 2__SQUID_data__IVI_BS30_A1S1_I_contrl_+-0.15mA_285mK_191103__IVB__T_1p40K[0.000142500],10000,-2.039784e-05,2.009594e-05,4.049378e-05,0.11582889442574731,False,I_A,6.0,BS30_A1S1,Fig2,1.4,,,,,,,000142500,0.0001425
D4.2__Fig 2__SQUID_data__IVI_BS30_A1S1_I_contrl_+-0.15mA_285mK_191103__IVB__T_1p40K[0.000142875],10000,-2.041574e-05,2.007468e-05,4.049042e-05,0.1117295867221829,False,I_A,6.0,BS30_A1S1,Fig2,1.4,,,,,,,000142875,0.000142875
D4.2__Fig 2__SQUID_data__IVI_BS30_A1S1_I_contrl_+-0.15mA_285mK_191103__IVB__T_1p40K[0.000143250],10000,-2.042022e-05,2.010743e-05,4.052765e-05,0.11177591496833464,False,I_A,6.0,BS30_A1S1,Fig2,1.4,,,,,,,000143250,0.00014325
D4.2__Fig 2__SQUID_data__IVI_BS30_A1S1_I_contrl_+-0.15mA_285mK_191103__IVB__T_1p40K[0.000143625],10000,-2.041122e-05,2.010138e-05,4.0512599999999996e-05,0.11076657645661804,False,I_A,6.0,BS30_A1S1,Fig2,1.4,,,,,,,000143625,0.000143625
D4.2__Fig 2__SQUID_data__IVI_BS30_A1S1_I_contrl_+-0.15mA_285mK_191103__IVB__T_1p40K[0.000144000],10000,-2.039936e-05,2.008607e-05,4.048543e-05,0.11356250533724999,False,I_A,6.0,BS30_A1S1,Fig2,1.4,,,,,,,000144000,0.000144
D4.2__Fig 2__SQUID_data__IVI_BS30_A1S1_I_contrl_+-0.15mA_285mK_191103__IVB__T_1p40K[0.000144375],10000,-2.042571e-05,2.009787e-05,4.0523580000000005e-05,0.1101774055399948,False,I_A,6.0,BS30_A1S1,Fig2,1.4,,,,,,,000144375,0.000144375
D4.2__Fig 2__SQUID_data__IVI_BS30_A1S1_I_contrl_+-0.15mA_285mK_191103__IVB__T_1p40K[0.000144750],10000,-2.040033e-05,2.011725e-05,4.0517580000000005e-05,0.11234822527764594,False,I_A,6.0,BS30_A1S1,Fig2,1.4,,,,,,,000144750,0.00014475
D4.2__Fig 2__SQUID_data__IVI_BS30_A1S1_I_contrl_+-0.15mA_285mK_191103__IVB__T_1p40K[0.000145125],10000,-2.039051e-05,2.009324e-05,4.048375e-05,0.10987721438019156,False,I_A,6.0,BS30_A1S1,Fig2,1.4,,,,,,,000145125,0.000145125
D4.2__Fig 2__SQUID_data__IVI_BS30_A1S1_I_contrl_+-0.15mA_285mK_191103__IVB__T_1p40K[0.000145500],10000,-2.041452e-05,2.00823e-05,4.049682e-05,0.10656116450156511,False,I_A,6.0,BS30_A1S1,Fig2,1.4,,,,,,,000145500,0.0001455
D4.2__Fig 2__SQUID_data__IVI_BS30_A1S1_I_contrl_+-0.15mA_285mK_191103__IVB__T_1p40K[0.000145875],10000,-2.043237e-05,2.00969e-05,4.0529269999999996e-05,0.11171434637190243,False,I_A,6.0,BS30_A1S1,Fig2,1.4,,,,,,,000145875,0.000145875
D4.2__Fig 2__SQUID_data__IVI_BS30_A1S1_I_contrl_+-0.15mA_285mK_191103__IVB__T_1p40K[0.000146250],10000,-2.041106e-05,2.011404e-05,4.05251e-05,0.11273368818319243,False,I_A,6.0,BS30_A1S1,Fig2,1.4,,,,,,,000146250,0.00014625
D4.2__Fig 2__SQUID_data__IVI_BS30_A1S1_I_contrl_+-0.15mA_285mK_191103__IVB__T_1p40K[0.000146625],10000,-2.039677e-05,2.009538e-05,4.049215e-05,0.10806228613481617,False,I_A,6.0,BS30_A1S1,Fig2,1.4,,,,,,,000146625,0.000146625
D4.2__Fig 2__SQUID_data__IVI_BS30_A1S1_I_contrl_+-0.15mA_285mK_191103__IVB__T_1p40K[0.000147000],10000,-2.042953e-05,2.00847e-05,4.051423e-05,0.1154578826608425,False,I_A,6.0,BS30_A1S1,Fig2,1.4,,,,,,,000147000,0.000147
D4.2__Fig 2__SQUID_data__IVI_BS30_A1S1_I_contrl_+-0.15mA_285mK_191103__IVB__T_1p40K[0.000147375],10000,-2.042515e-05,2.011252e-05,4.053767e-05,0.11309598699949729,False,I_A,6.0,BS30_A1S1,Fig2,1.4,,,,,,,000147375,0.000147375
D4.2__Fig 2__SQUID_data__IVI_BS30_A1S1_I_contrl_+-0.15mA_285mK_191103__IVB__T_1p40K[0.000147750],10000,-2.039835e-05,2.011425e-05,4.05126e-05,0.11198226423024703,False,I_A,6.0,BS30_A1S1,Fig2,1.4,,,,,,,000147750,0.00014775
D4.2__Fig 2__SQUID_data__IVI_BS30_A1S1_I_contrl_+-0.15mA_285mK_191103__IVB__T_1p40K[0.000148125],10000,-2.03929e-05,2.01026e-05,4.04955e-05,0.10987559051898564,False,I_A,6.0,BS30_A1S1,Fig2,1.4,,,,,,,000148125,0.000148125
D4.2__Fig 2__SQUID_data__IVI_BS30_A1S1_I_contrl_+-0.15mA_285mK_191103__IVB__T_1p40K[0.000148500],10000,-2.039092e-05,2.00877e-05,4.0478620000000004e-05,0.10971697503192508,False,I_A,6.0,BS30_A1S1,Fig2,1.4,,,,,,,000148500,0.0001485
D4.2__Fig 2__SQUID_data__IVI_BS30_A1S1_I_contrl_+-0.15mA_285mK_191103__IVB__T_1p40K[0.000148875],10000,-2.04045e-05,2.00793e-05,4.04838e-05,0.10920104119000713,False,I_A,6.0,BS30_A1S1,Fig2,1.4,,,,,,,000148875,0.000148875
D4.2__Fig 2__SQUID_data__IVI_BS30_A1S1_I_contrl_+-0.15mA_285mK_191103__IVB__T_1p40K[0.000149250],10000,-2.0422e-05,2.00822e-05,4.05042e-05,0.10670889597809893,False,I_A,6.0,BS30_A1S1,Fig2,1.4,,,,,,,000149250,0.00014925
D4.2__Fig 2__SQUID_data__IVI_BS30_A1S1_I_contrl_+-0.15mA_285mK_191103__IVB__T_1p40K[0.000149625],10000,-2.042759e-05,2.011216e-05,4.053975e-05,0.11350038109712204,False,I_A,6.0,BS30_A1S1,Fig2,1.4,,,,,,,000149625,0.000149625
D4.2__Fig 2__SQUID_data__IVI_BS30_A1S1_I_contrl_+-0.15mA_285mK_191103__IVB__T_1p40K[0.000150000],10000,-1.968251e-05,1.944032e-05,3.912283e-05,0.13037374322325915,False,I_A,6.0,BS30_A1S1,Fig2,1.4,,,,,,,000150000,0.00015
