file_id,odd_ratio_post_median,alignment_score_median,knee_norm_span,noise_flatness_median,hysteresis_proxy,spacing_cv,spacing_outlier_flag,pipeline_version
"D4.2__Fig 1__IV_data__IV_BS16_C1S1_Vpp_7p500_FRQ_11_AVG_100_Vgain_2E3_Igain_1E5_Rb_0E0_Rser_0E0_____Temp_2.740E-1K_MEASres_1p4E1_Thu,May2,2019_82950PM",228.22019478274342,0.33265707337649497,0.0,0.02404109819373325,,0.04786573633765544,False,6.0
D4.2__Fig 2__SQUID_data__IVB_BS30_A1S1_I_coil_+-0.3mA_fine_284mK_191103__IVB__T_1p40K[-0.000000750],7.489286411316899,0.6869747679135828,0.0,0.01791733908697416,,0.09406439578610586,False,6.0
D4.2__Fig 2__SQUID_data__IVB_BS30_A1S1_I_coil_+-0.3mA_fine_284mK_191103__IVB__T_1p40K[-0.000001500],7.321131866928653,0.616937582971674,0.0,0.017912010827575403,,0.09694062335410128,False,6.0
D4.2__Fig 2__SQUID_data__IVB_BS30_A1S1_I_coil_+-0.3mA_fine_284mK_191103__IVB__T_1p40K[-0.000002250],7.233924745588184,0.6348200384592575,0.0,0.01798126133016433,,0.09329602510282398,False,6.0
D4.2__Fig 2__SQUID_data__IVB_BS30_A1S1_I_coil_+-0.3mA_fine_284mK_191103__IVB__T_1p40K[-0.000003000],7.536117780113306,0.7008875483099667,0.0,0.017912864875929895,,0.09599476879728747,False,6.0
D4.2__Fig 2__SQUID_data__IVB_BS30_A1S1_I_coil_+-0.3mA_fine_284mK_191103__IVB__T_1p40K[-0.000003750],7.592774732132074,0.6774726215717618,0.0,0.01792181795837633,,0.09460260977276519,False,6.0
D4.2__Fig 2__SQUID_data__IVB_BS30_A1S1_I_coil_+-0.3mA_fine_284mK_191103__IVB__T_1p40K[-0.000004500],7.49924036308129,0.7014786911577326,0.0,0.017809906688400948,,0.09108332520265774,False,6.0
D4.2__Fig 2__SQUID_data__IVB_BS30_A1S1_I_coil_+-0.3mA_fine_284mK_191103__IVB__T_1p40K[-0.000005250],7.860613587509154,0.6782289949321304,0.0,0.017861618255345685,,0.09936020876489643,False,6.0
D4.2__Fig 2__SQUID_data__IVB_BS30_A1S1_I_coil_+-0.3mA_fine_284mK_191103__IVB__T_1p40K[-0.000006000],7.909639148052746,0.5057304478860564,0.0,0.0180687889770052,,0.09317360024811615,False,6.0
D4.2__Fig 2__SQUID_data__IVB_BS30_A1S1_I_coil_+-0.3mA_fine_284mK_191103__IVB__T_1p40K[-0.000006750],7.53673271635872,0.49545243776010484,0.0,0.01808565534498981,,0.09536939498734469,False,6.0
D4.2__Fig 2__SQUID_data__IVB_BS30_A1S1_I_coil_+-0.3mA_fine_284mK_191103__IVB__T_1p40K[-0.000007500],7.756167732459811,0.6983045523554269,0.0,0.01780924950494152,,0.09523610364279836,False,6.0
D4.2__Fig 2__SQUID_data__IVB_BS30_A1S1_I_coil_+-0.3mA_fine_284mK_191103__IVB__T_1p40K[-0.000008250],6.614978025247706,0.6755168220305631,0.0,0.017958949017010936,,0.09090951526146678,False,6.0
D4.2__Fig 2__SQUID_data__IVB_BS30_A1S1_I_coil_+-0.3mA_fine_284mK_191103__IVB__T_1p40K[-0.000009000],7.451142024048519,0.7110360473511745,0.0,0.017879100067419905,,0.09085436150090787,False,6.0
D4.2__Fig 2__SQUID_data__IVB_BS30_A1S1_I_coil_+-0.3mA_fine_284mK_191103__IVB__T_1p40K[-0.000009750],6.951044337808447,0.7102117766465229,0.0,0.017897723154899743,,0.09704504054523085,False,6.0
D4.2__Fig 2__SQUID_data__IVB_BS30_A1S1_I_coil_+-0.3mA_fine_284mK_191103__IVB__T_1p40K[-0.000010500],6.733627160015029,0.5157839778387864,0.0,0.01803732851060605,,0.09853821019226856,False,6.0
D4.2__Fig 2__SQUID_data__IVB_BS30_A1S1_I_coil_+-0.3mA_fine_284mK_191103__IVB__T_1p40K[-0.000011250],6.544824802421735,0.5042749298461832,0.0,0.017983676685351384,,0.09520100035865052,False,6.0
D4.2__Fig 2__SQUID_data__IVB_BS30_A1S1_I_coil_+-0.3mA_fine_284mK_191103__IVB__T_1p40K[-0.000012000],6.434387633263765,0.7219673124399306,0.0,0.017738000805149427,,0.0987412992890508,False,6.0
D4.2__Fig 2__SQUID_data__IVB_BS30_A1S1_I_coil_+-0.3mA_fine_284mK_191103__IVB__T_1p40K[-0.000012750],6.2550318596470325,0.6002233685334137,0.0,0.017986937429585077,,0.09460090778014897,False,6.0
D4.2__Fig 2__SQUID_data__IVB_BS30_A1S1_I_coil_+-0.3mA_fine_284mK_191103__IVB__T_1p40K[-0.000013500],6.414714769972189,0.49360201431680767,0.0,0.018067605464661362,,0.089325385767923,False,6.0
D4.2__Fig 2__SQUID_data__IVB_BS30_A1S1_I_coil_+-0.3mA_fine_284mK_191103__IVB__T_1p40K[-0.000014250],6.727360612922871,0.5979476843849106,0.0,0.01780772521919448,,0.09344598154018481,False,6.0
D4.2__Fig 2__SQUID_data__IVB_BS30_A1S1_I_coil_+-0.3mA_fine_284mK_191103__IVB__T_1p40K[-0.000015000],6.344602411489667,0.7326000276729244,0.0,0.017800151931385073,,0.09254370923485876,False,6.0
D4.2__Fig 2__SQUID_data__IVB_BS30_A1S1_I_coil_+-0.3mA_fine_284mK_191103__IVB__T_1p40K[-0.000015750],6.186095234644001,0.519011853888427,0.0,0.018057976319834006,,0.09822227499269402,False,6.0
D4.2__Fig 2__SQUID_data__IVB_BS30_A1S1_I_coil_+-0.3mA_fine_284mK_191103__IVB__T_1p40K[-0.000016500],6.405863473205171,0.5164192004147149,0.0,0.01799476906146281,,0.09036745497504181,False,6.0
D4.2__Fig 2__SQUID_data__IVB_BS30_A1S1_I_coil_+-0.3mA_fine_284mK_191103__IVB__T_1p40K[-0.000017250],6.689104303963233,0.5735080835387488,0.0,0.017867826118747498,,0.100286167713796,False,6.0
D4.2__Fig 2__SQUID_data__IVB_BS30_A1S1_I_coil_+-0.3mA_fine_284mK_191103__IVB__T_1p40K[-0.000018000],7.177902869189812,0.7331258259757427,0.0,0.01764808844749876,,0.09166092412180238,False,6.0
D4.2__Fig 2__SQUID_data__IVB_BS30_A1S1_I_coil_+-0.3mA_fine_284mK_191103__IVB__T_1p40K[-0.000018750],6.989544380646289,0.7005057833683729,0.0,0.017763977962138577,,0.09543843854231791,False,6.0
D4.2__Fig 2__SQUID_data__IVB_BS30_A1S1_I_coil_+-0.3mA_fine_284mK_191103__IVB__T_1p40K[-0.000019500],6.935759797518879,0.4888264187209616,0.0,0.018043931410608297,,0.09703243250387408,False,6.0
D4.2__Fig 2__SQUID_data__IVB_BS30_A1S1_I_coil_+-0.3mA_fine_284mK_191103__IVB__T_1p40K[-0.000020250],7.065715470781642,0.5001029074771609,0.0,0.01802440165239622,,0.09212823207341832,False,6.0
D4.2__Fig 2__SQUID_data__IVB_BS30_A1S1_I_coil_+-0.3mA_fine_284mK_191103__IVB__T_1p40K[-0.000021000],6.992590361394678,0.7335210427017959,0.0,0.017805870871350014,,0.09140535276105273,False,6.0
D4.2__Fig 2__SQUID_data__IVB_BS30_A1S1_I_coil_+-0.3mA_fine_284mK_191103__IVB__T_1p40K[-0.000021750],6.9524794758951955,0.7349927433275621,0.0,0.01776255351429973,,0.08968493527679489,False,6.0
D4.2__Fig 2__SQUID_data__IVB_BS30_A1S1_I_coil_+-0.3mA_fine_284mK_191103__IVB__T_1p40K[-0.000022500],6.61925325961257,0.6119126461761143,0.0,0.017814318737237295,,0.09198907202554654,False,6.0
D4.2__Fig 2__SQUID_data__IVB_BS30_A1S1_I_coil_+-0.3mA_fine_284mK_191103__IVB__T_1p40K[-0.000023250],6.912399115436585,0.5180762256975586,0.0,0.017978275318400842,,0.09096690977566738,False,6.0
D4.2__Fig 2__SQUID_data__IVB_BS30_A1S1_I_coil_+-0.3mA_fine_284mK_191103__IVB__T_1p40K[-0.000024000],6.9568254770252835,0.501394275813957,0.0,0.017974405244935678,,0.09012001009418147,False,6.0
D4.2__Fig 2__SQUID_data__IVB_BS30_A1S1_I_coil_+-0.3mA_fine_284mK_191103__IVB__T_1p40K[-0.000024750],6.952862669198971,0.5519673314507009,0.0,0.01795254781760795,,0.09263752731191018,False,6.0
D4.2__Fig 2__SQUID_data__IVB_BS30_A1S1_I_coil_+-0.3mA_fine_284mK_191103__IVB__T_1p40K[-0.000025500],6.9118114603666285,0.7402288939112661,0.0,0.01775556184500713,,0.09485255649903934,False,6.0
D4.2__Fig 2__SQUID_data__IVB_BS30_A1S1_I_coil_+-0.3mA_fine_284mK_191103__IVB__T_1p40K[-0.000026250],6.64471190763406,0.5636416786457876,0.0,0.017884206840674464,,0.0925775363113028,False,6.0
D4.2__Fig 2__SQUID_data__IVB_BS30_A1S1_I_coil_+-0.3mA_fine_284mK_191103__IVB__T_1p40K[-0.000027000],6.694654287881206,0.5065572863545258,0.0,0.01803351214214285,,0.09038129349459005,False,6.0
D4.2__Fig 2__SQUID_data__IVB_BS30_A1S1_I_coil_+-0.3mA_fine_284mK_191103__IVB__T_1p40K[-0.000027750],7.024981211247567,0.5535618384619693,0.0,0.017866909992380626,,0.09251566916372009,False,6.0
D4.2__Fig 2__SQUID_data__IVB_BS30_A1S1_I_coil_+-0.3mA_fine_284mK_191103__IVB__T_1p40K[-0.000028500],7.086561496332293,0.6325952364105883,0.0,0.017659965141168042,,0.08956359396355931,False,6.0
D4.2__Fig 2__SQUID_data__IVB_BS30_A1S1_I_coil_+-0.3mA_fine_284mK_191103__IVB__T_1p40K[-0.000029250],7.5930515584340235,0.6483655452699767,0.0,0.01778049380535986,,0.09484471709809804,False,6.0
D4.2__Fig 2__SQUID_data__IVB_BS30_A1S1_I_coil_+-0.3mA_fine_284mK_191103__IVB__T_1p40K[-0.000030000],7.494460528875869,0.6432807407729576,0.0,0.017794206772850835,,0.0958875255168697,False,6.0
D4.2__Fig 2__SQUID_data__IVB_BS30_A1S1_I_coil_+-0.3mA_fine_284mK_191103__IVB__T_1p40K[-0.000030750],7.085197302518915,0.6778462534373748,0.0,0.01772522485597074,,0.09303324790444252,False,6.0
D4.2__Fig 2__SQUID_data__IVB_BS30_A1S1_I_coil_+-0.3mA_fine_284mK_191103__IVB__T_1p40K[-0.000031500],6.667000491037121,0.7536079959716933,0.0,0.01779343591773205,,0.094977041887658,False,6.0
D4.2__Fig 2__SQUID_data__IVB_BS30_A1S1_I_coil_+-0.3mA_fine_284mK_191103__IVB__T_1p40K[-0.000032250],6.488281623530277,0.7724225068063686,0.0,0.017796467995686658,,0.09326887941219879,False,6.0
D4.2__Fig 2__SQUID_data__IVB_BS30_A1S1_I_coil_+-0.3mA_fine_284mK_191103__IVB__T_1p40K[-0.000033000],6.557905730194634,0.8116714825399267,0.0,0.017691003610620294,,0.09473980718402458,False,6.0
D4.2__Fig 2__SQUID_data__IVB_BS30_A1S1_I_coil_+-0.3mA_fine_284mK_191103__IVB__T_1p40K[-0.000033750],6.405383873256379,0.8087378998195435,0.0,0.017750156235746786,,0.0898486882387978,False,6.0
D4.2__Fig 2__SQUID_data__IVB_BS30_A1S1_I_coil_+-0.3mA_fine_284mK_191103__IVB__T_1p40K[-0.000034500],6.7843688766560835,0.8013784998679429,0.0,0.017562164343901867,,0.0898781068025988,False,6.0
D4.2__Fig 2__SQUID_data__IVB_BS30_A1S1_I_coil_+-0.3mA_fine_284mK_191103__IVB__T_1p40K[-0.000035250],7.035538671013434,0.846369507769363,0.0,0.01765607676791556,,0.09187018789850661,False,6.0
D4.2__Fig 2__SQUID_data__IVB_BS30_A1S1_I_coil_+-0.3mA_fine_284mK_191103__IVB__T_1p40K[-0.000036000],7.022161774385796,0.8479354074596369,0.0,0.017703413482993764,,0.09119158926762172,False,6.0
D4.2__Fig 2__SQUID_data__IVB_BS30_A1S1_I_coil_+-0.3mA_fine_284mK_191103__IVB__T_1p40K[-0.000036750],7.184533510441098,0.84044882656274,0.0,0.017728785608778774,,0.10368749479689822,False,6.0
D4.2__Fig 2__SQUID_data__IVB_BS30_A1S1_I_coil_+-0.3mA_fine_284mK_191103__IVB__T_1p40K[-0.000037500],6.862914783706077,0.8911014448834681,0.0,0.01772646022658955,,0.08851439224005289,False,6.0
D4.2__Fig 2__SQUID_data__IVB_BS30_A1S1_I_coil_+-0.3mA_fine_284mK_191103__IVB__T_1p40K[-0.000038250],7.226430887559816,0.6791271846179544,0.0,0.01797394367219538,,0.09275676927416268,False,6.0
D4.2__Fig 2__SQUID_data__IVB_BS30_A1S1_I_coil_+-0.3mA_fine_284mK_191103__IVB__T_1p40K[-0.000039000],7.010510449947979,0.8643784661043346,0.0,0.01779112977190371,,0.09776416649692368,False,6.0
D4.2__Fig 2__SQUID_data__IVB_BS30_A1S1_I_coil_+-0.3mA_fine_284mK_191103__IVB__T_1p40K[-0.000039750],6.823726882340972,0.7322199448600945,0.0,0.017924952957040254,,0.09509282526265889,False,6.0
D4.2__Fig 2__SQUID_data__IVB_BS30_A1S1_I_coil_+-0.3mA_fine_284mK_191103__IVB__T_1p40K[-0.000040500],6.889651923998579,0.7726551816557783,0.0,0.017815877763324512,,0.08847295480529682,False,6.0
D4.2__Fig 2__SQUID_data__IVB_BS30_A1S1_I_coil_+-0.3mA_fine_284mK_191103__IVB__T_1p40K[-0.000041250],6.506346607087887,0.8393520943810585,0.0,0.01782488858822411,,0.09132019425715396,False,6.0
D4.2__Fig 2__SQUID_data__IVB_BS30_A1S1_I_coil_+-0.3mA_fine_284mK_191103__IVB__T_1p40K[-0.000042000],7.322512679801303,0.6934189500377994,0.0,0.017998873271185763,,0.09458761307674136,False,6.0
D4.2__Fig 2__SQUID_data__IVB_BS30_A1S1_I_coil_+-0.3mA_fine_284mK_191103__IVB__T_1p40K[-0.000042750],8.134255634750133,0.8296013806339401,0.0,0.017795075147371248,,0.08947922826041275,False,6.0
D4.2__Fig 2__SQUID_data__IVB_BS30_A1S1_I_coil_+-0.3mA_fine_284mK_191103__IVB__T_1p40K[-0.000043500],8.846411280514168,0.8811751549777979,0.0,0.01772733848440188,,0.09758323241749867,False,6.0
D4.2__Fig 2__SQUID_data__IVB_BS30_A1S1_I_coil_+-0.3mA_fine_284mK_191103__IVB__T_1p40K[-0.000044250],8.613749536323716,0.9210360303085784,0.0,0.017713647449950687,,0.0905317072701873,False,6.0
D4.2__Fig 2__SQUID_data__IVB_BS30_A1S1_I_coil_+-0.3mA_fine_284mK_191103__IVB__T_1p40K[-0.000045000],7.9448080598803585,0.7077052894122842,0.0,0.017930006417097202,,0.09591371976065613,False,6.0
D4.2__Fig 2__SQUID_data__IVB_BS30_A1S1_I_coil_+-0.3mA_fine_284mK_191103__IVB__T_1p40K[-0.000045750],8.050133953099051,0.6765724118641039,0.0,0.017967320570448413,,0.09242274469858201,False,6.0
D4.2__Fig 2__SQUID_data__IVB_BS30_A1S1_I_coil_+-0.3mA_fine_284mK_191103__IVB__T_1p40K[-0.000046500],8.081149516023954,0.7766548076776045,0.0,0.017818879435975446,,0.09322106623766813,False,6.0
D4.2__Fig 2__SQUID_data__IVB_BS30_A1S1_I_coil_+-0.3mA_fine_284mK_191103__IVB__T_1p40K[-0.000047250],7.868544498516702,0.9043261225634386,0.0,0.01771936474542748,,0.09340817940795264,False,6.0
D4.2__Fig 2__SQUID_data__IVB_BS30_A1S1_I_coil_+-0.3mA_fine_284mK_191103__IVB__T_1p40K[-0.000048000],8.074013221816559,0.6781047210243886,0.0,0.017947405006010015,,0.0888172653862943,False,6.0
D4.2__Fig 2__SQUID_data__IVB_BS30_A1S1_I_coil_+-0.3mA_fine_284mK_191103__IVB__T_1p40K[-0.000048750],8.461298053751557,0.8631676044498332,0.0,0.017818299135244117,,0.092490446607516,False,6.0
D4.2__Fig 2__SQUID_data__IVB_BS30_A1S1_I_coil_+-0.3mA_fine_284mK_191103__IVB__T_1p40K[-0.000049500],8.626498949302437,0.6746729592735727,0.0,0.017904035702696153,,0.09666180133848037,False,6.0
D4.2__Fig 2__SQUID_data__IVB_BS30_A1S1_I_coil_+-0.3mA_fine_284mK_191103__IVB__T_1p40K[-0.000050250],8.101097156882718,0.8623511308428548,0.0,0.017750612251797762,,0.09625406640663449,False,6.0
D4.2__Fig 2__SQUID_data__IVB_BS30_A1S1_I_coil_+-0.3mA_fine_284mK_191103__IVB__T_1p40K[-0.000051000],7.673864254393522,0.8719867050113365,0.0,0.01774949286557077,,0.09313931761721313,False,6.0
D4.2__Fig 2__SQUID_data__IVB_BS30_A1S1_I_coil_+-0.3mA_fine_284mK_191103__IVB__T_1p40K[-0.000051750],7.294528995764026,0.8518455569523082,0.0,0.017790695667359798,,0.09003379658809396,False,6.0
D4.2__Fig 2__SQUID_data__IVB_BS30_A1S1_I_coil_+-0.3mA_fine_284mK_191103__IVB__T_1p40K[-0.000052500],7.297976307387959,0.7712662571067869,0.0,0.01787936930499022,,0.09345123210632043,False,6.0
D4.2__Fig 2__SQUID_data__IVB_BS30_A1S1_I_coil_+-0.3mA_fine_284mK_191103__IVB__T_1p40K[-0.000053250],7.720941744039823,0.6662399948223653,0.0,0.018094131281685542,,0.09432138857571669,False,6.0
D4.2__Fig 2__SQUID_data__IVB_BS30_A1S1_I_coil_+-0.3mA_fine_284mK_191103__IVB__T_1p40K[-0.000054000],7.628176042074918,0.6688560456673684,0.0,0.018036571635590255,,0.092097434073038,False,6.0
D4.2__Fig 2__SQUID_data__IVB_BS30_A1S1_I_coil_+-0.3mA_fine_284mK_191103__IVB__T_1p40K[-0.000054750],7.907964073828799,0.6847795102549324,0.0,0.018052412647571237,,0.08968662626532176,False,6.0
D4.2__Fig 2__SQUID_data__IVB_BS30_A1S1_I_coil_+-0.3mA_fine_284mK_191103__IVB__T_1p40K[-0.000055500],7.711285118873456,0.8708379534105117,0.0,0.017819566222233473,,0.09206281479855526,False,6.0
D4.2__Fig 2__SQUID_data__IVB_BS30_A1S1_I_coil_+-0.3mA_fine_284mK_191103__IVB__T_1p40K[-0.000056250],7.8742895961112875,0.8463520097203179,0.0,0.01775189742897187,,0.09372082825778724,False,6.0
D4.2__Fig 2__SQUID_data__IVB_BS30_A1S1_I_coil_+-0.3mA_fine_284mK_191103__IVB__T_1p40K[-0.000057000],7.404875103884367,0.8536730504617988,0.0,0.017787016209202255,,0.09902771784169362,False,6.0
D4.2__Fig 2__SQUID_data__IVB_BS30_A1S1_I_coil_+-0.3mA_fine_284mK_191103__IVB__T_1p40K[-0.000057750],7.385759901584575,0.6641087682630434,0.0,0.01804025750072658,,0.09230065816804188,False,6.0
D4.2__Fig 2__SQUID_data__IVB_BS30_A1S1_I_coil_+-0.3mA_fine_284mK_191103__IVB__T_1p40K[-0.000058500],7.6871277023726705,0.6558417338938032,0.0,0.018021615708873444,,0.0914769792312536,False,6.0
D4.2__Fig 2__SQUID_data__IVB_BS30_A1S1_I_coil_+-0.3mA_fine_284mK_191103__IVB__T_1p40K[-0.000059250],7.22750485361268,0.6819713690699546,0.0,0.01817659168740543,,0.08958669373992306,False,6.0
D4.2__Fig 2__SQUID_data__IVB_BS30_A1S1_I_coil_+-0.3mA_fine_284mK_191103__IVB__T_1p40K[-0.000060000],7.337058364568275,0.6632459614071307,0.0,0.018048777952004456,,0.09230182504896442,False,6.0
D4.2__Fig 2__SQUID_data__IVB_BS30_A1S1_I_coil_+-0.3mA_fine_284mK_191103__IVB__T_1p40K[-0.000060750],7.483773371370643,0.6589783150488432,0.0,0.018170231811320724,,0.091834048384091,False,6.0
D4.2__Fig 2__SQUID_data__IVB_BS30_A1S1_I_coil_+-0.3mA_fine_284mK_191103__IVB__T_1p40K[-0.000061500],7.395492345615805,0.6564021871717743,0.0,0.018037733660576087,,0.09608578797402127,False,6.0
D4.2__Fig 2__SQUID_data__IVB_BS30_A1S1_I_coil_+-0.3mA_fine_284mK_191103__IVB__T_1p40K[-0.000062250],6.777030368621825,0.6595428409846527,0.0,0.01805621914590143,,0.0916936433768191,False,6.0
D4.2__Fig 2__SQUID_data__IVB_BS30_A1S1_I_coil_+-0.3mA_fine_284mK_191103__IVB__T_1p40K[-0.000063000],6.600278522764135,0.6753029686553509,0.0,0.01813808064967836,,0.09353105197450873,False,6.0
D4.2__Fig 2__SQUID_data__IVB_BS30_A1S1_I_coil_+-0.3mA_fine_284mK_191103__IVB__T_1p40K[-0.000063750],6.711075520858644,0.740827691599775,0.0,0.01795603014638057,,0.0942632787150408,False,6.0
D4.2__Fig 2__SQUID_data__IVB_BS30_A1S1_I_coil_+-0.3mA_fine_284mK_191103__IVB__T_1p40K[-0.000064500],6.516930563310765,0.8768183516075378,0.0,0.017839535334324842,,0.0913543676105871,False,6.0
D4.2__Fig 2__SQUID_data__IVB_BS30_A1S1_I_coil_+-0.3mA_fine_284mK_191103__IVB__T_1p40K[-0.000065250],6.642990228698039,0.8806638472776221,0.0,0.0178394204256493,,0.09597605655015912,False,6.0
D4.2__Fig 2__SQUID_data__IVB_BS30_A1S1_I_coil_+-0.3mA_fine_284mK_191103__IVB__T_1p40K[-0.000066000],6.735855946258986,0.8805303984488493,0.0,0.01779183846022386,,0.09274838468789905,False,6.0
D4.2__Fig 2__SQUID_data__IVB_BS30_A1S1_I_coil_+-0.3mA_fine_284mK_191103__IVB__T_1p40K[-0.000066750],6.89945442107108,0.6906419661311737,0.0,0.01800409140074669,,0.09035644292234017,False,6.0
D4.2__Fig 2__SQUID_data__IVB_BS30_A1S1_I_coil_+-0.3mA_fine_284mK_191103__IVB__T_1p40K[-0.000067500],6.68698362212649,0.6827739258830734,0.0,0.018109842076670216,,0.09281928517832716,False,6.0
D4.2__Fig 2__SQUID_data__IVB_BS30_A1S1_I_coil_+-0.3mA_fine_284mK_191103__IVB__T_1p40K[-0.000068250],6.405649121838621,0.6568522822451252,0.0,0.018120260731273652,,0.0932289908125413,False,6.0
D4.2__Fig 2__SQUID_data__IVB_BS30_A1S1_I_coil_+-0.3mA_fine_284mK_191103__IVB__T_1p40K[-0.000069000],6.627246766816774,0.6899258640991618,0.0,0.018147288419464204,,0.09294262808075011,False,6.0
D4.2__Fig 2__SQUID_data__IVB_BS30_A1S1_I_coil_+-0.3mA_fine_284mK_191103__IVB__T_1p40K[-0.000069750],6.47210855435488,0.7656919419528668,0.0,0.018057932811154035,,0.08987917478476676,False,6.0
D4.2__Fig 2__SQUID_data__IVB_BS30_A1S1_I_coil_+-0.3mA_fine_284mK_191103__IVB__T_1p40K[-0.000070500],6.352327047960296,0.8025316050020269,0.0,0.017958425927427357,,0.08936955795761758,False,6.0
D4.2__Fig 2__SQUID_data__IVB_BS30_A1S1_I_coil_+-0.3mA_fine_284mK_191103__IVB__T_1p40K[-0.000071250],6.533089937506593,0.7633563549089603,0.0,0.017957716048913892,,0.09209391892966004,False,6.0
D4.2__Fig 2__SQUID_data__IVB_BS30_A1S1_I_coil_+-0.3mA_fine_284mK_191103__IVB__T_1p40K[-0.000072000],6.484125219662303,0.7021360799471289,0.0,0.018079872279565805,,0.09490755971385265,False,6.0
D4.2__Fig 2__SQUID_data__IVB_BS30_A1S1_I_coil_+-0.3mA_fine_284mK_191103__IVB__T_1p40K[-0.000072750],6.698123336823392,0.6729662130452881,0.0,0.01818920651779438,,0.09265743037176707,False,6.0
D4.2__Fig 2__SQUID_data__IVB_BS30_A1S1_I_coil_+-0.3mA_fine_284mK_191103__IVB__T_1p40K[-0.000073500],6.566078565669996,0.6748004195678021,0.0,0.018087570071493572,,0.0939248176067092,False,6.0
D4.2__Fig 2__SQUID_data__IVB_BS30_A1S1_I_coil_+-0.3mA_fine_284mK_191103__IVB__T_1p40K[-0.000074250],6.595277159264439,0.6713728067500145,0.0,0.01815367010983108,,0.09311449942231038,False,6.0
D4.2__Fig 2__SQUID_data__IVB_BS30_A1S1_I_coil_+-0.3mA_fine_284mK_191103__IVB__T_1p40K[-0.000075000],6.503476783361743,0.6713428751337548,0.0,0.018143964323117327,,0.09210575038278015,False,6.0
D4.2__Fig 2__SQUID_data__IVB_BS30_A1S1_I_coil_+-0.3mA_fine_284mK_191103__IVB__T_1p40K[-0.000075750],6.722024072411783,0.6657239086264412,0.0,0.01820990766571559,,0.09481475523293624,False,6.0
D4.2__Fig 2__SQUID_data__IVB_BS30_A1S1_I_coil_+-0.3mA_fine_284mK_191103__IVB__T_1p40K[-0.000076500],7.07227385083506,0.6899990876882663,0.0,0.018236141527821655,,0.09200211178624777,False,6.0
D4.2__Fig 2__SQUID_data__IVB_BS30_A1S1_I_coil_+-0.3mA_fine_284mK_191103__IVB__T_1p40K[-0.000077250],7.009951209610526,0.8883708907776233,0.0,0.01789517652851875,,0.08993734216867678,False,6.0
D4.2__Fig 2__SQUID_data__IVB_BS30_A1S1_I_coil_+-0.3mA_fine_284mK_191103__IVB__T_1p40K[-0.000078000],6.642523382659661,0.882945233975145,0.0,0.017994136643197878,,0.09287619520526132,False,6.0
D4.2__Fig 2__SQUID_data__IVB_BS30_A1S1_I_coil_+-0.3mA_fine_284mK_191103__IVB__T_1p40K[-0.000078750],6.705401153097277,0.6782133443078399,0.0,0.018144692832843957,,0.09253394525646368,False,6.0
D4.2__Fig 2__SQUID_data__IVB_BS30_A1S1_I_coil_+-0.3mA_fine_284mK_191103__IVB__T_1p40K[-0.000079500],6.77586702779857,0.6660505133292628,0.0,0.018188672806014324,,0.09112119479639184,False,6.0
D4.2__Fig 2__SQUID_data__IVB_BS30_A1S1_I_coil_+-0.3mA_fine_284mK_191103__IVB__T_1p40K[-0.000080250],7.061603395862981,0.682992913590649,0.0,0.018144495075345584,,0.09212483246039165,False,6.0
D4.2__Fig 2__SQUID_data__IVB_BS30_A1S1_I_coil_+-0.3mA_fine_284mK_191103__IVB__T_1p40K[-0.000081000],7.033269322195752,0.8282217688388771,0.0,0.01792523951359035,,0.09458853250250461,False,6.0
D4.2__Fig 2__SQUID_data__IVB_BS30_A1S1_I_coil_+-0.3mA_fine_284mK_191103__IVB__T_1p40K[-0.000081750],7.0229619302855255,0.8738610828943907,0.0,0.018011047272031115,,0.0911510231424503,False,6.0
D4.2__Fig 2__SQUID_data__IVB_BS30_A1S1_I_coil_+-0.3mA_fine_284mK_191103__IVB__T_1p40K[-0.000082500],7.041493926826168,0.8507465564627593,0.0,0.017953589202377752,,0.09438126306820455,False,6.0
D4.2__Fig 2__SQUID_data__IVB_BS30_A1S1_I_coil_+-0.3mA_fine_284mK_191103__IVB__T_1p40K[-0.000083250],6.998845732957715,0.8583249416073618,0.0,0.017917789052342335,,0.09242084478789248,False,6.0
D4.2__Fig 2__SQUID_data__IVB_BS30_A1S1_I_coil_+-0.3mA_fine_284mK_191103__IVB__T_1p40K[-0.000084000],7.269021202681368,0.8831598686558877,0.0,0.01799049493723189,,0.0909934570245088,False,6.0
D4.2__Fig 2__SQUID_data__IVB_BS30_A1S1_I_coil_+-0.3mA_fine_284mK_191103__IVB__T_1p40K[-0.000084750],6.867436414558625,0.8843187679736054,0.0,0.017937457318528475,,0.09124287958582412,False,6.0
D4.2__Fig 2__SQUID_data__IVB_BS30_A1S1_I_coil_+-0.3mA_fine_284mK_191103__IVB__T_1p40K[-0.000085500],6.640434234395853,0.8830831897081639,0.0,0.017937123968743817,,0.08937159639991557,False,6.0
D4.2__Fig 2__SQUID_data__IVB_BS30_A1S1_I_coil_+-0.3mA_fine_284mK_191103__IVB__T_1p40K[-0.000086250],6.7627040223478865,0.8984160955420503,0.0,0.01787456192270386,,0.08930638804192596,False,6.0
D4.2__Fig 2__SQUID_data__IVB_BS30_A1S1_I_coil_+-0.3mA_fine_284mK_191103__IVB__T_1p40K[-0.000087000],7.0790737656017075,0.8937833993156831,0.0,0.017818955473359568,,0.0908378586606663,False,6.0
D4.2__Fig 2__SQUID_data__IVB_BS30_A1S1_I_coil_+-0.3mA_fine_284mK_191103__IVB__T_1p40K[-0.000087750],7.10113296236231,0.886227461129907,0.0,0.017810756621940402,,0.0949153254384147,False,6.0
D4.2__Fig 2__SQUID_data__IVB_BS30_A1S1_I_coil_+-0.3mA_fine_284mK_191103__IVB__T_1p40K[-0.000088500],6.957666660235815,0.9097944715130452,0.0,0.017747549381828626,,0.09114951159755255,False,6.0
D4.2__Fig 2__SQUID_data__IVB_BS30_A1S1_I_coil_+-0.3mA_fine_284mK_191103__IVB__T_1p40K[-0.000089250],6.9528912440646,0.907765314831308,0.0,0.017736473887445123,,0.09253469097581732,False,6.0
D4.2__Fig 2__SQUID_data__IVB_BS30_A1S1_I_coil_+-0.3mA_fine_284mK_191103__IVB__T_1p40K[-0.000090000],7.025584903148398,0.9218422963743093,0.0,0.017683123072846228,,0.08994848712371288,False,6.0
D4.2__Fig 2__SQUID_data__IVB_BS30_A1S1_I_coil_+-0.3mA_fine_284mK_191103__IVB__T_1p40K[-0.000090750],6.9225833750810155,0.9107992833088758,0.0,0.017699603380227462,,0.09124112370900589,False,6.0
D4.2__Fig 2__SQUID_data__IVB_BS30_A1S1_I_coil_+-0.3mA_fine_284mK_191103__IVB__T_1p40K[-0.000091500],6.887391796215758,0.9255673115300352,0.0,0.017780594396412004,,0.09025168447227645,False,6.0
D4.2__Fig 2__SQUID_data__IVB_BS30_A1S1_I_coil_+-0.3mA_fine_284mK_191103__IVB__T_1p40K[-0.000092250],7.26607107645441,0.9529685614185327,0.0,0.017723033676176794,,0.09202561627260393,False,6.0
D4.2__Fig 2__SQUID_data__IVB_BS30_A1S1_I_coil_+-0.3mA_fine_284mK_191103__IVB__T_1p40K[-0.000093000],7.030994125515199,0.9249068310151403,0.0,0.017653425999171704,,0.09423115187907637,False,6.0
D4.2__Fig 2__SQUID_data__IVB_BS30_A1S1_I_coil_+-0.3mA_fine_284mK_191103__IVB__T_1p40K[-0.000093750],6.734338104179082,0.9344085331416602,0.0,0.017656816726418483,,0.09366749016560426,False,6.0
D4.2__Fig 2__SQUID_data__IVB_BS30_A1S1_I_coil_+-0.3mA_fine_284mK_191103__IVB__T_1p40K[-0.000094500],6.553934019449677,0.9544013938699618,0.0,0.017638402883656156,,0.09011848638690696,False,6.0
D4.2__Fig 2__SQUID_data__IVB_BS30_A1S1_I_coil_+-0.3mA_fine_284mK_191103__IVB__T_1p40K[-0.000095250],6.6704851762811455,0.9198955631732181,0.0,0.01767996844409205,,0.08891706107884281,False,6.0
D4.2__Fig 2__SQUID_data__IVB_BS30_A1S1_I_coil_+-0.3mA_fine_284mK_191103__IVB__T_1p40K[-0.000096000],6.899039101641074,0.8258660294148316,0.0,0.01775311884809723,,0.09226542395315203,False,6.0
D4.2__Fig 2__SQUID_data__IVB_BS30_A1S1_I_coil_+-0.3mA_fine_284mK_191103__IVB__T_1p40K[-0.000096750],6.915896080988646,0.9231898197934966,0.0,0.017752185445268263,,0.09217599207914193,False,6.0
D4.2__Fig 2__SQUID_data__IVB_BS30_A1S1_I_coil_+-0.3mA_fine_284mK_191103__IVB__T_1p40K[-0.000097500],6.765199593614737,0.9863002214537636,0.0,0.017607263683417692,,0.09315809230322541,False,6.0
D4.2__Fig 2__SQUID_data__IVB_BS30_A1S1_I_coil_+-0.3mA_fine_284mK_191103__IVB__T_1p40K[-0.000098250],7.011022246592131,0.9888697763896807,0.0,0.01771044636689997,,0.09290641449241255,False,6.0
D4.2__Fig 2__SQUID_data__IVB_BS30_A1S1_I_coil_+-0.3mA_fine_284mK_191103__IVB__T_1p40K[-0.000099000],6.89955116282276,0.8368693732911959,0.0,0.017537539984234247,,0.09625961122546593,False,6.0
D4.2__Fig 2__SQUID_data__IVB_BS30_A1S1_I_coil_+-0.3mA_fine_284mK_191103__IVB__T_1p40K[-0.000099750],6.994573436483716,0.8390962679719719,0.0,0.017588871466585675,,0.09041937552118794,False,6.0
D4.2__Fig 2__SQUID_data__IVB_BS30_A1S1_I_coil_+-0.3mA_fine_284mK_191103__IVB__T_1p40K[-0.000100500],6.8062729899285825,0.9604841857727932,0.0,0.01766929219514895,,0.09112045322434233,False,6.0
D4.2__Fig 2__SQUID_data__IVB_BS30_A1S1_I_coil_+-0.3mA_fine_284mK_191103__IVB__T_1p40K[-0.000101250],6.590477749388947,0.9772954852409792,0.0,0.01768654600384902,,0.09498900685520519,False,6.0
D4.2__Fig 2__SQUID_data__IVB_BS30_A1S1_I_coil_+-0.3mA_fine_284mK_191103__IVB__T_1p40K[-0.000102000],6.902153083106964,0.9251517909299952,0.0,0.017619491042833203,,0.09188470016546439,False,6.0
D4.2__Fig 2__SQUID_data__IVB_BS30_A1S1_I_coil_+-0.3mA_fine_284mK_191103__IVB__T_1p40K[-0.000102750],7.159533685250828,0.9537692948529908,0.0,0.017609428282796772,,0.0964876942050163,False,6.0
D4.2__Fig 2__SQUID_data__IVB_BS30_A1S1_I_coil_+-0.3mA_fine_284mK_191103__IVB__T_1p40K[-0.000103500],7.2718376115460375,0.9454967773148514,0.0,0.01749938155459058,,0.09230410754948128,False,6.0
D4.2__Fig 2__SQUID_data__IVB_BS30_A1S1_I_coil_+-0.3mA_fine_284mK_191103__IVB__T_1p40K[-0.000104250],7.500395979984193,0.8995307616209204,0.0,0.017719246954206045,,0.09173138621533505,False,6.0
D4.2__Fig 2__SQUID_data__IVB_BS30_A1S1_I_coil_+-0.3mA_fine_284mK_191103__IVB__T_1p40K[-0.000105000],7.246676220515846,0.820893683542692,0.0,0.01772069569025484,,0.09303653400867896,False,6.0
D4.2__Fig 2__SQUID_data__IVB_BS30_A1S1_I_coil_+-0.3mA_fine_284mK_191103__IVB__T_1p40K[-0.000105750],7.163446801436501,0.7486125901686393,0.0,0.017887821865127575,,0.09291211385795325,False,6.0
D4.2__Fig 2__SQUID_data__IVB_BS30_A1S1_I_coil_+-0.3mA_fine_284mK_191103__IVB__T_1p40K[-0.000106500],7.033277897421583,0.7699397349655795,0.0,0.017818777509064503,,0.09524035691650265,False,6.0
D4.2__Fig 2__SQUID_data__IVB_BS30_A1S1_I_coil_+-0.3mA_fine_284mK_191103__IVB__T_1p40K[-0.000107250],6.72501647117988,0.7986555817629669,0.0,0.017797416577094886,,0.08840699346222873,False,6.0
D4.2__Fig 2__SQUID_data__IVB_BS30_A1S1_I_coil_+-0.3mA_fine_284mK_191103__IVB__T_1p40K[-0.000108000],6.7080037468439535,0.8609874675644628,0.0,0.017684368721627552,,0.0910864416168466,False,6.0
D4.2__Fig 2__SQUID_data__IVB_BS30_A1S1_I_coil_+-0.3mA_fine_284mK_191103__IVB__T_1p40K[-0.000108750],6.634771278888309,0.8717341247566598,0.0,0.017673753626972277,,0.09840534358647196,False,6.0
D4.2__Fig 2__SQUID_data__IVB_BS30_A1S1_I_coil_+-0.3mA_fine_284mK_191103__IVB__T_1p40K[-0.000109500],6.539765556480766,0.8833752653729046,0.0,0.0176914042977802,,0.09289627409080536,False,6.0
D4.2__Fig 2__SQUID_data__IVB_BS30_A1S1_I_coil_+-0.3mA_fine_284mK_191103__IVB__T_1p40K[-0.000110250],6.4372658959393645,0.7859431076709497,0.0,0.01770563305586505,,0.09512222665536793,False,6.0
D4.2__Fig 2__SQUID_data__IVB_BS30_A1S1_I_coil_+-0.3mA_fine_284mK_191103__IVB__T_1p40K[-0.000111000],6.369784572529701,0.7382583107235853,0.0,0.01779069122550031,,0.09113722327015969,False,6.0
D4.2__Fig 2__SQUID_data__IVB_BS30_A1S1_I_coil_+-0.3mA_fine_284mK_191103__IVB__T_1p40K[-0.000111750],6.344509232123136,0.757036041309822,0.0,0.017842953595810403,,0.09600082723503266,False,6.0
D4.2__Fig 2__SQUID_data__IVB_BS30_A1S1_I_coil_+-0.3mA_fine_284mK_191103__IVB__T_1p40K[-0.000112500],6.241434592193929,0.7394945741197114,0.0,0.017778204138341108,,0.09596460633686253,False,6.0
D4.2__Fig 2__SQUID_data__IVB_BS30_A1S1_I_coil_+-0.3mA_fine_284mK_191103__IVB__T_1p40K[-0.000113250],6.5525831145205435,0.812431912309724,0.0,0.01771467345427788,,0.09175820179277988,False,6.0
D4.2__Fig 2__SQUID_data__IVB_BS30_A1S1_I_coil_+-0.3mA_fine_284mK_191103__IVB__T_1p40K[-0.000114000],6.661678129499371,0.8301621874643498,0.0,0.01781439030999974,,0.09173403365851927,False,6.0
D4.2__Fig 2__SQUID_data__IVB_BS30_A1S1_I_coil_+-0.3mA_fine_284mK_191103__IVB__T_1p40K[-0.000114750],6.828106481530649,0.7821408829480708,0.0,0.017825017429513743,,0.09341244410134157,False,6.0
D4.2__Fig 2__SQUID_data__IVB_BS30_A1S1_I_coil_+-0.3mA_fine_284mK_191103__IVB__T_1p40K[-0.000115500],6.379929630944942,0.8010224800097369,0.0,0.017918526513869267,,0.09377303285523726,False,6.0
D4.2__Fig 2__SQUID_data__IVB_BS30_A1S1_I_coil_+-0.3mA_fine_284mK_191103__IVB__T_1p40K[-0.000116250],6.702768719651648,0.7685026547716588,0.0,0.01791936992286779,,0.09136643288203503,False,6.0
D4.2__Fig 2__SQUID_data__IVB_BS30_A1S1_I_coil_+-0.3mA_fine_284mK_191103__IVB__T_1p40K[-0.000117000],6.712317364504566,0.7589889479531484,0.0,0.017788494983197813,,0.09022469421148702,False,6.0
D4.2__Fig 2__SQUID_data__IVB_BS30_A1S1_I_coil_+-0.3mA_fine_284mK_191103__IVB__T_1p40K[-0.000117750],6.275557054248565,0.7684579035909066,0.0,0.01780825409608991,,0.0909106078790751,False,6.0
D4.2__Fig 2__SQUID_data__IVB_BS30_A1S1_I_coil_+-0.3mA_fine_284mK_191103__IVB__T_1p40K[-0.000118500],6.439267016730543,0.7607967221185993,0.0,0.017878863692471852,,0.09518403484055837,False,6.0
D4.2__Fig 2__SQUID_data__IVB_BS30_A1S1_I_coil_+-0.3mA_fine_284mK_191103__IVB__T_1p40K[-0.000119250],6.591010080023727,0.828317902146711,0.0,0.017753306031463693,,0.0895166572233387,False,6.0
D4.2__Fig 2__SQUID_data__IVB_BS30_A1S1_I_coil_+-0.3mA_fine_284mK_191103__IVB__T_1p40K[-0.000120000],6.647979570436553,0.9575204739972468,0.0,0.017618062066526413,,0.09308843402764247,False,6.0
D4.2__Fig 2__SQUID_data__IVB_BS30_A1S1_I_coil_+-0.3mA_fine_284mK_191103__IVB__T_1p40K[-0.000120750],6.6834391097012,0.9425017392283226,0.0,0.017627731039239963,,0.09247726666616873,False,6.0
D4.2__Fig 2__SQUID_data__IVB_BS30_A1S1_I_coil_+-0.3mA_fine_284mK_191103__IVB__T_1p40K[-0.000121500],6.665801327435074,0.9902085438511025,0.0,0.017570167621064316,,0.09324332711451672,False,6.0
D4.2__Fig 2__SQUID_data__IVB_BS30_A1S1_I_coil_+-0.3mA_fine_284mK_191103__IVB__T_1p40K[-0.000122250],6.638892698070704,0.9706060305613174,0.0,0.01750382150885477,,0.09092003890718213,False,6.0
D4.2__Fig 2__SQUID_data__IVB_BS30_A1S1_I_coil_+-0.3mA_fine_284mK_191103__IVB__T_1p40K[-0.000123000],6.668144684161872,0.9790046139648134,0.0,0.01758674391623118,,0.09128956502671018,False,6.0
D4.2__Fig 2__SQUID_data__IVB_BS30_A1S1_I_coil_+-0.3mA_fine_284mK_191103__IVB__T_1p40K[-0.000123750],6.787957776348818,0.967948265125934,0.0,0.017538767041277523,,0.09179546867329227,False,6.0
D4.2__Fig 2__SQUID_data__IVB_BS30_A1S1_I_coil_+-0.3mA_fine_284mK_191103__IVB__T_1p40K[-0.000124500],7.413735417633494,0.8543937157461515,0.0,0.017729158212054015,,0.09126574741878134,False,6.0
D4.2__Fig 2__SQUID_data__IVB_BS30_A1S1_I_coil_+-0.3mA_fine_284mK_191103__IVB__T_1p40K[-0.000125250],7.663651302784189,0.7739650177274902,0.0,0.017826432918450184,,0.09373266714288932,False,6.0
D4.2__Fig 2__SQUID_data__IVB_BS30_A1S1_I_coil_+-0.3mA_fine_284mK_191103__IVB__T_1p40K[-0.000126000],7.210297430038889,0.7983911752979971,0.0,0.01779094108840086,,0.08985713936094046,False,6.0
D4.2__Fig 2__SQUID_data__IVB_BS30_A1S1_I_coil_+-0.3mA_fine_284mK_191103__IVB__T_1p40K[-0.000126750],7.271094595132315,0.8993431058605932,0.0,0.017677796540424236,,0.09646784047306067,False,6.0
D4.2__Fig 2__SQUID_data__IVB_BS30_A1S1_I_coil_+-0.3mA_fine_284mK_191103__IVB__T_1p40K[-0.000127500],7.229723878702995,0.9287660209412589,0.0,0.017627140273907264,,0.08930423577000637,False,6.0
D4.2__Fig 2__SQUID_data__IVB_BS30_A1S1_I_coil_+-0.3mA_fine_284mK_191103__IVB__T_1p40K[-0.000128250],6.6938862383484095,0.818160505980129,0.0,0.01770620855972208,,0.09267429014734546,False,6.0
D4.2__Fig 2__SQUID_data__IVB_BS30_A1S1_I_coil_+-0.3mA_fine_284mK_191103__IVB__T_1p40K[-0.000129000],6.5583149844061195,0.7852730713644457,0.0,0.017910568018208912,,0.09157814161870967,False,6.0
D4.2__Fig 2__SQUID_data__IVB_BS30_A1S1_I_coil_+-0.3mA_fine_284mK_191103__IVB__T_1p40K[-0.000129750],6.721037112350715,0.7666044627904925,0.0,0.017816468082842412,,0.09163081999196332,False,6.0
D4.2__Fig 2__SQUID_data__IVB_BS30_A1S1_I_coil_+-0.3mA_fine_284mK_191103__IVB__T_1p40K[-0.000130500],6.9908843805152046,0.7678230775183322,0.0,0.017854997762034256,,0.08887685727475997,False,6.0
D4.2__Fig 2__SQUID_data__IVB_BS30_A1S1_I_coil_+-0.3mA_fine_284mK_191103__IVB__T_1p40K[-0.000131250],6.722526629812237,0.8176266973730416,0.0,0.017765828573077288,,0.09218871980517448,False,6.0
D4.2__Fig 2__SQUID_data__IVB_BS30_A1S1_I_coil_+-0.3mA_fine_284mK_191103__IVB__T_1p40K[-0.000132000],6.5486999075047825,0.9577182551158397,0.0,0.01768366928927006,,0.09031098505876158,False,6.0
D4.2__Fig 2__SQUID_data__IVB_BS30_A1S1_I_coil_+-0.3mA_fine_284mK_191103__IVB__T_1p40K[-0.000132750],6.547109541175514,0.9555169135721782,0.0,0.01763636070908164,,0.09118837072397862,False,6.0
D4.2__Fig 2__SQUID_data__IVB_BS30_A1S1_I_coil_+-0.3mA_fine_284mK_191103__IVB__T_1p40K[-0.000133500],6.4179553589225895,0.9399110145730828,0.0,0.017642372195050104,,0.09098059643381946,False,6.0
D4.2__Fig 2__SQUID_data__IVB_BS30_A1S1_I_coil_+-0.3mA_fine_284mK_191103__IVB__T_1p40K[-0.000134250],6.388350460327816,0.9081714565740148,0.0,0.017707737427953174,,0.09514287015611833,False,6.0
D4.2__Fig 2__SQUID_data__IVB_BS30_A1S1_I_coil_+-0.3mA_fine_284mK_191103__IVB__T_1p40K[-0.000135000],6.3080826307595705,0.8917124280596681,0.0,0.01763381181839841,,0.09142437071583683,False,6.0
D4.2__Fig 2__SQUID_data__IVB_BS30_A1S1_I_coil_+-0.3mA_fine_284mK_191103__IVB__T_1p40K[-0.000135750],6.423404425783196,0.8529645219866664,0.0,0.017641701405293267,,0.09140470070951778,False,6.0
D4.2__Fig 2__SQUID_data__IVB_BS30_A1S1_I_coil_+-0.3mA_fine_284mK_191103__IVB__T_1p40K[-0.000136500],6.212762706103843,0.7421046557000984,0.0,0.0177098108044449,,0.09383232259095342,False,6.0
D4.2__Fig 2__SQUID_data__IVB_BS30_A1S1_I_coil_+-0.3mA_fine_284mK_191103__IVB__T_1p40K[-0.000137250],6.236232307679425,0.6236858941649338,0.0,0.017755515494762255,,0.09065530763268437,False,6.0
D4.2__Fig 2__SQUID_data__IVB_BS30_A1S1_I_coil_+-0.3mA_fine_284mK_191103__IVB__T_1p40K[-0.000138000],6.270842784291512,0.5388352408017832,0.0,0.017876542281794205,,0.09258328184200665,False,6.0
D4.2__Fig 2__SQUID_data__IVB_BS30_A1S1_I_coil_+-0.3mA_fine_284mK_191103__IVB__T_1p40K[-0.000138750],6.0284502058854965,0.5414164677074785,0.0,0.017980990251863716,,0.09143972181604107,False,6.0
D4.2__Fig 2__SQUID_data__IVB_BS30_A1S1_I_coil_+-0.3mA_fine_284mK_191103__IVB__T_1p40K[-0.000139500],5.8672091403120445,0.5341178301891932,0.0,0.017955525757276145,,0.08980950287824527,False,6.0
D4.2__Fig 2__SQUID_data__IVB_BS30_A1S1_I_coil_+-0.3mA_fine_284mK_191103__IVB__T_1p40K[-0.000140250],5.526843513140319,0.5205967554682142,0.0,0.01800831199897057,,0.09911842009908972,False,6.0
D4.2__Fig 2__SQUID_data__IVB_BS30_A1S1_I_coil_+-0.3mA_fine_284mK_191103__IVB__T_1p40K[-0.000141000],5.172369461494002,0.5937871902611235,0.0,0.017894688074893972,,0.0907710523981223,False,6.0
D4.2__Fig 2__SQUID_data__IVB_BS30_A1S1_I_coil_+-0.3mA_fine_284mK_191103__IVB__T_1p40K[-0.000141750],5.7370874424745315,0.7226853971680272,0.0,0.017712429428412207,,0.0919655917182975,False,6.0
D4.2__Fig 2__SQUID_data__IVB_BS30_A1S1_I_coil_+-0.3mA_fine_284mK_191103__IVB__T_1p40K[-0.000142500],6.056162392316507,0.627575616655636,0.0,0.01790867931498399,,0.09115823564620736,False,6.0
D4.2__Fig 2__SQUID_data__IVB_BS30_A1S1_I_coil_+-0.3mA_fine_284mK_191103__IVB__T_1p40K[-0.000143250],5.692942818306574,0.5362671032594003,0.0,0.01813091460346232,,0.09301658759726396,False,6.0
D4.2__Fig 2__SQUID_data__IVB_BS30_A1S1_I_coil_+-0.3mA_fine_284mK_191103__IVB__T_1p40K[-0.000144000],5.981788859890491,0.5263418897276629,0.0,0.018117776035893512,,0.0980008347892083,False,6.0
D4.2__Fig 2__SQUID_data__IVB_BS30_A1S1_I_coil_+-0.3mA_fine_284mK_191103__IVB__T_1p40K[-0.000144750],6.254809924846376,0.5119609699658486,0.0,0.018164288485189695,,0.09241653304844152,False,6.0
D4.2__Fig 2__SQUID_data__IVB_BS30_A1S1_I_coil_+-0.3mA_fine_284mK_191103__IVB__T_1p40K[-0.000145500],6.341283779068958,0.5409769727464847,0.0,0.018062479295282548,,0.09317917615054722,False,6.0
D4.2__Fig 2__SQUID_data__IVB_BS30_A1S1_I_coil_+-0.3mA_fine_284mK_191103__IVB__T_1p40K[-0.000146250],6.281896453429246,0.6350136448295712,0.0,0.017871162587653772,,0.09157987176936423,False,6.0
D4.2__Fig 2__SQUID_data__IVB_BS30_A1S1_I_coil_+-0.3mA_fine_284mK_191103__IVB__T_1p40K[-0.000147000],6.452629451056014,0.5943457038976047,0.0,0.017961248919402227,,0.10089920919275375,False,6.0
D4.2__Fig 2__SQUID_data__IVB_BS30_A1S1_I_coil_+-0.3mA_fine_284mK_191103__IVB__T_1p40K[-0.000147750],6.4050850832749076,0.5130478910380626,0.0,0.018145486457537434,,0.0938496543032673,False,6.0
D4.2__Fig 2__SQUID_data__IVB_BS30_A1S1_I_coil_+-0.3mA_fine_284mK_191103__IVB__T_1p40K[-0.000148500],6.269110998586003,0.5218802794766673,0.0,0.018131269736112596,,0.09039108246096597,False,6.0
D4.2__Fig 2__SQUID_data__IVB_BS30_A1S1_I_coil_+-0.3mA_fine_284mK_191103__IVB__T_1p40K[-0.000149250],6.284215329836857,0.72702842383729,0.0,0.017907027755389812,,0.08953323805776967,False,6.0
D4.2__Fig 2__SQUID_data__IVB_BS30_A1S1_I_coil_+-0.3mA_fine_284mK_191103__IVB__T_1p40K[-0.000150000],6.6163842983442205,0.7113662004658451,0.0,0.017961409363211767,,0.0882167307331132,False,6.0
D4.2__Fig 2__SQUID_data__IVB_BS30_A1S1_I_coil_+-0.3mA_fine_284mK_191103__IVB__T_1p40K[-0.000150750],6.56736007870401,0.5695395328500051,0.0,0.017982157892625566,,0.09392067654139671,False,6.0
D4.2__Fig 2__SQUID_data__IVB_BS30_A1S1_I_coil_+-0.3mA_fine_284mK_191103__IVB__T_1p40K[-0.000151500],6.418059372406151,0.5158028262377187,0.0,0.01815113476464744,,0.0941583431926413,False,6.0
D4.2__Fig 2__SQUID_data__IVB_BS30_A1S1_I_coil_+-0.3mA_fine_284mK_191103__IVB__T_1p40K[-0.000152250],6.577217488016661,0.5096246401187131,0.0,0.018099866865799265,,0.09098462540851417,False,6.0
D4.2__Fig 2__SQUID_data__IVB_BS30_A1S1_I_coil_+-0.3mA_fine_284mK_191103__IVB__T_1p40K[-0.000153000],6.826186541562119,0.5026652311151706,0.0,0.018081497051960445,,0.0912971123819685,False,6.0
D4.2__Fig 2__SQUID_data__IVB_BS30_A1S1_I_coil_+-0.3mA_fine_284mK_191103__IVB__T_1p40K[-0.000153750],6.671073617800305,0.5090639806462518,0.0,0.01806717776398553,,0.08953009750058281,False,6.0
D4.2__Fig 2__SQUID_data__IVB_BS30_A1S1_I_coil_+-0.3mA_fine_284mK_191103__IVB__T_1p40K[-0.000154500],6.4170160530631986,0.5099006926781994,0.0,0.018024846442406886,,0.08942170079497674,False,6.0
D4.2__Fig 2__SQUID_data__IVB_BS30_A1S1_I_coil_+-0.3mA_fine_284mK_191103__IVB__T_1p40K[-0.000155250],6.56350712913495,0.5111283255211395,0.0,0.01814251484348504,,0.09262823306690404,False,6.0
D4.2__Fig 2__SQUID_data__IVB_BS30_A1S1_I_coil_+-0.3mA_fine_284mK_191103__IVB__T_1p40K[-0.000156000],6.553885163043456,0.5153112380942875,0.0,0.018069117523665863,,0.09361929985294501,False,6.0
D4.2__Fig 2__SQUID_data__IVB_BS30_A1S1_I_coil_+-0.3mA_fine_284mK_191103__IVB__T_1p40K[-0.000156750],6.436966508832313,0.5805699284685345,0.0,0.017928143459387647,,0.09093400904160025,False,6.0
D4.2__Fig 2__SQUID_data__IVB_BS30_A1S1_I_coil_+-0.3mA_fine_284mK_191103__IVB__T_1p40K[-0.000157500],6.266506577171829,0.647821520748116,0.0,0.017907356820907414,,0.09033551289964216,False,6.0
D4.2__Fig 2__SQUID_data__IVB_BS30_A1S1_I_coil_+-0.3mA_fine_284mK_191103__IVB__T_1p40K[-0.000158250],6.139352443626557,0.6490483832815782,0.0,0.017836001741814368,,0.09202823384524417,False,6.0
D4.2__Fig 2__SQUID_data__IVB_BS30_A1S1_I_coil_+-0.3mA_fine_284mK_191103__IVB__T_1p40K[-0.000159000],6.033678776484969,0.6214214823275078,0.0,0.017908287146209755,,0.09378670210644556,False,6.0
D4.2__Fig 2__SQUID_data__IVB_BS30_A1S1_I_coil_+-0.3mA_fine_284mK_191103__IVB__T_1p40K[-0.000159750],6.353355730632322,0.5948674416274407,0.0,0.017891785715288596,,0.08934402860365367,False,6.0
D4.2__Fig 2__SQUID_data__IVB_BS30_A1S1_I_coil_+-0.3mA_fine_284mK_191103__IVB__T_1p40K[-0.000160500],6.405072371501105,0.5799791815012489,0.0,0.017909949870422343,,0.09564029833856577,False,6.0
D4.2__Fig 2__SQUID_data__IVB_BS30_A1S1_I_coil_+-0.3mA_fine_284mK_191103__IVB__T_1p40K[-0.000161250],6.299739351005561,0.5967718041846978,0.0,0.017885127984762546,,0.09264812137743487,False,6.0
D4.2__Fig 2__SQUID_data__IVB_BS30_A1S1_I_coil_+-0.3mA_fine_284mK_191103__IVB__T_1p40K[-0.000162000],6.278011102521633,0.5607727546778537,0.0,0.018045003056972247,,0.09259254613243478,False,6.0
D4.2__Fig 2__SQUID_data__IVB_BS30_A1S1_I_coil_+-0.3mA_fine_284mK_191103__IVB__T_1p40K[-0.000162750],6.374518606354529,0.540791359697374,0.0,0.01808486386009782,,0.09294585293149886,False,6.0
D4.2__Fig 2__SQUID_data__IVB_BS30_A1S1_I_coil_+-0.3mA_fine_284mK_191103__IVB__T_1p40K[-0.000163500],6.136585143152949,0.5382924998159211,0.0,0.017996365818735358,,0.09610750741272524,False,6.0
D4.2__Fig 2__SQUID_data__IVB_BS30_A1S1_I_coil_+-0.3mA_fine_284mK_191103__IVB__T_1p40K[-0.000164250],5.980745542854052,0.5327309461286092,0.0,0.017893242877458047,,0.09118677792604397,False,6.0
D4.2__Fig 2__SQUID_data__IVB_BS30_A1S1_I_coil_+-0.3mA_fine_284mK_191103__IVB__T_1p40K[-0.000165000],5.8484222771732,0.5934801358023846,0.0,0.01779880663697158,,0.09468206153517093,False,6.0
D4.2__Fig 2__SQUID_data__IVB_BS30_A1S1_I_coil_+-0.3mA_fine_284mK_191103__IVB__T_1p40K[-0.000165750],5.9223194650157955,0.6079575024379748,0.0,0.017891860877429222,,0.09049149474576687,False,6.0
D4.2__Fig 2__SQUID_data__IVB_BS30_A1S1_I_coil_+-0.3mA_fine_284mK_191103__IVB__T_1p40K[-0.000166500],5.8846992903503015,0.5263809741626675,0.0,0.01794310240484027,,0.0926227706151149,False,6.0
D4.2__Fig 2__SQUID_data__IVB_BS30_A1S1_I_coil_+-0.3mA_fine_284mK_191103__IVB__T_1p40K[-0.000167250],5.527680987159448,0.5145191227764246,0.0,0.018108416326085817,,0.09976804704511923,False,6.0
D4.2__Fig 2__SQUID_data__IVB_BS30_A1S1_I_coil_+-0.3mA_fine_284mK_191103__IVB__T_1p40K[-0.000168000],5.433181787169234,0.545433770127979,0.0,0.017993284649105188,,0.09448038589424698,False,6.0
D4.2__Fig 2__SQUID_data__IVB_BS30_A1S1_I_coil_+-0.3mA_fine_284mK_191103__IVB__T_1p40K[-0.000168750],5.744150475869324,0.7425723177786221,0.0,0.01770346637817526,,0.09475274344233406,False,6.0
D4.2__Fig 2__SQUID_data__IVB_BS30_A1S1_I_coil_+-0.3mA_fine_284mK_191103__IVB__T_1p40K[-0.000169500],6.088112733757909,0.743406977651167,0.0,0.017717699907441292,,0.1001125169947533,False,6.0
D4.2__Fig 2__SQUID_data__IVB_BS30_A1S1_I_coil_+-0.3mA_fine_284mK_191103__IVB__T_1p40K[-0.000170250],5.8854787072630845,0.5440022257459832,0.0,0.017913128226349818,,0.09085132756160513,False,6.0
D4.2__Fig 2__SQUID_data__IVB_BS30_A1S1_I_coil_+-0.3mA_fine_284mK_191103__IVB__T_1p40K[-0.000171000],5.955439839902203,0.5164594716232053,0.0,0.0180048909940708,,0.10706433207384128,False,6.0
D4.2__Fig 2__SQUID_data__IVB_BS30_A1S1_I_coil_+-0.3mA_fine_284mK_191103__IVB__T_1p40K[-0.000171750],6.124952441358294,0.5178186480382306,0.0,0.01804321529642547,,0.09951376586920083,False,6.0
D4.2__Fig 2__SQUID_data__IVB_BS30_A1S1_I_coil_+-0.3mA_fine_284mK_191103__IVB__T_1p40K[-0.000172500],6.002606601742007,0.5066461377578347,0.0,0.017965986552653936,,0.10729767772886145,False,6.0
D4.2__Fig 2__SQUID_data__IVB_BS30_A1S1_I_coil_+-0.3mA_fine_284mK_191103__IVB__T_1p40K[-0.000173250],6.085428264987007,0.5216943638833058,0.0,0.017954296657737432,,0.09498575224487843,False,6.0
D4.2__Fig 2__SQUID_data__IVB_BS30_A1S1_I_coil_+-0.3mA_fine_284mK_191103__IVB__T_1p40K[-0.000174000],6.169100370031902,0.4927437681410997,0.0,0.017947248951487655,,0.09380175527601764,False,6.0
D4.2__Fig 2__SQUID_data__IVB_BS30_A1S1_I_coil_+-0.3mA_fine_284mK_191103__IVB__T_1p40K[-0.000174750],6.788797077141574,0.5122723722300666,0.0,0.018032391522578597,,0.09190828754883584,False,6.0
D4.2__Fig 2__SQUID_data__IVB_BS30_A1S1_I_coil_+-0.3mA_fine_284mK_191103__IVB__T_1p40K[-0.000175500],6.785596020566194,0.5869151862364026,0.0,0.01781693647139574,,0.09464559459329222,False,6.0
D4.2__Fig 2__SQUID_data__IVB_BS30_A1S1_I_coil_+-0.3mA_fine_284mK_191103__IVB__T_1p40K[-0.000176250],6.932095096098108,0.756657548434993,0.0,0.017690275056715707,,0.09001274736700078,False,6.0
D4.2__Fig 2__SQUID_data__IVB_BS30_A1S1_I_coil_+-0.3mA_fine_284mK_191103__IVB__T_1p40K[-0.000177000],6.490863416362438,0.8103587931491552,0.0,0.01758206083424397,,0.09282301316185575,False,6.0
D4.2__Fig 2__SQUID_data__IVB_BS30_A1S1_I_coil_+-0.3mA_fine_284mK_191103__IVB__T_1p40K[-0.000177750],6.423377121267047,0.8170656301364603,0.0,0.01764696513401448,,0.09288376523873673,False,6.0
D4.2__Fig 2__SQUID_data__IVB_BS30_A1S1_I_coil_+-0.3mA_fine_284mK_191103__IVB__T_1p40K[-0.000178500],6.540368027516531,0.8193333824989263,0.0,0.01756615748668593,,0.09257668773967948,False,6.0
D4.2__Fig 2__SQUID_data__IVB_BS30_A1S1_I_coil_+-0.3mA_fine_284mK_191103__IVB__T_1p40K[-0.000179250],6.377537984211305,0.837283147663321,0.0,0.0176961488860393,,0.10464875937935499,False,6.0
D4.2__Fig 2__SQUID_data__IVB_BS30_A1S1_I_coil_+-0.3mA_fine_284mK_191103__IVB__T_1p40K[-0.000180000],6.230699952451806,0.8412040820757755,0.0,0.017653187996449063,,0.09899271509373743,False,6.0
D4.2__Fig 2__SQUID_data__IVB_BS30_A1S1_I_coil_+-0.3mA_fine_284mK_191103__IVB__T_1p40K[-0.000180750],6.2885134065882315,0.8656092587048412,0.0,0.017624874061529842,,0.09711897301994625,False,6.0
D4.2__Fig 2__SQUID_data__IVB_BS30_A1S1_I_coil_+-0.3mA_fine_284mK_191103__IVB__T_1p40K[-0.000181500],6.479634032650928,0.8926314529337867,0.0,0.01766235820345843,,0.09184149504480835,False,6.0
D4.2__Fig 2__SQUID_data__IVB_BS30_A1S1_I_coil_+-0.3mA_fine_284mK_191103__IVB__T_1p40K[-0.000182250],6.359165090539354,0.8604324208401565,0.0,0.017653979167158305,,0.10175274037282869,False,6.0
D4.2__Fig 2__SQUID_data__IVB_BS30_A1S1_I_coil_+-0.3mA_fine_284mK_191103__IVB__T_1p40K[-0.000183000],6.150388197836277,0.7991523402089538,0.0,0.01776366835599383,,0.09217311308574337,False,6.0
D4.2__Fig 2__SQUID_data__IVB_BS30_A1S1_I_coil_+-0.3mA_fine_284mK_191103__IVB__T_1p40K[-0.000183750],5.877564891317864,0.7320122703270027,0.0,0.01773027199531628,,0.09385953490115813,False,6.0
D4.2__Fig 2__SQUID_data__IVB_BS30_A1S1_I_coil_+-0.3mA_fine_284mK_191103__IVB__T_1p40K[-0.000184500],5.862602682955742,0.7002154756053875,0.0,0.017758574888251756,,0.09695423276022505,False,6.0
D4.2__Fig 2__SQUID_data__IVB_BS30_A1S1_I_coil_+-0.3mA_fine_284mK_191103__IVB__T_1p40K[-0.000185250],5.83074619488125,0.5535842298109683,0.0,0.01792951762063488,,0.09261517837496243,False,6.0
D4.2__Fig 2__SQUID_data__IVB_BS30_A1S1_I_coil_+-0.3mA_fine_284mK_191103__IVB__T_1p40K[-0.000186000],5.965877511102937,0.5023440537719954,0.0,0.01795934241681776,,0.09239243044978504,False,6.0
D4.2__Fig 2__SQUID_data__IVB_BS30_A1S1_I_coil_+-0.3mA_fine_284mK_191103__IVB__T_1p40K[-0.000186750],5.728048768841658,0.5050002909667862,0.0,0.01791909704977553,,0.09092750795803858,False,6.0
D4.2__Fig 2__SQUID_data__IVB_BS30_A1S1_I_coil_+-0.3mA_fine_284mK_191103__IVB__T_1p40K[-0.000187500],5.666993690404419,0.536823938083436,0.0,0.017989846966635664,,0.09504448482934492,False,6.0
D4.2__Fig 2__SQUID_data__IVB_BS30_A1S1_I_coil_+-0.3mA_fine_284mK_191103__IVB__T_1p40K[-0.000188250],6.084851741739596,0.5582445753104118,0.0,0.01795857550580464,,0.09364555573442443,False,6.0
D4.2__Fig 2__SQUID_data__IVB_BS30_A1S1_I_coil_+-0.3mA_fine_284mK_191103__IVB__T_1p40K[-0.000189000],6.352768703960218,0.596881503450985,0.0,0.017876434425312778,,0.09315224526734722,False,6.0
D4.2__Fig 2__SQUID_data__IVB_BS30_A1S1_I_coil_+-0.3mA_fine_284mK_191103__IVB__T_1p40K[-0.000189750],6.210223886947273,0.6430114663625159,0.0,0.017819977248763774,,0.09061555081293911,False,6.0
D4.2__Fig 2__SQUID_data__IVB_BS30_A1S1_I_coil_+-0.3mA_fine_284mK_191103__IVB__T_1p40K[-0.000190500],5.931087020294649,0.6372054514374971,0.0,0.01792029357864512,,0.09758138969951116,False,6.0
D4.2__Fig 2__SQUID_data__IVB_BS30_A1S1_I_coil_+-0.3mA_fine_284mK_191103__IVB__T_1p40K[-0.000191250],6.091268175683649,0.712522347681094,0.0,0.017732034839794283,,0.09385299255620987,False,6.0
D4.2__Fig 2__SQUID_data__IVB_BS30_A1S1_I_coil_+-0.3mA_fine_284mK_191103__IVB__T_1p40K[-0.000192000],6.230116460349202,0.8603925698864777,0.0,0.01776347226598968,,0.08813770981796828,False,6.0
D4.2__Fig 2__SQUID_data__IVB_BS30_A1S1_I_coil_+-0.3mA_fine_284mK_191103__IVB__T_1p40K[-0.000192750],6.124001289025863,0.8281210162588417,0.0,0.01780767181565882,,0.09202443319878252,False,6.0
D4.2__Fig 2__SQUID_data__IVB_BS30_A1S1_I_coil_+-0.3mA_fine_284mK_191103__IVB__T_1p40K[-0.000193500],5.9324962422044,0.6836694378722328,0.0,0.017934943172255313,,0.09175500095764043,False,6.0
D4.2__Fig 2__SQUID_data__IVB_BS30_A1S1_I_coil_+-0.3mA_fine_284mK_191103__IVB__T_1p40K[-0.000194250],5.841020608403974,0.6759750082406502,0.0,0.017890613983301135,,0.09209002953337217,False,6.0
D4.2__Fig 2__SQUID_data__IVB_BS30_A1S1_I_coil_+-0.3mA_fine_284mK_191103__IVB__T_1p40K[-0.000195000],5.408620650861331,0.6925063909106203,0.0,0.01785073617813192,,0.09434730868418739,False,6.0
D4.2__Fig 2__SQUID_data__IVB_BS30_A1S1_I_coil_+-0.3mA_fine_284mK_191103__IVB__T_1p40K[-0.000195750],5.397695001412906,0.7380046381782989,0.0,0.01792539917293932,,0.0908893924285804,False,6.0
D4.2__Fig 2__SQUID_data__IVB_BS30_A1S1_I_coil_+-0.3mA_fine_284mK_191103__IVB__T_1p40K[-0.000196500],5.547479716168498,0.8085278940397397,0.0,0.017786118914302308,,0.09553714430063678,False,6.0
D4.2__Fig 2__SQUID_data__IVB_BS30_A1S1_I_coil_+-0.3mA_fine_284mK_191103__IVB__T_1p40K[-0.000197250],5.715298187288054,0.7647296794188954,0.0,0.017882230908515862,,0.09353847424182331,False,6.0
D4.2__Fig 2__SQUID_data__IVB_BS30_A1S1_I_coil_+-0.3mA_fine_284mK_191103__IVB__T_1p40K[-0.000198000],5.471497986446098,0.7291502683266672,0.0,0.017940151636068217,,0.09207480866574558,False,6.0
D4.2__Fig 2__SQUID_data__IVB_BS30_A1S1_I_coil_+-0.3mA_fine_284mK_191103__IVB__T_1p40K[-0.000198750],5.741038536996218,0.7249243571965277,0.0,0.0179599166409132,,0.0924314292776339,False,6.0
D4.2__Fig 2__SQUID_data__IVB_BS30_A1S1_I_coil_+-0.3mA_fine_284mK_191103__IVB__T_1p40K[-0.000199500],5.9444373286909125,0.7126246500454373,0.0,0.01797205624608738,,0.09180498451822164,False,6.0
D4.2__Fig 2__SQUID_data__IVB_BS30_A1S1_I_coil_+-0.3mA_fine_284mK_191103__IVB__T_1p40K[-0.000200250],5.935766686552096,0.7044835205521632,0.0,0.017989346524329066,,0.0927334926398998,False,6.0
D4.2__Fig 2__SQUID_data__IVB_BS30_A1S1_I_coil_+-0.3mA_fine_284mK_191103__IVB__T_1p40K[-0.000201000],5.7448467404235295,0.7128298358629545,0.0,0.017894505603191085,,0.09094330178999668,False,6.0
D4.2__Fig 2__SQUID_data__IVB_BS30_A1S1_I_coil_+-0.3mA_fine_284mK_191103__IVB__T_1p40K[-0.000201750],6.010817265270027,0.7110816349298071,0.0,0.017904635862561562,,0.09178589030728103,False,6.0
D4.2__Fig 2__SQUID_data__IVB_BS30_A1S1_I_coil_+-0.3mA_fine_284mK_191103__IVB__T_1p40K[-0.000202500],6.47686835175873,0.7321648284072323,0.0,0.018000709560541495,,0.09247477504520782,False,6.0
D4.2__Fig 2__SQUID_data__IVB_BS30_A1S1_I_coil_+-0.3mA_fine_284mK_191103__IVB__T_1p40K[-0.000203250],6.713438406892396,0.8576292313258667,0.0,0.01772314137812104,,0.09209559643941624,False,6.0
D4.2__Fig 2__SQUID_data__IVB_BS30_A1S1_I_coil_+-0.3mA_fine_284mK_191103__IVB__T_1p40K[-0.000204000],6.73099429966298,0.8877869576179114,0.0,0.017695527662392522,,0.08942416358666878,False,6.0
D4.2__Fig 2__SQUID_data__IVB_BS30_A1S1_I_coil_+-0.3mA_fine_284mK_191103__IVB__T_1p40K[-0.000204750],6.618822649085354,0.8848626572512321,0.0,0.017703439433761837,,0.09220267079511668,False,6.0
D4.2__Fig 2__SQUID_data__IVB_BS30_A1S1_I_coil_+-0.3mA_fine_284mK_191103__IVB__T_1p40K[-0.000205500],6.339957026356768,0.8883927659329057,0.0,0.017767105289873703,,0.09418425890318373,False,6.0
D4.2__Fig 2__SQUID_data__IVB_BS30_A1S1_I_coil_+-0.3mA_fine_284mK_191103__IVB__T_1p40K[-0.000206250],6.353517356299248,0.7904175401024661,0.0,0.017838408499715727,,0.09000976967590955,False,6.0
D4.2__Fig 2__SQUID_data__IVB_BS30_A1S1_I_coil_+-0.3mA_fine_284mK_191103__IVB__T_1p40K[-0.000207000],6.133283657182567,0.6833743558820412,0.0,0.018060347842228142,,0.09340939970326484,False,6.0
D4.2__Fig 2__SQUID_data__IVB_BS30_A1S1_I_coil_+-0.3mA_fine_284mK_191103__IVB__T_1p40K[-0.000207750],5.961996079812293,0.6797789933553742,0.0,0.0179158029897991,,0.09719302852282957,False,6.0
D4.2__Fig 2__SQUID_data__IVB_BS30_A1S1_I_coil_+-0.3mA_fine_284mK_191103__IVB__T_1p40K[-0.000208500],6.565233480355478,0.6764214871202915,0.0,0.01806314226064862,,0.09493377751082437,False,6.0
D4.2__Fig 2__SQUID_data__IVB_BS30_A1S1_I_coil_+-0.3mA_fine_284mK_191103__IVB__T_1p40K[-0.000209250],6.6692075067092365,0.7347115596170681,0.0,0.017848706569125367,,0.08915955359156838,False,6.0
D4.2__Fig 2__SQUID_data__IVB_BS30_A1S1_I_coil_+-0.3mA_fine_284mK_191103__IVB__T_1p40K[-0.000210000],6.290666464247605,0.8789269077046621,0.0,0.01775809751437923,,0.08882822294344014,False,6.0
D4.2__Fig 2__SQUID_data__IVB_BS30_A1S1_I_coil_+-0.3mA_fine_284mK_191103__IVB__T_1p40K[-0.000210750],6.429715976738017,0.8529889359415243,0.0,0.017846428804999082,,0.09018794076955272,False,6.0
D4.2__Fig 2__SQUID_data__IVB_BS30_A1S1_I_coil_+-0.3mA_fine_284mK_191103__IVB__T_1p40K[-0.000211500],6.802489966608875,0.6803052825569816,0.0,0.01800539287274224,,0.09084212823726992,False,6.0
D4.2__Fig 2__SQUID_data__IVB_BS30_A1S1_I_coil_+-0.3mA_fine_284mK_191103__IVB__T_1p40K[-0.000212250],6.438607891497249,0.677185214232838,0.0,0.017966207224962345,,0.09176796553584297,False,6.0
D4.2__Fig 2__SQUID_data__IVB_BS30_A1S1_I_coil_+-0.3mA_fine_284mK_191103__IVB__T_1p40K[-0.000213000],6.0848143022269126,0.7925121502002476,0.0,0.01790241851405208,,0.08992265439004195,False,6.0
D4.2__Fig 2__SQUID_data__IVB_BS30_A1S1_I_coil_+-0.3mA_fine_284mK_191103__IVB__T_1p40K[-0.000213750],6.376734366602505,0.8801806875036507,0.0,0.017745066412560052,,0.088619169168984,False,6.0
D4.2__Fig 2__SQUID_data__IVB_BS30_A1S1_I_coil_+-0.3mA_fine_284mK_191103__IVB__T_1p40K[-0.000214500],6.3747490867768315,0.7351885381401573,0.0,0.01782246142836459,,0.09128775664534884,False,6.0
D4.2__Fig 2__SQUID_data__IVB_BS30_A1S1_I_coil_+-0.3mA_fine_284mK_191103__IVB__T_1p40K[-0.000215250],5.950681318815252,0.672467543874625,0.0,0.018037984059123373,,0.0913894183654215,False,6.0
D4.2__Fig 2__SQUID_data__IVB_BS30_A1S1_I_coil_+-0.3mA_fine_284mK_191103__IVB__T_1p40K[-0.000216000],5.862964965764518,0.8496514092054684,0.0,0.017941840350553344,,0.08876540412971337,False,6.0
D4.2__Fig 2__SQUID_data__IVB_BS30_A1S1_I_coil_+-0.3mA_fine_284mK_191103__IVB__T_1p40K[-0.000216750],5.83448704386027,0.8681158516358062,0.0,0.017761623932533766,,0.09162174015554088,False,6.0
D4.2__Fig 2__SQUID_data__IVB_BS30_A1S1_I_coil_+-0.3mA_fine_284mK_191103__IVB__T_1p40K[-0.000217500],5.956846821861785,0.8740135334159477,0.0,0.017708323610079967,,0.09297496480617125,False,6.0
D4.2__Fig 2__SQUID_data__IVB_BS30_A1S1_I_coil_+-0.3mA_fine_284mK_191103__IVB__T_1p40K[-0.000218250],5.7573116775725355,0.8600076858792848,0.0,0.0177927464971631,,0.09687035468054231,False,6.0
D4.2__Fig 2__SQUID_data__IVB_BS30_A1S1_I_coil_+-0.3mA_fine_284mK_191103__IVB__T_1p40K[-0.000219000],5.841834691014598,0.8740093995859924,0.0,0.01779361107213708,,0.09486631892411804,False,6.0
D4.2__Fig 2__SQUID_data__IVB_BS30_A1S1_I_coil_+-0.3mA_fine_284mK_191103__IVB__T_1p40K[-0.000219750],5.967156726899378,0.7956884109192802,0.0,0.017908874882369405,,0.09137370458677635,False,6.0
D4.2__Fig 2__SQUID_data__IVB_BS30_A1S1_I_coil_+-0.3mA_fine_284mK_191103__IVB__T_1p40K[-0.000220500],6.148543213956907,0.672170907173799,0.0,0.018102318595224688,,0.09671014646293838,False,6.0
D4.2__Fig 2__SQUID_data__IVB_BS30_A1S1_I_coil_+-0.3mA_fine_284mK_191103__IVB__T_1p40K[-0.000221250],5.958938755255593,0.7639386982935843,0.0,0.018003500299650952,,0.09578215173093016,False,6.0
D4.2__Fig 2__SQUID_data__IVB_BS30_A1S1_I_coil_+-0.3mA_fine_284mK_191103__IVB__T_1p40K[-0.000222000],5.8689835319679675,0.8676572100257398,0.0,0.01782057885139056,,0.09502952092461499,False,6.0
D4.2__Fig 2__SQUID_data__IVB_BS30_A1S1_I_coil_+-0.3mA_fine_284mK_191103__IVB__T_1p40K[-0.000222750],6.160121942878751,0.8168434672561528,0.0,0.01785004059162922,,0.095607888905528,False,6.0
D4.2__Fig 2__SQUID_data__IVB_BS30_A1S1_I_coil_+-0.3mA_fine_284mK_191103__IVB__T_1p40K[-0.000223500],6.3489855707251115,0.727960004821847,0.0,0.01802548690521716,,0.09607832325102904,False,6.0
D4.2__Fig 2__SQUID_data__IVB_BS30_A1S1_I_coil_+-0.3mA_fine_284mK_191103__IVB__T_1p40K[-0.000224250],6.207348648256872,0.7832549753477439,0.0,0.018028729489721368,,0.09520845341490924,False,6.0
D4.2__Fig 2__SQUID_data__IVB_BS30_A1S1_I_coil_+-0.3mA_fine_284mK_191103__IVB__T_1p40K[-0.000225000],6.1735517497158146,0.8782006625763076,0.0,0.017862415769060818,,0.09249852421805102,False,6.0
D4.2__Fig 2__SQUID_data__IVB_BS30_A1S1_I_coil_+-0.3mA_fine_284mK_191103__IVB__T_1p40K[-0.000225750],6.119484402858786,0.8745639790957248,0.0,0.01787879612364977,,0.10065582837091903,False,6.0
D4.2__Fig 2__SQUID_data__IVB_BS30_A1S1_I_coil_+-0.3mA_fine_284mK_191103__IVB__T_1p40K[-0.000226500],6.1047329482796755,0.7904565985431935,0.0,0.017894802077371194,,0.09140484494120743,False,6.0
D4.2__Fig 2__SQUID_data__IVB_BS30_A1S1_I_coil_+-0.3mA_fine_284mK_191103__IVB__T_1p40K[-0.000227250],5.9105031932637955,0.6756323774621378,0.0,0.018097003853344867,,0.09230348934670363,False,6.0
D4.2__Fig 2__SQUID_data__IVB_BS30_A1S1_I_coil_+-0.3mA_fine_284mK_191103__IVB__T_1p40K[-0.000228000],6.039291262326982,0.6867643402495579,0.0,0.018005661447241316,,0.093364023247278,False,6.0
D4.2__Fig 2__SQUID_data__IVB_BS30_A1S1_I_coil_+-0.3mA_fine_284mK_191103__IVB__T_1p40K[-0.000228750],5.826212191080624,0.8709885438208232,0.0,0.01775467383021546,,0.09847415118106348,False,6.0
D4.2__Fig 2__SQUID_data__IVB_BS30_A1S1_I_coil_+-0.3mA_fine_284mK_191103__IVB__T_1p40K[-0.000229500],5.8415218651832825,0.8676085841139248,0.0,0.01788389654138994,,0.0948154172864115,False,6.0
D4.2__Fig 2__SQUID_data__IVB_BS30_A1S1_I_coil_+-0.3mA_fine_284mK_191103__IVB__T_1p40K[-0.000230250],6.133998580794854,0.8783259825454017,0.0,0.01788325893429381,,0.09246061564845073,False,6.0
D4.2__Fig 2__SQUID_data__IVB_BS30_A1S1_I_coil_+-0.3mA_fine_284mK_191103__IVB__T_1p40K[-0.000231000],6.3222121101684,0.810000083653562,0.0,0.017927047967686856,,0.08904140363104901,False,6.0
D4.2__Fig 2__SQUID_data__IVB_BS30_A1S1_I_coil_+-0.3mA_fine_284mK_191103__IVB__T_1p40K[-0.000231750],6.37953137457376,0.7900787622897195,0.0,0.01794291139249273,,0.08865189747366324,False,6.0
D4.2__Fig 2__SQUID_data__IVB_BS30_A1S1_I_coil_+-0.3mA_fine_284mK_191103__IVB__T_1p40K[-0.000232500],6.319967900354821,0.70826785334181,0.0,0.0180241169264167,,0.09530317395387795,False,6.0
D4.2__Fig 2__SQUID_data__IVB_BS30_A1S1_I_coil_+-0.3mA_fine_284mK_191103__IVB__T_1p40K[-0.000233250],6.5320803492040795,0.684454282565501,0.0,0.018123030608337917,,0.09342768631113575,False,6.0
D4.2__Fig 2__SQUID_data__IVB_BS30_A1S1_I_coil_+-0.3mA_fine_284mK_191103__IVB__T_1p40K[-0.000234000],6.692816330886651,0.6633070108761665,0.0,0.01811475804195753,,0.091735035945786,False,6.0
D4.2__Fig 2__SQUID_data__IVB_BS30_A1S1_I_coil_+-0.3mA_fine_284mK_191103__IVB__T_1p40K[-0.000234750],6.356603521964953,0.6773474060388446,0.0,0.01822151209148273,,0.0908125776953492,False,6.0
D4.2__Fig 2__SQUID_data__IVB_BS30_A1S1_I_coil_+-0.3mA_fine_284mK_191103__IVB__T_1p40K[-0.000235500],5.803385735443284,0.6555677818522571,0.0,0.01812129409016723,,0.091907689903224,False,6.0
D4.2__Fig 2__SQUID_data__IVB_BS30_A1S1_I_coil_+-0.3mA_fine_284mK_191103__IVB__T_1p40K[-0.000236250],5.786369189190257,0.6703767394084351,0.0,0.018236607046861773,,0.09442464958555906,False,6.0
D4.2__Fig 2__SQUID_data__IVB_BS30_A1S1_I_coil_+-0.3mA_fine_284mK_191103__IVB__T_1p40K[-0.000237000],5.904420298282189,0.6863368002824046,0.0,0.018099846184088067,,0.09151450096518401,False,6.0
D4.2__Fig 2__SQUID_data__IVB_BS30_A1S1_I_coil_+-0.3mA_fine_284mK_191103__IVB__T_1p40K[-0.000237750],6.31744988642542,0.6729391559205915,0.0,0.018084061390547256,,0.09103360293895453,False,6.0
D4.2__Fig 2__SQUID_data__IVB_BS30_A1S1_I_coil_+-0.3mA_fine_284mK_191103__IVB__T_1p40K[-0.000238500],6.485318782544904,0.68582717510776,0.0,0.018168208634354366,,0.09067578986009588,False,6.0
D4.2__Fig 2__SQUID_data__IVB_BS30_A1S1_I_coil_+-0.3mA_fine_284mK_191103__IVB__T_1p40K[-0.000239250],6.40088597888153,0.8848857923478403,0.0,0.017974381539520412,,0.0909854094373808,False,6.0
D4.2__Fig 2__SQUID_data__IVB_BS30_A1S1_I_coil_+-0.3mA_fine_284mK_191103__IVB__T_1p40K[-0.000240000],6.230745479545819,0.8865248589905675,0.0,0.01786951985870567,,0.09054059327052044,False,6.0
D4.2__Fig 2__SQUID_data__IVB_BS30_A1S1_I_coil_+-0.3mA_fine_284mK_191103__IVB__T_1p40K[-0.000240750],5.948257621666328,0.799995323906097,0.0,0.017970294778474498,,0.09465442044823515,False,6.0
D4.2__Fig 2__SQUID_data__IVB_BS30_A1S1_I_coil_+-0.3mA_fine_284mK_191103__IVB__T_1p40K[-0.000241500],5.64613323246052,0.7730037711427423,0.0,0.017955670247048715,,0.09065261927506786,False,6.0
D4.2__Fig 2__SQUID_data__IVB_BS30_A1S1_I_coil_+-0.3mA_fine_284mK_191103__IVB__T_1p40K[-0.000242250],5.764995006003316,0.8621481782036069,0.0,0.01788964691574874,,0.09158937258644548,False,6.0
D4.2__Fig 2__SQUID_data__IVB_BS30_A1S1_I_coil_+-0.3mA_fine_284mK_191103__IVB__T_1p40K[-0.000243000],5.751710174319672,0.8659934649789411,0.0,0.01793821808783133,,0.09646570412862325,False,6.0
D4.2__Fig 2__SQUID_data__IVB_BS30_A1S1_I_coil_+-0.3mA_fine_284mK_191103__IVB__T_1p40K[-0.000243750],5.635612498816971,0.6780130116274683,0.0,0.018180298061039567,,0.10926524650879435,False,6.0
D4.2__Fig 2__SQUID_data__IVB_BS30_A1S1_I_coil_+-0.3mA_fine_284mK_191103__IVB__T_1p40K[-0.000244500],5.433019344155427,0.6720741110849836,0.0,0.018080965433872564,,0.09663414785836544,False,6.0
D4.2__Fig 2__SQUID_data__IVB_BS30_A1S1_I_coil_+-0.3mA_fine_284mK_191103__IVB__T_1p40K[-0.000245250],5.539079187030319,0.8733630195620204,0.0,0.017926731928561996,,0.09044469130560928,False,6.0
D4.2__Fig 2__SQUID_data__IVB_BS30_A1S1_I_coil_+-0.3mA_fine_284mK_191103__IVB__T_1p40K[-0.000246000],5.652061003523469,0.8717834067678648,0.0,0.01776839698214614,,0.09200094729179022,False,6.0
D4.2__Fig 2__SQUID_data__IVB_BS30_A1S1_I_coil_+-0.3mA_fine_284mK_191103__IVB__T_1p40K[-0.000246750],5.71112302880851,0.8908763929208964,0.0,0.017812329531091218,,0.09355976041282184,False,6.0
D4.2__Fig 2__SQUID_data__IVB_BS30_A1S1_I_coil_+-0.3mA_fine_284mK_191103__IVB__T_1p40K[-0.000247500],5.415949320087751,0.8309974398054774,0.0,0.017884771430974278,,0.08966202863781268,False,6.0
D4.2__Fig 2__SQUID_data__IVB_BS30_A1S1_I_coil_+-0.3mA_fine_284mK_191103__IVB__T_1p40K[-0.000248250],5.684233118157488,0.6896860543085471,0.0,0.017996449010540077,,0.09111315682952205,False,6.0
D4.2__Fig 2__SQUID_data__IVB_BS30_A1S1_I_coil_+-0.3mA_fine_284mK_191103__IVB__T_1p40K[-0.000249000],5.6521188392298845,0.7232514302571592,0.0,0.01799585847301731,,0.09307897086744663,False,6.0
D4.2__Fig 2__SQUID_data__IVB_BS30_A1S1_I_coil_+-0.3mA_fine_284mK_191103__IVB__T_1p40K[-0.000249750],5.671655838263833,0.7222743446933332,0.0,0.01794282671849032,,0.09498073627311476,False,6.0
D4.2__Fig 2__SQUID_data__IVB_BS30_A1S1_I_coil_+-0.3mA_fine_284mK_191103__IVB__T_1p40K[-0.000250500],5.811151309642769,0.7383022120163497,0.0,0.01798753155734657,,0.08928998174554242,False,6.0
D4.2__Fig 2__SQUID_data__IVB_BS30_A1S1_I_coil_+-0.3mA_fine_284mK_191103__IVB__T_1p40K[-0.000251250],5.679930808715384,0.7446375048538917,0.0,0.01794476299958091,,0.09148307497747701,False,6.0
D4.2__Fig 2__SQUID_data__IVB_BS30_A1S1_I_coil_+-0.3mA_fine_284mK_191103__IVB__T_1p40K[-0.000252000],5.830025920420661,0.7748473949207418,0.0,0.01789714553667289,,0.08920455033857716,False,6.0
D4.2__Fig 2__SQUID_data__IVB_BS30_A1S1_I_coil_+-0.3mA_fine_284mK_191103__IVB__T_1p40K[-0.000252750],5.687713085989367,0.7874179464271617,0.0,0.017838497539629777,,0.09361713016933498,False,6.0
D4.2__Fig 2__SQUID_data__IVB_BS30_A1S1_I_coil_+-0.3mA_fine_284mK_191103__IVB__T_1p40K[-0.000253500],5.5927321757167725,0.8795872428774105,0.0,0.017653558604898385,,0.09440128818140088,False,6.0
D4.2__Fig 2__SQUID_data__IVB_BS30_A1S1_I_coil_+-0.3mA_fine_284mK_191103__IVB__T_1p40K[-0.000254250],5.56165775226466,0.9403670633584738,0.0,0.01765472133908144,,0.09250474829883444,False,6.0
D4.2__Fig 2__SQUID_data__IVB_BS30_A1S1_I_coil_+-0.3mA_fine_284mK_191103__IVB__T_1p40K[-0.000255000],5.804654975397058,0.9586033042370685,0.0,0.017641869804071755,,0.09402764709858906,False,6.0
D4.2__Fig 2__SQUID_data__IVB_BS30_A1S1_I_coil_+-0.3mA_fine_284mK_191103__IVB__T_1p40K[-0.000255750],5.935579192260518,0.9602113265917706,0.0,0.017601171995065144,,0.08889071395896625,False,6.0
D4.2__Fig 2__SQUID_data__IVB_BS30_A1S1_I_coil_+-0.3mA_fine_284mK_191103__IVB__T_1p40K[-0.000256500],6.0370197589895,0.9347102126289849,0.0,0.01760469837512207,,0.09192776442126585,False,6.0
D4.2__Fig 2__SQUID_data__IVB_BS30_A1S1_I_coil_+-0.3mA_fine_284mK_191103__IVB__T_1p40K[-0.000257250],5.814053701703397,0.7824287661401956,0.0,0.01780419372907326,,0.09128193275953655,False,6.0
D4.2__Fig 2__SQUID_data__IVB_BS30_A1S1_I_coil_+-0.3mA_fine_284mK_191103__IVB__T_1p40K[-0.000258000],5.5412216854892815,0.7699946959829648,0.0,0.01776019456757099,,0.09100252318517031,False,6.0
D4.2__Fig 2__SQUID_data__IVB_BS30_A1S1_I_coil_+-0.3mA_fine_284mK_191103__IVB__T_1p40K[-0.000258750],5.150192915477217,0.8386078265330189,0.0,0.017645822421120717,,0.09073883886715499,False,6.0
D4.2__Fig 2__SQUID_data__IVB_BS30_A1S1_I_coil_+-0.3mA_fine_284mK_191103__IVB__T_1p40K[-0.000259500],5.316670719128444,0.9365002075774287,0.0,0.017607525939334793,,0.0928621584347246,False,6.0
D4.2__Fig 2__SQUID_data__IVB_BS30_A1S1_I_coil_+-0.3mA_fine_284mK_191103__IVB__T_1p40K[-0.000260250],5.302670683049239,0.947027618607882,0.0,0.0176150680314583,,0.09075047445771903,False,6.0
D4.2__Fig 2__SQUID_data__IVB_BS30_A1S1_I_coil_+-0.3mA_fine_284mK_191103__IVB__T_1p40K[-0.000261000],5.451010830080694,0.9430313297630889,0.0,0.017632470516369098,,0.09495421909756055,False,6.0
D4.2__Fig 2__SQUID_data__IVB_BS30_A1S1_I_coil_+-0.3mA_fine_284mK_191103__IVB__T_1p40K[-0.000261750],5.669935514550023,0.9033322905787905,0.0,0.017624757608497986,,0.09375804760441861,False,6.0
D4.2__Fig 2__SQUID_data__IVB_BS30_A1S1_I_coil_+-0.3mA_fine_284mK_191103__IVB__T_1p40K[-0.000262500],5.32272127435362,0.9408839798521403,0.0,0.017637935822628324,,0.09260171835735802,False,6.0
D4.2__Fig 2__SQUID_data__IVB_BS30_A1S1_I_coil_+-0.3mA_fine_284mK_191103__IVB__T_1p40K[-0.000263250],5.507954570324138,0.9433666198762269,0.0,0.017611885363148956,,0.09688721658580791,False,6.0
D4.2__Fig 2__SQUID_data__IVB_BS30_A1S1_I_coil_+-0.3mA_fine_284mK_191103__IVB__T_1p40K[-0.000264000],5.577997055468043,0.9170738752686117,0.0,0.017592100873676617,,0.09057936910473663,False,6.0
D4.2__Fig 2__SQUID_data__IVB_BS30_A1S1_I_coil_+-0.3mA_fine_284mK_191103__IVB__T_1p40K[-0.000264750],5.611667968752658,0.9638755365681106,0.0,0.01760709927629504,,0.09095904468642926,False,6.0
D4.2__Fig 2__SQUID_data__IVB_BS30_A1S1_I_coil_+-0.3mA_fine_284mK_191103__IVB__T_1p40K[-0.000265500],5.495704281657073,0.9539422058941566,0.0,0.017570083463730762,,0.09253685498779214,False,6.0
D4.2__Fig 2__SQUID_data__IVB_BS30_A1S1_I_coil_+-0.3mA_fine_284mK_191103__IVB__T_1p40K[-0.000266250],5.624050790659142,0.9513687708730458,0.0,0.01758563582473995,,0.08765650042144953,False,6.0
D4.2__Fig 2__SQUID_data__IVB_BS30_A1S1_I_coil_+-0.3mA_fine_284mK_191103__IVB__T_1p40K[-0.000267000],5.387631888940028,0.9335219209256412,0.0,0.017570142052462292,,0.08965003112115069,False,6.0
D4.2__Fig 2__SQUID_data__IVB_BS30_A1S1_I_coil_+-0.3mA_fine_284mK_191103__IVB__T_1p40K[-0.000267750],5.127678180923669,0.9304716526791257,0.0,0.017644764537801384,,0.09478601912356079,False,6.0
D4.2__Fig 2__SQUID_data__IVB_BS30_A1S1_I_coil_+-0.3mA_fine_284mK_191103__IVB__T_1p40K[-0.000268500],5.16903333375381,0.8581897050646609,0.0,0.017670452923308294,,0.09329767039096556,False,6.0
D4.2__Fig 2__SQUID_data__IVB_BS30_A1S1_I_coil_+-0.3mA_fine_284mK_191103__IVB__T_1p40K[-0.000269250],4.966944745954328,0.7774326931262557,0.0,0.017807600989164608,,0.08911695495264889,False,6.0
D4.2__Fig 2__SQUID_data__IVB_BS30_A1S1_I_coil_+-0.3mA_fine_284mK_191103__IVB__T_1p40K[-0.000270000],5.064434329664373,0.7532109125662095,0.0,0.017763971580976902,,0.09768723293143865,False,6.0
D4.2__Fig 2__SQUID_data__IVB_BS30_A1S1_I_coil_+-0.3mA_fine_284mK_191103__IVB__T_1p40K[-0.000270750],5.251496861389845,0.7646927197418251,0.0,0.017805395936215503,,0.09391140108565557,False,6.0
D4.2__Fig 2__SQUID_data__IVB_BS30_A1S1_I_coil_+-0.3mA_fine_284mK_191103__IVB__T_1p40K[-0.000271500],5.348040026180375,0.7517236869574789,0.0,0.017790365451529445,,0.09401086171418285,False,6.0
D4.2__Fig 2__SQUID_data__IVB_BS30_A1S1_I_coil_+-0.3mA_fine_284mK_191103__IVB__T_1p40K[-0.000272250],5.405025311138257,0.7582570793218663,0.0,0.017829619790261635,,0.09092210907475946,False,6.0
D4.2__Fig 2__SQUID_data__IVB_BS30_A1S1_I_coil_+-0.3mA_fine_284mK_191103__IVB__T_1p40K[-0.000273000],5.408119584440161,0.7599774307484211,0.0,0.01773989215300211,,0.0916992329956319,False,6.0
D4.2__Fig 2__SQUID_data__IVB_BS30_A1S1_I_coil_+-0.3mA_fine_284mK_191103__IVB__T_1p40K[-0.000273750],5.3159714112411836,0.8189250892833816,0.0,0.017696957288898092,,0.093233544715885,False,6.0
D4.2__Fig 2__SQUID_data__IVB_BS30_A1S1_I_coil_+-0.3mA_fine_284mK_191103__IVB__T_1p40K[-0.000274500],5.316567491557821,0.9492338929165766,0.0,0.017659307425720746,,0.09266136452239088,False,6.0
D4.2__Fig 2__SQUID_data__IVB_BS30_A1S1_I_coil_+-0.3mA_fine_284mK_191103__IVB__T_1p40K[-0.000275250],5.297081318475611,0.9334951905174314,0.0,0.017550038597590818,,0.09170011996700725,False,6.0
D4.2__Fig 2__SQUID_data__IVB_BS30_A1S1_I_coil_+-0.3mA_fine_284mK_191103__IVB__T_1p40K[-0.000276000],5.370700550443773,0.9270838516722781,0.0,0.017607972851753115,,0.09442802589400952,False,6.0
D4.2__Fig 2__SQUID_data__IVB_BS30_A1S1_I_coil_+-0.3mA_fine_284mK_191103__IVB__T_1p40K[-0.000276750],5.222192646187346,0.8465988525639667,0.0,0.017712605786714852,,0.09293406188838658,False,6.0
D4.2__Fig 2__SQUID_data__IVB_BS30_A1S1_I_coil_+-0.3mA_fine_284mK_191103__IVB__T_1p40K[-0.000277500],5.233817305980974,0.7911360579493373,0.0,0.017699060041447046,,0.09633553136084581,False,6.0
D4.2__Fig 2__SQUID_data__IVB_BS30_A1S1_I_coil_+-0.3mA_fine_284mK_191103__IVB__T_1p40K[-0.000278250],5.078967210644449,0.8323434960683427,0.0,0.01769331077206219,,0.09138490510011611,False,6.0
D4.2__Fig 2__SQUID_data__IVB_BS30_A1S1_I_coil_+-0.3mA_fine_284mK_191103__IVB__T_1p40K[-0.000279000],5.426114757336583,0.9546580506607526,0.0,0.01769092554945941,,0.09506553167123799,False,6.0
D4.2__Fig 2__SQUID_data__IVB_BS30_A1S1_I_coil_+-0.3mA_fine_284mK_191103__IVB__T_1p40K[-0.000279750],5.589370546413028,0.955807550588776,0.0,0.017559820001576135,,0.09239656883637601,False,6.0
D4.2__Fig 2__SQUID_data__IVB_BS30_A1S1_I_coil_+-0.3mA_fine_284mK_191103__IVB__T_1p40K[-0.000280500],5.497981498284268,0.9216658907653924,0.0,0.017627959855441466,,0.09196940918273978,False,6.0
D4.2__Fig 2__SQUID_data__IVB_BS30_A1S1_I_coil_+-0.3mA_fine_284mK_191103__IVB__T_1p40K[-0.000281250],5.582023527379027,0.8062029804285099,0.0,0.01775808013212131,,0.11116463461490163,False,6.0
D4.2__Fig 2__SQUID_data__IVB_BS30_A1S1_I_coil_+-0.3mA_fine_284mK_191103__IVB__T_1p40K[-0.000282000],5.628082227244058,0.7812012726694458,0.0,0.01782759962623238,,0.08917244575976556,False,6.0
D4.2__Fig 2__SQUID_data__IVB_BS30_A1S1_I_coil_+-0.3mA_fine_284mK_191103__IVB__T_1p40K[-0.000282750],5.584034675197904,0.7920163100551875,0.0,0.01781393362197443,,0.09195674846723026,False,6.0
D4.2__Fig 2__SQUID_data__IVB_BS30_A1S1_I_coil_+-0.3mA_fine_284mK_191103__IVB__T_1p40K[-0.000283500],5.538215613433728,0.8600699142253694,0.0,0.017703976155179477,,0.11234206833321535,False,6.0
D4.2__Fig 2__SQUID_data__IVB_BS30_A1S1_I_coil_+-0.3mA_fine_284mK_191103__IVB__T_1p40K[-0.000284250],5.596390409619153,0.9633831005326008,0.0,0.01747538726006007,,0.09729008292857497,False,6.0
D4.2__Fig 2__SQUID_data__IVB_BS30_A1S1_I_coil_+-0.3mA_fine_284mK_191103__IVB__T_1p40K[-0.000285000],5.659484129672316,0.9659303488487144,0.0,0.01768756708915778,,0.10565037982368847,False,6.0
D4.2__Fig 2__SQUID_data__IVB_BS30_A1S1_I_coil_+-0.3mA_fine_284mK_191103__IVB__T_1p40K[-0.000285750],5.802100930017505,0.9732139798516561,0.0,0.017618241249384943,,0.09029185997671181,False,6.0
D4.2__Fig 2__SQUID_data__IVB_BS30_A1S1_I_coil_+-0.3mA_fine_284mK_191103__IVB__T_1p40K[-0.000286500],5.791378803884322,0.8971215171452248,0.0,0.017702617550081963,,0.11256481667646853,False,6.0
D4.2__Fig 2__SQUID_data__IVB_BS30_A1S1_I_coil_+-0.3mA_fine_284mK_191103__IVB__T_1p40K[-0.000287250],5.6793809082868325,0.8737766799879453,0.0,0.01758863942487564,,0.09189021331726512,False,6.0
D4.2__Fig 2__SQUID_data__IVB_BS30_A1S1_I_coil_+-0.3mA_fine_284mK_191103__IVB__T_1p40K[-0.000288000],5.765518283319926,0.8355410488646559,0.0,0.017688486008994916,,0.09156576531015267,False,6.0
D4.2__Fig 2__SQUID_data__IVB_BS30_A1S1_I_coil_+-0.3mA_fine_284mK_191103__IVB__T_1p40K[-0.000288750],5.7740832681217436,0.7580419331256408,0.0,0.017796116149510346,,0.09181731664445414,False,6.0
D4.2__Fig 2__SQUID_data__IVB_BS30_A1S1_I_coil_+-0.3mA_fine_284mK_191103__IVB__T_1p40K[-0.000289500],5.508281932811666,0.756512055365479,0.0,0.017872581138710052,,0.08972788406649027,False,6.0
D4.2__Fig 2__SQUID_data__IVB_BS30_A1S1_I_coil_+-0.3mA_fine_284mK_191103__IVB__T_1p40K[-0.000290250],5.600802194573953,0.7539025956828231,0.0,0.01790668633467685,,0.09822364439087593,False,6.0
D4.2__Fig 2__SQUID_data__IVB_BS30_A1S1_I_coil_+-0.3mA_fine_284mK_191103__IVB__T_1p40K[-0.000291000],5.752685466330152,0.7571284304224667,0.0,0.017870154059229273,,0.09462614509629652,False,6.0
D4.2__Fig 2__SQUID_data__IVB_BS30_A1S1_I_coil_+-0.3mA_fine_284mK_191103__IVB__T_1p40K[-0.000291750],5.544449619478144,0.7293543685072225,0.0,0.017718606728698398,,0.09399578156868453,False,6.0
D4.2__Fig 2__SQUID_data__IVB_BS30_A1S1_I_coil_+-0.3mA_fine_284mK_191103__IVB__T_1p40K[-0.000292500],5.308202403793341,0.696866188909982,0.0,0.017878905989203376,,0.09326471618774555,False,6.0
D4.2__Fig 2__SQUID_data__IVB_BS30_A1S1_I_coil_+-0.3mA_fine_284mK_191103__IVB__T_1p40K[-0.000293250],5.418339381152501,0.6643842810799004,0.0,0.017860806276754824,,0.09460763988590995,False,6.0
D4.2__Fig 2__SQUID_data__IVB_BS30_A1S1_I_coil_+-0.3mA_fine_284mK_191103__IVB__T_1p40K[-0.000294000],5.32894717418612,0.6497383133214677,0.0,0.017821931494987682,,0.0986078670087859,False,6.0
D4.2__Fig 2__SQUID_data__IVB_BS30_A1S1_I_coil_+-0.3mA_fine_284mK_191103__IVB__T_1p40K[-0.000294750],5.3153249518667565,0.6269098791629689,0.0,0.017762730922225474,,0.10100797752441627,False,6.0
D4.2__Fig 2__SQUID_data__IVB_BS30_A1S1_I_coil_+-0.3mA_fine_284mK_191103__IVB__T_1p40K[-0.000295500],5.314120571412643,0.5801088569007827,0.0,0.017770922871838395,,0.09783091342632699,False,6.0
D4.2__Fig 2__SQUID_data__IVB_BS30_A1S1_I_coil_+-0.3mA_fine_284mK_191103__IVB__T_1p40K[-0.000296250],5.041831439274881,0.5652382044012877,0.0,0.017846803585866808,,0.09203158163713417,False,6.0
D4.2__Fig 2__SQUID_data__IVB_BS30_A1S1_I_coil_+-0.3mA_fine_284mK_191103__IVB__T_1p40K[-0.000297000],5.177639625597609,0.5684397563577447,0.0,0.017885727960681372,,0.09589213733160284,False,6.0
D4.2__Fig 2__SQUID_data__IVB_BS30_A1S1_I_coil_+-0.3mA_fine_284mK_191103__IVB__T_1p40K[-0.000297750],5.060882007938977,0.5448770646473474,0.0,0.017905489776861988,,0.09844497611868858,False,6.0
D4.2__Fig 2__SQUID_data__IVB_BS30_A1S1_I_coil_+-0.3mA_fine_284mK_191103__IVB__T_1p40K[-0.000298500],5.015474276578831,0.5304401018176975,0.0,0.018037217770391984,,0.09203977128358144,False,6.0
D4.2__Fig 2__SQUID_data__IVB_BS30_A1S1_I_coil_+-0.3mA_fine_284mK_191103__IVB__T_1p40K[-0.000299250],5.063713674741075,0.5331933957640392,0.0,0.017944395925065998,,0.08971647172314576,False,6.0
D4.2__Fig 2__SQUID_data__IVB_BS30_A1S1_I_coil_+-0.3mA_fine_284mK_191103__IVB__T_1p40K[-0.000300000],5.28400444109491,0.6071281938914641,0.0,0.01791414577266232,,0.09036506688035743,False,6.0
D4.2__Fig 2__SQUID_data__IVB_BS30_A1S1_I_coil_+-0.3mA_fine_284mK_191103__IVB__T_1p40K[0.000000000],7.34218349581963,0.7034108169760825,0.0,0.017850577143748395,,0.09621317073401098,False,6.0
D4.2__Fig 2__SQUID_data__IVB_BS30_A1S1_I_coil_+-0.3mA_fine_284mK_191103__IVB__T_1p40K[0.000000750],6.938230207837508,0.6565102036982938,0.0,0.017929905368719964,,0.09155602411680876,False,6.0
D4.2__Fig 2__SQUID_data__IVB_BS30_A1S1_I_coil_+-0.3mA_fine_284mK_191103__IVB__T_1p40K[0.000001500],7.208107196056255,0.494695811843894,0.0,0.018138903851069015,,0.09932896953669858,False,6.0
D4.2__Fig 2__SQUID_data__IVB_BS30_A1S1_I_coil_+-0.3mA_fine_284mK_191103__IVB__T_1p40K[0.000002250],7.590636366752702,0.6040673127567485,0.0,0.018018824180153926,,0.10128973874725662,False,6.0
D4.2__Fig 2__SQUID_data__IVB_BS30_A1S1_I_coil_+-0.3mA_fine_284mK_191103__IVB__T_1p40K[0.000003000],7.662429617363236,0.6620423519203038,0.0,0.017893303429966364,,0.10152922108299023,False,6.0
D4.2__Fig 2__SQUID_data__IVB_BS30_A1S1_I_coil_+-0.3mA_fine_284mK_191103__IVB__T_1p40K[0.000003750],7.936181366148891,0.4844134893692125,0.0,0.018091114302106557,,0.09296911669267022,False,6.0
D4.2__Fig 2__SQUID_data__IVB_BS30_A1S1_I_coil_+-0.3mA_fine_284mK_191103__IVB__T_1p40K[0.000004500],7.895629864171916,0.6416533780976312,0.0,0.017903169297396788,,0.09096983677236081,False,6.0
D4.2__Fig 2__SQUID_data__IVB_BS30_A1S1_I_coil_+-0.3mA_fine_284mK_191103__IVB__T_1p40K[0.000005250],7.166958144116268,0.6953162569840092,0.0,0.01788606286593984,,0.09864996095651433,False,6.0
D4.2__Fig 2__SQUID_data__IVB_BS30_A1S1_I_coil_+-0.3mA_fine_284mK_191103__IVB__T_1p40K[0.000006000],6.764468171765585,0.5773163972039562,0.0,0.018014514677103653,,0.0925935009979213,False,6.0
D4.2__Fig 2__SQUID_data__IVB_BS30_A1S1_I_coil_+-0.3mA_fine_284mK_191103__IVB__T_1p40K[0.000006750],7.289106830966716,0.5055630987071885,0.0,0.01812221004690746,,0.0954447601450902,False,6.0
D4.2__Fig 2__SQUID_data__IVB_BS30_A1S1_I_coil_+-0.3mA_fine_284mK_191103__IVB__T_1p40K[0.000007500],7.468141400808394,0.4860859343938137,0.0,0.018171203014045727,,0.0968149703702094,False,6.0
D4.2__Fig 2__SQUID_data__IVB_BS30_A1S1_I_coil_+-0.3mA_fine_284mK_191103__IVB__T_1p40K[0.000008250],7.545259754820188,0.4885454837188936,0.0,0.018097522974426072,,0.09193222818822844,False,6.0
D4.2__Fig 2__SQUID_data__IVB_BS30_A1S1_I_coil_+-0.3mA_fine_284mK_191103__IVB__T_1p40K[0.000009000],7.553223125059088,0.48960671857473176,0.0,0.01811401801044803,,0.09509845495970602,False,6.0
D4.2__Fig 2__SQUID_data__IVB_BS30_A1S1_I_coil_+-0.3mA_fine_284mK_191103__IVB__T_1p40K[0.000009750],6.6457820704544845,0.4832756509937419,0.0,0.01798201966897621,,0.09421984604508044,False,6.0
D4.2__Fig 2__SQUID_data__IVB_BS30_A1S1_I_coil_+-0.3mA_fine_284mK_191103__IVB__T_1p40K[0.000010500],6.8419113334577135,0.515360340979646,0.0,0.017890295187989777,,0.09988169873345451,False,6.0
D4.2__Fig 2__SQUID_data__IVB_BS30_A1S1_I_coil_+-0.3mA_fine_284mK_191103__IVB__T_1p40K[0.000011250],7.251325789759906,0.6134583437486688,0.0,0.017786199971606347,,0.09492980229579139,False,6.0
D4.2__Fig 2__SQUID_data__IVB_BS30_A1S1_I_coil_+-0.3mA_fine_284mK_191103__IVB__T_1p40K[0.000012000],6.973401398333391,0.7374891898903636,0.0,0.017767467999677624,,0.09388162820129783,False,6.0
D4.2__Fig 2__SQUID_data__IVB_BS30_A1S1_I_coil_+-0.3mA_fine_284mK_191103__IVB__T_1p40K[0.000012750],6.9877565396223025,0.7275576854398734,0.0,0.017662419822105934,,0.09520907688256514,False,6.0
D4.2__Fig 2__SQUID_data__IVB_BS30_A1S1_I_coil_+-0.3mA_fine_284mK_191103__IVB__T_1p40K[0.000013500],6.82869490516612,0.6807535570540878,0.0,0.017720809560167153,,0.0944941253096543,False,6.0
D4.2__Fig 2__SQUID_data__IVB_BS30_A1S1_I_coil_+-0.3mA_fine_284mK_191103__IVB__T_1p40K[0.000014250],6.570667142488324,0.6292673725029337,0.0,0.01776679047467047,,0.09089582328646806,False,6.0
D4.2__Fig 2__SQUID_data__IVB_BS30_A1S1_I_coil_+-0.3mA_fine_284mK_191103__IVB__T_1p40K[0.000015000],6.6184591521525835,0.6519101670105076,0.0,0.01790354601698119,,0.0937417578097175,False,6.0
D4.2__Fig 2__SQUID_data__IVB_BS30_A1S1_I_coil_+-0.3mA_fine_284mK_191103__IVB__T_1p40K[0.000015750],6.967407899159191,0.6935667145642407,0.0,0.01791165015066499,,0.09133541489410692,False,6.0
D4.2__Fig 2__SQUID_data__IVB_BS30_A1S1_I_coil_+-0.3mA_fine_284mK_191103__IVB__T_1p40K[0.000016500],6.997501589650145,0.7508825001284949,0.0,0.017800786655212494,,0.09367263252182562,False,6.0
D4.2__Fig 2__SQUID_data__IVB_BS30_A1S1_I_coil_+-0.3mA_fine_284mK_191103__IVB__T_1p40K[0.000017250],7.063035585700579,0.7384182621517384,0.0,0.01789543437700609,,0.09245997560570329,False,6.0
D4.2__Fig 2__SQUID_data__IVB_BS30_A1S1_I_coil_+-0.3mA_fine_284mK_191103__IVB__T_1p40K[0.000018000],7.332965161653278,0.7495164079745448,0.0,0.017881985232000224,,0.0916145235452615,False,6.0
D4.2__Fig 2__SQUID_data__IVB_BS30_A1S1_I_coil_+-0.3mA_fine_284mK_191103__IVB__T_1p40K[0.000018750],7.567202329967788,0.7608616157353407,0.0,0.01777208327828143,,0.08997986737243337,False,6.0
D4.2__Fig 2__SQUID_data__IVB_BS30_A1S1_I_coil_+-0.3mA_fine_284mK_191103__IVB__T_1p40K[0.000019500],7.865031689146733,0.8617182291583306,0.0,0.01767847590381956,,0.09420561326532521,False,6.0
D4.2__Fig 2__SQUID_data__IVB_BS30_A1S1_I_coil_+-0.3mA_fine_284mK_191103__IVB__T_1p40K[0.000020250],8.551450158204375,0.9650022620990883,0.0,0.017602008656062307,,0.09299435597290286,False,6.0
D4.2__Fig 2__SQUID_data__IVB_BS30_A1S1_I_coil_+-0.3mA_fine_284mK_191103__IVB__T_1p40K[0.000021000],8.516828810280254,0.7812182102916299,0.0,0.017774023619842656,,0.09142348729691271,False,6.0
D4.2__Fig 2__SQUID_data__IVB_BS30_A1S1_I_coil_+-0.3mA_fine_284mK_191103__IVB__T_1p40K[0.000021750],8.439766458142419,0.753124364585324,0.0,0.01777176210298574,,0.0906247654655674,False,6.0
D4.2__Fig 2__SQUID_data__IVB_BS30_A1S1_I_coil_+-0.3mA_fine_284mK_191103__IVB__T_1p40K[0.000022500],8.655526837743977,0.7549903909195678,0.0,0.017941925461195947,,0.09115672490122079,False,6.0
D4.2__Fig 2__SQUID_data__IVB_BS30_A1S1_I_coil_+-0.3mA_fine_284mK_191103__IVB__T_1p40K[0.000023250],8.352965126767804,0.7611630007807437,0.0,0.017830267458914622,,0.09209869593129298,False,6.0
D4.2__Fig 2__SQUID_data__IVB_BS30_A1S1_I_coil_+-0.3mA_fine_284mK_191103__IVB__T_1p40K[0.000024000],8.203718441137903,0.7688973237161076,0.0,0.017839761894875898,,0.09402048023537604,False,6.0
D4.2__Fig 2__SQUID_data__IVB_BS30_A1S1_I_coil_+-0.3mA_fine_284mK_191103__IVB__T_1p40K[0.000024750],8.489194913403288,0.7582245647440048,0.0,0.017894374895887796,,0.09044800193685687,False,6.0
D4.2__Fig 2__SQUID_data__IVB_BS30_A1S1_I_coil_+-0.3mA_fine_284mK_191103__IVB__T_1p40K[0.000025500],8.610705912431742,0.7629913982096851,0.0,0.01788536859315261,,0.09084782671027113,False,6.0
D4.2__Fig 2__SQUID_data__IVB_BS30_A1S1_I_coil_+-0.3mA_fine_284mK_191103__IVB__T_1p40K[0.000026250],8.601112209828614,0.7896460358032794,0.0,0.01783783228880253,,0.08817811460171787,False,6.0
D4.2__Fig 2__SQUID_data__IVB_BS30_A1S1_I_coil_+-0.3mA_fine_284mK_191103__IVB__T_1p40K[0.000027000],9.154984249145288,0.9758184391256489,0.0,0.017626420820496126,,0.0907143435311857,False,6.0
D4.2__Fig 2__SQUID_data__IVB_BS30_A1S1_I_coil_+-0.3mA_fine_284mK_191103__IVB__T_1p40K[0.000027750],8.367746015511083,0.8189519708332353,0.0,0.017721240577092973,,0.09248724572360217,False,6.0
D4.2__Fig 2__SQUID_data__IVB_BS30_A1S1_I_coil_+-0.3mA_fine_284mK_191103__IVB__T_1p40K[0.000028500],8.524615381985667,0.7697228784175865,0.0,0.017886600912818403,,0.09174832949410987,False,6.0
D4.2__Fig 2__SQUID_data__IVB_BS30_A1S1_I_coil_+-0.3mA_fine_284mK_191103__IVB__T_1p40K[0.000029250],8.106998447275458,0.9595279778510099,0.0,0.01755607955408453,,0.09333770629958495,False,6.0
D4.2__Fig 2__SQUID_data__IVB_BS30_A1S1_I_coil_+-0.3mA_fine_284mK_191103__IVB__T_1p40K[0.000030000],7.634678917339263,0.901938698357205,0.0,0.017652639277281282,,0.09417395714323558,False,6.0
D4.2__Fig 2__SQUID_data__IVB_BS30_A1S1_I_coil_+-0.3mA_fine_284mK_191103__IVB__T_1p40K[0.000030750],7.750062976466791,0.7788965401334803,0.0,0.017849172979486,,0.09053476428832394,False,6.0
D4.2__Fig 2__SQUID_data__IVB_BS30_A1S1_I_coil_+-0.3mA_fine_284mK_191103__IVB__T_1p40K[0.000031500],8.286875211291536,0.8254405349923458,0.0,0.01782769826822569,,0.09114117114186177,False,6.0
D4.2__Fig 2__SQUID_data__IVB_BS30_A1S1_I_coil_+-0.3mA_fine_284mK_191103__IVB__T_1p40K[0.000032250],7.843428534382209,0.9918585405990313,0.0,0.017641052328929055,,0.08850177801913135,False,6.0
D4.2__Fig 2__SQUID_data__IVB_BS30_A1S1_I_coil_+-0.3mA_fine_284mK_191103__IVB__T_1p40K[0.000033000],7.812854371566502,0.817606208861419,0.0,0.017666304943418743,,0.09106144425126692,False,6.0
D4.2__Fig 2__SQUID_data__IVB_BS30_A1S1_I_coil_+-0.3mA_fine_284mK_191103__IVB__T_1p40K[0.000033750],8.180365150693493,0.7701668305108101,0.0,0.0177653869698808,,0.0929497764566878,False,6.0
D4.2__Fig 2__SQUID_data__IVB_BS30_A1S1_I_coil_+-0.3mA_fine_284mK_191103__IVB__T_1p40K[0.000034500],8.640398110176292,0.7647964973581222,0.0,0.017809313380736738,,0.09112887959112984,False,6.0
D4.2__Fig 2__SQUID_data__IVB_BS30_A1S1_I_coil_+-0.3mA_fine_284mK_191103__IVB__T_1p40K[0.000035250],8.581449151457074,0.7692719921294607,0.0,0.017831112670234336,,0.092836218439458,False,6.0
D4.2__Fig 2__SQUID_data__IVB_BS30_A1S1_I_coil_+-0.3mA_fine_284mK_191103__IVB__T_1p40K[0.000036000],8.15505815392919,0.7667194446007399,0.0,0.017853628440510975,,0.09164952620119857,False,6.0
D4.2__Fig 2__SQUID_data__IVB_BS30_A1S1_I_coil_+-0.3mA_fine_284mK_191103__IVB__T_1p40K[0.000036750],8.448371235686954,0.7598459989738068,0.0,0.01780723241180809,,0.0918717909148797,False,6.0
D4.2__Fig 2__SQUID_data__IVB_BS30_A1S1_I_coil_+-0.3mA_fine_284mK_191103__IVB__T_1p40K[0.000037500],9.131881448476317,0.7747334640840792,0.0,0.01773704985664352,,0.09632836468963218,False,6.0
D4.2__Fig 2__SQUID_data__IVB_BS30_A1S1_I_coil_+-0.3mA_fine_284mK_191103__IVB__T_1p40K[0.000038250],9.446263776956659,0.9308717143045825,0.0,0.017647613024488504,,0.09002724617842033,False,6.0
D4.2__Fig 2__SQUID_data__IVB_BS30_A1S1_I_coil_+-0.3mA_fine_284mK_191103__IVB__T_1p40K[0.000039000],8.922120498202977,0.9726144538445266,0.0,0.01763620186443855,,0.0938878375340363,False,6.0
D4.2__Fig 2__SQUID_data__IVB_BS30_A1S1_I_coil_+-0.3mA_fine_284mK_191103__IVB__T_1p40K[0.000039750],8.581529516153978,0.9595041584570745,0.0,0.017701297919361977,,0.09451640240325772,False,6.0
D4.2__Fig 2__SQUID_data__IVB_BS30_A1S1_I_coil_+-0.3mA_fine_284mK_191103__IVB__T_1p40K[0.000040500],8.309044001129493,0.7593613305274166,0.0,0.01778289944324133,,0.0928737839225943,False,6.0
D4.2__Fig 2__SQUID_data__IVB_BS30_A1S1_I_coil_+-0.3mA_fine_284mK_191103__IVB__T_1p40K[0.000041250],8.182560091548414,0.7660597648738973,0.0,0.017765212102780224,,0.09708412014799338,False,6.0
D4.2__Fig 2__SQUID_data__IVB_BS30_A1S1_I_coil_+-0.3mA_fine_284mK_191103__IVB__T_1p40K[0.000042000],8.328163351755865,0.8647892941763695,0.0,0.01770740768304983,,0.09286391305003765,False,6.0
D4.2__Fig 2__SQUID_data__IVB_BS30_A1S1_I_coil_+-0.3mA_fine_284mK_191103__IVB__T_1p40K[0.000042750],8.006315164034573,0.9685421042514655,0.0,0.01756878573989767,,0.09093139624067624,False,6.0
D4.2__Fig 2__SQUID_data__IVB_BS30_A1S1_I_coil_+-0.3mA_fine_284mK_191103__IVB__T_1p40K[0.000043500],8.27772964329659,0.9650687909535968,0.0,0.017500346018260175,,0.08949309929904768,False,6.0
D4.2__Fig 2__SQUID_data__IVB_BS30_A1S1_I_coil_+-0.3mA_fine_284mK_191103__IVB__T_1p40K[0.000044250],8.196039050788915,0.977920023083296,0.0,0.017597392284955802,,0.09071696875593356,False,6.0
D4.2__Fig 2__SQUID_data__IVB_BS30_A1S1_I_coil_+-0.3mA_fine_284mK_191103__IVB__T_1p40K[0.000045000],7.858554239613619,0.9876409051876681,0.0,0.017593671664190347,,0.09109942825864631,False,6.0
D4.2__Fig 2__SQUID_data__IVB_BS30_A1S1_I_coil_+-0.3mA_fine_284mK_191103__IVB__T_1p40K[0.000045750],8.367630480642665,0.9821324294193964,0.0,0.017538412016542815,,0.09554604206790558,False,6.0
D4.2__Fig 2__SQUID_data__IVB_BS30_A1S1_I_coil_+-0.3mA_fine_284mK_191103__IVB__T_1p40K[0.000046500],8.514708790017592,0.9505122716815375,0.0,0.01751475392517549,,0.09131697250202546,False,6.0
D4.2__Fig 2__SQUID_data__IVB_BS30_A1S1_I_coil_+-0.3mA_fine_284mK_191103__IVB__T_1p40K[0.000047250],8.607507379465448,0.9791321079129135,0.0,0.017549117399857705,,0.09381900551035484,False,6.0
D4.2__Fig 2__SQUID_data__IVB_BS30_A1S1_I_coil_+-0.3mA_fine_284mK_191103__IVB__T_1p40K[0.000048000],7.88120036111838,0.8071586156040835,0.0,0.017801523330273458,,0.0939233963341274,False,6.0
D4.2__Fig 2__SQUID_data__IVB_BS30_A1S1_I_coil_+-0.3mA_fine_284mK_191103__IVB__T_1p40K[0.000048750],7.850232068027913,0.7612512400888907,0.0,0.017818798384233513,,0.09459583320966715,False,6.0
D4.2__Fig 2__SQUID_data__IVB_BS30_A1S1_I_coil_+-0.3mA_fine_284mK_191103__IVB__T_1p40K[0.000049500],8.251448088708354,0.7603162783187664,0.0,0.017895939221956397,,0.10019566901973515,False,6.0
D4.2__Fig 2__SQUID_data__IVB_BS30_A1S1_I_coil_+-0.3mA_fine_284mK_191103__IVB__T_1p40K[0.000050250],8.350444944641914,0.8863258083646451,0.0,0.017717958256248004,,0.11053210765845836,False,6.0
D4.2__Fig 2__SQUID_data__IVB_BS30_A1S1_I_coil_+-0.3mA_fine_284mK_191103__IVB__T_1p40K[0.000051000],8.019267564248626,0.9394514813252718,0.0,0.01761162554779276,,0.09598073353937264,False,6.0
D4.2__Fig 2__SQUID_data__IVB_BS30_A1S1_I_coil_+-0.3mA_fine_284mK_191103__IVB__T_1p40K[0.000051750],7.869447567160316,0.7472507972652546,0.0,0.017809953568815515,,0.09945590669941165,False,6.0
D4.2__Fig 2__SQUID_data__IVB_BS30_A1S1_I_coil_+-0.3mA_fine_284mK_191103__IVB__T_1p40K[0.000052500],8.326332230724365,0.8289949050833864,0.0,0.01767842305421325,,0.09469561588177072,False,6.0
D4.2__Fig 2__SQUID_data__IVB_BS30_A1S1_I_coil_+-0.3mA_fine_284mK_191103__IVB__T_1p40K[0.000053250],8.195667105321398,0.9712868202085446,0.0,0.017613906682863167,,0.09521699230474281,False,6.0
D4.2__Fig 2__SQUID_data__IVB_BS30_A1S1_I_coil_+-0.3mA_fine_284mK_191103__IVB__T_1p40K[0.000054000],7.970470233053417,0.855075419884349,0.0,0.017752789012823605,,0.09421376332591608,False,6.0
D4.2__Fig 2__SQUID_data__IVB_BS30_A1S1_I_coil_+-0.3mA_fine_284mK_191103__IVB__T_1p40K[0.000054750],8.383266109947266,0.7548204193218963,0.0,0.01791341855367489,,0.09170634096075884,False,6.0
D4.2__Fig 2__SQUID_data__IVB_BS30_A1S1_I_coil_+-0.3mA_fine_284mK_191103__IVB__T_1p40K[0.000055500],8.514058855692245,0.9557663523359586,0.0,0.017687024621407345,,0.0954326518314314,False,6.0
D4.2__Fig 2__SQUID_data__IVB_BS30_A1S1_I_coil_+-0.3mA_fine_284mK_191103__IVB__T_1p40K[0.000056250],8.203782215934785,0.9866832177996357,0.0,0.017661964552265024,,0.09047861377343548,False,6.0
D4.2__Fig 2__SQUID_data__IVB_BS30_A1S1_I_coil_+-0.3mA_fine_284mK_191103__IVB__T_1p40K[0.000057000],8.408172802526252,0.8014128836774467,0.0,0.017797627142455804,,0.10089414407708333,False,6.0
D4.2__Fig 2__SQUID_data__IVB_BS30_A1S1_I_coil_+-0.3mA_fine_284mK_191103__IVB__T_1p40K[0.000057750],9.090927399404205,0.7643194574935227,0.0,0.017888506155038286,,0.08950567604377067,False,6.0
D4.2__Fig 2__SQUID_data__IVB_BS30_A1S1_I_coil_+-0.3mA_fine_284mK_191103__IVB__T_1p40K[0.000058500],8.672059910332123,0.746426991596584,0.0,0.017832230423735766,,0.09186573059744169,False,6.0
D4.2__Fig 2__SQUID_data__IVB_BS30_A1S1_I_coil_+-0.3mA_fine_284mK_191103__IVB__T_1p40K[0.000059250],9.15766862686339,0.7504176465758515,0.0,0.017803176047485186,,0.09333608498396723,False,6.0
D4.2__Fig 2__SQUID_data__IVB_BS30_A1S1_I_coil_+-0.3mA_fine_284mK_191103__IVB__T_1p40K[0.000060000],8.976339342216006,0.8388188254544637,0.0,0.017667263057042814,,0.09387363068839515,False,6.0
D4.2__Fig 2__SQUID_data__IVB_BS30_A1S1_I_coil_+-0.3mA_fine_284mK_191103__IVB__T_1p40K[0.000060750],8.21853579129851,0.9458179656249784,0.0,0.017709607300951814,,0.08961894477813286,False,6.0
D4.2__Fig 2__SQUID_data__IVB_BS30_A1S1_I_coil_+-0.3mA_fine_284mK_191103__IVB__T_1p40K[0.000061500],7.751668715486612,0.7251658053727629,0.0,0.017976181711736962,,0.09413281478389457,False,6.0
D4.2__Fig 2__SQUID_data__IVB_BS30_A1S1_I_coil_+-0.3mA_fine_284mK_191103__IVB__T_1p40K[0.000062250],8.647372780679255,0.7675540667144242,0.0,0.017910465574634517,,0.09388803849637443,False,6.0
D4.2__Fig 2__SQUID_data__IVB_BS30_A1S1_I_coil_+-0.3mA_fine_284mK_191103__IVB__T_1p40K[0.000063000],7.774724037642847,0.8729573166865207,0.0,0.017761331850934474,,0.09112119936882042,False,6.0
D4.2__Fig 2__SQUID_data__IVB_BS30_A1S1_I_coil_+-0.3mA_fine_284mK_191103__IVB__T_1p40K[0.000063750],8.024144910837952,0.9084194947069109,0.0,0.01765862141092626,,0.0937415607687464,False,6.0
D4.2__Fig 2__SQUID_data__IVB_BS30_A1S1_I_coil_+-0.3mA_fine_284mK_191103__IVB__T_1p40K[0.000064500],7.61654799355692,0.7947432185872062,0.0,0.01775548865299001,,0.09094318250802338,False,6.0
D4.2__Fig 2__SQUID_data__IVB_BS30_A1S1_I_coil_+-0.3mA_fine_284mK_191103__IVB__T_1p40K[0.000065250],7.660978477800954,0.7618218016988271,0.0,0.01787722982667517,,0.08973644613813833,False,6.0
D4.2__Fig 2__SQUID_data__IVB_BS30_A1S1_I_coil_+-0.3mA_fine_284mK_191103__IVB__T_1p40K[0.000066000],7.644443864593951,0.806685658437622,0.0,0.01777296228822968,,0.0896680610005516,False,6.0
D4.2__Fig 2__SQUID_data__IVB_BS30_A1S1_I_coil_+-0.3mA_fine_284mK_191103__IVB__T_1p40K[0.000066750],8.13989942107245,0.9414109097910113,0.0,0.01770069726628988,,0.09005545023726844,False,6.0
D4.2__Fig 2__SQUID_data__IVB_BS30_A1S1_I_coil_+-0.3mA_fine_284mK_191103__IVB__T_1p40K[0.000067500],8.353934122459917,0.9258858803166669,0.0,0.01768162513366785,,0.09327217852399633,False,6.0
D4.2__Fig 2__SQUID_data__IVB_BS30_A1S1_I_coil_+-0.3mA_fine_284mK_191103__IVB__T_1p40K[0.000068250],8.767754424939616,0.9291011627669659,0.0,0.017693299621399428,,0.09478592040187699,False,6.0
D4.2__Fig 2__SQUID_data__IVB_BS30_A1S1_I_coil_+-0.3mA_fine_284mK_191103__IVB__T_1p40K[0.000069000],8.603210614257398,0.9242404228945165,0.0,0.017674595080739323,,0.09581983841902228,False,6.0
D4.2__Fig 2__SQUID_data__IVB_BS30_A1S1_I_coil_+-0.3mA_fine_284mK_191103__IVB__T_1p40K[0.000069750],8.470359734661805,0.9226009639306426,0.0,0.017751837492321582,,0.09424184543730285,False,6.0
D4.2__Fig 2__SQUID_data__IVB_BS30_A1S1_I_coil_+-0.3mA_fine_284mK_191103__IVB__T_1p40K[0.000070500],8.431541527778775,0.846078086421485,0.0,0.017884424682923724,,0.09283134511077741,False,6.0
D4.2__Fig 2__SQUID_data__IVB_BS30_A1S1_I_coil_+-0.3mA_fine_284mK_191103__IVB__T_1p40K[0.000071250],7.831365587239162,0.8446484448383594,0.0,0.017926439356005575,,0.09183611034229676,False,6.0
D4.2__Fig 2__SQUID_data__IVB_BS30_A1S1_I_coil_+-0.3mA_fine_284mK_191103__IVB__T_1p40K[0.000072000],7.831430563081914,0.8947393444488085,0.0,0.01784576729608405,,0.0957160113101463,False,6.0
D4.2__Fig 2__SQUID_data__IVB_BS30_A1S1_I_coil_+-0.3mA_fine_284mK_191103__IVB__T_1p40K[0.000072750],7.8288019493049825,0.8610172240849924,0.0,0.017905371807323454,,0.09220797875303743,False,6.0
D4.2__Fig 2__SQUID_data__IVB_BS30_A1S1_I_coil_+-0.3mA_fine_284mK_191103__IVB__T_1p40K[0.000073500],7.905177448599755,0.7971976665340792,0.0,0.017919947453589588,,0.0960010787626302,False,6.0
D4.2__Fig 2__SQUID_data__IVB_BS30_A1S1_I_coil_+-0.3mA_fine_284mK_191103__IVB__T_1p40K[0.000074250],7.6343454347454935,0.7327270541789929,0.0,0.018105445409922184,,0.09120957951699221,False,6.0
D4.2__Fig 2__SQUID_data__IVB_BS30_A1S1_I_coil_+-0.3mA_fine_284mK_191103__IVB__T_1p40K[0.000075000],7.677342493313937,0.7002589138810889,0.0,0.01809331839792033,,0.09084091488886041,False,6.0
D4.2__Fig 2__SQUID_data__IVB_BS30_A1S1_I_coil_+-0.3mA_fine_284mK_191103__IVB__T_1p40K[0.000075750],7.525103128283806,0.6968231714176502,0.0,0.018227335328113995,,0.09174230742557768,False,6.0
D4.2__Fig 2__SQUID_data__IVB_BS30_A1S1_I_coil_+-0.3mA_fine_284mK_191103__IVB__T_1p40K[0.000076500],7.519548303823988,0.7103027919192924,0.0,0.018001297884321463,,0.09430327072033842,False,6.0
D4.2__Fig 2__SQUID_data__IVB_BS30_A1S1_I_coil_+-0.3mA_fine_284mK_191103__IVB__T_1p40K[0.000077250],8.168540590325865,0.9094033970838468,0.0,0.01784569470738952,,0.09158347780628667,False,6.0
D4.2__Fig 2__SQUID_data__IVB_BS30_A1S1_I_coil_+-0.3mA_fine_284mK_191103__IVB__T_1p40K[0.000078000],8.51242497438228,0.8475848167176028,0.0,0.017876254123940546,,0.10170289475029942,False,6.0
D4.2__Fig 2__SQUID_data__IVB_BS30_A1S1_I_coil_+-0.3mA_fine_284mK_191103__IVB__T_1p40K[0.000078750],7.992765999320256,0.909923626594055,0.0,0.01789844573350675,,0.08968104648353313,False,6.0
D4.2__Fig 2__SQUID_data__IVB_BS30_A1S1_I_coil_+-0.3mA_fine_284mK_191103__IVB__T_1p40K[0.000079500],7.9955441091586,0.8040921843392241,0.0,0.018050625803285734,,0.09465397694170669,False,6.0
D4.2__Fig 2__SQUID_data__IVB_BS30_A1S1_I_coil_+-0.3mA_fine_284mK_191103__IVB__T_1p40K[0.000080250],7.810798939699894,0.6782348139925897,0.0,0.01811430507952301,,0.09233985641452289,False,6.0
D4.2__Fig 2__SQUID_data__IVB_BS30_A1S1_I_coil_+-0.3mA_fine_284mK_191103__IVB__T_1p40K[0.000081000],7.898758619909173,0.6901003465718857,0.0,0.018158413260906912,,0.09154217112291,False,6.0
D4.2__Fig 2__SQUID_data__IVB_BS30_A1S1_I_coil_+-0.3mA_fine_284mK_191103__IVB__T_1p40K[0.000081750],7.975150694549984,0.8859218936210612,0.0,0.017944682680662745,,0.09214193757749134,False,6.0
D4.2__Fig 2__SQUID_data__IVB_BS30_A1S1_I_coil_+-0.3mA_fine_284mK_191103__IVB__T_1p40K[0.000082500],8.252960342503375,0.8705072844831653,0.0,0.017842950611981986,,0.09524702135314611,False,6.0
D4.2__Fig 2__SQUID_data__IVB_BS30_A1S1_I_coil_+-0.3mA_fine_284mK_191103__IVB__T_1p40K[0.000083250],8.70543700167748,0.8904155949788223,0.0,0.017939141506890317,,0.09349921944594333,False,6.0
D4.2__Fig 2__SQUID_data__IVB_BS30_A1S1_I_coil_+-0.3mA_fine_284mK_191103__IVB__T_1p40K[0.000084000],8.533142527218036,0.904763354500428,0.0,0.0178912454509215,,0.09388920797022793,False,6.0
D4.2__Fig 2__SQUID_data__IVB_BS30_A1S1_I_coil_+-0.3mA_fine_284mK_191103__IVB__T_1p40K[0.000084750],8.386578941922503,0.8746425812619284,0.0,0.01788556410012866,,0.09447829034852824,False,6.0
D4.2__Fig 2__SQUID_data__IVB_BS30_A1S1_I_coil_+-0.3mA_fine_284mK_191103__IVB__T_1p40K[0.000085500],8.057376105269652,0.896886640933273,0.0,0.017848033850703805,,0.09353001467068986,False,6.0
D4.2__Fig 2__SQUID_data__IVB_BS30_A1S1_I_coil_+-0.3mA_fine_284mK_191103__IVB__T_1p40K[0.000086250],8.30751385169971,0.8524726590697113,0.0,0.017818299866916288,,0.09079369391709069,False,6.0
D4.2__Fig 2__SQUID_data__IVB_BS30_A1S1_I_coil_+-0.3mA_fine_284mK_191103__IVB__T_1p40K[0.000087000],8.642030218697665,0.8858792843162289,0.0,0.017891183625125213,,0.09279050228395087,False,6.0
D4.2__Fig 2__SQUID_data__IVB_BS30_A1S1_I_coil_+-0.3mA_fine_284mK_191103__IVB__T_1p40K[0.000087750],8.825523132511826,0.7392100104162601,0.0,0.017958705334888414,,0.09469946934925505,False,6.0
D4.2__Fig 2__SQUID_data__IVB_BS30_A1S1_I_coil_+-0.3mA_fine_284mK_191103__IVB__T_1p40K[0.000088500],9.051386320254393,0.6779414493079341,0.0,0.018129011645424,,0.09396659128840669,False,6.0
D4.2__Fig 2__SQUID_data__IVB_BS30_A1S1_I_coil_+-0.3mA_fine_284mK_191103__IVB__T_1p40K[0.000089250],9.108200426129274,0.6970697832578177,0.0,0.018062583185169432,,0.09064359582995858,False,6.0
D4.2__Fig 2__SQUID_data__IVB_BS30_A1S1_I_coil_+-0.3mA_fine_284mK_191103__IVB__T_1p40K[0.000090000],9.19419217601701,0.9182924347008151,0.0,0.017861966906881684,,0.09672862313606276,False,6.0
D4.2__Fig 2__SQUID_data__IVB_BS30_A1S1_I_coil_+-0.3mA_fine_284mK_191103__IVB__T_1p40K[0.000090750],9.455193748200653,0.8550503968034127,0.0,0.017796235994369587,,0.09125259125489187,False,6.0
D4.2__Fig 2__SQUID_data__IVB_BS30_A1S1_I_coil_+-0.3mA_fine_284mK_191103__IVB__T_1p40K[0.000091500],9.800381282685828,0.8773192459494004,0.0,0.017762423296200692,,0.09204685497207456,False,6.0
D4.2__Fig 2__SQUID_data__IVB_BS30_A1S1_I_coil_+-0.3mA_fine_284mK_191103__IVB__T_1p40K[0.000092250],9.497657902391063,0.799686923236481,0.0,0.017921214454675666,,0.0939372273349717,False,6.0
D4.2__Fig 2__SQUID_data__IVB_BS30_A1S1_I_coil_+-0.3mA_fine_284mK_191103__IVB__T_1p40K[0.000093000],9.120773189668876,0.6841451969445799,0.0,0.018043850373689257,,0.09041316113061988,False,6.0
D4.2__Fig 2__SQUID_data__IVB_BS30_A1S1_I_coil_+-0.3mA_fine_284mK_191103__IVB__T_1p40K[0.000093750],9.180046581542362,0.689875495611457,0.0,0.018119509936112933,,0.09347915681187523,False,6.0
D4.2__Fig 2__SQUID_data__IVB_BS30_A1S1_I_coil_+-0.3mA_fine_284mK_191103__IVB__T_1p40K[0.000094500],8.92019232413722,0.7723453641010004,0.0,0.01784638748569088,,0.09194304442472198,False,6.0
D4.2__Fig 2__SQUID_data__IVB_BS30_A1S1_I_coil_+-0.3mA_fine_284mK_191103__IVB__T_1p40K[0.000095250],10.000520248866867,0.781373008358501,0.0,0.017738465721442023,,0.09114889410821612,False,6.0
D4.2__Fig 2__SQUID_data__IVB_BS30_A1S1_I_coil_+-0.3mA_fine_284mK_191103__IVB__T_1p40K[0.000096000],9.985217974557242,0.7695931757049251,0.0,0.017854598032744817,,0.09371749694942211,False,6.0
D4.2__Fig 2__SQUID_data__IVB_BS30_A1S1_I_coil_+-0.3mA_fine_284mK_191103__IVB__T_1p40K[0.000096750],10.479932945694586,0.709862811755138,0.0,0.01797409308502851,,0.09243057539438293,False,6.0
D4.2__Fig 2__SQUID_data__IVB_BS30_A1S1_I_coil_+-0.3mA_fine_284mK_191103__IVB__T_1p40K[0.000097500],9.729349169172673,0.6876557329621628,0.0,0.018027380206687947,,0.09493649195684359,False,6.0
D4.2__Fig 2__SQUID_data__IVB_BS30_A1S1_I_coil_+-0.3mA_fine_284mK_191103__IVB__T_1p40K[0.000098250],8.596737801849848,0.7623486804674756,0.0,0.01779596020664888,,0.08880512930446596,False,6.0
D4.2__Fig 2__SQUID_data__IVB_BS30_A1S1_I_coil_+-0.3mA_fine_284mK_191103__IVB__T_1p40K[0.000099000],9.110243810288393,0.9356148253211733,0.0,0.017743441692820102,,0.09548349749526015,False,6.0
D4.2__Fig 2__SQUID_data__IVB_BS30_A1S1_I_coil_+-0.3mA_fine_284mK_191103__IVB__T_1p40K[0.000099750],9.806180827036531,0.7269540051925425,0.0,0.01793101569360758,,0.09074741849142089,False,6.0
D4.2__Fig 2__SQUID_data__IVB_BS30_A1S1_I_coil_+-0.3mA_fine_284mK_191103__IVB__T_1p40K[0.000100500],9.440588372790652,0.6815774761430716,0.0,0.018035310801995844,,0.08899686163107652,False,6.0
D4.2__Fig 2__SQUID_data__IVB_BS30_A1S1_I_coil_+-0.3mA_fine_284mK_191103__IVB__T_1p40K[0.000101250],9.728346002740205,0.7015154951075222,0.0,0.01794178311733703,,0.09397842909861152,False,6.0
D4.2__Fig 2__SQUID_data__IVB_BS30_A1S1_I_coil_+-0.3mA_fine_284mK_191103__IVB__T_1p40K[0.000102000],9.656469309371756,0.8076875274405165,0.0,0.017818627936826748,,0.09601586456747292,False,6.0
D4.2__Fig 2__SQUID_data__IVB_BS30_A1S1_I_coil_+-0.3mA_fine_284mK_191103__IVB__T_1p40K[0.000102750],9.971684737865065,0.8973946040367405,0.0,0.017705200249873355,,0.09178821500016558,False,6.0
D4.2__Fig 2__SQUID_data__IVB_BS30_A1S1_I_coil_+-0.3mA_fine_284mK_191103__IVB__T_1p40K[0.000103500],10.025025893894783,0.8717165017923487,0.0,0.01776496309269183,,0.08945645809163137,False,6.0
D4.2__Fig 2__SQUID_data__IVB_BS30_A1S1_I_coil_+-0.3mA_fine_284mK_191103__IVB__T_1p40K[0.000104250],10.09968344552587,0.7841638461584731,0.0,0.017835026774546552,,0.09029150113832275,False,6.0
D4.2__Fig 2__SQUID_data__IVB_BS30_A1S1_I_coil_+-0.3mA_fine_284mK_191103__IVB__T_1p40K[0.000105000],9.880313773932178,0.6924439689795397,0.0,0.01798775190427108,,0.09126819526845374,False,6.0
D4.2__Fig 2__SQUID_data__IVB_BS30_A1S1_I_coil_+-0.3mA_fine_284mK_191103__IVB__T_1p40K[0.000105750],9.371748562053247,0.6804339750895995,0.0,0.018006498458481932,,0.09146078958208619,False,6.0
D4.2__Fig 2__SQUID_data__IVB_BS30_A1S1_I_coil_+-0.3mA_fine_284mK_191103__IVB__T_1p40K[0.000106500],8.965694862371187,0.7221243776481489,0.0,0.017923689617691082,,0.09012512670079216,False,6.0
D4.2__Fig 2__SQUID_data__IVB_BS30_A1S1_I_coil_+-0.3mA_fine_284mK_191103__IVB__T_1p40K[0.000107250],9.377153309902727,0.9234483945734834,0.0,0.017705423753951708,,0.09160030882908783,False,6.0
D4.2__Fig 2__SQUID_data__IVB_BS30_A1S1_I_coil_+-0.3mA_fine_284mK_191103__IVB__T_1p40K[0.000108000],10.0445146020478,0.8828164908882643,0.0,0.017770015802969844,,0.09155218535641924,False,6.0
D4.2__Fig 2__SQUID_data__IVB_BS30_A1S1_I_coil_+-0.3mA_fine_284mK_191103__IVB__T_1p40K[0.000108750],10.091863807001497,0.6914221981566224,0.0,0.017977943306103566,,0.08932146033142976,False,6.0
D4.2__Fig 2__SQUID_data__IVB_BS30_A1S1_I_coil_+-0.3mA_fine_284mK_191103__IVB__T_1p40K[0.000109500],9.431144356052222,0.6976467665789988,0.0,0.017952591347653032,,0.09425719949591334,False,6.0
D4.2__Fig 2__SQUID_data__IVB_BS30_A1S1_I_coil_+-0.3mA_fine_284mK_191103__IVB__T_1p40K[0.000110250],8.726879681313537,0.6905846807278356,0.0,0.01790386230797998,,0.0895902572795286,False,6.0
D4.2__Fig 2__SQUID_data__IVB_BS30_A1S1_I_coil_+-0.3mA_fine_284mK_191103__IVB__T_1p40K[0.000111000],8.191605946221328,0.7353204389894242,0.0,0.017845818818771245,,0.08976809473896037,False,6.0
D4.2__Fig 2__SQUID_data__IVB_BS30_A1S1_I_coil_+-0.3mA_fine_284mK_191103__IVB__T_1p40K[0.000111750],8.202094636794154,0.847099945363293,0.0,0.01768914599319326,,0.09039633649773551,False,6.0
D4.2__Fig 2__SQUID_data__IVB_BS30_A1S1_I_coil_+-0.3mA_fine_284mK_191103__IVB__T_1p40K[0.000112500],8.5417752093699,0.8078797519247544,0.0,0.01772014040289881,,0.0906739050965307,False,6.0
D4.2__Fig 2__SQUID_data__IVB_BS30_A1S1_I_coil_+-0.3mA_fine_284mK_191103__IVB__T_1p40K[0.000113250],8.744496800515599,0.8801178268131863,0.0,0.017670971906429873,,0.09117355710812923,False,6.0
D4.2__Fig 2__SQUID_data__IVB_BS30_A1S1_I_coil_+-0.3mA_fine_284mK_191103__IVB__T_1p40K[0.000114000],8.873069423658565,0.9396956898637897,0.0,0.017701736788970218,,0.09147621676602845,False,6.0
D4.2__Fig 2__SQUID_data__IVB_BS30_A1S1_I_coil_+-0.3mA_fine_284mK_191103__IVB__T_1p40K[0.000114750],9.07009130637476,0.9082508735688277,0.0,0.017638869637688882,,0.0943751300063553,False,6.0
D4.2__Fig 2__SQUID_data__IVB_BS30_A1S1_I_coil_+-0.3mA_fine_284mK_191103__IVB__T_1p40K[0.000115500],9.425287889647853,0.9215602416358778,0.0,0.017670845738099728,,0.09511935040541422,False,6.0
D4.2__Fig 2__SQUID_data__IVB_BS30_A1S1_I_coil_+-0.3mA_fine_284mK_191103__IVB__T_1p40K[0.000116250],9.186979941110236,0.9182649491655286,0.0,0.01769372551200877,,0.09384261725563554,False,6.0
D4.2__Fig 2__SQUID_data__IVB_BS30_A1S1_I_coil_+-0.3mA_fine_284mK_191103__IVB__T_1p40K[0.000117000],9.488228204519531,0.7259298860562291,0.0,0.017916523350933862,,0.09406468850459136,False,6.0
D4.2__Fig 2__SQUID_data__IVB_BS30_A1S1_I_coil_+-0.3mA_fine_284mK_191103__IVB__T_1p40K[0.000117750],10.648307695233873,0.7049376283438336,0.0,0.0178762934160933,,0.09463507595847859,False,6.0
D4.2__Fig 2__SQUID_data__IVB_BS30_A1S1_I_coil_+-0.3mA_fine_284mK_191103__IVB__T_1p40K[0.000118500],11.888816361897348,0.6903542058176343,0.0,0.017858178204595794,,0.09149392099165671,False,6.0
D4.2__Fig 2__SQUID_data__IVB_BS30_A1S1_I_coil_+-0.3mA_fine_284mK_191103__IVB__T_1p40K[0.000119250],11.632398216077247,0.7261774807151943,0.0,0.017846611554409635,,0.09363401418296619,False,6.0
D4.2__Fig 2__SQUID_data__IVB_BS30_A1S1_I_coil_+-0.3mA_fine_284mK_191103__IVB__T_1p40K[0.000120000],10.768245366101555,0.7615423515702046,0.0,0.017867742431040348,,0.09483141568147288,False,6.0
D4.2__Fig 2__SQUID_data__IVB_BS30_A1S1_I_coil_+-0.3mA_fine_284mK_191103__IVB__T_1p40K[0.000120750],9.777308716081945,0.7133011594101896,0.0,0.01787765005450825,,0.09461894792808273,False,6.0
D4.2__Fig 2__SQUID_data__IVB_BS30_A1S1_I_coil_+-0.3mA_fine_284mK_191103__IVB__T_1p40K[0.000121500],9.472233814282419,0.6999172075303144,0.0,0.018002665628981694,,0.09501691673049169,False,6.0
D4.2__Fig 2__SQUID_data__IVB_BS30_A1S1_I_coil_+-0.3mA_fine_284mK_191103__IVB__T_1p40K[0.000122250],9.32088184465905,0.7120153439962834,0.0,0.017923635770329824,,0.09482294702749805,False,6.0
D4.2__Fig 2__SQUID_data__IVB_BS30_A1S1_I_coil_+-0.3mA_fine_284mK_191103__IVB__T_1p40K[0.000123000],9.08727609683034,0.7059527303221383,0.0,0.0178336636379211,,0.09566600087360928,False,6.0
D4.2__Fig 2__SQUID_data__IVB_BS30_A1S1_I_coil_+-0.3mA_fine_284mK_191103__IVB__T_1p40K[0.000123750],9.20485185546761,0.6688774880462883,0.0,0.017853400169521385,,0.09333791553013462,False,6.0
D4.2__Fig 2__SQUID_data__IVB_BS30_A1S1_I_coil_+-0.3mA_fine_284mK_191103__IVB__T_1p40K[0.000124500],10.2218746576507,0.6599193369958609,0.0,0.017949074840352616,,0.0895461209131771,False,6.0
D4.2__Fig 2__SQUID_data__IVB_BS30_A1S1_I_coil_+-0.3mA_fine_284mK_191103__IVB__T_1p40K[0.000125250],10.746717985321892,0.6686075600574201,0.0,0.017913791535008498,,0.09304823415614187,False,6.0
D4.2__Fig 2__SQUID_data__IVB_BS30_A1S1_I_coil_+-0.3mA_fine_284mK_191103__IVB__T_1p40K[0.000126000],10.287899832777663,0.8522877134304926,0.0,0.017722661762713632,,0.09934310822796823,False,6.0
D4.2__Fig 2__SQUID_data__IVB_BS30_A1S1_I_coil_+-0.3mA_fine_284mK_191103__IVB__T_1p40K[0.000126750],10.421458668359252,0.825136032341343,0.0,0.017685566341879323,,0.09626049867790575,False,6.0
D4.2__Fig 2__SQUID_data__IVB_BS30_A1S1_I_coil_+-0.3mA_fine_284mK_191103__IVB__T_1p40K[0.000127500],9.969116739080874,0.8165031285575077,0.0,0.017702769358008977,,0.09143817114319405,False,6.0
D4.2__Fig 2__SQUID_data__IVB_BS30_A1S1_I_coil_+-0.3mA_fine_284mK_191103__IVB__T_1p40K[0.000128250],10.388389897102684,0.6203761317098307,0.0,0.017837148776038935,,0.09490130601628319,False,6.0
D4.2__Fig 2__SQUID_data__IVB_BS30_A1S1_I_coil_+-0.3mA_fine_284mK_191103__IVB__T_1p40K[0.000129000],10.515105394651469,0.5704061160411826,0.0,0.017912913827152294,,0.0908636565659534,False,6.0
D4.2__Fig 2__SQUID_data__IVB_BS30_A1S1_I_coil_+-0.3mA_fine_284mK_191103__IVB__T_1p40K[0.000129750],11.487437054405873,0.5354518148293349,0.0,0.01791297781215368,,0.0908107065095427,False,6.0
D4.2__Fig 2__SQUID_data__IVB_BS30_A1S1_I_coil_+-0.3mA_fine_284mK_191103__IVB__T_1p40K[0.000130500],11.792909837416556,0.5234099376372483,0.0,0.017945977913705693,,0.09633611873870182,False,6.0
D4.2__Fig 2__SQUID_data__IVB_BS30_A1S1_I_coil_+-0.3mA_fine_284mK_191103__IVB__T_1p40K[0.000131250],11.78060508190558,0.6664286618070181,0.0,0.017763823378037287,,0.099950585719726,False,6.0
D4.2__Fig 2__SQUID_data__IVB_BS30_A1S1_I_coil_+-0.3mA_fine_284mK_191103__IVB__T_1p40K[0.000132000],10.163171988009733,0.746658729837085,0.0,0.01769595635750517,,0.09585592177610218,False,6.0
D4.2__Fig 2__SQUID_data__IVB_BS30_A1S1_I_coil_+-0.3mA_fine_284mK_191103__IVB__T_1p40K[0.000132750],10.072502824432386,0.4858972085945867,0.0,0.017913561110149377,,0.09619569678020341,False,6.0
D4.2__Fig 2__SQUID_data__IVB_BS30_A1S1_I_coil_+-0.3mA_fine_284mK_191103__IVB__T_1p40K[0.000133500],10.70023477912359,0.4866953332180847,0.0,0.017948820470087914,,0.093546391451823,False,6.0
D4.2__Fig 2__SQUID_data__IVB_BS30_A1S1_I_coil_+-0.3mA_fine_284mK_191103__IVB__T_1p40K[0.000134250],11.25124762383761,0.6296223963448244,0.0,0.017809669071518954,,0.09454209425626672,False,6.0
D4.2__Fig 2__SQUID_data__IVB_BS30_A1S1_I_coil_+-0.3mA_fine_284mK_191103__IVB__T_1p40K[0.000135000],10.73123280339698,0.7219925477191008,0.0,0.017745277580987324,,0.09327849671324788,False,6.0
D4.2__Fig 2__SQUID_data__IVB_BS30_A1S1_I_coil_+-0.3mA_fine_284mK_191103__IVB__T_1p40K[0.000135750],10.652874891371855,0.6627381535383795,0.0,0.017822314168197784,,0.09349375770136385,False,6.0
D4.2__Fig 2__SQUID_data__IVB_BS30_A1S1_I_coil_+-0.3mA_fine_284mK_191103__IVB__T_1p40K[0.000136500],10.607647106810383,0.5177810762897436,0.0,0.01793575020708019,,0.0900853533437119,False,6.0
D4.2__Fig 2__SQUID_data__IVB_BS30_A1S1_I_coil_+-0.3mA_fine_284mK_191103__IVB__T_1p40K[0.000137250],9.318821824314336,0.49601745675581,0.0,0.018054314460756872,,0.09403213521804545,False,6.0
D4.2__Fig 2__SQUID_data__IVB_BS30_A1S1_I_coil_+-0.3mA_fine_284mK_191103__IVB__T_1p40K[0.000138000],9.924911821501354,0.497567629531743,0.0,0.018029346014087535,,0.09170596681350283,False,6.0
D4.2__Fig 2__SQUID_data__IVB_BS30_A1S1_I_coil_+-0.3mA_fine_284mK_191103__IVB__T_1p40K[0.000138750],9.761905718217992,0.49801766276534853,0.0,0.01801115722244983,,0.0912171822140728,False,6.0
D4.2__Fig 2__SQUID_data__IVB_BS30_A1S1_I_coil_+-0.3mA_fine_284mK_191103__IVB__T_1p40K[0.000139500],8.979597951595848,0.4961435606763443,0.0,0.017984870847505,,0.09109176824020808,False,6.0
D4.2__Fig 2__SQUID_data__IVB_BS30_A1S1_I_coil_+-0.3mA_fine_284mK_191103__IVB__T_1p40K[0.000140250],8.724032081910103,0.5270069863302779,0.0,0.018010564992849816,,0.0924691285373261,False,6.0
D4.2__Fig 2__SQUID_data__IVB_BS30_A1S1_I_coil_+-0.3mA_fine_284mK_191103__IVB__T_1p40K[0.000141000],9.352483647007709,0.5153822053080398,0.0,0.017973581926957097,,0.09185285228689763,False,6.0
D4.2__Fig 2__SQUID_data__IVB_BS30_A1S1_I_coil_+-0.3mA_fine_284mK_191103__IVB__T_1p40K[0.000141750],9.460021018167678,0.5072838350974571,0.0,0.017973430128629255,,0.09383213202553257,False,6.0
D4.2__Fig 2__SQUID_data__IVB_BS30_A1S1_I_coil_+-0.3mA_fine_284mK_191103__IVB__T_1p40K[0.000142500],9.449653762580901,0.49792620216296973,0.0,0.01805132237884502,,0.09619705658128215,False,6.0
D4.2__Fig 2__SQUID_data__IVB_BS30_A1S1_I_coil_+-0.3mA_fine_284mK_191103__IVB__T_1p40K[0.000143250],9.381359870233446,0.5130734178916816,0.0,0.01797409287675069,,0.09492566331157176,False,6.0
D4.2__Fig 2__SQUID_data__IVB_BS30_A1S1_I_coil_+-0.3mA_fine_284mK_191103__IVB__T_1p40K[0.000144000],8.810514663971539,0.5127374377865638,0.0,0.01805617021850061,,0.0925534746996344,False,6.0
D4.2__Fig 2__SQUID_data__IVB_BS30_A1S1_I_coil_+-0.3mA_fine_284mK_191103__IVB__T_1p40K[0.000144750],8.449525053760114,0.5105926300605877,0.0,0.018066456799534482,,0.095673838222061,False,6.0
D4.2__Fig 2__SQUID_data__IVB_BS30_A1S1_I_coil_+-0.3mA_fine_284mK_191103__IVB__T_1p40K[0.000145500],9.704408905502527,0.4836731294912811,0.0,0.018104946325711586,,0.09075749038317658,False,6.0
D4.2__Fig 2__SQUID_data__IVB_BS30_A1S1_I_coil_+-0.3mA_fine_284mK_191103__IVB__T_1p40K[0.000146250],9.64325327875349,0.48737373926788624,0.0,0.018121626366221794,,0.09323694073906624,False,6.0
D4.2__Fig 2__SQUID_data__IVB_BS30_A1S1_I_coil_+-0.3mA_fine_284mK_191103__IVB__T_1p40K[0.000147000],10.216457964304055,0.5061509737489188,0.0,0.018032106372784677,,0.0917716793271384,False,6.0
D4.2__Fig 2__SQUID_data__IVB_BS30_A1S1_I_coil_+-0.3mA_fine_284mK_191103__IVB__T_1p40K[0.000147750],10.28783523421306,0.5128675744938561,0.0,0.018108346145769012,,0.09497826731530688,False,6.0
D4.2__Fig 2__SQUID_data__IVB_BS30_A1S1_I_coil_+-0.3mA_fine_284mK_191103__IVB__T_1p40K[0.000148500],10.753402258206577,0.4968357962917949,0.0,0.018090009006149137,,0.09342086466951022,False,6.0
D4.2__Fig 2__SQUID_data__IVB_BS30_A1S1_I_coil_+-0.3mA_fine_284mK_191103__IVB__T_1p40K[0.000149250],10.179793727598298,0.4889322456187988,0.0,0.018082607372334386,,0.09532545393182211,False,6.0
D4.2__Fig 2__SQUID_data__IVB_BS30_A1S1_I_coil_+-0.3mA_fine_284mK_191103__IVB__T_1p40K[0.000150000],10.907425946027455,0.4787040397960311,0.0,0.018045017985635462,,0.0911911713282207,False,6.0
D4.2__Fig 2__SQUID_data__IVB_BS30_A1S1_I_coil_+-0.3mA_fine_284mK_191103__IVB__T_1p40K[0.000150750],10.198776018908758,0.5043651529318322,0.0,0.01808208428803124,,0.09368468967982421,False,6.0
D4.2__Fig 2__SQUID_data__IVB_BS30_A1S1_I_coil_+-0.3mA_fine_284mK_191103__IVB__T_1p40K[0.000151500],9.795619395106497,0.500917013482089,0.0,0.018034456326834338,,0.08977235151506856,False,6.0
D4.2__Fig 2__SQUID_data__IVB_BS30_A1S1_I_coil_+-0.3mA_fine_284mK_191103__IVB__T_1p40K[0.000152250],9.87132204881945,0.49366463201798977,0.0,0.018104627788167748,,0.09030471109928136,False,6.0
D4.2__Fig 2__SQUID_data__IVB_BS30_A1S1_I_coil_+-0.3mA_fine_284mK_191103__IVB__T_1p40K[0.000153000],10.38511747731281,0.479415240976479,0.0,0.018145959300267793,,0.0900310053487521,False,6.0
D4.2__Fig 2__SQUID_data__IVB_BS30_A1S1_I_coil_+-0.3mA_fine_284mK_191103__IVB__T_1p40K[0.000153750],10.905763919118089,0.6102614016981864,0.0,0.01787399302708534,,0.09163317227667216,False,6.0
D4.2__Fig 2__SQUID_data__IVB_BS30_A1S1_I_coil_+-0.3mA_fine_284mK_191103__IVB__T_1p40K[0.000154500],9.711900212209887,0.7021443949035836,0.0,0.0178097513961104,,0.0939937949660147,False,6.0
D4.2__Fig 2__SQUID_data__IVB_BS30_A1S1_I_coil_+-0.3mA_fine_284mK_191103__IVB__T_1p40K[0.000155250],9.11811236617307,0.7089278046753176,0.0,0.017808696625326997,,0.09202146747479474,False,6.0
D4.2__Fig 2__SQUID_data__IVB_BS30_A1S1_I_coil_+-0.3mA_fine_284mK_191103__IVB__T_1p40K[0.000156000],9.878807236215776,0.6675357972476571,0.0,0.017805335130880978,,0.09332351822545511,False,6.0
D4.2__Fig 2__SQUID_data__IVB_BS30_A1S1_I_coil_+-0.3mA_fine_284mK_191103__IVB__T_1p40K[0.000156750],9.401135096167838,0.6897126130598449,0.0,0.017889718394998897,,0.09434163951399027,False,6.0
D4.2__Fig 2__SQUID_data__IVB_BS30_A1S1_I_coil_+-0.3mA_fine_284mK_191103__IVB__T_1p40K[0.000157500],9.752824919921016,0.5996372579728537,0.0,0.017803416344494283,,0.09205267132400455,False,6.0
D4.2__Fig 2__SQUID_data__IVB_BS30_A1S1_I_coil_+-0.3mA_fine_284mK_191103__IVB__T_1p40K[0.000158250],9.88994131418386,0.5297168551480764,0.0,0.018001414666314584,,0.0908020840802709,False,6.0
D4.2__Fig 2__SQUID_data__IVB_BS30_A1S1_I_coil_+-0.3mA_fine_284mK_191103__IVB__T_1p40K[0.000159000],10.806141369622088,0.4661717107811496,0.0,0.018172349672155773,,0.08995880058315131,False,6.0
D4.2__Fig 2__SQUID_data__IVB_BS30_A1S1_I_coil_+-0.3mA_fine_284mK_191103__IVB__T_1p40K[0.000159750],10.577120980658535,0.4285003165201026,0.0,0.018073331157139546,,0.09457742226046058,False,6.0
D4.2__Fig 2__SQUID_data__IVB_BS30_A1S1_I_coil_+-0.3mA_fine_284mK_191103__IVB__T_1p40K[0.000160500],10.128836591423587,0.4561377228273651,0.0,0.018096968681606516,,0.09826317965150676,False,6.0
D4.2__Fig 2__SQUID_data__IVB_BS30_A1S1_I_coil_+-0.3mA_fine_284mK_191103__IVB__T_1p40K[0.000161250],10.346524998996992,0.4778004936182583,0.0,0.018000080690585105,,0.09041668666427147,False,6.0
D4.2__Fig 2__SQUID_data__IVB_BS30_A1S1_I_coil_+-0.3mA_fine_284mK_191103__IVB__T_1p40K[0.000162000],9.86363276326174,0.46470414365989116,0.0,0.017893868764260367,,0.09254502090778918,False,6.0
D4.2__Fig 2__SQUID_data__IVB_BS30_A1S1_I_coil_+-0.3mA_fine_284mK_191103__IVB__T_1p40K[0.000162750],9.811361610530634,0.6382977884271875,0.0,0.017778342968935237,,0.09621714524572761,False,6.0
D4.2__Fig 2__SQUID_data__IVB_BS30_A1S1_I_coil_+-0.3mA_fine_284mK_191103__IVB__T_1p40K[0.000163500],11.300989553920628,0.6958800155454119,0.0,0.01770688043057183,,0.09274291575945855,False,6.0
D4.2__Fig 2__SQUID_data__IVB_BS30_A1S1_I_coil_+-0.3mA_fine_284mK_191103__IVB__T_1p40K[0.000164250],11.721796022026393,0.7196936679990983,0.0,0.017717285490995743,,0.09374170492295475,False,6.0
D4.2__Fig 2__SQUID_data__IVB_BS30_A1S1_I_coil_+-0.3mA_fine_284mK_191103__IVB__T_1p40K[0.000165000],11.630685975906038,0.7040681617849215,0.0,0.01783962287850099,,0.09494071136102776,False,6.0
D4.2__Fig 2__SQUID_data__IVB_BS30_A1S1_I_coil_+-0.3mA_fine_284mK_191103__IVB__T_1p40K[0.000165750],11.216158664509116,0.6453504877456252,0.0,0.017755940429282795,,0.09162111404055479,False,6.0
D4.2__Fig 2__SQUID_data__IVB_BS30_A1S1_I_coil_+-0.3mA_fine_284mK_191103__IVB__T_1p40K[0.000166500],11.511223263243345,0.5918847944763478,0.0,0.017857500108350233,,0.09779025466489637,False,6.0
D4.2__Fig 2__SQUID_data__IVB_BS30_A1S1_I_coil_+-0.3mA_fine_284mK_191103__IVB__T_1p40K[0.000167250],10.480594099547048,0.5850447248441589,0.0,0.017751447224655856,,0.09352436528042034,False,6.0
D4.2__Fig 2__SQUID_data__IVB_BS30_A1S1_I_coil_+-0.3mA_fine_284mK_191103__IVB__T_1p40K[0.000168000],11.81932265398915,0.69390581694479,0.0,0.017704799382695376,,0.0931482515036977,False,6.0
D4.2__Fig 2__SQUID_data__IVB_BS30_A1S1_I_coil_+-0.3mA_fine_284mK_191103__IVB__T_1p40K[0.000168750],11.020904178625665,0.8259860483703382,0.0,0.01766223049805107,,0.09024323905636251,False,6.0
D4.2__Fig 2__SQUID_data__IVB_BS30_A1S1_I_coil_+-0.3mA_fine_284mK_191103__IVB__T_1p40K[0.000169500],11.751590762792786,0.8385452243134135,0.0,0.017611181074612417,,0.09026310654281933,False,6.0
D4.2__Fig 2__SQUID_data__IVB_BS30_A1S1_I_coil_+-0.3mA_fine_284mK_191103__IVB__T_1p40K[0.000170250],13.460178251825562,0.8646722550543435,0.0,0.017599859148763476,,0.09719364588509209,False,6.0
D4.2__Fig 2__SQUID_data__IVB_BS30_A1S1_I_coil_+-0.3mA_fine_284mK_191103__IVB__T_1p40K[0.000171000],15.394095638444872,0.837400700912176,0.0,0.017605598385038754,,0.08945591717899064,False,6.0
D4.2__Fig 2__SQUID_data__IVB_BS30_A1S1_I_coil_+-0.3mA_fine_284mK_191103__IVB__T_1p40K[0.000171750],15.845603479920204,0.8081176562205744,0.0,0.017644554088266422,,0.08946190046452711,False,6.0
D4.2__Fig 2__SQUID_data__IVB_BS30_A1S1_I_coil_+-0.3mA_fine_284mK_191103__IVB__T_1p40K[0.000172500],17.138686615448837,0.860224905855845,0.0,0.017697773268368296,,0.08997487429704404,False,6.0
D4.2__Fig 2__SQUID_data__IVB_BS30_A1S1_I_coil_+-0.3mA_fine_284mK_191103__IVB__T_1p40K[0.000173250],18.344830261437934,0.8225567471255791,0.0,0.01761411352236981,,0.08980243501741023,False,6.0
D4.2__Fig 2__SQUID_data__IVB_BS30_A1S1_I_coil_+-0.3mA_fine_284mK_191103__IVB__T_1p40K[0.000174000],15.843012783775851,0.8938429253936473,0.0,0.017546180221194738,,0.09410286159209813,False,6.0
D4.2__Fig 2__SQUID_data__IVB_BS30_A1S1_I_coil_+-0.3mA_fine_284mK_191103__IVB__T_1p40K[0.000174750],14.512295280827109,0.9060608002243389,0.0,0.017571925485586698,,0.09652354587157384,False,6.0
D4.2__Fig 2__SQUID_data__IVB_BS30_A1S1_I_coil_+-0.3mA_fine_284mK_191103__IVB__T_1p40K[0.000175500],15.728876764675922,0.9066648448031301,0.0,0.017582004466480013,,0.09559470170512599,False,6.0
D4.2__Fig 2__SQUID_data__IVB_BS30_A1S1_I_coil_+-0.3mA_fine_284mK_191103__IVB__T_1p40K[0.000176250],14.865299102256024,0.9363168177465321,0.0,0.01754811391119481,,0.09038448815815402,False,6.0
D4.2__Fig 2__SQUID_data__IVB_BS30_A1S1_I_coil_+-0.3mA_fine_284mK_191103__IVB__T_1p40K[0.000177000],15.297564070590804,0.9044178865887643,0.0,0.017613994005868282,,0.09342538287458439,False,6.0
D4.2__Fig 2__SQUID_data__IVB_BS30_A1S1_I_coil_+-0.3mA_fine_284mK_191103__IVB__T_1p40K[0.000177750],15.870227965579826,0.8747844713462919,0.0,0.01759682880424053,,0.09131887023290342,False,6.0
D4.2__Fig 2__SQUID_data__IVB_BS30_A1S1_I_coil_+-0.3mA_fine_284mK_191103__IVB__T_1p40K[0.000178500],15.688674502092669,0.8801758115932273,0.0,0.01761194235720205,,0.09701121841094787,False,6.0
D4.2__Fig 2__SQUID_data__IVB_BS30_A1S1_I_coil_+-0.3mA_fine_284mK_191103__IVB__T_1p40K[0.000179250],15.6665019356879,0.8689238627487214,0.0,0.017661495807186487,,0.08971516489889635,False,6.0
D4.2__Fig 2__SQUID_data__IVB_BS30_A1S1_I_coil_+-0.3mA_fine_284mK_191103__IVB__T_1p40K[0.000180000],16.68646135534722,0.8322343206513486,0.0,0.017626555044715914,,0.09178496113800737,False,6.0
D4.2__Fig 2__SQUID_data__IVB_BS30_A1S1_I_coil_+-0.3mA_fine_284mK_191103__IVB__T_1p40K[0.000180750],16.787367845863272,0.7368773114361001,0.0,0.017720202328189927,,0.09157495117985182,False,6.0
D4.2__Fig 2__SQUID_data__IVB_BS30_A1S1_I_coil_+-0.3mA_fine_284mK_191103__IVB__T_1p40K[0.000181500],15.906978960234401,0.6944197900821635,0.0,0.017801362774917364,,0.09273616770649978,False,6.0
D4.2__Fig 2__SQUID_data__IVB_BS30_A1S1_I_coil_+-0.3mA_fine_284mK_191103__IVB__T_1p40K[0.000182250],17.908126922944817,0.6903065710263521,0.0,0.01781553136630271,,0.0983735230783932,False,6.0
D4.2__Fig 2__SQUID_data__IVB_BS30_A1S1_I_coil_+-0.3mA_fine_284mK_191103__IVB__T_1p40K[0.000183000],17.560405879870927,0.6911262834376072,0.0,0.017741909592224835,,0.0900405016478237,False,6.0
D4.2__Fig 2__SQUID_data__IVB_BS30_A1S1_I_coil_+-0.3mA_fine_284mK_191103__IVB__T_1p40K[0.000183750],17.640552017589187,0.6862289891232384,0.0,0.017769937378805025,,0.0938754927594286,False,6.0
D4.2__Fig 2__SQUID_data__IVB_BS30_A1S1_I_coil_+-0.3mA_fine_284mK_191103__IVB__T_1p40K[0.000184500],16.830450643482905,0.6934815320626856,0.0,0.01789708673135944,,0.08849069046079039,False,6.0
D4.2__Fig 2__SQUID_data__IVB_BS30_A1S1_I_coil_+-0.3mA_fine_284mK_191103__IVB__T_1p40K[0.000185250],15.669290603696798,0.6955230228124049,0.0,0.017749366344642217,,0.09415517664998257,False,6.0
D4.2__Fig 2__SQUID_data__IVB_BS30_A1S1_I_coil_+-0.3mA_fine_284mK_191103__IVB__T_1p40K[0.000186000],16.95584803362889,0.6878051269756029,0.0,0.017798269920791428,,0.0888036319130007,False,6.0
D4.2__Fig 2__SQUID_data__IVB_BS30_A1S1_I_coil_+-0.3mA_fine_284mK_191103__IVB__T_1p40K[0.000186750],17.44627679265524,0.6858596144884008,0.0,0.01769793670623456,,0.09255377506060286,False,6.0
D4.2__Fig 2__SQUID_data__IVB_BS30_A1S1_I_coil_+-0.3mA_fine_284mK_191103__IVB__T_1p40K[0.000187500],20.20164578021398,0.7512829059300046,0.0,0.01768791374090243,,0.0892841815523763,False,6.0
D4.2__Fig 2__SQUID_data__IVB_BS30_A1S1_I_coil_+-0.3mA_fine_284mK_191103__IVB__T_1p40K[0.000188250],19.755402596357772,0.9116649588819962,0.0,0.017615668114496438,,0.09110249990177122,False,6.0
D4.2__Fig 2__SQUID_data__IVB_BS30_A1S1_I_coil_+-0.3mA_fine_284mK_191103__IVB__T_1p40K[0.000189000],17.303344734746958,0.7069545161121565,0.0,0.017724554372374125,,0.0909625717614005,False,6.0
D4.2__Fig 2__SQUID_data__IVB_BS30_A1S1_I_coil_+-0.3mA_fine_284mK_191103__IVB__T_1p40K[0.000189750],18.80251089858148,0.6868618681362232,0.0,0.017761485037570145,,0.09148238976180671,False,6.0
D4.2__Fig 2__SQUID_data__IVB_BS30_A1S1_I_coil_+-0.3mA_fine_284mK_191103__IVB__T_1p40K[0.000190500],20.19693637129658,0.6768755878704372,0.0,0.01788485942082135,,0.09569425615919265,False,6.0
D4.2__Fig 2__SQUID_data__IVB_BS30_A1S1_I_coil_+-0.3mA_fine_284mK_191103__IVB__T_1p40K[0.000191250],23.08204342601731,0.6662565755379924,0.0,0.017851597124223146,,0.09593151202182092,False,6.0
D4.2__Fig 2__SQUID_data__IVB_BS30_A1S1_I_coil_+-0.3mA_fine_284mK_191103__IVB__T_1p40K[0.000192000],18.792731956150693,0.6989897456302258,0.0,0.017790884905359745,,0.09071262845562698,False,6.0
D4.2__Fig 2__SQUID_data__IVB_BS30_A1S1_I_coil_+-0.3mA_fine_284mK_191103__IVB__T_1p40K[0.000192750],18.639555616955956,0.7199711299138606,0.0,0.017782878099724352,,0.09515574634559615,False,6.0
D4.2__Fig 2__SQUID_data__IVB_BS30_A1S1_I_coil_+-0.3mA_fine_284mK_191103__IVB__T_1p40K[0.000193500],20.954539609220426,0.7851298672773322,0.0,0.017661164424028767,,0.09569237492554297,False,6.0
D4.2__Fig 2__SQUID_data__IVB_BS30_A1S1_I_coil_+-0.3mA_fine_284mK_191103__IVB__T_1p40K[0.000194250],19.510132556832065,0.8906199707351808,0.0,0.017651605758984,,0.09107471285948845,False,6.0
D4.2__Fig 2__SQUID_data__IVB_BS30_A1S1_I_coil_+-0.3mA_fine_284mK_191103__IVB__T_1p40K[0.000195000],24.35363781376333,0.8439565568137927,0.0,0.017563530015681988,,0.09008046118984575,False,6.0
D4.2__Fig 2__SQUID_data__IVB_BS30_A1S1_I_coil_+-0.3mA_fine_284mK_191103__IVB__T_1p40K[0.000195750],28.759391322646493,0.8334556516852034,0.0,0.017560466033393014,,0.09039580348451634,False,6.0
D4.2__Fig 2__SQUID_data__IVB_BS30_A1S1_I_coil_+-0.3mA_fine_284mK_191103__IVB__T_1p40K[0.000196500],28.029292644258863,0.840717815015911,0.0,0.017646340469774972,,0.08806045529924489,False,6.0
D4.2__Fig 2__SQUID_data__IVB_BS30_A1S1_I_coil_+-0.3mA_fine_284mK_191103__IVB__T_1p40K[0.000197250],25.033511194736054,0.8645939742328407,0.0,0.017652447536136377,,0.0920805577604401,False,6.0
D4.2__Fig 2__SQUID_data__IVB_BS30_A1S1_I_coil_+-0.3mA_fine_284mK_191103__IVB__T_1p40K[0.000198000],29.17585693885706,0.7473554474834921,0.0,0.017658556800931983,,0.09590667920494735,False,6.0
D4.2__Fig 2__SQUID_data__IVB_BS30_A1S1_I_coil_+-0.3mA_fine_284mK_191103__IVB__T_1p40K[0.000198750],27.450346829971828,0.7293280230930742,0.0,0.01755651307074153,,0.09572882730191802,False,6.0
D4.2__Fig 2__SQUID_data__IVB_BS30_A1S1_I_coil_+-0.3mA_fine_284mK_191103__IVB__T_1p40K[0.000199500],26.863899227628515,0.7221926537972362,0.0,0.017679015042519734,,0.09396566552279549,False,6.0
D4.2__Fig 2__SQUID_data__IVB_BS30_A1S1_I_coil_+-0.3mA_fine_284mK_191103__IVB__T_1p40K[0.000200250],24.341934276218694,0.8034901197708223,0.0,0.01758149605203938,,0.09268886049277059,False,6.0
D4.2__Fig 2__SQUID_data__IVB_BS30_A1S1_I_coil_+-0.3mA_fine_284mK_191103__IVB__T_1p40K[0.000201000],24.393398436682087,0.8362695383416455,0.0,0.017656455320316903,,0.09372087628653542,False,6.0
D4.2__Fig 2__SQUID_data__IVB_BS30_A1S1_I_coil_+-0.3mA_fine_284mK_191103__IVB__T_1p40K[0.000201750],21.53227754187734,0.841393627960422,0.0,0.017568564553856372,,0.09209560409468599,False,6.0
D4.2__Fig 2__SQUID_data__IVB_BS30_A1S1_I_coil_+-0.3mA_fine_284mK_191103__IVB__T_1p40K[0.000202500],20.046195186704505,0.8820942443914367,0.0,0.01761214262226902,,0.09094552560099815,False,6.0
D4.2__Fig 2__SQUID_data__IVB_BS30_A1S1_I_coil_+-0.3mA_fine_284mK_191103__IVB__T_1p40K[0.000203250],15.271842059960184,0.8858929898907705,0.0,0.01771836040777796,,0.09274456457206753,False,6.0
D4.2__Fig 2__SQUID_data__IVB_BS30_A1S1_I_coil_+-0.3mA_fine_284mK_191103__IVB__T_1p40K[0.000204000],15.111634122984361,0.8785257221169814,0.0,0.017626979933296073,,0.09268676015670474,False,6.0
D4.2__Fig 2__SQUID_data__IVB_BS30_A1S1_I_coil_+-0.3mA_fine_284mK_191103__IVB__T_1p40K[0.000204750],13.437461737091747,0.8838324913336787,0.0,0.017582388323726546,,0.09349834335434344,False,6.0
D4.2__Fig 2__SQUID_data__IVB_BS30_A1S1_I_coil_+-0.3mA_fine_284mK_191103__IVB__T_1p40K[0.000205500],17.700751164927073,0.7639959731379501,0.0,0.017693702280983742,,0.09092028051757621,False,6.0
D4.2__Fig 2__SQUID_data__IVB_BS30_A1S1_I_coil_+-0.3mA_fine_284mK_191103__IVB__T_1p40K[0.000206250],19.411032875447304,0.6754004994540891,0.0,0.017781999282357387,,0.08818626768115423,False,6.0
D4.2__Fig 2__SQUID_data__IVB_BS30_A1S1_I_coil_+-0.3mA_fine_284mK_191103__IVB__T_1p40K[0.000207000],15.650420295186578,0.7002226903364582,0.0,0.017802427901373815,,0.08996147358819491,False,6.0
D4.2__Fig 2__SQUID_data__IVB_BS30_A1S1_I_coil_+-0.3mA_fine_284mK_191103__IVB__T_1p40K[0.000207750],14.93727358326564,0.7006722086318314,0.0,0.017788444277903506,,0.09390294445345738,False,6.0
D4.2__Fig 2__SQUID_data__IVB_BS30_A1S1_I_coil_+-0.3mA_fine_284mK_191103__IVB__T_1p40K[0.000208500],14.51558222887684,0.7070328191175691,0.0,0.017797178341448065,,0.09764788195009244,False,6.0
D4.2__Fig 2__SQUID_data__IVB_BS30_A1S1_I_coil_+-0.3mA_fine_284mK_191103__IVB__T_1p40K[0.000209250],15.2866345986652,0.6986507648151319,0.0,0.017790269362524796,,0.09278483465714783,False,6.0
D4.2__Fig 2__SQUID_data__IVB_BS30_A1S1_I_coil_+-0.3mA_fine_284mK_191103__IVB__T_1p40K[0.000210000],16.281692712656348,0.6867093236139182,0.0,0.01780714040313222,,0.09457889171724493,False,6.0
D4.2__Fig 2__SQUID_data__IVB_BS30_A1S1_I_coil_+-0.3mA_fine_284mK_191103__IVB__T_1p40K[0.000210750],19.659455248840505,0.6658075189653853,0.0,0.01781039212325515,,0.09277919869056418,False,6.0
D4.2__Fig 2__SQUID_data__IVB_BS30_A1S1_I_coil_+-0.3mA_fine_284mK_191103__IVB__T_1p40K[0.000211500],20.649480051654706,0.6980547999693146,0.0,0.01777229674503744,,0.0901566990133912,False,6.0
D4.2__Fig 2__SQUID_data__IVB_BS30_A1S1_I_coil_+-0.3mA_fine_284mK_191103__IVB__T_1p40K[0.000212250],18.60564726605384,0.8669569041265479,0.0,0.01751919645421043,,0.09091305481355148,False,6.0
D4.2__Fig 2__SQUID_data__IVB_BS30_A1S1_I_coil_+-0.3mA_fine_284mK_191103__IVB__T_1p40K[0.000213000],18.153221149270568,0.8630280512296761,0.0,0.017527627628410494,,0.08911858156882085,False,6.0
D4.2__Fig 2__SQUID_data__IVB_BS30_A1S1_I_coil_+-0.3mA_fine_284mK_191103__IVB__T_1p40K[0.000213750],17.941652820949425,0.8746638773874452,0.0,0.01746542632315852,,0.09243299486020315,False,6.0
D4.2__Fig 2__SQUID_data__IVB_BS30_A1S1_I_coil_+-0.3mA_fine_284mK_191103__IVB__T_1p40K[0.000214500],19.71031010831497,0.6997206772504078,0.0,0.01776635747785284,,0.09081350494176403,False,6.0
D4.2__Fig 2__SQUID_data__IVB_BS30_A1S1_I_coil_+-0.3mA_fine_284mK_191103__IVB__T_1p40K[0.000215250],18.133776090384668,0.6734411825442566,0.0,0.017741703964645902,,0.09477501526281157,False,6.0
D4.2__Fig 2__SQUID_data__IVB_BS30_A1S1_I_coil_+-0.3mA_fine_284mK_191103__IVB__T_1p40K[0.000216000],18.735936867919804,0.6644828279038357,0.0,0.017822405558999166,,0.0928932747871243,False,6.0
D4.2__Fig 2__SQUID_data__IVB_BS30_A1S1_I_coil_+-0.3mA_fine_284mK_191103__IVB__T_1p40K[0.000216750],18.370295119669567,0.6708341467799288,0.0,0.017914293046348506,,0.09084528835219408,False,6.0
D4.2__Fig 2__SQUID_data__IVB_BS30_A1S1_I_coil_+-0.3mA_fine_284mK_191103__IVB__T_1p40K[0.000217500],15.856602651005705,0.6744385915546575,0.0,0.0178896919538508,,0.09153989186000608,False,6.0
D4.2__Fig 2__SQUID_data__IVB_BS30_A1S1_I_coil_+-0.3mA_fine_284mK_191103__IVB__T_1p40K[0.000218250],14.363364971719772,0.6914508138743112,0.0,0.017853631692796457,,0.09065857209645876,False,6.0
D4.2__Fig 2__SQUID_data__IVB_BS30_A1S1_I_coil_+-0.3mA_fine_284mK_191103__IVB__T_1p40K[0.000219000],15.056650005216708,0.6882450164831525,0.0,0.017941422307931866,,0.09086017463765271,False,6.0
D4.2__Fig 2__SQUID_data__IVB_BS30_A1S1_I_coil_+-0.3mA_fine_284mK_191103__IVB__T_1p40K[0.000219750],17.242988648996125,0.6691964715552084,0.0,0.01806673540097861,,0.09202426353930512,False,6.0
D4.2__Fig 2__SQUID_data__IVB_BS30_A1S1_I_coil_+-0.3mA_fine_284mK_191103__IVB__T_1p40K[0.000220500],21.081139487886457,0.6570674879864432,0.0,0.01791350151961659,,0.09107629553729349,False,6.0
D4.2__Fig 2__SQUID_data__IVB_BS30_A1S1_I_coil_+-0.3mA_fine_284mK_191103__IVB__T_1p40K[0.000221250],20.574268183061214,0.7019922986443051,0.0,0.017683150419598913,,0.09000610947507034,False,6.0
D4.2__Fig 2__SQUID_data__IVB_BS30_A1S1_I_coil_+-0.3mA_fine_284mK_191103__IVB__T_1p40K[0.000222000],17.70758834786415,0.5717977177889687,0.0,0.017848347106404275,,0.09049367379181895,False,6.0
D4.2__Fig 2__SQUID_data__IVB_BS30_A1S1_I_coil_+-0.3mA_fine_284mK_191103__IVB__T_1p40K[0.000222750],18.364157261823046,0.5115069532350797,0.0,0.018017213795882888,,0.09213137829891276,False,6.0
D4.2__Fig 2__SQUID_data__IVB_BS30_A1S1_I_coil_+-0.3mA_fine_284mK_191103__IVB__T_1p40K[0.000223500],20.846784954289436,0.511109074684965,0.0,0.01807521532014415,,0.09136342837915729,False,6.0
D4.2__Fig 2__SQUID_data__IVB_BS30_A1S1_I_coil_+-0.3mA_fine_284mK_191103__IVB__T_1p40K[0.000224250],20.69661526818673,0.5079281867265956,0.0,0.01802579491553931,,0.09224185476517996,False,6.0
D4.2__Fig 2__SQUID_data__IVB_BS30_A1S1_I_coil_+-0.3mA_fine_284mK_191103__IVB__T_1p40K[0.000225000],21.37232773489793,0.5815936039526975,0.0,0.01795547018308614,,0.09078362495083295,False,6.0
D4.2__Fig 2__SQUID_data__IVB_BS30_A1S1_I_coil_+-0.3mA_fine_284mK_191103__IVB__T_1p40K[0.000225750],19.925691854027068,0.4721459498799536,0.0,0.01796764700972458,,0.09171427566841035,False,6.0
D4.2__Fig 2__SQUID_data__IVB_BS30_A1S1_I_coil_+-0.3mA_fine_284mK_191103__IVB__T_1p40K[0.000226500],20.427234575392802,0.4573303603162083,0.0,0.01806033478027137,,0.09381346205426737,False,6.0
D4.2__Fig 2__SQUID_data__IVB_BS30_A1S1_I_coil_+-0.3mA_fine_284mK_191103__IVB__T_1p40K[0.000227250],22.971527267388176,0.45246831808295723,0.0,0.018059558851855072,,0.09398696852452307,False,6.0
D4.2__Fig 2__SQUID_data__IVB_BS30_A1S1_I_coil_+-0.3mA_fine_284mK_191103__IVB__T_1p40K[0.000228000],26.71088019928303,0.4899445133265508,0.0,0.017901725011840442,,0.0967609456614259,False,6.0
D4.2__Fig 2__SQUID_data__IVB_BS30_A1S1_I_coil_+-0.3mA_fine_284mK_191103__IVB__T_1p40K[0.000228750],23.949111656819863,0.5261601914207753,0.0,0.017869961851426173,,0.09237033582288774,False,6.0
D4.2__Fig 2__SQUID_data__IVB_BS30_A1S1_I_coil_+-0.3mA_fine_284mK_191103__IVB__T_1p40K[0.000229500],25.033817818578743,0.5191406563634132,0.0,0.017974926474936214,,0.091776774080698,False,6.0
D4.2__Fig 2__SQUID_data__IVB_BS30_A1S1_I_coil_+-0.3mA_fine_284mK_191103__IVB__T_1p40K[0.000230250],28.531707258039663,0.4285495769353233,0.0,0.01803551991479708,,0.09260440561015545,False,6.0
D4.2__Fig 2__SQUID_data__IVB_BS30_A1S1_I_coil_+-0.3mA_fine_284mK_191103__IVB__T_1p40K[0.000231000],28.994976260278026,0.44814686083987865,0.0,0.018140557835696923,,0.09142445328694712,False,6.0
D4.2__Fig 2__SQUID_data__IVB_BS30_A1S1_I_coil_+-0.3mA_fine_284mK_191103__IVB__T_1p40K[0.000231750],21.900466010154073,0.42523632999659067,0.0,0.0181108253485847,,0.09202654741469203,False,6.0
D4.2__Fig 2__SQUID_data__IVB_BS30_A1S1_I_coil_+-0.3mA_fine_284mK_191103__IVB__T_1p40K[0.000232500],19.838408439027507,0.6096697330685671,0.0,0.017842042639441905,,0.09721265727003811,False,6.0
D4.2__Fig 2__SQUID_data__IVB_BS30_A1S1_I_coil_+-0.3mA_fine_284mK_191103__IVB__T_1p40K[0.000233250],20.038192604924344,0.5813616390375325,0.0,0.017878426858926707,,0.09030460360044167,False,6.0
D4.2__Fig 2__SQUID_data__IVB_BS30_A1S1_I_coil_+-0.3mA_fine_284mK_191103__IVB__T_1p40K[0.000234000],20.89207388808614,0.5583724737903352,0.0,0.01792198779384607,,0.09170673942226054,False,6.0
D4.2__Fig 2__SQUID_data__IVB_BS30_A1S1_I_coil_+-0.3mA_fine_284mK_191103__IVB__T_1p40K[0.000234750],19.49557770159098,0.620579684386775,0.0,0.01794045348636062,,0.09001355997856432,False,6.0
D4.2__Fig 2__SQUID_data__IVB_BS30_A1S1_I_coil_+-0.3mA_fine_284mK_191103__IVB__T_1p40K[0.000235500],18.19915922505922,0.616008376037202,0.0,0.017920324832005907,,0.09046861726303028,False,6.0
D4.2__Fig 2__SQUID_data__IVB_BS30_A1S1_I_coil_+-0.3mA_fine_284mK_191103__IVB__T_1p40K[0.000236250],16.903506553592784,0.5381071100259682,0.0,0.017941417393061522,,0.09204683752355343,False,6.0
D4.2__Fig 2__SQUID_data__IVB_BS30_A1S1_I_coil_+-0.3mA_fine_284mK_191103__IVB__T_1p40K[0.000237000],17.868115252236514,0.4852147214826114,0.0,0.018084584923676775,,0.09350601069184138,False,6.0
D4.2__Fig 2__SQUID_data__IVB_BS30_A1S1_I_coil_+-0.3mA_fine_284mK_191103__IVB__T_1p40K[0.000237750],19.351232734533724,0.45112790634988026,0.0,0.01805890471335991,,0.09284909263714712,False,6.0
D4.2__Fig 2__SQUID_data__IVB_BS30_A1S1_I_coil_+-0.3mA_fine_284mK_191103__IVB__T_1p40K[0.000238500],20.466350185899643,0.4563062993665354,0.0,0.018083774297329165,,0.09709985943147244,False,6.0
D4.2__Fig 2__SQUID_data__IVB_BS30_A1S1_I_coil_+-0.3mA_fine_284mK_191103__IVB__T_1p40K[0.000239250],20.375023679356975,0.48029192895959305,0.0,0.01809287514550764,,0.0900280999197886,False,6.0
D4.2__Fig 2__SQUID_data__IVB_BS30_A1S1_I_coil_+-0.3mA_fine_284mK_191103__IVB__T_1p40K[0.000240000],24.039749637681073,0.47961340136962155,0.0,0.018107495896845963,,0.09409221141694381,False,6.0
D4.2__Fig 2__SQUID_data__IVB_BS30_A1S1_I_coil_+-0.3mA_fine_284mK_191103__IVB__T_1p40K[0.000240750],25.09544162832802,0.47762315379381953,0.0,0.01783510540673691,,0.08944269971805212,False,6.0
D4.2__Fig 2__SQUID_data__IVB_BS30_A1S1_I_coil_+-0.3mA_fine_284mK_191103__IVB__T_1p40K[0.000241500],19.896627107831364,0.6274743787288765,0.0,0.017942262434404187,,0.09281831472102894,False,6.0
D4.2__Fig 2__SQUID_data__IVB_BS30_A1S1_I_coil_+-0.3mA_fine_284mK_191103__IVB__T_1p40K[0.000242250],16.231534828313386,0.701377962343682,0.0,0.017903512632739496,,0.0900329650805045,False,6.0
D4.2__Fig 2__SQUID_data__IVB_BS30_A1S1_I_coil_+-0.3mA_fine_284mK_191103__IVB__T_1p40K[0.000243000],16.71365780499237,0.7088052345991445,0.0,0.017865796300705897,,0.09123130868196133,False,6.0
D4.2__Fig 2__SQUID_data__IVB_BS30_A1S1_I_coil_+-0.3mA_fine_284mK_191103__IVB__T_1p40K[0.000243750],18.476405832854738,0.6187634323125536,0.0,0.017863443365658708,,0.0901555893534811,False,6.0
D4.2__Fig 2__SQUID_data__IVB_BS30_A1S1_I_coil_+-0.3mA_fine_284mK_191103__IVB__T_1p40K[0.000244500],17.85807314711965,0.5045117830623062,0.0,0.018013936036965137,,0.09059071924087499,False,6.0
D4.2__Fig 2__SQUID_data__IVB_BS30_A1S1_I_coil_+-0.3mA_fine_284mK_191103__IVB__T_1p40K[0.000245250],17.607261711952848,0.5251578376224065,0.0,0.018022961766772524,,0.09229664277614734,False,6.0
D4.2__Fig 2__SQUID_data__IVB_BS30_A1S1_I_coil_+-0.3mA_fine_284mK_191103__IVB__T_1p40K[0.000246000],18.43859666964296,0.5344150657002894,0.0,0.018029298541281664,,0.09207920822700977,False,6.0
D4.2__Fig 2__SQUID_data__IVB_BS30_A1S1_I_coil_+-0.3mA_fine_284mK_191103__IVB__T_1p40K[0.000246750],18.33306036618874,0.5088202054813498,0.0,0.018104250007609738,,0.09363810956253389,False,6.0
D4.2__Fig 2__SQUID_data__IVB_BS30_A1S1_I_coil_+-0.3mA_fine_284mK_191103__IVB__T_1p40K[0.000247500],17.906130578384698,0.5448736110630374,0.0,0.018247140825891288,,0.0943221394800735,False,6.0
D4.2__Fig 2__SQUID_data__IVB_BS30_A1S1_I_coil_+-0.3mA_fine_284mK_191103__IVB__T_1p40K[0.000248250],18.46395381861473,0.5960074003031658,0.0,0.01797029767824106,,0.09241021893503155,False,6.0
D4.2__Fig 2__SQUID_data__IVB_BS30_A1S1_I_coil_+-0.3mA_fine_284mK_191103__IVB__T_1p40K[0.000249000],17.262236018122277,0.6668007212908963,0.0,0.01777650012874472,,0.09065150396630195,False,6.0
D4.2__Fig 2__SQUID_data__IVB_BS30_A1S1_I_coil_+-0.3mA_fine_284mK_191103__IVB__T_1p40K[0.000249750],16.964964651560575,0.5816330087230915,0.0,0.01788288719090932,,0.09250319722397506,False,6.0
D4.2__Fig 2__SQUID_data__IVB_BS30_A1S1_I_coil_+-0.3mA_fine_284mK_191103__IVB__T_1p40K[0.000250500],19.259601015044627,0.5408519575949232,0.0,0.018133243363601236,,0.09102793921398447,False,6.0
D4.2__Fig 2__SQUID_data__IVB_BS30_A1S1_I_coil_+-0.3mA_fine_284mK_191103__IVB__T_1p40K[0.000251250],20.511102632689894,0.5700266852686515,0.0,0.0180820050420689,,0.09722687201552895,False,6.0
D4.2__Fig 2__SQUID_data__IVB_BS30_A1S1_I_coil_+-0.3mA_fine_284mK_191103__IVB__T_1p40K[0.000252000],22.533352248765333,0.590918520969867,0.0,0.017951328273793383,,0.09271819013352023,False,6.0
D4.2__Fig 2__SQUID_data__IVB_BS30_A1S1_I_coil_+-0.3mA_fine_284mK_191103__IVB__T_1p40K[0.000252750],19.46438570872353,0.6465394853161008,0.0,0.017877250495083045,,0.09184140271237606,False,6.0
D4.2__Fig 2__SQUID_data__IVB_BS30_A1S1_I_coil_+-0.3mA_fine_284mK_191103__IVB__T_1p40K[0.000253500],24.24950180157898,0.5594500317358144,0.0,0.01793844758474389,,0.09398981403330439,False,6.0
D4.2__Fig 2__SQUID_data__IVB_BS30_A1S1_I_coil_+-0.3mA_fine_284mK_191103__IVB__T_1p40K[0.000254250],27.1914797584119,0.5253279449076999,0.0,0.018034969678037326,,0.09095569345563344,False,6.0
D4.2__Fig 2__SQUID_data__IVB_BS30_A1S1_I_coil_+-0.3mA_fine_284mK_191103__IVB__T_1p40K[0.000255000],29.28075872264127,0.528631589572881,0.0,0.017876708856031695,,0.09223713529626529,False,6.0
D4.2__Fig 2__SQUID_data__IVB_BS30_A1S1_I_coil_+-0.3mA_fine_284mK_191103__IVB__T_1p40K[0.000255750],31.282530654032612,0.5272080997186591,0.0,0.01780734935748482,,0.09224313521795305,False,6.0
D4.2__Fig 2__SQUID_data__IVB_BS30_A1S1_I_coil_+-0.3mA_fine_284mK_191103__IVB__T_1p40K[0.000256500],35.37097740406907,0.5543715151945151,0.0,0.017802776922762602,,0.09097963276893113,False,6.0
D4.2__Fig 2__SQUID_data__IVB_BS30_A1S1_I_coil_+-0.3mA_fine_284mK_191103__IVB__T_1p40K[0.000257250],39.7535944792579,0.539216653436266,0.0,0.017870055921139466,,0.0917968366736687,False,6.0
D4.2__Fig 2__SQUID_data__IVB_BS30_A1S1_I_coil_+-0.3mA_fine_284mK_191103__IVB__T_1p40K[0.000258000],28.256370223731444,0.5406949553239152,0.0,0.017900525846798958,,0.0921895947222555,False,6.0
D4.2__Fig 2__SQUID_data__IVB_BS30_A1S1_I_coil_+-0.3mA_fine_284mK_191103__IVB__T_1p40K[0.000258750],22.11871397872538,0.5592637846687271,0.0,0.018085128075819194,,0.08992004456826226,False,6.0
D4.2__Fig 2__SQUID_data__IVB_BS30_A1S1_I_coil_+-0.3mA_fine_284mK_191103__IVB__T_1p40K[0.000259500],19.129138776628878,0.5291965428545373,0.0,0.017924614555272195,,0.09049197484855914,False,6.0
D4.2__Fig 2__SQUID_data__IVB_BS30_A1S1_I_coil_+-0.3mA_fine_284mK_191103__IVB__T_1p40K[0.000260250],23.022039511133993,0.6661661056533033,0.0,0.017718796862377813,,0.08962922724263904,False,6.0
D4.2__Fig 2__SQUID_data__IVB_BS30_A1S1_I_coil_+-0.3mA_fine_284mK_191103__IVB__T_1p40K[0.000261000],31.407511441584607,0.5442294322052021,0.0,0.017732987076141054,,0.09054491590942479,False,6.0
D4.2__Fig 2__SQUID_data__IVB_BS30_A1S1_I_coil_+-0.3mA_fine_284mK_191103__IVB__T_1p40K[0.000261750],43.90487806124453,0.5222969231360751,0.0,0.0176756197077808,,0.09192135547384361,False,6.0
D4.2__Fig 2__SQUID_data__IVB_BS30_A1S1_I_coil_+-0.3mA_fine_284mK_191103__IVB__T_1p40K[0.000262500],39.679538770010275,0.5062006911109694,0.0,0.017776876254811655,,0.0919194521386658,False,6.0
D4.2__Fig 2__SQUID_data__IVB_BS30_A1S1_I_coil_+-0.3mA_fine_284mK_191103__IVB__T_1p40K[0.000263250],32.795585147125706,0.5404017787016698,0.0,0.017668037525279057,,0.1008856053032386,False,6.0
D4.2__Fig 2__SQUID_data__IVB_BS30_A1S1_I_coil_+-0.3mA_fine_284mK_191103__IVB__T_1p40K[0.000264000],28.45921296110266,0.45786546216384894,0.0,0.017900714235882298,,0.09110886782386442,False,6.0
D4.2__Fig 2__SQUID_data__IVB_BS30_A1S1_I_coil_+-0.3mA_fine_284mK_191103__IVB__T_1p40K[0.000264750],31.488521546098944,0.5031593025499252,0.0,0.01792574690241403,,0.09211183007731653,False,6.0
D4.2__Fig 2__SQUID_data__IVB_BS30_A1S1_I_coil_+-0.3mA_fine_284mK_191103__IVB__T_1p40K[0.000265500],42.08628389239233,0.47136186177295936,0.0,0.017846761322366917,,0.09052725203415864,False,6.0
D4.2__Fig 2__SQUID_data__IVB_BS30_A1S1_I_coil_+-0.3mA_fine_284mK_191103__IVB__T_1p40K[0.000266250],56.17671806320686,0.48459839973615554,0.0,0.017738554808573944,,0.09603208407158355,False,6.0
D4.2__Fig 2__SQUID_data__IVB_BS30_A1S1_I_coil_+-0.3mA_fine_284mK_191103__IVB__T_1p40K[0.000267000],90.05906676914537,0.45584992373581973,0.0,0.017717603562619377,,0.09076567317578327,False,6.0
D4.2__Fig 2__SQUID_data__IVB_BS30_A1S1_I_coil_+-0.3mA_fine_284mK_191103__IVB__T_1p40K[0.000267750],114.13340689800526,0.472799473159637,0.0,0.017653688273837027,,0.09188473153405544,False,6.0
D4.2__Fig 2__SQUID_data__IVB_BS30_A1S1_I_coil_+-0.3mA_fine_284mK_191103__IVB__T_1p40K[0.000268500],106.49026843715369,0.47445271189308214,0.0,0.017665184641652953,,0.0939578001642542,False,6.0
D4.2__Fig 2__SQUID_data__IVB_BS30_A1S1_I_coil_+-0.3mA_fine_284mK_191103__IVB__T_1p40K[0.000269250],109.15215241795414,0.4606784107925393,0.0,0.017722203785623857,,0.0931453316284908,False,6.0
D4.2__Fig 2__SQUID_data__IVB_BS30_A1S1_I_coil_+-0.3mA_fine_284mK_191103__IVB__T_1p40K[0.000270000],112.31493423685214,0.4541798555236081,0.0,0.017677635384762684,,0.09304571119359183,False,6.0
D4.2__Fig 2__SQUID_data__IVB_BS30_A1S1_I_coil_+-0.3mA_fine_284mK_191103__IVB__T_1p40K[0.000270750],112.44653136033773,0.4652303366522963,0.0,0.017670089312133003,,0.09158609748654563,False,6.0
D4.2__Fig 2__SQUID_data__IVB_BS30_A1S1_I_coil_+-0.3mA_fine_284mK_191103__IVB__T_1p40K[0.000271500],155.36015323984788,0.4587585708285855,0.0,0.017545293652705404,,0.09125757950759766,False,6.0
D4.2__Fig 2__SQUID_data__IVB_BS30_A1S1_I_coil_+-0.3mA_fine_284mK_191103__IVB__T_1p40K[0.000272250],120.99815575418916,0.4360232137533407,0.0,0.017674519104230464,,0.0930078761267476,False,6.0
D4.2__Fig 2__SQUID_data__IVB_BS30_A1S1_I_coil_+-0.3mA_fine_284mK_191103__IVB__T_1p40K[0.000273000],194.38995540292814,0.4341562733387228,0.0,0.017901166156709947,,0.09013868803153066,False,6.0
D4.2__Fig 2__SQUID_data__IVB_BS30_A1S1_I_coil_+-0.3mA_fine_284mK_191103__IVB__T_1p40K[0.000273750],123.59862223061786,0.49522662703090076,0.0,0.01792898526209554,,0.0904077347686245,False,6.0
D4.2__Fig 2__SQUID_data__IVB_BS30_A1S1_I_coil_+-0.3mA_fine_284mK_191103__IVB__T_1p40K[0.000274500],73.9098405055504,0.4861710795062564,0.0,0.017958540202581207,,0.08853661492275325,False,6.0
D4.2__Fig 2__SQUID_data__IVB_BS30_A1S1_I_coil_+-0.3mA_fine_284mK_191103__IVB__T_1p40K[0.000275250],70.39632385211138,0.47220282338739855,0.0,0.017856573631688376,,0.09056601963855893,False,6.0
D4.2__Fig 2__SQUID_data__IVB_BS30_A1S1_I_coil_+-0.3mA_fine_284mK_191103__IVB__T_1p40K[0.000276000],63.087005783414924,0.4400549390062541,0.0,0.017659094362449935,,0.09289499182499139,False,6.0
D4.2__Fig 2__SQUID_data__IVB_BS30_A1S1_I_coil_+-0.3mA_fine_284mK_191103__IVB__T_1p40K[0.000276750],194.4283795731558,0.489781357803519,0.0,0.017659640654184336,,0.09186578294304155,False,6.0
D4.2__Fig 2__SQUID_data__IVB_BS30_A1S1_I_coil_+-0.3mA_fine_284mK_191103__IVB__T_1p40K[0.000277500],178.32103552952154,0.48609824266921614,0.0,0.0176372323276911,,0.09535391345808125,False,6.0
D4.2__Fig 2__SQUID_data__IVB_BS30_A1S1_I_coil_+-0.3mA_fine_284mK_191103__IVB__T_1p40K[0.000278250],143.69720165277013,0.48079723435668936,0.0,0.017708555572956985,,0.08977534196758456,False,6.0
D4.2__Fig 2__SQUID_data__IVB_BS30_A1S1_I_coil_+-0.3mA_fine_284mK_191103__IVB__T_1p40K[0.000279000],355.2101424292057,0.4916639112373839,0.0,0.01791347089003276,,0.09187569170469445,False,6.0
D4.2__Fig 2__SQUID_data__IVB_BS30_A1S1_I_coil_+-0.3mA_fine_284mK_191103__IVB__T_1p40K[0.000279750],128.0777352719329,0.4701025800986227,0.0,0.017937641287227822,,0.09543472862960903,False,6.0
D4.2__Fig 2__SQUID_data__IVB_BS30_A1S1_I_coil_+-0.3mA_fine_284mK_191103__IVB__T_1p40K[0.000280500],62.2953963450374,0.5027327622913585,0.0,0.01794498583356141,,0.09239430600934434,False,6.0
D4.2__Fig 2__SQUID_data__IVB_BS30_A1S1_I_coil_+-0.3mA_fine_284mK_191103__IVB__T_1p40K[0.000281250],80.95616386580599,0.48631358911099704,0.0,0.0179217030219184,,0.09471736863192366,False,6.0
D4.2__Fig 2__SQUID_data__IVB_BS30_A1S1_I_coil_+-0.3mA_fine_284mK_191103__IVB__T_1p40K[0.000282000],68.37392983815413,0.4682208393548167,0.0,0.017957386836996766,,0.09462899247756994,False,6.0
D4.2__Fig 2__SQUID_data__IVB_BS30_A1S1_I_coil_+-0.3mA_fine_284mK_191103__IVB__T_1p40K[0.000282750],46.64843773557546,0.4723615281514426,0.0,0.018011554040396897,,0.09060105751200061,False,6.0
D4.2__Fig 2__SQUID_data__IVB_BS30_A1S1_I_coil_+-0.3mA_fine_284mK_191103__IVB__T_1p40K[0.000283500],42.1183089799662,0.45554237664913133,0.0,0.01789468563419492,,0.09815105908203008,False,6.0
D4.2__Fig 2__SQUID_data__IVB_BS30_A1S1_I_coil_+-0.3mA_fine_284mK_191103__IVB__T_1p40K[0.000284250],65.6638186361784,0.47428226385471756,0.0,0.017786329848562155,,0.09596569601593005,False,6.0
D4.2__Fig 2__SQUID_data__IVB_BS30_A1S1_I_coil_+-0.3mA_fine_284mK_191103__IVB__T_1p40K[0.000285000],76.27160471602164,0.4831461144578914,0.0,0.017692771641671073,,0.09110256084241092,False,6.0
D4.2__Fig 2__SQUID_data__IVB_BS30_A1S1_I_coil_+-0.3mA_fine_284mK_191103__IVB__T_1p40K[0.000285750],64.47870570208055,0.4772486472401171,0.0,0.017638142882915323,,0.09505363634145307,False,6.0
D4.2__Fig 2__SQUID_data__IVB_BS30_A1S1_I_coil_+-0.3mA_fine_284mK_191103__IVB__T_1p40K[0.000286500],43.75825550988857,0.4715596066831947,0.0,0.01774635470593791,,0.09002431116325856,False,6.0
D4.2__Fig 2__SQUID_data__IVB_BS30_A1S1_I_coil_+-0.3mA_fine_284mK_191103__IVB__T_1p40K[0.000287250],35.92220064651465,0.47166013169196724,0.0,0.017782680638692604,,0.0921791360930166,False,6.0
D4.2__Fig 2__SQUID_data__IVB_BS30_A1S1_I_coil_+-0.3mA_fine_284mK_191103__IVB__T_1p40K[0.000288000],30.82012514741332,0.46771007521682106,0.0,0.01773884851304708,,0.09293250395464472,False,6.0
D4.2__Fig 2__SQUID_data__IVB_BS30_A1S1_I_coil_+-0.3mA_fine_284mK_191103__IVB__T_1p40K[0.000288750],30.69353446258193,0.4811243263399165,0.0,0.01770378609271633,,0.09341094213008128,False,6.0
D4.2__Fig 2__SQUID_data__IVB_BS30_A1S1_I_coil_+-0.3mA_fine_284mK_191103__IVB__T_1p40K[0.000289500],38.98001621999313,0.4433014563652485,0.0,0.01778858854595005,,0.09359175365199089,False,6.0
D4.2__Fig 2__SQUID_data__IVB_BS30_A1S1_I_coil_+-0.3mA_fine_284mK_191103__IVB__T_1p40K[0.000290250],43.16057575704666,0.474267500384239,0.0,0.01797937312854717,,0.09066531915987354,False,6.0
D4.2__Fig 2__SQUID_data__IVB_BS30_A1S1_I_coil_+-0.3mA_fine_284mK_191103__IVB__T_1p40K[0.000291000],37.894428588380556,0.46955074526249524,0.0,0.017970187198369233,,0.09832675592077218,False,6.0
D4.2__Fig 2__SQUID_data__IVB_BS30_A1S1_I_coil_+-0.3mA_fine_284mK_191103__IVB__T_1p40K[0.000291750],33.377557325149624,0.45467795498488917,0.0,0.01797886830495397,,0.09005171703739356,False,6.0
D4.2__Fig 2__SQUID_data__IVB_BS30_A1S1_I_coil_+-0.3mA_fine_284mK_191103__IVB__T_1p40K[0.000292500],34.749066643900036,0.4508564564793713,0.0,0.01774362259221193,,0.09355122790910761,False,6.0
D4.2__Fig 2__SQUID_data__IVB_BS30_A1S1_I_coil_+-0.3mA_fine_284mK_191103__IVB__T_1p40K[0.000293250],79.38632361240794,0.4771816663461581,0.0,0.017744159922551555,,0.09095159271658791,False,6.0
D4.2__Fig 2__SQUID_data__IVB_BS30_A1S1_I_coil_+-0.3mA_fine_284mK_191103__IVB__T_1p40K[0.000294000],67.3739770249014,0.45759154176241496,0.0,0.01794834728654051,,0.09411511806288238,False,6.0
D4.2__Fig 2__SQUID_data__IVB_BS30_A1S1_I_coil_+-0.3mA_fine_284mK_191103__IVB__T_1p40K[0.000294750],56.49664840970754,0.4426514686906642,0.0,0.017963045510991402,,0.09069476501418536,False,6.0
D4.2__Fig 2__SQUID_data__IVB_BS30_A1S1_I_coil_+-0.3mA_fine_284mK_191103__IVB__T_1p40K[0.000295500],53.733363226846585,0.47268463047997394,0.0,0.017861220756584664,,0.09062045077473431,False,6.0
D4.2__Fig 2__SQUID_data__IVB_BS30_A1S1_I_coil_+-0.3mA_fine_284mK_191103__IVB__T_1p40K[0.000296250],69.2103694602324,0.46106960844634254,0.0,0.017920245702265972,,0.09364968799457153,False,6.0
D4.2__Fig 2__SQUID_data__IVB_BS30_A1S1_I_coil_+-0.3mA_fine_284mK_191103__IVB__T_1p40K[0.000297000],55.98034931439645,0.4795605544789019,0.0,0.018015410008045154,,0.09113861877216092,False,6.0
D4.2__Fig 2__SQUID_data__IVB_BS30_A1S1_I_coil_+-0.3mA_fine_284mK_191103__IVB__T_1p40K[0.000297750],58.00599448118773,0.46837291592699953,0.0,0.018059004545448506,,0.08899952127797214,False,6.0
D4.2__Fig 2__SQUID_data__IVB_BS30_A1S1_I_coil_+-0.3mA_fine_284mK_191103__IVB__T_1p40K[0.000298500],50.1785482099998,0.4533923346805941,0.0,0.018035159477738295,,0.09336145073128133,False,6.0
D4.2__Fig 2__SQUID_data__IVB_BS30_A1S1_I_coil_+-0.3mA_fine_284mK_191103__IVB__T_1p40K[0.000299250],47.2374294364709,0.4855417144970832,0.0,0.017790025089209596,,0.09651157848658191,False,6.0
D4.2__Fig 2__SQUID_data__IVB_BS30_A1S1_I_coil_+-0.3mA_fine_284mK_191103__IVB__T_1p40K[0.000300000],33.49077264664666,0.5019996073921562,0.0,0.020620181562389425,,0.27120197300257703,True,6.0
D4.2__Fig 2__SQUID_data__IVI_BS30_A1S1_I_contrl_+-0.15mA_285mK_191103__IVB__T_1p40K[-0.000000375],2.2137945581908816,0.5462239592427474,0.0,0.021298644000831583,,0.11183650231285981,False,6.0
D4.2__Fig 2__SQUID_data__IVI_BS30_A1S1_I_contrl_+-0.15mA_285mK_191103__IVB__T_1p40K[-0.000000750],2.214392295947442,0.5038495587116992,0.0,0.021236971704449582,,0.11107402354594813,False,6.0
D4.2__Fig 2__SQUID_data__IVI_BS30_A1S1_I_contrl_+-0.15mA_285mK_191103__IVB__T_1p40K[-0.000001125],2.1900437395141705,0.5173680021108753,0.0,0.02130483006010772,,0.11250957365763174,False,6.0
D4.2__Fig 2__SQUID_data__IVI_BS30_A1S1_I_contrl_+-0.15mA_285mK_191103__IVB__T_1p40K[-0.000001500],2.1698032875310385,0.5210351742073752,0.0,0.021510349523039624,,0.11597047915534137,False,6.0
D4.2__Fig 2__SQUID_data__IVI_BS30_A1S1_I_contrl_+-0.15mA_285mK_191103__IVB__T_1p40K[-0.000001875],2.183627237818632,0.5289057542286736,0.0,0.02144546127944536,,0.11551147712351331,False,6.0
D4.2__Fig 2__SQUID_data__IVI_BS30_A1S1_I_contrl_+-0.15mA_285mK_191103__IVB__T_1p40K[-0.000002250],2.1548893410719896,0.5267706205286257,0.0,0.021407963582747366,,0.11734126523458548,False,6.0
D4.2__Fig 2__SQUID_data__IVI_BS30_A1S1_I_contrl_+-0.15mA_285mK_191103__IVB__T_1p40K[-0.000002625],2.0708779431146147,0.569423688764951,0.0,0.021236500981345722,,0.11272624633225208,False,6.0
D4.2__Fig 2__SQUID_data__IVI_BS30_A1S1_I_contrl_+-0.15mA_285mK_191103__IVB__T_1p40K[-0.000003000],2.115493211483189,0.5269054693608266,0.0,0.021255283257587118,,0.12039321552577929,False,6.0
D4.2__Fig 2__SQUID_data__IVI_BS30_A1S1_I_contrl_+-0.15mA_285mK_191103__IVB__T_1p40K[-0.000003375],2.1532858006402007,0.5543180227483666,0.0,0.02122753488663983,,0.1197120866229598,False,6.0
D4.2__Fig 2__SQUID_data__IVI_BS30_A1S1_I_contrl_+-0.15mA_285mK_191103__IVB__T_1p40K[-0.000003750],2.1459686204187887,0.537379509772225,0.0,0.021329424038893405,,0.1272606868362394,False,6.0
D4.2__Fig 2__SQUID_data__IVI_BS30_A1S1_I_contrl_+-0.15mA_285mK_191103__IVB__T_1p40K[-0.000004125],2.149910513548318,0.5612951706281367,0.0,0.021219699923245783,,0.11698850229323536,False,6.0
D4.2__Fig 2__SQUID_data__IVI_BS30_A1S1_I_contrl_+-0.15mA_285mK_191103__IVB__T_1p40K[-0.000004500],2.1686037630841377,0.5470311008162213,0.0,0.021166668793495515,,0.11083022842863696,False,6.0
D4.2__Fig 2__SQUID_data__IVI_BS30_A1S1_I_contrl_+-0.15mA_285mK_191103__IVB__T_1p40K[-0.000004875],2.2549786960967966,0.5445430796797531,0.0,0.021152874581542847,,0.11669349304999264,False,6.0
D4.2__Fig 2__SQUID_data__IVI_BS30_A1S1_I_contrl_+-0.15mA_285mK_191103__IVB__T_1p40K[-0.000005250],2.2631956631445944,0.536039791784262,0.0,0.02144005226465535,,0.11985391450153918,False,6.0
D4.2__Fig 2__SQUID_data__IVI_BS30_A1S1_I_contrl_+-0.15mA_285mK_191103__IVB__T_1p40K[-0.000005625],2.2306304905120684,0.5451054363118392,0.0,0.021423931049813483,,0.11232958250173536,False,6.0
D4.2__Fig 2__SQUID_data__IVI_BS30_A1S1_I_contrl_+-0.15mA_285mK_191103__IVB__T_1p40K[-0.000006000],2.179906089770333,0.5306312072327068,0.0,0.021446300112020113,,0.11414699360069494,False,6.0
D4.2__Fig 2__SQUID_data__IVI_BS30_A1S1_I_contrl_+-0.15mA_285mK_191103__IVB__T_1p40K[-0.000006375],2.1696458157024807,0.5302594129696042,0.0,0.02143367008074888,,0.11113859193439035,False,6.0
D4.2__Fig 2__SQUID_data__IVI_BS30_A1S1_I_contrl_+-0.15mA_285mK_191103__IVB__T_1p40K[-0.000006750],2.192562739604064,0.5478755680198265,0.0,0.02133457570150221,,0.11016241836711561,False,6.0
D4.2__Fig 2__SQUID_data__IVI_BS30_A1S1_I_contrl_+-0.15mA_285mK_191103__IVB__T_1p40K[-0.000007125],2.2105775700173784,0.5781578229621908,0.0,0.021207526648816834,,0.11762852322058644,False,6.0
D4.2__Fig 2__SQUID_data__IVI_BS30_A1S1_I_contrl_+-0.15mA_285mK_191103__IVB__T_1p40K[-0.000007500],2.2304939387318012,0.5809108453800763,0.0,0.021234462662456193,,0.10956342908983713,False,6.0
D4.2__Fig 2__SQUID_data__IVI_BS30_A1S1_I_contrl_+-0.15mA_285mK_191103__IVB__T_1p40K[-0.000007875],2.212403967227931,0.5356167715123902,0.0,0.02138194564455178,,0.11085089149641662,False,6.0
D4.2__Fig 2__SQUID_data__IVI_BS30_A1S1_I_contrl_+-0.15mA_285mK_191103__IVB__T_1p40K[-0.000008250],2.159691746323524,0.5404322934495828,0.0,0.021069556904164583,,0.11456583296401174,False,6.0
D4.2__Fig 2__SQUID_data__IVI_BS30_A1S1_I_contrl_+-0.15mA_285mK_191103__IVB__T_1p40K[-0.000008625],2.208844005156927,0.5514203415724229,0.0,0.021271961118251078,,0.11211108558756175,False,6.0
D4.2__Fig 2__SQUID_data__IVI_BS30_A1S1_I_contrl_+-0.15mA_285mK_191103__IVB__T_1p40K[-0.000009000],2.181519078399535,0.5353559326770164,0.0,0.02142989394676295,,0.11568966180651633,False,6.0
D4.2__Fig 2__SQUID_data__IVI_BS30_A1S1_I_contrl_+-0.15mA_285mK_191103__IVB__T_1p40K[-0.000009375],2.1835866806461897,0.5591924728936859,0.0,0.02131305692136884,,0.11028411056155688,False,6.0
D4.2__Fig 2__SQUID_data__IVI_BS30_A1S1_I_contrl_+-0.15mA_285mK_191103__IVB__T_1p40K[-0.000009750],2.2452440171266486,0.5503476892974325,0.0,0.021202839014043923,,0.118758483476596,False,6.0
D4.2__Fig 2__SQUID_data__IVI_BS30_A1S1_I_contrl_+-0.15mA_285mK_191103__IVB__T_1p40K[-0.000010125],2.236837369362681,0.5375184002943517,0.0,0.021355346706777367,,0.11550652621144897,False,6.0
D4.2__Fig 2__SQUID_data__IVI_BS30_A1S1_I_contrl_+-0.15mA_285mK_191103__IVB__T_1p40K[-0.000010500],2.1907920880935174,0.5624568885068996,0.0,0.02123591135760204,,0.11564850893787186,False,6.0
D4.2__Fig 2__SQUID_data__IVI_BS30_A1S1_I_contrl_+-0.15mA_285mK_191103__IVB__T_1p40K[-0.000010875],2.206905757730707,0.5705877311816381,0.0,0.02132635032148747,,0.12363841858739578,False,6.0
D4.2__Fig 2__SQUID_data__IVI_BS30_A1S1_I_contrl_+-0.15mA_285mK_191103__IVB__T_1p40K[-0.000011250],2.2438307363869283,0.5497618453014099,0.0,0.021464931104068063,,0.11181940036749091,False,6.0
D4.2__Fig 2__SQUID_data__IVI_BS30_A1S1_I_contrl_+-0.15mA_285mK_191103__IVB__T_1p40K[-0.000011625],2.2160557900810423,0.5611308930875941,0.0,0.02139654648270133,,0.11635954826764434,False,6.0
D4.2__Fig 2__SQUID_data__IVI_BS30_A1S1_I_contrl_+-0.15mA_285mK_191103__IVB__T_1p40K[-0.000012000],2.181582946986895,0.5797548544961703,0.0,0.02141094291946693,,0.10950009200012054,False,6.0
D4.2__Fig 2__SQUID_data__IVI_BS30_A1S1_I_contrl_+-0.15mA_285mK_191103__IVB__T_1p40K[-0.000012375],2.196243259645055,0.5723626095473365,0.0,0.021259100345319956,,0.11728005127044284,False,6.0
D4.2__Fig 2__SQUID_data__IVI_BS30_A1S1_I_contrl_+-0.15mA_285mK_191103__IVB__T_1p40K[-0.000012750],2.137243626642765,0.5537245587546308,0.0,0.021369507486527686,,0.11417945011327385,False,6.0
D4.2__Fig 2__SQUID_data__IVI_BS30_A1S1_I_contrl_+-0.15mA_285mK_191103__IVB__T_1p40K[-0.000013125],2.1754372929619854,0.5854794777047779,0.0,0.021269419402496718,,0.11161021498476598,False,6.0
D4.2__Fig 2__SQUID_data__IVI_BS30_A1S1_I_contrl_+-0.15mA_285mK_191103__IVB__T_1p40K[-0.000013500],2.1688319627142802,0.5403150425805422,0.0,0.021230933269550962,,0.11404377170454412,False,6.0
D4.2__Fig 2__SQUID_data__IVI_BS30_A1S1_I_contrl_+-0.15mA_285mK_191103__IVB__T_1p40K[-0.000013875],2.130344765502096,0.543428540435468,0.0,0.021539578611146207,,0.11146725866015751,False,6.0
D4.2__Fig 2__SQUID_data__IVI_BS30_A1S1_I_contrl_+-0.15mA_285mK_191103__IVB__T_1p40K[-0.000014250],2.127330073659133,0.5699105892609776,0.0,0.021397485292320266,,0.11841712668149773,False,6.0
D4.2__Fig 2__SQUID_data__IVI_BS30_A1S1_I_contrl_+-0.15mA_285mK_191103__IVB__T_1p40K[-0.000014625],2.147718198676482,0.5820476286887218,0.0,0.021378438379526618,,0.11581804790604701,False,6.0
D4.2__Fig 2__SQUID_data__IVI_BS30_A1S1_I_contrl_+-0.15mA_285mK_191103__IVB__T_1p40K[-0.000015000],2.1139009974365552,0.5419039420354491,0.0,0.021577738961288197,,0.11405500060241501,False,6.0
D4.2__Fig 2__SQUID_data__IVI_BS30_A1S1_I_contrl_+-0.15mA_285mK_191103__IVB__T_1p40K[-0.000015375],2.0754724946466983,0.5638689557573285,0.0,0.021255598783121617,,0.1122468986677471,False,6.0
D4.2__Fig 2__SQUID_data__IVI_BS30_A1S1_I_contrl_+-0.15mA_285mK_191103__IVB__T_1p40K[-0.000015750],2.028362757437218,0.5765332962366977,0.0,0.021379709738828866,,0.11146362933033531,False,6.0
D4.2__Fig 2__SQUID_data__IVI_BS30_A1S1_I_contrl_+-0.15mA_285mK_191103__IVB__T_1p40K[-0.000016125],2.0211284489108947,0.5730753688824842,0.0,0.02133115744973836,,0.11412179519102203,False,6.0
D4.2__Fig 2__SQUID_data__IVI_BS30_A1S1_I_contrl_+-0.15mA_285mK_191103__IVB__T_1p40K[-0.000016500],2.050141747958804,0.5640176497441878,0.0,0.021466099994413446,,0.11235237325349641,False,6.0
D4.2__Fig 2__SQUID_data__IVI_BS30_A1S1_I_contrl_+-0.15mA_285mK_191103__IVB__T_1p40K[-0.000016875],2.0629719680641156,0.5421322042796007,0.0,0.021470719892177036,,0.1106207713347209,False,6.0
D4.2__Fig 2__SQUID_data__IVI_BS30_A1S1_I_contrl_+-0.15mA_285mK_191103__IVB__T_1p40K[-0.000017250],2.0732757935355512,0.5786153005943775,0.0,0.021332506342833915,,0.11415680726654799,False,6.0
D4.2__Fig 2__SQUID_data__IVI_BS30_A1S1_I_contrl_+-0.15mA_285mK_191103__IVB__T_1p40K[-0.000017625],2.0559099309505355,0.5718069317966649,0.0,0.021334548496149745,,0.10867748671788732,False,6.0
D4.2__Fig 2__SQUID_data__IVI_BS30_A1S1_I_contrl_+-0.15mA_285mK_191103__IVB__T_1p40K[-0.000018000],2.0574830347509465,0.5757779735854597,0.0,0.021376906866879163,,0.1130685344660143,False,6.0
D4.2__Fig 2__SQUID_data__IVI_BS30_A1S1_I_contrl_+-0.15mA_285mK_191103__IVB__T_1p40K[-0.000018375],2.048178698257488,0.5463932295308861,0.0,0.02153409542576066,,0.11252759520645152,False,6.0
D4.2__Fig 2__SQUID_data__IVI_BS30_A1S1_I_contrl_+-0.15mA_285mK_191103__IVB__T_1p40K[-0.000018750],2.068997595428551,0.5568155348650851,0.0,0.021597725114060808,,0.10851828546261273,False,6.0
D4.2__Fig 2__SQUID_data__IVI_BS30_A1S1_I_contrl_+-0.15mA_285mK_191103__IVB__T_1p40K[-0.000019125],2.054933968936861,0.5563509366344049,0.0,0.021597014690672378,,0.11355273260250756,False,6.0
D4.2__Fig 2__SQUID_data__IVI_BS30_A1S1_I_contrl_+-0.15mA_285mK_191103__IVB__T_1p40K[-0.000019500],2.0860980399623155,0.5538276216922547,0.0,0.021553574821512166,,0.11300226887484394,False,6.0
D4.2__Fig 2__SQUID_data__IVI_BS30_A1S1_I_contrl_+-0.15mA_285mK_191103__IVB__T_1p40K[-0.000019875],2.134265645906697,0.5530096348868788,0.0,0.021502152237400117,,0.11310599937547075,False,6.0
D4.2__Fig 2__SQUID_data__IVI_BS30_A1S1_I_contrl_+-0.15mA_285mK_191103__IVB__T_1p40K[-0.000020250],2.1545941566454587,0.5940094012397913,0.0,0.021393078317960394,,0.12687693481150325,False,6.0
D4.2__Fig 2__SQUID_data__IVI_BS30_A1S1_I_contrl_+-0.15mA_285mK_191103__IVB__T_1p40K[-0.000020625],2.1691212592169125,0.5763995442871429,0.0,0.02120323397214166,,0.11834143983161229,False,6.0
D4.2__Fig 2__SQUID_data__IVI_BS30_A1S1_I_contrl_+-0.15mA_285mK_191103__IVB__T_1p40K[-0.000021000],2.1630064284731088,0.568255360850309,0.0,0.0214170421878773,,0.11799650920058657,False,6.0
D4.2__Fig 2__SQUID_data__IVI_BS30_A1S1_I_contrl_+-0.15mA_285mK_191103__IVB__T_1p40K[-0.000021375],2.153067468806408,0.5367666830760646,0.0,0.021481146158350846,,0.11684565567164731,False,6.0
D4.2__Fig 2__SQUID_data__IVI_BS30_A1S1_I_contrl_+-0.15mA_285mK_191103__IVB__T_1p40K[-0.000021750],2.144955363875593,0.5520845136782427,0.0,0.0216659138731223,,0.10883916000847518,False,6.0
D4.2__Fig 2__SQUID_data__IVI_BS30_A1S1_I_contrl_+-0.15mA_285mK_191103__IVB__T_1p40K[-0.000022125],2.0740413384830023,0.5599026666415531,0.0,0.02167340935530342,,0.11104241691810945,False,6.0
D4.2__Fig 2__SQUID_data__IVI_BS30_A1S1_I_contrl_+-0.15mA_285mK_191103__IVB__T_1p40K[-0.000022500],2.096955359173365,0.5507475874766207,0.0,0.021510099770086756,,0.11524776855028597,False,6.0
D4.2__Fig 2__SQUID_data__IVI_BS30_A1S1_I_contrl_+-0.15mA_285mK_191103__IVB__T_1p40K[-0.000022875],2.1156626219273678,0.5381019187650883,0.0,0.02146010996794227,,0.11300022927629982,False,6.0
D4.2__Fig 2__SQUID_data__IVI_BS30_A1S1_I_contrl_+-0.15mA_285mK_191103__IVB__T_1p40K[-0.000023250],2.1057165538339957,0.5531570257288994,0.0,0.021647285249927505,,0.1159158755091532,False,6.0
D4.2__Fig 2__SQUID_data__IVI_BS30_A1S1_I_contrl_+-0.15mA_285mK_191103__IVB__T_1p40K[-0.000023625],2.083206947787175,0.5513546146057552,0.0,0.021546274142723084,,0.11328261552120483,False,6.0
D4.2__Fig 2__SQUID_data__IVI_BS30_A1S1_I_contrl_+-0.15mA_285mK_191103__IVB__T_1p40K[-0.000024000],2.1034772422568264,0.5677478905500962,0.0,0.02150372421820988,,0.11492453018986719,False,6.0
D4.2__Fig 2__SQUID_data__IVI_BS30_A1S1_I_contrl_+-0.15mA_285mK_191103__IVB__T_1p40K[-0.000024375],2.137879658267603,0.5898492931402535,0.0,0.021391994380636083,,0.11640700242554058,False,6.0
D4.2__Fig 2__SQUID_data__IVI_BS30_A1S1_I_contrl_+-0.15mA_285mK_191103__IVB__T_1p40K[-0.000024750],2.112251860671933,0.5622212887871995,0.0,0.021407028098784777,,0.1167270071484504,False,6.0
D4.2__Fig 2__SQUID_data__IVI_BS30_A1S1_I_contrl_+-0.15mA_285mK_191103__IVB__T_1p40K[-0.000025125],2.148017684862971,0.5696503407072705,0.0,0.02145261213143264,,0.11468793538224674,False,6.0
D4.2__Fig 2__SQUID_data__IVI_BS30_A1S1_I_contrl_+-0.15mA_285mK_191103__IVB__T_1p40K[-0.000025500],2.1262200145838674,0.5440531908451808,0.0,0.021349086152244203,,0.1148340664575235,False,6.0
D4.2__Fig 2__SQUID_data__IVI_BS30_A1S1_I_contrl_+-0.15mA_285mK_191103__IVB__T_1p40K[-0.000025875],2.104448169732571,0.5306835099554789,0.0,0.021605673919803024,,0.11753974768131259,False,6.0
D4.2__Fig 2__SQUID_data__IVI_BS30_A1S1_I_contrl_+-0.15mA_285mK_191103__IVB__T_1p40K[-0.000026250],2.075569565531837,0.5395513510299433,0.0,0.021425479914447976,,0.11839209208237222,False,6.0
D4.2__Fig 2__SQUID_data__IVI_BS30_A1S1_I_contrl_+-0.15mA_285mK_191103__IVB__T_1p40K[-0.000026625],2.0492849251259484,0.5298443399909586,0.0,0.021496573002062414,,0.12114514322468123,False,6.0
D4.2__Fig 2__SQUID_data__IVI_BS30_A1S1_I_contrl_+-0.15mA_285mK_191103__IVB__T_1p40K[-0.000027000],2.066615547976433,0.5270836540165574,0.0,0.021469176450249195,,0.1272665294300915,False,6.0
D4.2__Fig 2__SQUID_data__IVI_BS30_A1S1_I_contrl_+-0.15mA_285mK_191103__IVB__T_1p40K[-0.000027375],2.0446326599679394,0.5516968252342859,0.0,0.02159611116899179,,0.11494479508689401,False,6.0
D4.2__Fig 2__SQUID_data__IVI_BS30_A1S1_I_contrl_+-0.15mA_285mK_191103__IVB__T_1p40K[-0.000027750],2.0837145124401033,0.5581803931820813,0.0,0.021511081899741744,,0.11872008651230595,False,6.0
D4.2__Fig 2__SQUID_data__IVI_BS30_A1S1_I_contrl_+-0.15mA_285mK_191103__IVB__T_1p40K[-0.000028125],2.0893028958753947,0.5668812568533291,0.0,0.02156277448968586,,0.11531287408582562,False,6.0
D4.2__Fig 2__SQUID_data__IVI_BS30_A1S1_I_contrl_+-0.15mA_285mK_191103__IVB__T_1p40K[-0.000028500],2.109752414491366,0.5352100481316575,0.0,0.02149198046625531,,0.12149415863610764,False,6.0
D4.2__Fig 2__SQUID_data__IVI_BS30_A1S1_I_contrl_+-0.15mA_285mK_191103__IVB__T_1p40K[-0.000028875],2.1061136888249767,0.5603385308402934,0.0,0.021585282711273364,,0.1265974101197918,False,6.0
D4.2__Fig 2__SQUID_data__IVI_BS30_A1S1_I_contrl_+-0.15mA_285mK_191103__IVB__T_1p40K[-0.000029250],2.113560985502499,0.5718779126429837,0.0,0.021364391401765197,,0.11043335658097349,False,6.0
D4.2__Fig 2__SQUID_data__IVI_BS30_A1S1_I_contrl_+-0.15mA_285mK_191103__IVB__T_1p40K[-0.000029625],2.1186942311756205,0.5973021805637438,0.0,0.021199550712038082,,0.13082582443478658,False,6.0
D4.2__Fig 2__SQUID_data__IVI_BS30_A1S1_I_contrl_+-0.15mA_285mK_191103__IVB__T_1p40K[-0.000030000],2.107123962791739,0.6066260522927557,0.0,0.02137263706307708,,0.11571035651352976,False,6.0
D4.2__Fig 2__SQUID_data__IVI_BS30_A1S1_I_contrl_+-0.15mA_285mK_191103__IVB__T_1p40K[-0.000030375],2.0994848801709893,0.5989729735113039,0.0,0.021394168608570494,,0.11616977000312556,False,6.0
D4.2__Fig 2__SQUID_data__IVI_BS30_A1S1_I_contrl_+-0.15mA_285mK_191103__IVB__T_1p40K[-0.000030750],2.068229260252777,0.6218214234588489,0.0,0.021356554623334516,,0.11699887207307728,False,6.0
D4.2__Fig 2__SQUID_data__IVI_BS30_A1S1_I_contrl_+-0.15mA_285mK_191103__IVB__T_1p40K[-0.000031125],2.0615554678232173,0.5957692435148584,0.0,0.02126561702864332,,0.1244164131252951,False,6.0
D4.2__Fig 2__SQUID_data__IVI_BS30_A1S1_I_contrl_+-0.15mA_285mK_191103__IVB__T_1p40K[-0.000031500],2.0663047178410556,0.5945384472434895,0.0,0.021379523461649806,,0.11545830810837085,False,6.0
D4.2__Fig 2__SQUID_data__IVI_BS30_A1S1_I_contrl_+-0.15mA_285mK_191103__IVB__T_1p40K[-0.000031875],2.068923214055429,0.5870717535698383,0.0,0.02139360742555852,,0.11973270156211427,False,6.0
D4.2__Fig 2__SQUID_data__IVI_BS30_A1S1_I_contrl_+-0.15mA_285mK_191103__IVB__T_1p40K[-0.000032250],2.068317753930642,0.6027889720770568,0.0,0.02119997232259125,,0.11305383693291819,False,6.0
D4.2__Fig 2__SQUID_data__IVI_BS30_A1S1_I_contrl_+-0.15mA_285mK_191103__IVB__T_1p40K[-0.000032625],2.0698834033855187,0.592399543045287,0.0,0.021406058843423066,,0.12018297912800457,False,6.0
D4.2__Fig 2__SQUID_data__IVI_BS30_A1S1_I_contrl_+-0.15mA_285mK_191103__IVB__T_1p40K[-0.000033000],2.058828137902545,0.5683737006005761,0.0,0.02154397170178225,,0.1103706701947776,False,6.0
D4.2__Fig 2__SQUID_data__IVI_BS30_A1S1_I_contrl_+-0.15mA_285mK_191103__IVB__T_1p40K[-0.000033375],2.0862385971543906,0.5631707792671721,0.0,0.02140005152502182,,0.11626201846856524,False,6.0
D4.2__Fig 2__SQUID_data__IVI_BS30_A1S1_I_contrl_+-0.15mA_285mK_191103__IVB__T_1p40K[-0.000033750],2.0778909860680517,0.5619562276692371,0.0,0.021403400254180305,,0.1152995276704456,False,6.0
D4.2__Fig 2__SQUID_data__IVI_BS30_A1S1_I_contrl_+-0.15mA_285mK_191103__IVB__T_1p40K[-0.000034125],2.0356800886684874,0.5946821038221727,0.0,0.021336270319476908,,0.11551194863187211,False,6.0
D4.2__Fig 2__SQUID_data__IVI_BS30_A1S1_I_contrl_+-0.15mA_285mK_191103__IVB__T_1p40K[-0.000034500],2.079369991738857,0.588450916102775,0.0,0.02136777509961951,,0.11340418504150102,False,6.0
D4.2__Fig 2__SQUID_data__IVI_BS30_A1S1_I_contrl_+-0.15mA_285mK_191103__IVB__T_1p40K[-0.000034875],2.0822887935786065,0.6062847684648466,0.0,0.021293678171556533,,0.11656796845625106,False,6.0
D4.2__Fig 2__SQUID_data__IVI_BS30_A1S1_I_contrl_+-0.15mA_285mK_191103__IVB__T_1p40K[-0.000035250],2.081384969929845,0.6098303741728593,0.0,0.02131715854417773,,0.11715624540105338,False,6.0
D4.2__Fig 2__SQUID_data__IVI_BS30_A1S1_I_contrl_+-0.15mA_285mK_191103__IVB__T_1p40K[-0.000035625],2.0787312666006823,0.5928771509489406,0.0,0.021342225828874066,,0.13415503471382706,False,6.0
D4.2__Fig 2__SQUID_data__IVI_BS30_A1S1_I_contrl_+-0.15mA_285mK_191103__IVB__T_1p40K[-0.000036000],2.0526196339178453,0.5790491510609103,0.0,0.021361044328337637,,0.12801744025085093,False,6.0
D4.2__Fig 2__SQUID_data__IVI_BS30_A1S1_I_contrl_+-0.15mA_285mK_191103__IVB__T_1p40K[-0.000036375],2.0389665978495737,0.5696058092247196,0.0,0.021317150291820033,,0.13080302918559972,False,6.0
D4.2__Fig 2__SQUID_data__IVI_BS30_A1S1_I_contrl_+-0.15mA_285mK_191103__IVB__T_1p40K[-0.000036750],2.03534208711319,0.5598088964986672,0.0,0.021497242034333907,,0.11599999087520309,False,6.0
D4.2__Fig 2__SQUID_data__IVI_BS30_A1S1_I_contrl_+-0.15mA_285mK_191103__IVB__T_1p40K[-0.000037125],2.036111976544108,0.5414770336634697,0.0,0.021572838720937227,,0.11783341742551527,False,6.0
D4.2__Fig 2__SQUID_data__IVI_BS30_A1S1_I_contrl_+-0.15mA_285mK_191103__IVB__T_1p40K[-0.000037500],2.0434425714728146,0.5672684071669353,0.0,0.02147014438731062,,0.1108968156901728,False,6.0
D4.2__Fig 2__SQUID_data__IVI_BS30_A1S1_I_contrl_+-0.15mA_285mK_191103__IVB__T_1p40K[-0.000037875],2.031291682630491,0.5796224637724854,0.0,0.021242848511072245,,0.12195293922567504,False,6.0
D4.2__Fig 2__SQUID_data__IVI_BS30_A1S1_I_contrl_+-0.15mA_285mK_191103__IVB__T_1p40K[-0.000038250],2.0221999935401658,0.5717940098859167,0.0,0.021489534956615392,,0.12358906182175941,False,6.0
D4.2__Fig 2__SQUID_data__IVI_BS30_A1S1_I_contrl_+-0.15mA_285mK_191103__IVB__T_1p40K[-0.000038625],2.0072661280940642,0.5761384168410061,0.0,0.021429670811632478,,0.13609975013023518,False,6.0
D4.2__Fig 2__SQUID_data__IVI_BS30_A1S1_I_contrl_+-0.15mA_285mK_191103__IVB__T_1p40K[-0.000039000],1.9906996806068347,0.6004441186907797,0.0,0.021267142593059417,,0.12821990572988515,False,6.0
D4.2__Fig 2__SQUID_data__IVI_BS30_A1S1_I_contrl_+-0.15mA_285mK_191103__IVB__T_1p40K[-0.000039375],2.0029148625823137,0.5614643400316546,0.0,0.02140490109178286,,0.11482679121404182,False,6.0
D4.2__Fig 2__SQUID_data__IVI_BS30_A1S1_I_contrl_+-0.15mA_285mK_191103__IVB__T_1p40K[-0.000039750],2.027542505562687,0.5406706839949406,0.0,0.02166147032270659,,0.11370328539047464,False,6.0
D4.2__Fig 2__SQUID_data__IVI_BS30_A1S1_I_contrl_+-0.15mA_285mK_191103__IVB__T_1p40K[-0.000040125],2.024577896803416,0.5641588523702864,0.0,0.021507348413164293,,0.11653505167621625,False,6.0
D4.2__Fig 2__SQUID_data__IVI_BS30_A1S1_I_contrl_+-0.15mA_285mK_191103__IVB__T_1p40K[-0.000040500],2.0227811406910523,0.579612277958432,0.0,0.021383994945318414,,0.1272594010855382,False,6.0
D4.2__Fig 2__SQUID_data__IVI_BS30_A1S1_I_contrl_+-0.15mA_285mK_191103__IVB__T_1p40K[-0.000040875],2.044300258832897,0.5961466499051722,0.0,0.02144225284614934,,0.12990807571970353,False,6.0
D4.2__Fig 2__SQUID_data__IVI_BS30_A1S1_I_contrl_+-0.15mA_285mK_191103__IVB__T_1p40K[-0.000041250],2.042042312571357,0.5905093808831968,0.0,0.021344347698122997,,0.11857516435234973,False,6.0
D4.2__Fig 2__SQUID_data__IVI_BS30_A1S1_I_contrl_+-0.15mA_285mK_191103__IVB__T_1p40K[-0.000041625],2.035395043662567,0.6084824174179985,0.0,0.021412716623119128,,0.1322924442715296,False,6.0
D4.2__Fig 2__SQUID_data__IVI_BS30_A1S1_I_contrl_+-0.15mA_285mK_191103__IVB__T_1p40K[-0.000042000],2.063197326676362,0.5839790479716146,0.0,0.021246401244848327,,0.12379996734252344,False,6.0
D4.2__Fig 2__SQUID_data__IVI_BS30_A1S1_I_contrl_+-0.15mA_285mK_191103__IVB__T_1p40K[-0.000042375],2.048603232235687,0.5621777659059847,0.0,0.02122193420827629,,0.12585795746280704,False,6.0
D4.2__Fig 2__SQUID_data__IVI_BS30_A1S1_I_contrl_+-0.15mA_285mK_191103__IVB__T_1p40K[-0.000042750],2.0705042684282122,0.5654263057628578,0.0,0.0212417845934762,,0.11745358305022074,False,6.0
D4.2__Fig 2__SQUID_data__IVI_BS30_A1S1_I_contrl_+-0.15mA_285mK_191103__IVB__T_1p40K[-0.000043125],2.0239540325945566,0.5626967406829467,0.0,0.02132943550762831,,0.12209342326584317,False,6.0
D4.2__Fig 2__SQUID_data__IVI_BS30_A1S1_I_contrl_+-0.15mA_285mK_191103__IVB__T_1p40K[-0.000043500],2.0119455053976765,0.5665154535524662,0.0,0.02124735537231773,,0.11398654312403808,False,6.0
D4.2__Fig 2__SQUID_data__IVI_BS30_A1S1_I_contrl_+-0.15mA_285mK_191103__IVB__T_1p40K[-0.000043875],2.0058173683669516,0.5842335266917879,0.0,0.021152568796153605,,0.11297704174206505,False,6.0
D4.2__Fig 2__SQUID_data__IVI_BS30_A1S1_I_contrl_+-0.15mA_285mK_191103__IVB__T_1p40K[-0.000044250],1.9902689591275193,0.5808481473752442,0.0,0.021322167566624382,,0.11659387429018868,False,6.0
D4.2__Fig 2__SQUID_data__IVI_BS30_A1S1_I_contrl_+-0.15mA_285mK_191103__IVB__T_1p40K[-0.000044625],1.9933454138425215,0.5899715083714882,0.0,0.021348137665933225,,0.11555700936372959,False,6.0
D4.2__Fig 2__SQUID_data__IVI_BS30_A1S1_I_contrl_+-0.15mA_285mK_191103__IVB__T_1p40K[-0.000045000],2.0132321767984567,0.5962426546985586,0.0,0.021446745626224603,,0.11445033110326834,False,6.0
D4.2__Fig 2__SQUID_data__IVI_BS30_A1S1_I_contrl_+-0.15mA_285mK_191103__IVB__T_1p40K[-0.000045375],2.020228155525432,0.5967385046059591,0.0,0.021202866546810882,,0.1087451401409725,False,6.0
D4.2__Fig 2__SQUID_data__IVI_BS30_A1S1_I_contrl_+-0.15mA_285mK_191103__IVB__T_1p40K[-0.000045750],1.9516051895454032,0.5803506265709623,0.0,0.021320429927855072,,0.11450120005857604,False,6.0
D4.2__Fig 2__SQUID_data__IVI_BS30_A1S1_I_contrl_+-0.15mA_285mK_191103__IVB__T_1p40K[-0.000046125],1.9652608705850467,0.5745233618574,0.0,0.021269380392212416,,0.11851826708719791,False,6.0
D4.2__Fig 2__SQUID_data__IVI_BS30_A1S1_I_contrl_+-0.15mA_285mK_191103__IVB__T_1p40K[-0.000046500],1.9639630649166897,0.5668785016160637,0.0,0.02133399401479215,,0.10785344268445797,False,6.0
D4.2__Fig 2__SQUID_data__IVI_BS30_A1S1_I_contrl_+-0.15mA_285mK_191103__IVB__T_1p40K[-0.000046875],1.938614749669801,0.594771790500984,0.0,0.021198429532163887,,0.1284113245554838,False,6.0
D4.2__Fig 2__SQUID_data__IVI_BS30_A1S1_I_contrl_+-0.15mA_285mK_191103__IVB__T_1p40K[-0.000047250],1.9354777007448474,0.5759712321217759,0.0,0.021274612732612653,,0.12113228751444531,False,6.0
D4.2__Fig 2__SQUID_data__IVI_BS30_A1S1_I_contrl_+-0.15mA_285mK_191103__IVB__T_1p40K[-0.000047625],1.9565953414845347,0.552262755302372,0.0,0.0214116250738385,,0.12149213075503223,False,6.0
D4.2__Fig 2__SQUID_data__IVI_BS30_A1S1_I_contrl_+-0.15mA_285mK_191103__IVB__T_1p40K[-0.000048000],1.9714726454789053,0.5480736369766133,0.0,0.021582794110041974,,0.12284704353955511,False,6.0
D4.2__Fig 2__SQUID_data__IVI_BS30_A1S1_I_contrl_+-0.15mA_285mK_191103__IVB__T_1p40K[-0.000048375],1.9703014656394133,0.552202892561254,0.0,0.0214694281071411,,0.1185772544703644,False,6.0
D4.2__Fig 2__SQUID_data__IVI_BS30_A1S1_I_contrl_+-0.15mA_285mK_191103__IVB__T_1p40K[-0.000048750],1.9482079435218322,0.5557845244125267,0.0,0.021537163297758614,,0.11756168546976949,False,6.0
D4.2__Fig 2__SQUID_data__IVI_BS30_A1S1_I_contrl_+-0.15mA_285mK_191103__IVB__T_1p40K[-0.000049125],1.9562939157883366,0.5550106371937477,0.0,0.02149424161150555,,0.11903846074067995,False,6.0
D4.2__Fig 2__SQUID_data__IVI_BS30_A1S1_I_contrl_+-0.15mA_285mK_191103__IVB__T_1p40K[-0.000049500],1.9289883568986623,0.5486696807982167,0.0,0.021490693821631428,,0.11388405239314485,False,6.0
D4.2__Fig 2__SQUID_data__IVI_BS30_A1S1_I_contrl_+-0.15mA_285mK_191103__IVB__T_1p40K[-0.000049875],1.9088848874518067,0.5629188936063453,0.0,0.02160022730289502,,0.1295884851845421,False,6.0
D4.2__Fig 2__SQUID_data__IVI_BS30_A1S1_I_contrl_+-0.15mA_285mK_191103__IVB__T_1p40K[-0.000050250],1.9293379822280134,0.5466316159922867,0.0,0.02158505572267352,,0.12485340090866466,False,6.0
D4.2__Fig 2__SQUID_data__IVI_BS30_A1S1_I_contrl_+-0.15mA_285mK_191103__IVB__T_1p40K[-0.000050625],1.9343634443187931,0.5613980635258576,0.0,0.021467460362527706,,0.11944421878276147,False,6.0
D4.2__Fig 2__SQUID_data__IVI_BS30_A1S1_I_contrl_+-0.15mA_285mK_191103__IVB__T_1p40K[-0.000051000],1.9342808149979303,0.5824378345596489,0.0,0.021421929319629177,,0.13160455946278016,False,6.0
D4.2__Fig 2__SQUID_data__IVI_BS30_A1S1_I_contrl_+-0.15mA_285mK_191103__IVB__T_1p40K[-0.000051375],1.9169548835401122,0.577851415636185,0.0,0.021279744795569776,,0.12095011137907113,False,6.0
D4.2__Fig 2__SQUID_data__IVI_BS30_A1S1_I_contrl_+-0.15mA_285mK_191103__IVB__T_1p40K[-0.000051750],1.9662226176007347,0.5641219111699273,0.0,0.021338473061493248,,0.11262565161087286,False,6.0
D4.2__Fig 2__SQUID_data__IVI_BS30_A1S1_I_contrl_+-0.15mA_285mK_191103__IVB__T_1p40K[-0.000052125],1.9706311780434116,0.5663804868571526,0.0,0.021238664825516628,,0.1144766989409058,False,6.0
D4.2__Fig 2__SQUID_data__IVI_BS30_A1S1_I_contrl_+-0.15mA_285mK_191103__IVB__T_1p40K[-0.000052500],1.9437781213206162,0.5793706161044897,0.0,0.021166920278293377,,0.11216295326410643,False,6.0
D4.2__Fig 2__SQUID_data__IVI_BS30_A1S1_I_contrl_+-0.15mA_285mK_191103__IVB__T_1p40K[-0.000052875],1.932936566108832,0.579091252081053,0.0,0.02106983304127034,,0.11560229223197119,False,6.0
D4.2__Fig 2__SQUID_data__IVI_BS30_A1S1_I_contrl_+-0.15mA_285mK_191103__IVB__T_1p40K[-0.000053250],1.9189974880158862,0.5722839355723116,0.0,0.021162389246542544,,0.11555572729264814,False,6.0
D4.2__Fig 2__SQUID_data__IVI_BS30_A1S1_I_contrl_+-0.15mA_285mK_191103__IVB__T_1p40K[-0.000053625],1.923463695213665,0.5822554816334827,0.0,0.02124819800879696,,0.11037035588955746,False,6.0
D4.2__Fig 2__SQUID_data__IVI_BS30_A1S1_I_contrl_+-0.15mA_285mK_191103__IVB__T_1p40K[-0.000054000],1.934978643232699,0.5740858188003983,0.0,0.021233987444964884,,0.11656754846535937,False,6.0
D4.2__Fig 2__SQUID_data__IVI_BS30_A1S1_I_contrl_+-0.15mA_285mK_191103__IVB__T_1p40K[-0.000054375],1.9251736667446626,0.5652735645316903,0.0,0.021206472534897925,,0.1228594154634445,False,6.0
D4.2__Fig 2__SQUID_data__IVI_BS30_A1S1_I_contrl_+-0.15mA_285mK_191103__IVB__T_1p40K[-0.000054750],1.9424648841798278,0.5971780693966541,0.0,0.02124792442236088,,0.11261637135126286,False,6.0
D4.2__Fig 2__SQUID_data__IVI_BS30_A1S1_I_contrl_+-0.15mA_285mK_191103__IVB__T_1p40K[-0.000055125],1.9417362781943333,0.5686449707785752,0.0,0.021192191528277497,,0.11291122100216333,False,6.0
D4.2__Fig 2__SQUID_data__IVI_BS30_A1S1_I_contrl_+-0.15mA_285mK_191103__IVB__T_1p40K[-0.000055500],1.9562205202456746,0.5749819235439665,0.0,0.021251589401891105,,0.10886310213824775,False,6.0
D4.2__Fig 2__SQUID_data__IVI_BS30_A1S1_I_contrl_+-0.15mA_285mK_191103__IVB__T_1p40K[-0.000055875],1.9048534335672782,0.5457399636696496,0.0,0.021330715735157733,,0.12092455417099782,False,6.0
D4.2__Fig 2__SQUID_data__IVI_BS30_A1S1_I_contrl_+-0.15mA_285mK_191103__IVB__T_1p40K[-0.000056250],1.8832152811910403,0.5263966130349783,0.0,0.021406690385529125,,0.12193460000283311,False,6.0
D4.2__Fig 2__SQUID_data__IVI_BS30_A1S1_I_contrl_+-0.15mA_285mK_191103__IVB__T_1p40K[-0.000056625],1.9093471662738555,0.5441623560007791,0.0,0.02143436091830166,,0.12059492160604157,False,6.0
D4.2__Fig 2__SQUID_data__IVI_BS30_A1S1_I_contrl_+-0.15mA_285mK_191103__IVB__T_1p40K[-0.000057000],1.9116568264410538,0.5508487808844339,0.0,0.021345919278665918,,0.1226126365001473,False,6.0
D4.2__Fig 2__SQUID_data__IVI_BS30_A1S1_I_contrl_+-0.15mA_285mK_191103__IVB__T_1p40K[-0.000057375],1.8690283855260688,0.5434785743064942,0.0,0.021298447917960095,,0.12039163309591891,False,6.0
D4.2__Fig 2__SQUID_data__IVI_BS30_A1S1_I_contrl_+-0.15mA_285mK_191103__IVB__T_1p40K[-0.000057750],1.901183497496342,0.5297124948090469,0.0,0.02129702010357995,,0.12510513640069096,False,6.0
D4.2__Fig 2__SQUID_data__IVI_BS30_A1S1_I_contrl_+-0.15mA_285mK_191103__IVB__T_1p40K[-0.000058125],1.8750972596100408,0.5392338214643955,0.0,0.02152729556118174,,0.12186668136207457,False,6.0
D4.2__Fig 2__SQUID_data__IVI_BS30_A1S1_I_contrl_+-0.15mA_285mK_191103__IVB__T_1p40K[-0.000058500],1.8729486360612952,0.5495126836275817,0.0,0.02144237550847398,,0.11354060566813473,False,6.0
D4.2__Fig 2__SQUID_data__IVI_BS30_A1S1_I_contrl_+-0.15mA_285mK_191103__IVB__T_1p40K[-0.000058875],2.6189722735794314,0.4323365206829855,0.0,0.021399764092708183,,0.11344150815400406,False,6.0
D4.2__Fig 2__SQUID_data__IVI_BS30_A1S1_I_contrl_+-0.15mA_285mK_191103__IVB__T_1p40K[-0.000059250],1.8833732383861135,0.5550943339073203,0.0,0.021357486134092524,,0.11686311906879558,False,6.0
D4.2__Fig 2__SQUID_data__IVI_BS30_A1S1_I_contrl_+-0.15mA_285mK_191103__IVB__T_1p40K[-0.000059625],1.88437833312949,0.5642138507436192,0.0,0.02128682309878604,,0.11293233063798262,False,6.0
D4.2__Fig 2__SQUID_data__IVI_BS30_A1S1_I_contrl_+-0.15mA_285mK_191103__IVB__T_1p40K[-0.000060000],1.9054190531210649,0.5738636689032423,0.0,0.02127874878239675,,0.12658184344295506,False,6.0
D4.2__Fig 2__SQUID_data__IVI_BS30_A1S1_I_contrl_+-0.15mA_285mK_191103__IVB__T_1p40K[-0.000060375],1.9103478425289069,0.5899718284437782,0.0,0.021264848770564504,,0.12692838424153094,False,6.0
D4.2__Fig 2__SQUID_data__IVI_BS30_A1S1_I_contrl_+-0.15mA_285mK_191103__IVB__T_1p40K[-0.000060750],1.9122777150765167,0.5848061935525525,0.0,0.021224677984341942,,0.12459795135167845,False,6.0
D4.2__Fig 2__SQUID_data__IVI_BS30_A1S1_I_contrl_+-0.15mA_285mK_191103__IVB__T_1p40K[-0.000061125],2.6571802864872534,0.4437445272607885,0.0,0.021311516324762574,,0.11363221597734195,False,6.0
D4.2__Fig 2__SQUID_data__IVI_BS30_A1S1_I_contrl_+-0.15mA_285mK_191103__IVB__T_1p40K[-0.000061500],1.9138532046733607,0.6034717465963824,0.0,0.021173796148166148,,0.12286748700720883,False,6.0
D4.2__Fig 2__SQUID_data__IVI_BS30_A1S1_I_contrl_+-0.15mA_285mK_191103__IVB__T_1p40K[-0.000061875],1.9295035580167483,0.5797573435637268,0.0,0.021053347332198248,,0.11851458206119111,False,6.0
D4.2__Fig 2__SQUID_data__IVI_BS30_A1S1_I_contrl_+-0.15mA_285mK_191103__IVB__T_1p40K[-0.000062250],1.9403256481568196,0.5593809027333558,0.0,0.021056762277183207,,0.11473434320061589,False,6.0
D4.2__Fig 2__SQUID_data__IVI_BS30_A1S1_I_contrl_+-0.15mA_285mK_191103__IVB__T_1p40K[-0.000062625],1.9228449298940573,0.5536697076771031,0.0,0.020968526559925538,,0.12028195531953458,False,6.0
D4.2__Fig 2__SQUID_data__IVI_BS30_A1S1_I_contrl_+-0.15mA_285mK_191103__IVB__T_1p40K[-0.000063000],1.9333993688560602,0.5862129153081034,0.0,0.021125366447017267,,0.1172434250317132,False,6.0
D4.2__Fig 2__SQUID_data__IVI_BS30_A1S1_I_contrl_+-0.15mA_285mK_191103__IVB__T_1p40K[-0.000063375],1.9441386819367588,0.5708159274245244,0.0,0.021244514244175963,,0.11482389511295094,False,6.0
D4.2__Fig 2__SQUID_data__IVI_BS30_A1S1_I_contrl_+-0.15mA_285mK_191103__IVB__T_1p40K[-0.000063750],1.9319053925227185,0.5558850013673141,0.0,0.02127803056891684,,0.11405699062449695,False,6.0
D4.2__Fig 2__SQUID_data__IVI_BS30_A1S1_I_contrl_+-0.15mA_285mK_191103__IVB__T_1p40K[-0.000064125],1.9429387554269897,0.5291713685440899,0.0,0.021281541112111602,,0.11521250196971734,False,6.0
D4.2__Fig 2__SQUID_data__IVI_BS30_A1S1_I_contrl_+-0.15mA_285mK_191103__IVB__T_1p40K[-0.000064500],1.928032080807372,0.5227706621708221,0.0,0.021352118847321445,,0.1168720387048937,False,6.0
D4.2__Fig 2__SQUID_data__IVI_BS30_A1S1_I_contrl_+-0.15mA_285mK_191103__IVB__T_1p40K[-0.000064875],1.915480450768941,0.5720123450874159,0.0,0.02125589699207688,,0.11250694481651688,False,6.0
D4.2__Fig 2__SQUID_data__IVI_BS30_A1S1_I_contrl_+-0.15mA_285mK_191103__IVB__T_1p40K[-0.000065250],1.9336373683860415,0.5541386937375002,0.0,0.0211417033251638,,0.1217905757641559,False,6.0
D4.2__Fig 2__SQUID_data__IVI_BS30_A1S1_I_contrl_+-0.15mA_285mK_191103__IVB__T_1p40K[-0.000065625],1.9033329885509498,0.5281056109141299,0.0,0.021339727754937032,,0.1146622482510215,False,6.0
D4.2__Fig 2__SQUID_data__IVI_BS30_A1S1_I_contrl_+-0.15mA_285mK_191103__IVB__T_1p40K[-0.000066000],1.872828954512164,0.4849635330012398,0.0,0.02128064054080709,,0.1257886582875634,False,6.0
D4.2__Fig 2__SQUID_data__IVI_BS30_A1S1_I_contrl_+-0.15mA_285mK_191103__IVB__T_1p40K[-0.000066375],1.863052471098717,0.48866064081004806,0.0,0.021416456783308006,,0.11134879941178073,False,6.0
D4.2__Fig 2__SQUID_data__IVI_BS30_A1S1_I_contrl_+-0.15mA_285mK_191103__IVB__T_1p40K[-0.000066750],1.8941659047809756,0.5579304734930203,0.0,0.021105468111068382,,0.11323176913238671,False,6.0
D4.2__Fig 2__SQUID_data__IVI_BS30_A1S1_I_contrl_+-0.15mA_285mK_191103__IVB__T_1p40K[-0.000067125],1.8968199393752403,0.573848034321293,0.0,0.021228413764075874,,0.1116009445745339,False,6.0
D4.2__Fig 2__SQUID_data__IVI_BS30_A1S1_I_contrl_+-0.15mA_285mK_191103__IVB__T_1p40K[-0.000067500],1.8914688621622708,0.5802044181471274,0.0,0.021108131604193402,,0.11973558385052327,False,6.0
D4.2__Fig 2__SQUID_data__IVI_BS30_A1S1_I_contrl_+-0.15mA_285mK_191103__IVB__T_1p40K[-0.000067875],1.8612027355086518,0.5886544038308821,0.0,0.021118154282022374,,0.12408328624714147,False,6.0
D4.2__Fig 2__SQUID_data__IVI_BS30_A1S1_I_contrl_+-0.15mA_285mK_191103__IVB__T_1p40K[-0.000068250],1.8805757222261121,0.5928623102918231,0.0,0.021256259610009962,,0.1168791062383348,False,6.0
D4.2__Fig 2__SQUID_data__IVI_BS30_A1S1_I_contrl_+-0.15mA_285mK_191103__IVB__T_1p40K[-0.000068625],1.8817491537582223,0.5501119938127195,0.0,0.02115181134408368,,0.10891979386309761,False,6.0
D4.2__Fig 2__SQUID_data__IVI_BS30_A1S1_I_contrl_+-0.15mA_285mK_191103__IVB__T_1p40K[-0.000069000],1.8774524586949228,0.5658754020739143,0.0,0.021100366654138693,,0.11452083859710882,False,6.0
D4.2__Fig 2__SQUID_data__IVI_BS30_A1S1_I_contrl_+-0.15mA_285mK_191103__IVB__T_1p40K[-0.000069375],1.9100713612396474,0.5689807423891909,0.0,0.021100215885760637,,0.11425354635002918,False,6.0
D4.2__Fig 2__SQUID_data__IVI_BS30_A1S1_I_contrl_+-0.15mA_285mK_191103__IVB__T_1p40K[-0.000069750],1.9179985040519458,0.5511066637545082,0.0,0.021146708969627382,,0.1151490660289922,False,6.0
D4.2__Fig 2__SQUID_data__IVI_BS30_A1S1_I_contrl_+-0.15mA_285mK_191103__IVB__T_1p40K[-0.000070125],1.89657424228273,0.5380469316158876,0.0,0.021182347476942958,,0.1263514405542908,False,6.0
D4.2__Fig 2__SQUID_data__IVI_BS30_A1S1_I_contrl_+-0.15mA_285mK_191103__IVB__T_1p40K[-0.000070500],1.880752542228121,0.538918090118717,0.0,0.021292309675503596,,0.1198969320415046,False,6.0
D4.2__Fig 2__SQUID_data__IVI_BS30_A1S1_I_contrl_+-0.15mA_285mK_191103__IVB__T_1p40K[-0.000070875],1.8769042317037894,0.5197840801010356,0.0,0.02123046744800793,,0.11681791654045466,False,6.0
D4.2__Fig 2__SQUID_data__IVI_BS30_A1S1_I_contrl_+-0.15mA_285mK_191103__IVB__T_1p40K[-0.000071250],1.8989058489054438,0.5772545111416156,0.0,0.0211208258207962,,0.11067264660956545,False,6.0
D4.2__Fig 2__SQUID_data__IVI_BS30_A1S1_I_contrl_+-0.15mA_285mK_191103__IVB__T_1p40K[-0.000071625],1.8748696907724753,0.5513074527728362,0.0,0.021142452189297056,,0.12167248229785264,False,6.0
D4.2__Fig 2__SQUID_data__IVI_BS30_A1S1_I_contrl_+-0.15mA_285mK_191103__IVB__T_1p40K[-0.000072000],1.865977673493551,0.5219728563017049,0.0,0.021186179735430678,,0.12742913529044733,False,6.0
D4.2__Fig 2__SQUID_data__IVI_BS30_A1S1_I_contrl_+-0.15mA_285mK_191103__IVB__T_1p40K[-0.000072375],1.8941774874608504,0.5255095118107636,0.0,0.021399095075552967,,0.12070355321178303,False,6.0
D4.2__Fig 2__SQUID_data__IVI_BS30_A1S1_I_contrl_+-0.15mA_285mK_191103__IVB__T_1p40K[-0.000072750],2.705762517668511,0.4283221552884274,0.0,0.021416484646595825,,0.11097612365882738,False,6.0
D4.2__Fig 2__SQUID_data__IVI_BS30_A1S1_I_contrl_+-0.15mA_285mK_191103__IVB__T_1p40K[-0.000073125],1.893626826176876,0.5160571802078824,0.0,0.021130269744618308,,0.1102456404948899,False,6.0
D4.2__Fig 2__SQUID_data__IVI_BS30_A1S1_I_contrl_+-0.15mA_285mK_191103__IVB__T_1p40K[-0.000073500],1.8937231180914638,0.5114620311584699,0.0,0.02128816410025128,,0.1158406054454475,False,6.0
D4.2__Fig 2__SQUID_data__IVI_BS30_A1S1_I_contrl_+-0.15mA_285mK_191103__IVB__T_1p40K[-0.000073875],1.8907100050594772,0.5391723873136381,0.0,0.021320686588816716,,0.11474396013638337,False,6.0
D4.2__Fig 2__SQUID_data__IVI_BS30_A1S1_I_contrl_+-0.15mA_285mK_191103__IVB__T_1p40K[-0.000074250],1.8649327695008384,0.5384612905102938,0.0,0.02127587609892955,,0.11137269743071045,False,6.0
D4.2__Fig 2__SQUID_data__IVI_BS30_A1S1_I_contrl_+-0.15mA_285mK_191103__IVB__T_1p40K[-0.000074625],1.8768883182805267,0.520270859128276,0.0,0.021258649944912764,,0.10952506538684188,False,6.0
D4.2__Fig 2__SQUID_data__IVI_BS30_A1S1_I_contrl_+-0.15mA_285mK_191103__IVB__T_1p40K[-0.000075000],1.9075961195051874,0.520823668522771,0.0,0.021205059379394875,,0.11064122728850652,False,6.0
D4.2__Fig 2__SQUID_data__IVI_BS30_A1S1_I_contrl_+-0.15mA_285mK_191103__IVB__T_1p40K[-0.000075375],1.9023304306611153,0.5463739525114754,0.0,0.02117074362537973,,0.11211731482855535,False,6.0
D4.2__Fig 2__SQUID_data__IVI_BS30_A1S1_I_contrl_+-0.15mA_285mK_191103__IVB__T_1p40K[-0.000075750],1.916390387696387,0.5608725627198433,0.0,0.020979365310504608,,0.1141464711645481,False,6.0
D4.2__Fig 2__SQUID_data__IVI_BS30_A1S1_I_contrl_+-0.15mA_285mK_191103__IVB__T_1p40K[-0.000076125],1.890491219079928,0.5761702878900716,0.0,0.02113016598820487,,0.11728890400544434,False,6.0
D4.2__Fig 2__SQUID_data__IVI_BS30_A1S1_I_contrl_+-0.15mA_285mK_191103__IVB__T_1p40K[-0.000076500],1.8988937014683986,0.5904219592012404,0.0,0.020969401833226993,,0.10991134651415804,False,6.0
D4.2__Fig 2__SQUID_data__IVI_BS30_A1S1_I_contrl_+-0.15mA_285mK_191103__IVB__T_1p40K[-0.000076875],1.9202571265377675,0.5584867663930914,0.0,0.020949900106104334,,0.1126024854930592,False,6.0
D4.2__Fig 2__SQUID_data__IVI_BS30_A1S1_I_contrl_+-0.15mA_285mK_191103__IVB__T_1p40K[-0.000077250],1.963828235240708,0.5457722759034779,0.0,0.020907406417619376,,0.11171083949472249,False,6.0
D4.2__Fig 2__SQUID_data__IVI_BS30_A1S1_I_contrl_+-0.15mA_285mK_191103__IVB__T_1p40K[-0.000077625],1.9603472909590758,0.49431236425605873,0.0,0.02102599377068433,,0.11813121950593869,False,6.0
D4.2__Fig 2__SQUID_data__IVI_BS30_A1S1_I_contrl_+-0.15mA_285mK_191103__IVB__T_1p40K[-0.000078000],1.931880612267116,0.5617952293803,0.0,0.021030951357587743,,0.11402366782952232,False,6.0
D4.2__Fig 2__SQUID_data__IVI_BS30_A1S1_I_contrl_+-0.15mA_285mK_191103__IVB__T_1p40K[-0.000078375],2.7489138560692603,0.4282106242364609,0.0,0.021167686309028197,,0.11676386801241323,False,6.0
D4.2__Fig 2__SQUID_data__IVI_BS30_A1S1_I_contrl_+-0.15mA_285mK_191103__IVB__T_1p40K[-0.000078750],1.953775351668246,0.5239897658010911,0.0,0.02117413953979191,,0.12367273524881589,False,6.0
D4.2__Fig 2__SQUID_data__IVI_BS30_A1S1_I_contrl_+-0.15mA_285mK_191103__IVB__T_1p40K[-0.000079125],1.9140234267673166,0.5276493581902254,0.0,0.02112785699675496,,0.13149022575638744,False,6.0
D4.2__Fig 2__SQUID_data__IVI_BS30_A1S1_I_contrl_+-0.15mA_285mK_191103__IVB__T_1p40K[-0.000079500],1.9073211081373942,0.556228269273154,0.0,0.02107429600677408,,0.11246790095087295,False,6.0
D4.2__Fig 2__SQUID_data__IVI_BS30_A1S1_I_contrl_+-0.15mA_285mK_191103__IVB__T_1p40K[-0.000079875],1.8834037175882783,0.556257173782567,0.0,0.020975379460920825,,0.11389577607613761,False,6.0
D4.2__Fig 2__SQUID_data__IVI_BS30_A1S1_I_contrl_+-0.15mA_285mK_191103__IVB__T_1p40K[-0.000080250],1.8942820371730922,0.5556155055663755,0.0,0.0209811544434695,,0.12382109779223952,False,6.0
D4.2__Fig 2__SQUID_data__IVI_BS30_A1S1_I_contrl_+-0.15mA_285mK_191103__IVB__T_1p40K[-0.000080625],1.9007297739597826,0.5630569300767669,0.0,0.021019270791803674,,0.11041716606465582,False,6.0
D4.2__Fig 2__SQUID_data__IVI_BS30_A1S1_I_contrl_+-0.15mA_285mK_191103__IVB__T_1p40K[-0.000081000],1.9095255556069763,0.5045633872187889,0.0,0.021175280766286025,,0.1120277031799064,False,6.0
D4.2__Fig 2__SQUID_data__IVI_BS30_A1S1_I_contrl_+-0.15mA_285mK_191103__IVB__T_1p40K[-0.000081375],1.9351861796049032,0.5283025798332536,0.0,0.02121997211202591,,0.1166561488413553,False,6.0
D4.2__Fig 2__SQUID_data__IVI_BS30_A1S1_I_contrl_+-0.15mA_285mK_191103__IVB__T_1p40K[-0.000081750],1.8926264877165855,0.478428706957344,0.0,0.0211575978153408,,0.1220803107597365,False,6.0
D4.2__Fig 2__SQUID_data__IVI_BS30_A1S1_I_contrl_+-0.15mA_285mK_191103__IVB__T_1p40K[-0.000082125],1.8865947515617887,0.5431813584790706,0.0,0.02101702714979592,,0.11016600550889358,False,6.0
D4.2__Fig 2__SQUID_data__IVI_BS30_A1S1_I_contrl_+-0.15mA_285mK_191103__IVB__T_1p40K[-0.000082500],1.8943973651793273,0.5395692683331859,0.0,0.020912708463278116,,0.11569929943883378,False,6.0
D4.2__Fig 2__SQUID_data__IVI_BS30_A1S1_I_contrl_+-0.15mA_285mK_191103__IVB__T_1p40K[-0.000082875],1.9295780555849418,0.5328511291797179,0.0,0.020968213189097536,,0.11050292241720075,False,6.0
D4.2__Fig 2__SQUID_data__IVI_BS30_A1S1_I_contrl_+-0.15mA_285mK_191103__IVB__T_1p40K[-0.000083250],1.8926805487674274,0.5274399984191471,0.0,0.021117512409928204,,0.115391405197061,False,6.0
D4.2__Fig 2__SQUID_data__IVI_BS30_A1S1_I_contrl_+-0.15mA_285mK_191103__IVB__T_1p40K[-0.000083625],1.8760779352476993,0.5315906970541859,0.0,0.02120541936372208,,0.11301572017252984,False,6.0
D4.2__Fig 2__SQUID_data__IVI_BS30_A1S1_I_contrl_+-0.15mA_285mK_191103__IVB__T_1p40K[-0.000084000],1.8766246425627116,0.5312693682765838,0.0,0.02119385471838682,,0.1112840667873101,False,6.0
D4.2__Fig 2__SQUID_data__IVI_BS30_A1S1_I_contrl_+-0.15mA_285mK_191103__IVB__T_1p40K[-0.000084375],1.8750111505575744,0.5276872148084708,0.0,0.020967119864460537,,0.10804904601278846,False,6.0
D4.2__Fig 2__SQUID_data__IVI_BS30_A1S1_I_contrl_+-0.15mA_285mK_191103__IVB__T_1p40K[-0.000084750],1.8704055466352574,0.4975631399921599,0.0,0.020910709234294684,,0.10912136022191722,False,6.0
D4.2__Fig 2__SQUID_data__IVI_BS30_A1S1_I_contrl_+-0.15mA_285mK_191103__IVB__T_1p40K[-0.000085125],1.8760896046332256,0.5812766911096853,0.0,0.020883116719356113,,0.11560480417955403,False,6.0
D4.2__Fig 2__SQUID_data__IVI_BS30_A1S1_I_contrl_+-0.15mA_285mK_191103__IVB__T_1p40K[-0.000085500],1.9163806727278527,0.5606938062012129,0.0,0.020892127809279726,,0.11055186705205461,False,6.0
D4.2__Fig 2__SQUID_data__IVI_BS30_A1S1_I_contrl_+-0.15mA_285mK_191103__IVB__T_1p40K[-0.000085875],1.8911361593042753,0.5452743386608941,0.0,0.02103988449526593,,0.11641656102870054,False,6.0
D4.2__Fig 2__SQUID_data__IVI_BS30_A1S1_I_contrl_+-0.15mA_285mK_191103__IVB__T_1p40K[-0.000086250],1.8707822450056333,0.5325388882115276,0.0,0.021095779184461833,,0.11617139511187739,False,6.0
D4.2__Fig 2__SQUID_data__IVI_BS30_A1S1_I_contrl_+-0.15mA_285mK_191103__IVB__T_1p40K[-0.000086625],1.8878217981043244,0.5321657070985942,0.0,0.020976347400792388,,0.1127593469898709,False,6.0
D4.2__Fig 2__SQUID_data__IVI_BS30_A1S1_I_contrl_+-0.15mA_285mK_191103__IVB__T_1p40K[-0.000087000],1.8767796728355741,0.5590848961886317,0.0,0.020778686504391984,,0.11395894421111726,False,6.0
D4.2__Fig 2__SQUID_data__IVI_BS30_A1S1_I_contrl_+-0.15mA_285mK_191103__IVB__T_1p40K[-0.000087375],2.622086352754759,0.4271636984164217,0.0,0.02109409107772294,,0.11567148393419,False,6.0
D4.2__Fig 2__SQUID_data__IVI_BS30_A1S1_I_contrl_+-0.15mA_285mK_191103__IVB__T_1p40K[-0.000087750],1.8295352959201598,0.5474871170822594,0.0,0.02082977315331263,,0.12497147454053475,False,6.0
D4.2__Fig 2__SQUID_data__IVI_BS30_A1S1_I_contrl_+-0.15mA_285mK_191103__IVB__T_1p40K[-0.000088125],1.8320933134967587,0.5272189472555092,0.0,0.021090978668812828,,0.12057062371706881,False,6.0
D4.2__Fig 2__SQUID_data__IVI_BS30_A1S1_I_contrl_+-0.15mA_285mK_191103__IVB__T_1p40K[-0.000088500],1.7996649872562354,0.4862106985585382,0.0,0.02120283404277145,,0.1211711554056495,False,6.0
D4.2__Fig 2__SQUID_data__IVI_BS30_A1S1_I_contrl_+-0.15mA_285mK_191103__IVB__T_1p40K[-0.000088875],1.786546300570296,0.5370049415299168,0.0,0.02100392168170794,,0.11998301483946333,False,6.0
D4.2__Fig 2__SQUID_data__IVI_BS30_A1S1_I_contrl_+-0.15mA_285mK_191103__IVB__T_1p40K[-0.000089250],2.5398570262685416,0.42740407806309133,0.0,0.020963101970376662,,0.11423831325655193,False,6.0
D4.2__Fig 2__SQUID_data__IVI_BS30_A1S1_I_contrl_+-0.15mA_285mK_191103__IVB__T_1p40K[-0.000089625],1.7874515094065067,0.5168539790577032,0.0,0.020939796341018103,,0.1152787721107741,False,6.0
D4.2__Fig 2__SQUID_data__IVI_BS30_A1S1_I_contrl_+-0.15mA_285mK_191103__IVB__T_1p40K[-0.000090000],1.8029672447339606,0.5636663558391368,0.0,0.0209501870079439,,0.11539149958619628,False,6.0
D4.2__Fig 2__SQUID_data__IVI_BS30_A1S1_I_contrl_+-0.15mA_285mK_191103__IVB__T_1p40K[-0.000090375],1.820005084235544,0.5294550785187034,0.0,0.020921351940327203,,0.109404451931762,False,6.0
D4.2__Fig 2__SQUID_data__IVI_BS30_A1S1_I_contrl_+-0.15mA_285mK_191103__IVB__T_1p40K[-0.000090750],1.823881864972212,0.48422869887980324,0.0,0.020985405571339877,,0.11386206569874799,False,6.0
D4.2__Fig 2__SQUID_data__IVI_BS30_A1S1_I_contrl_+-0.15mA_285mK_191103__IVB__T_1p40K[-0.000091125],1.788731455792624,0.5636944057452117,0.0,0.020909664779065387,,0.11144066624134212,False,6.0
D4.2__Fig 2__SQUID_data__IVI_BS30_A1S1_I_contrl_+-0.15mA_285mK_191103__IVB__T_1p40K[-0.000091500],1.8152661159438426,0.5602443890457532,0.0,0.02087265656605078,,0.11224306307882756,False,6.0
D4.2__Fig 2__SQUID_data__IVI_BS30_A1S1_I_contrl_+-0.15mA_285mK_191103__IVB__T_1p40K[-0.000091875],1.844074491356028,0.5522543395730254,0.0,0.02096167602213271,,0.11313413117715276,False,6.0
D4.2__Fig 2__SQUID_data__IVI_BS30_A1S1_I_contrl_+-0.15mA_285mK_191103__IVB__T_1p40K[-0.000092250],1.8309991840237252,0.516912200620891,0.0,0.021004118677806743,,0.1152717956600547,False,6.0
D4.2__Fig 2__SQUID_data__IVI_BS30_A1S1_I_contrl_+-0.15mA_285mK_191103__IVB__T_1p40K[-0.000092625],1.8326924791045174,0.5270812788833599,0.0,0.020965116336303737,,0.11382758894495991,False,6.0
D4.2__Fig 2__SQUID_data__IVI_BS30_A1S1_I_contrl_+-0.15mA_285mK_191103__IVB__T_1p40K[-0.000093000],2.6273553194509733,0.43609614002597075,0.0,0.021001072770432058,,0.1269363624019805,False,6.0
D4.2__Fig 2__SQUID_data__IVI_BS30_A1S1_I_contrl_+-0.15mA_285mK_191103__IVB__T_1p40K[-0.000093375],2.6211674762228756,0.4343245059026624,0.0,0.020912505036250188,,0.12409734807739321,False,6.0
D4.2__Fig 2__SQUID_data__IVI_BS30_A1S1_I_contrl_+-0.15mA_285mK_191103__IVB__T_1p40K[-0.000093750],1.8619627454563377,0.5053218077394166,0.0,0.02090790402955255,,0.11091918910354473,False,6.0
D4.2__Fig 2__SQUID_data__IVI_BS30_A1S1_I_contrl_+-0.15mA_285mK_191103__IVB__T_1p40K[-0.000094125],1.8579706150224684,0.5507066846414611,0.0,0.020769949733042813,,0.1156580237312254,False,6.0
D4.2__Fig 2__SQUID_data__IVI_BS30_A1S1_I_contrl_+-0.15mA_285mK_191103__IVB__T_1p40K[-0.000094500],2.5950803850618307,0.428440236266959,0.0,0.02078210162934659,,0.11494901174396266,False,6.0
D4.2__Fig 2__SQUID_data__IVI_BS30_A1S1_I_contrl_+-0.15mA_285mK_191103__IVB__T_1p40K[-0.000094875],1.8535043747642435,0.5604425492603132,0.0,0.02072112882960009,,0.11105010271430864,False,6.0
D4.2__Fig 2__SQUID_data__IVI_BS30_A1S1_I_contrl_+-0.15mA_285mK_191103__IVB__T_1p40K[-0.000095250],1.8638299083106407,0.5691305859122221,0.0,0.020754361074078267,,0.11206698721209994,False,6.0
D4.2__Fig 2__SQUID_data__IVI_BS30_A1S1_I_contrl_+-0.15mA_285mK_191103__IVB__T_1p40K[-0.000095625],1.8251613949563776,0.5531034866639897,0.0,0.02074734891409526,,0.12374907564412617,False,6.0
D4.2__Fig 2__SQUID_data__IVI_BS30_A1S1_I_contrl_+-0.15mA_285mK_191103__IVB__T_1p40K[-0.000096000],1.8149691375351946,0.5459645971987229,0.0,0.021045149978107372,,0.12425949828070797,False,6.0
D4.2__Fig 2__SQUID_data__IVI_BS30_A1S1_I_contrl_+-0.15mA_285mK_191103__IVB__T_1p40K[-0.000096375],1.844423038263191,0.5331303768109642,0.0,0.021200013471668364,,0.11277659870020487,False,6.0
D4.2__Fig 2__SQUID_data__IVI_BS30_A1S1_I_contrl_+-0.15mA_285mK_191103__IVB__T_1p40K[-0.000096750],1.8515313744609123,0.5424535396134361,0.0,0.021146382289558074,,0.11133623860810393,False,6.0
D4.2__Fig 2__SQUID_data__IVI_BS30_A1S1_I_contrl_+-0.15mA_285mK_191103__IVB__T_1p40K[-0.000097125],1.8332633763930215,0.4799587734135388,0.0,0.021051168490456452,,0.1246286653138026,False,6.0
D4.2__Fig 2__SQUID_data__IVI_BS30_A1S1_I_contrl_+-0.15mA_285mK_191103__IVB__T_1p40K[-0.000097500],1.832800197245668,0.5554936721854912,0.0,0.02098091964448275,,0.1220559782269786,False,6.0
D4.2__Fig 2__SQUID_data__IVI_BS30_A1S1_I_contrl_+-0.15mA_285mK_191103__IVB__T_1p40K[-0.000097875],1.8598491728866045,0.5657518688110854,0.0,0.020822070052279786,,0.1227021321926832,False,6.0
D4.2__Fig 2__SQUID_data__IVI_BS30_A1S1_I_contrl_+-0.15mA_285mK_191103__IVB__T_1p40K[-0.000098250],1.839381021461628,0.5464002983230692,0.0,0.02101233606779202,,0.11474042092603909,False,6.0
D4.2__Fig 2__SQUID_data__IVI_BS30_A1S1_I_contrl_+-0.15mA_285mK_191103__IVB__T_1p40K[-0.000098625],1.7930098707551534,0.5370785385202154,0.0,0.021034745876919513,,0.1140483010720406,False,6.0
D4.2__Fig 2__SQUID_data__IVI_BS30_A1S1_I_contrl_+-0.15mA_285mK_191103__IVB__T_1p40K[-0.000099000],1.8010094092236941,0.5686038344251038,0.0,0.020940147628112703,,0.11896194844169188,False,6.0
D4.2__Fig 2__SQUID_data__IVI_BS30_A1S1_I_contrl_+-0.15mA_285mK_191103__IVB__T_1p40K[-0.000099375],1.8263751662535825,0.5347070282165597,0.0,0.02104887663533815,,0.11218797114432857,False,6.0
D4.2__Fig 2__SQUID_data__IVI_BS30_A1S1_I_contrl_+-0.15mA_285mK_191103__IVB__T_1p40K[-0.000099750],1.811864345744221,0.5356469390586281,0.0,0.02114449366611718,,0.11280455463337571,False,6.0
D4.2__Fig 2__SQUID_data__IVI_BS30_A1S1_I_contrl_+-0.15mA_285mK_191103__IVB__T_1p40K[-0.000100125],1.8003038556969775,0.5179369225382681,0.0,0.020911181978848687,,0.11320923772606897,False,6.0
D4.2__Fig 2__SQUID_data__IVI_BS30_A1S1_I_contrl_+-0.15mA_285mK_191103__IVB__T_1p40K[-0.000100500],1.8206681100235549,0.5460262228130935,0.0,0.020919672790691263,,0.11219968579641523,False,6.0
D4.2__Fig 2__SQUID_data__IVI_BS30_A1S1_I_contrl_+-0.15mA_285mK_191103__IVB__T_1p40K[-0.000100875],1.828175604607632,0.5242664864805383,0.0,0.021007761385018732,,0.11488791239141606,False,6.0
D4.2__Fig 2__SQUID_data__IVI_BS30_A1S1_I_contrl_+-0.15mA_285mK_191103__IVB__T_1p40K[-0.000101250],1.838211067840118,0.5491072573947188,0.0,0.020757823979586008,,0.11131533483807533,False,6.0
D4.2__Fig 2__SQUID_data__IVI_BS30_A1S1_I_contrl_+-0.15mA_285mK_191103__IVB__T_1p40K[-0.000101625],1.8339553170953775,0.5557112291502115,0.0,0.020922798277613508,,0.11065501053913826,False,6.0
D4.2__Fig 2__SQUID_data__IVI_BS30_A1S1_I_contrl_+-0.15mA_285mK_191103__IVB__T_1p40K[-0.000102000],1.8228323774341209,0.5518104512834221,0.0,0.021013218653158257,,0.1122684583437391,False,6.0
D4.2__Fig 2__SQUID_data__IVI_BS30_A1S1_I_contrl_+-0.15mA_285mK_191103__IVB__T_1p40K[-0.000102375],1.8249673297910407,0.565235942609573,0.0,0.020914623630483877,,0.11036957276695235,False,6.0
D4.2__Fig 2__SQUID_data__IVI_BS30_A1S1_I_contrl_+-0.15mA_285mK_191103__IVB__T_1p40K[-0.000102750],1.7941316247301982,0.5542304683202977,0.0,0.020989962124127615,,0.11230395800389782,False,6.0
D4.2__Fig 2__SQUID_data__IVI_BS30_A1S1_I_contrl_+-0.15mA_285mK_191103__IVB__T_1p40K[-0.000103125],1.8012382663088111,0.5776934867113144,0.0,0.020926497529472725,,0.11800250596207104,False,6.0
D4.2__Fig 2__SQUID_data__IVI_BS30_A1S1_I_contrl_+-0.15mA_285mK_191103__IVB__T_1p40K[-0.000103500],1.7898926913809956,0.4877941386435358,0.0,0.020908365229575364,,0.11870372049455707,False,6.0
D4.2__Fig 2__SQUID_data__IVI_BS30_A1S1_I_contrl_+-0.15mA_285mK_191103__IVB__T_1p40K[-0.000103875],1.770365587320831,0.5319771043788598,0.0,0.020952873035591138,,0.1115983762879465,False,6.0
D4.2__Fig 2__SQUID_data__IVI_BS30_A1S1_I_contrl_+-0.15mA_285mK_191103__IVB__T_1p40K[-0.000104250],1.757213712401023,0.5460458082339876,0.0,0.02092085122835392,,0.1104832373029159,False,6.0
D4.2__Fig 2__SQUID_data__IVI_BS30_A1S1_I_contrl_+-0.15mA_285mK_191103__IVB__T_1p40K[-0.000104625],1.787358770847297,0.553323199512604,0.0,0.020967494399553293,,0.10998269032123975,False,6.0
D4.2__Fig 2__SQUID_data__IVI_BS30_A1S1_I_contrl_+-0.15mA_285mK_191103__IVB__T_1p40K[-0.000105000],1.8032814068974792,0.5732801580010034,0.0,0.020764516960692477,,0.11454799444843673,False,6.0
D4.2__Fig 2__SQUID_data__IVI_BS30_A1S1_I_contrl_+-0.15mA_285mK_191103__IVB__T_1p40K[-0.000105375],1.7955323900463331,0.4944036446944784,0.0,0.021051925284500613,,0.1144957559641488,False,6.0
D4.2__Fig 2__SQUID_data__IVI_BS30_A1S1_I_contrl_+-0.15mA_285mK_191103__IVB__T_1p40K[-0.000105750],1.8029288545100368,0.5383669628304381,0.0,0.021032371098870118,,0.11708825756827859,False,6.0
D4.2__Fig 2__SQUID_data__IVI_BS30_A1S1_I_contrl_+-0.15mA_285mK_191103__IVB__T_1p40K[-0.000106125],1.8130049609531123,0.5669943693905277,0.0,0.020972164080606467,,0.11658065393663454,False,6.0
D4.2__Fig 2__SQUID_data__IVI_BS30_A1S1_I_contrl_+-0.15mA_285mK_191103__IVB__T_1p40K[-0.000106500],1.8195750618254174,0.5461892858570758,0.0,0.02092608959154152,,0.11216763585241804,False,6.0
D4.2__Fig 2__SQUID_data__IVI_BS30_A1S1_I_contrl_+-0.15mA_285mK_191103__IVB__T_1p40K[-0.000106875],1.815151242555828,0.47810261140549626,0.0,0.021141438885161734,,0.1122712896345549,False,6.0
D4.2__Fig 2__SQUID_data__IVI_BS30_A1S1_I_contrl_+-0.15mA_285mK_191103__IVB__T_1p40K[-0.000107250],1.7966654579718142,0.5507341078689476,0.0,0.02090002914393309,,0.11443696821558814,False,6.0
D4.2__Fig 2__SQUID_data__IVI_BS30_A1S1_I_contrl_+-0.15mA_285mK_191103__IVB__T_1p40K[-0.000107625],1.793672218488078,0.5246563843639055,0.0,0.020945238661704352,,0.1100718076405343,False,6.0
D4.2__Fig 2__SQUID_data__IVI_BS30_A1S1_I_contrl_+-0.15mA_285mK_191103__IVB__T_1p40K[-0.000108000],2.5427924057826017,0.4359375347021824,0.0,0.020919701700226022,,0.11042527964695449,False,6.0
D4.2__Fig 2__SQUID_data__IVI_BS30_A1S1_I_contrl_+-0.15mA_285mK_191103__IVB__T_1p40K[-0.000108375],1.8366434360959418,0.5421305929957628,0.0,0.02084245881973604,,0.11230972175211913,False,6.0
D4.2__Fig 2__SQUID_data__IVI_BS30_A1S1_I_contrl_+-0.15mA_285mK_191103__IVB__T_1p40K[-0.000108750],2.5503536175409027,0.43145025943901755,0.0,0.021140710035188068,,0.11401857254146013,False,6.0
D4.2__Fig 2__SQUID_data__IVI_BS30_A1S1_I_contrl_+-0.15mA_285mK_191103__IVB__T_1p40K[-0.000109125],1.8033694665653572,0.5529725665048352,0.0,0.021041652357546008,,0.1109988918878794,False,6.0
D4.2__Fig 2__SQUID_data__IVI_BS30_A1S1_I_contrl_+-0.15mA_285mK_191103__IVB__T_1p40K[-0.000109500],1.8181672254962298,0.5687218275568763,0.0,0.020937595242190087,,0.1101699499967504,False,6.0
D4.2__Fig 2__SQUID_data__IVI_BS30_A1S1_I_contrl_+-0.15mA_285mK_191103__IVB__T_1p40K[-0.000109875],1.7955525370994607,0.5038447188063776,0.0,0.02109712770553597,,0.11280137666634171,False,6.0
D4.2__Fig 2__SQUID_data__IVI_BS30_A1S1_I_contrl_+-0.15mA_285mK_191103__IVB__T_1p40K[-0.000110250],2.5033847131035434,0.44060087960933114,0.0,0.021011192976379572,,0.11089947607483325,False,6.0
D4.2__Fig 2__SQUID_data__IVI_BS30_A1S1_I_contrl_+-0.15mA_285mK_191103__IVB__T_1p40K[-0.000110625],1.7967885010186153,0.5687954063913224,0.0,0.02086938810107772,,0.11370115609217026,False,6.0
D4.2__Fig 2__SQUID_data__IVI_BS30_A1S1_I_contrl_+-0.15mA_285mK_191103__IVB__T_1p40K[-0.000111000],1.8016156578250957,0.5682612562831652,0.0,0.020854397160615133,,0.11065650518849207,False,6.0
D4.2__Fig 2__SQUID_data__IVI_BS30_A1S1_I_contrl_+-0.15mA_285mK_191103__IVB__T_1p40K[-0.000111375],1.7873074992862186,0.5383934891513902,0.0,0.020982662507936317,,0.11386136069606106,False,6.0
D4.2__Fig 2__SQUID_data__IVI_BS30_A1S1_I_contrl_+-0.15mA_285mK_191103__IVB__T_1p40K[-0.000111750],1.767328830803634,0.5347893263981177,0.0,0.021013207856522095,,0.10991504609788798,False,6.0
D4.2__Fig 2__SQUID_data__IVI_BS30_A1S1_I_contrl_+-0.15mA_285mK_191103__IVB__T_1p40K[-0.000112125],1.777120675639775,0.5425121386530991,0.0,0.020961481461634866,,0.10765812201679979,False,6.0
D4.2__Fig 2__SQUID_data__IVI_BS30_A1S1_I_contrl_+-0.15mA_285mK_191103__IVB__T_1p40K[-0.000112500],1.7905519700732304,0.5773666837653214,0.0,0.02086488137307149,,0.11284791718590334,False,6.0
D4.2__Fig 2__SQUID_data__IVI_BS30_A1S1_I_contrl_+-0.15mA_285mK_191103__IVB__T_1p40K[-0.000112875],1.8206930319523311,0.5745211631453321,0.0,0.02086478574049724,,0.10983745012364336,False,6.0
D4.2__Fig 2__SQUID_data__IVI_BS30_A1S1_I_contrl_+-0.15mA_285mK_191103__IVB__T_1p40K[-0.000113250],1.78808990614996,0.5701706703831965,0.0,0.020862409135677537,,0.11108227729517849,False,6.0
D4.2__Fig 2__SQUID_data__IVI_BS30_A1S1_I_contrl_+-0.15mA_285mK_191103__IVB__T_1p40K[-0.000113625],1.749499732253594,0.5717790495004532,0.0,0.020798713037047695,,0.11209819386614264,False,6.0
D4.2__Fig 2__SQUID_data__IVI_BS30_A1S1_I_contrl_+-0.15mA_285mK_191103__IVB__T_1p40K[-0.000114000],1.725723476747671,0.555245230022027,0.0,0.020736581959480953,,0.1148087091239426,False,6.0
D4.2__Fig 2__SQUID_data__IVI_BS30_A1S1_I_contrl_+-0.15mA_285mK_191103__IVB__T_1p40K[-0.000114375],1.7299715703346548,0.5682979450905217,0.0,0.02087297790247452,,0.10951929551679139,False,6.0
D4.2__Fig 2__SQUID_data__IVI_BS30_A1S1_I_contrl_+-0.15mA_285mK_191103__IVB__T_1p40K[-0.000114750],1.7102384462502858,0.5380516603977448,0.0,0.02094579460886936,,0.1126311793561255,False,6.0
D4.2__Fig 2__SQUID_data__IVI_BS30_A1S1_I_contrl_+-0.15mA_285mK_191103__IVB__T_1p40K[-0.000115125],1.7396246464546277,0.5223926160759252,0.0,0.020773136718171797,,0.10979763546428457,False,6.0
D4.2__Fig 2__SQUID_data__IVI_BS30_A1S1_I_contrl_+-0.15mA_285mK_191103__IVB__T_1p40K[-0.000115500],1.7567817978229252,0.562239813869851,0.0,0.02082100974371761,,0.11099388475644957,False,6.0
D4.2__Fig 2__SQUID_data__IVI_BS30_A1S1_I_contrl_+-0.15mA_285mK_191103__IVB__T_1p40K[-0.000115875],1.7690411988592338,0.5452213527296421,0.0,0.020969293932246027,,0.11374699343428041,False,6.0
D4.2__Fig 2__SQUID_data__IVI_BS30_A1S1_I_contrl_+-0.15mA_285mK_191103__IVB__T_1p40K[-0.000116250],2.429667679392984,0.43392517955362087,0.0,0.021085743102310737,,0.11602755503462384,False,6.0
D4.2__Fig 2__SQUID_data__IVI_BS30_A1S1_I_contrl_+-0.15mA_285mK_191103__IVB__T_1p40K[-0.000116625],1.745775958437858,0.5507688924038799,0.0,0.0209807790185459,,0.11193238968282924,False,6.0
D4.2__Fig 2__SQUID_data__IVI_BS30_A1S1_I_contrl_+-0.15mA_285mK_191103__IVB__T_1p40K[-0.000117000],1.7809966848836152,0.5569613596401753,0.0,0.020973165862341055,,0.11126453942752453,False,6.0
D4.2__Fig 2__SQUID_data__IVI_BS30_A1S1_I_contrl_+-0.15mA_285mK_191103__IVB__T_1p40K[-0.000117375],1.8018828246534306,0.5517482134469821,0.0,0.02098077364108422,,0.11097974568065494,False,6.0
D4.2__Fig 2__SQUID_data__IVI_BS30_A1S1_I_contrl_+-0.15mA_285mK_191103__IVB__T_1p40K[-0.000117750],1.8020787206252653,0.5405097090176718,0.0,0.020926220769397787,,0.11271708083061706,False,6.0
D4.2__Fig 2__SQUID_data__IVI_BS30_A1S1_I_contrl_+-0.15mA_285mK_191103__IVB__T_1p40K[-0.000118125],1.7899234938881772,0.5594000436633846,0.0,0.02098661821396408,,0.11185633592170033,False,6.0
D4.2__Fig 2__SQUID_data__IVI_BS30_A1S1_I_contrl_+-0.15mA_285mK_191103__IVB__T_1p40K[-0.000118500],1.7958715408887045,0.5528341351523098,0.0,0.021051428322228356,,0.10899235128324261,False,6.0
D4.2__Fig 2__SQUID_data__IVI_BS30_A1S1_I_contrl_+-0.15mA_285mK_191103__IVB__T_1p40K[-0.000118875],1.8044656305317825,0.5533548704563392,0.0,0.021105206080191046,,0.11010024424613317,False,6.0
D4.2__Fig 2__SQUID_data__IVI_BS30_A1S1_I_contrl_+-0.15mA_285mK_191103__IVB__T_1p40K[-0.000119250],1.7635149142743831,0.5527605986723693,0.0,0.02102269466820188,,0.108645393897239,False,6.0
D4.2__Fig 2__SQUID_data__IVI_BS30_A1S1_I_contrl_+-0.15mA_285mK_191103__IVB__T_1p40K[-0.000119625],1.720483646602986,0.5620916899417919,0.0,0.021026753894572456,,0.11114291056084473,False,6.0
D4.2__Fig 2__SQUID_data__IVI_BS30_A1S1_I_contrl_+-0.15mA_285mK_191103__IVB__T_1p40K[-0.000120000],1.7251102235613118,0.5037195555979787,0.0,0.020994722247958536,,0.11364579528891716,False,6.0
D4.2__Fig 2__SQUID_data__IVI_BS30_A1S1_I_contrl_+-0.15mA_285mK_191103__IVB__T_1p40K[-0.000120375],1.7319919430979325,0.4923181659007529,0.0,0.021078820625949582,,0.11267762852304428,False,6.0
D4.2__Fig 2__SQUID_data__IVI_BS30_A1S1_I_contrl_+-0.15mA_285mK_191103__IVB__T_1p40K[-0.000120750],1.7328291579556983,0.5588652386509773,0.0,0.021015276897962662,,0.1091128119506176,False,6.0
D4.2__Fig 2__SQUID_data__IVI_BS30_A1S1_I_contrl_+-0.15mA_285mK_191103__IVB__T_1p40K[-0.000121125],1.7474323017139872,0.5594309221267806,0.0,0.021079017789093577,,0.11231923144817899,False,6.0
D4.2__Fig 2__SQUID_data__IVI_BS30_A1S1_I_contrl_+-0.15mA_285mK_191103__IVB__T_1p40K[-0.000121500],1.7588954516456836,0.5631102669933171,0.0,0.021015544082106676,,0.11298988724678521,False,6.0
D4.2__Fig 2__SQUID_data__IVI_BS30_A1S1_I_contrl_+-0.15mA_285mK_191103__IVB__T_1p40K[-0.000121875],1.7372031224463396,0.5540454134922995,0.0,0.020987374933582204,,0.11234926072952298,False,6.0
D4.2__Fig 2__SQUID_data__IVI_BS30_A1S1_I_contrl_+-0.15mA_285mK_191103__IVB__T_1p40K[-0.000122250],1.7471124569264709,0.5478848576784884,0.0,0.02094080760007212,,0.10763686412123329,False,6.0
D4.2__Fig 2__SQUID_data__IVI_BS30_A1S1_I_contrl_+-0.15mA_285mK_191103__IVB__T_1p40K[-0.000122625],1.727176012772005,0.5672108325504088,0.0,0.02102056005483976,,0.11399152859480331,False,6.0
D4.2__Fig 2__SQUID_data__IVI_BS30_A1S1_I_contrl_+-0.15mA_285mK_191103__IVB__T_1p40K[-0.000123000],1.7134274643676803,0.5282427210964938,0.0,0.021178499692291734,,0.11471160440534091,False,6.0
D4.2__Fig 2__SQUID_data__IVI_BS30_A1S1_I_contrl_+-0.15mA_285mK_191103__IVB__T_1p40K[-0.000123375],1.7213777339240552,0.5523935469893829,0.0,0.020934150697174532,,0.11814861181117307,False,6.0
D4.2__Fig 2__SQUID_data__IVI_BS30_A1S1_I_contrl_+-0.15mA_285mK_191103__IVB__T_1p40K[-0.000123750],1.7460679306376765,0.5546526596136864,0.0,0.021112115591350882,,0.11148019217037274,False,6.0
D4.2__Fig 2__SQUID_data__IVI_BS30_A1S1_I_contrl_+-0.15mA_285mK_191103__IVB__T_1p40K[-0.000124125],1.7403938430659878,0.5650475064494073,0.0,0.021102096590831957,,0.11118306589529733,False,6.0
D4.2__Fig 2__SQUID_data__IVI_BS30_A1S1_I_contrl_+-0.15mA_285mK_191103__IVB__T_1p40K[-0.000124500],1.7479939552503299,0.5694996853036828,0.0,0.021030174374291118,,0.11061973463995978,False,6.0
D4.2__Fig 2__SQUID_data__IVI_BS30_A1S1_I_contrl_+-0.15mA_285mK_191103__IVB__T_1p40K[-0.000124875],1.7239010925348692,0.5426202513813907,0.0,0.021124810862156267,,0.10944964917120367,False,6.0
D4.2__Fig 2__SQUID_data__IVI_BS30_A1S1_I_contrl_+-0.15mA_285mK_191103__IVB__T_1p40K[-0.000125250],1.720178636646626,0.5604703496717169,0.0,0.021080549534108727,,0.1137081793634462,False,6.0
D4.2__Fig 2__SQUID_data__IVI_BS30_A1S1_I_contrl_+-0.15mA_285mK_191103__IVB__T_1p40K[-0.000125625],1.742041530894378,0.565549128646141,0.0,0.020998889115365203,,0.11428149702757183,False,6.0
D4.2__Fig 2__SQUID_data__IVI_BS30_A1S1_I_contrl_+-0.15mA_285mK_191103__IVB__T_1p40K[-0.000126000],1.7387956674666094,0.5530009624809873,0.0,0.021163433497092862,,0.11028250723864162,False,6.0
D4.2__Fig 2__SQUID_data__IVI_BS30_A1S1_I_contrl_+-0.15mA_285mK_191103__IVB__T_1p40K[-0.000126375],1.7068290146996812,0.5081314233609636,0.0,0.021049260533669838,,0.11187281530250938,False,6.0
D4.2__Fig 2__SQUID_data__IVI_BS30_A1S1_I_contrl_+-0.15mA_285mK_191103__IVB__T_1p40K[-0.000126750],1.702639850027883,0.5305267811416545,0.0,0.021056467148609325,,0.112930444089143,False,6.0
D4.2__Fig 2__SQUID_data__IVI_BS30_A1S1_I_contrl_+-0.15mA_285mK_191103__IVB__T_1p40K[-0.000127125],2.3342804843208915,0.5016574156121351,0.0,0.020981541005438028,,0.11326940833608172,False,6.0
D4.2__Fig 2__SQUID_data__IVI_BS30_A1S1_I_contrl_+-0.15mA_285mK_191103__IVB__T_1p40K[-0.000127500],2.324825454337663,0.4418136566336795,0.0,0.02108124623834397,,0.10963539294460564,False,6.0
D4.2__Fig 2__SQUID_data__IVI_BS30_A1S1_I_contrl_+-0.15mA_285mK_191103__IVB__T_1p40K[-0.000127875],1.7226892133601321,0.5599415800900743,0.0,0.02103843654775888,,0.11265969752757186,False,6.0
D4.2__Fig 2__SQUID_data__IVI_BS30_A1S1_I_contrl_+-0.15mA_285mK_191103__IVB__T_1p40K[-0.000128250],1.7178450951419304,0.550322600181825,0.0,0.021210634396992886,,0.11048435071960272,False,6.0
D4.2__Fig 2__SQUID_data__IVI_BS30_A1S1_I_contrl_+-0.15mA_285mK_191103__IVB__T_1p40K[-0.000128625],1.7313418607171087,0.48841022064273654,0.0,0.021364413851438783,,0.11540637919526041,False,6.0
D4.2__Fig 2__SQUID_data__IVI_BS30_A1S1_I_contrl_+-0.15mA_285mK_191103__IVB__T_1p40K[-0.000129000],1.7360550743727912,0.5534064373469203,0.0,0.02112233703534861,,0.11462029214451057,False,6.0
D4.2__Fig 2__SQUID_data__IVI_BS30_A1S1_I_contrl_+-0.15mA_285mK_191103__IVB__T_1p40K[-0.000129375],1.7071621344136247,0.5646618770172379,0.0,0.021115770773521964,,0.11250953855236587,False,6.0
D4.2__Fig 2__SQUID_data__IVI_BS30_A1S1_I_contrl_+-0.15mA_285mK_191103__IVB__T_1p40K[-0.000129750],2.321476206105986,0.44057993501926207,0.0,0.021130305824941423,,0.1140849836427513,False,6.0
D4.2__Fig 2__SQUID_data__IVI_BS30_A1S1_I_contrl_+-0.15mA_285mK_191103__IVB__T_1p40K[-0.000130125],1.7138516962843355,0.549968473640615,0.0,0.02098820308892624,,0.11078172183299202,False,6.0
D4.2__Fig 2__SQUID_data__IVI_BS30_A1S1_I_contrl_+-0.15mA_285mK_191103__IVB__T_1p40K[-0.000130500],1.712845788738811,0.5513031030918983,0.0,0.021017675285472985,,0.10743357753441589,False,6.0
D4.2__Fig 2__SQUID_data__IVI_BS30_A1S1_I_contrl_+-0.15mA_285mK_191103__IVB__T_1p40K[-0.000130875],1.7180576177053768,0.5576398746088164,0.0,0.02114366564393418,,0.11617942674010398,False,6.0
D4.2__Fig 2__SQUID_data__IVI_BS30_A1S1_I_contrl_+-0.15mA_285mK_191103__IVB__T_1p40K[-0.000131250],1.7109706875247224,0.5532615461860554,0.0,0.02102932648800333,,0.11202354613554029,False,6.0
D4.2__Fig 2__SQUID_data__IVI_BS30_A1S1_I_contrl_+-0.15mA_285mK_191103__IVB__T_1p40K[-0.000131625],1.7117956502517262,0.5358320152241441,0.0,0.02128280391732936,,0.11481114766647363,False,6.0
D4.2__Fig 2__SQUID_data__IVI_BS30_A1S1_I_contrl_+-0.15mA_285mK_191103__IVB__T_1p40K[-0.000132000],1.708300669958236,0.5620046771496172,0.0,0.02102124326984817,,0.11452619175345803,False,6.0
D4.2__Fig 2__SQUID_data__IVI_BS30_A1S1_I_contrl_+-0.15mA_285mK_191103__IVB__T_1p40K[-0.000132375],2.334641295779476,0.44109036624273473,0.0,0.02119553246196007,,0.11493912372584682,False,6.0
D4.2__Fig 2__SQUID_data__IVI_BS30_A1S1_I_contrl_+-0.15mA_285mK_191103__IVB__T_1p40K[-0.000132750],1.7007522859883142,0.5483782661122341,0.0,0.021111390192923473,,0.11380068178083216,False,6.0
D4.2__Fig 2__SQUID_data__IVI_BS30_A1S1_I_contrl_+-0.15mA_285mK_191103__IVB__T_1p40K[-0.000133125],1.692173165105207,0.5170200767733455,0.0,0.021124493805929803,,0.11289010511734258,False,6.0
D4.2__Fig 2__SQUID_data__IVI_BS30_A1S1_I_contrl_+-0.15mA_285mK_191103__IVB__T_1p40K[-0.000133500],1.7072415678758432,0.5195249577154354,0.0,0.02113681546083327,,0.11431740505068895,False,6.0
D4.2__Fig 2__SQUID_data__IVI_BS30_A1S1_I_contrl_+-0.15mA_285mK_191103__IVB__T_1p40K[-0.000133875],1.6888146133222366,0.550186906906212,0.0,0.02108275132883937,,0.11454733231798808,False,6.0
D4.2__Fig 2__SQUID_data__IVI_BS30_A1S1_I_contrl_+-0.15mA_285mK_191103__IVB__T_1p40K[-0.000134250],2.279201763211754,0.4418543853669735,0.0,0.02138202929762125,,0.11078909473681973,False,6.0
D4.2__Fig 2__SQUID_data__IVI_BS30_A1S1_I_contrl_+-0.15mA_285mK_191103__IVB__T_1p40K[-0.000134625],1.6932196550045513,0.5669422099872964,0.0,0.02105125221783002,,0.10940170049999354,False,6.0
D4.2__Fig 2__SQUID_data__IVI_BS30_A1S1_I_contrl_+-0.15mA_285mK_191103__IVB__T_1p40K[-0.000135000],1.686889061909635,0.5480935028461015,0.0,0.021067296962212993,,0.11378791510973336,False,6.0
D4.2__Fig 2__SQUID_data__IVI_BS30_A1S1_I_contrl_+-0.15mA_285mK_191103__IVB__T_1p40K[-0.000135375],1.6676708358760535,0.5513327223691832,0.0,0.021205542091102,,0.11209402873048349,False,6.0
D4.2__Fig 2__SQUID_data__IVI_BS30_A1S1_I_contrl_+-0.15mA_285mK_191103__IVB__T_1p40K[-0.000135750],1.676121019439139,0.5117254539266828,0.0,0.021067321693514482,,0.11232650926694127,False,6.0
D4.2__Fig 2__SQUID_data__IVI_BS30_A1S1_I_contrl_+-0.15mA_285mK_191103__IVB__T_1p40K[-0.000136125],1.682329428628891,0.5465495515233028,0.0,0.02109049076528324,,0.11193692445484714,False,6.0
D4.2__Fig 2__SQUID_data__IVI_BS30_A1S1_I_contrl_+-0.15mA_285mK_191103__IVB__T_1p40K[-0.000136500],1.675295930899443,0.5644222195307104,0.0,0.02111555569204043,,0.10993074971681047,False,6.0
D4.2__Fig 2__SQUID_data__IVI_BS30_A1S1_I_contrl_+-0.15mA_285mK_191103__IVB__T_1p40K[-0.000136875],1.661771192540073,0.5848229099959245,0.0,0.021130274160603674,,0.1130497868558499,False,6.0
D4.2__Fig 2__SQUID_data__IVI_BS30_A1S1_I_contrl_+-0.15mA_285mK_191103__IVB__T_1p40K[-0.000137250],1.6463910472061498,0.534439171250521,0.0,0.02129304867704808,,0.11374947778969775,False,6.0
D4.2__Fig 2__SQUID_data__IVI_BS30_A1S1_I_contrl_+-0.15mA_285mK_191103__IVB__T_1p40K[-0.000137625],1.6531497488233557,0.5553428357312405,0.0,0.021097595482065145,,0.11148129119340286,False,6.0
D4.2__Fig 2__SQUID_data__IVI_BS30_A1S1_I_contrl_+-0.15mA_285mK_191103__IVB__T_1p40K[-0.000138000],1.6569710410854865,0.517372895415936,0.0,0.021238427422771957,,0.10936834573644019,False,6.0
D4.2__Fig 2__SQUID_data__IVI_BS30_A1S1_I_contrl_+-0.15mA_285mK_191103__IVB__T_1p40K[-0.000138375],2.2365637250404125,0.44145409704660765,0.0,0.02123625388399598,,0.11783045484374945,False,6.0
D4.2__Fig 2__SQUID_data__IVI_BS30_A1S1_I_contrl_+-0.15mA_285mK_191103__IVB__T_1p40K[-0.000138750],1.6620398265335905,0.5671052002933766,0.0,0.021137105780822077,,0.11377834204612265,False,6.0
D4.2__Fig 2__SQUID_data__IVI_BS30_A1S1_I_contrl_+-0.15mA_285mK_191103__IVB__T_1p40K[-0.000139125],1.6603176578590384,0.5525327637488558,0.0,0.02116374539764572,,0.11109009488331963,False,6.0
D4.2__Fig 2__SQUID_data__IVI_BS30_A1S1_I_contrl_+-0.15mA_285mK_191103__IVB__T_1p40K[-0.000139500],1.662788835307936,0.5395711732229233,0.0,0.021028266932304588,,0.1088510332631126,False,6.0
D4.2__Fig 2__SQUID_data__IVI_BS30_A1S1_I_contrl_+-0.15mA_285mK_191103__IVB__T_1p40K[-0.000139875],2.3107107241562534,0.43758281364097656,0.0,0.021204958584051126,,0.1118391930625234,False,6.0
D4.2__Fig 2__SQUID_data__IVI_BS30_A1S1_I_contrl_+-0.15mA_285mK_191103__IVB__T_1p40K[-0.000140250],1.6813231075193975,0.506324772929139,0.0,0.021249157372898977,,0.12020866463727731,False,6.0
D4.2__Fig 2__SQUID_data__IVI_BS30_A1S1_I_contrl_+-0.15mA_285mK_191103__IVB__T_1p40K[-0.000140625],1.6686279184397577,0.5489709706256592,0.0,0.021139570417475616,,0.11342831727293523,False,6.0
D4.2__Fig 2__SQUID_data__IVI_BS30_A1S1_I_contrl_+-0.15mA_285mK_191103__IVB__T_1p40K[-0.000141000],1.6450694399256878,0.5362859669455311,0.0,0.02123753529664744,,0.11808114936202703,False,6.0
D4.2__Fig 2__SQUID_data__IVI_BS30_A1S1_I_contrl_+-0.15mA_285mK_191103__IVB__T_1p40K[-0.000141375],1.6441442968605589,0.5566193544413248,0.0,0.021227759265471807,,0.1099175595404457,False,6.0
D4.2__Fig 2__SQUID_data__IVI_BS30_A1S1_I_contrl_+-0.15mA_285mK_191103__IVB__T_1p40K[-0.000141750],1.6603711441797366,0.564931831902827,0.0,0.021120402892665063,,0.11164416558119336,False,6.0
D4.2__Fig 2__SQUID_data__IVI_BS30_A1S1_I_contrl_+-0.15mA_285mK_191103__IVB__T_1p40K[-0.000142125],1.6350576346612404,0.5504746216238464,0.0,0.021083322615294362,,0.11315789645145337,False,6.0
D4.2__Fig 2__SQUID_data__IVI_BS30_A1S1_I_contrl_+-0.15mA_285mK_191103__IVB__T_1p40K[-0.000142500],1.6505112869437006,0.5773036281613851,0.0,0.021147905548528353,,0.10978355565890036,False,6.0
D4.2__Fig 2__SQUID_data__IVI_BS30_A1S1_I_contrl_+-0.15mA_285mK_191103__IVB__T_1p40K[-0.000142875],2.2230813459372314,0.43574702182655567,0.0,0.021177560852779394,,0.11255023160979492,False,6.0
D4.2__Fig 2__SQUID_data__IVI_BS30_A1S1_I_contrl_+-0.15mA_285mK_191103__IVB__T_1p40K[-0.000143250],2.2524640632241946,0.4472068799463131,0.0,0.02134443259736895,,0.10971637745545082,False,6.0
D4.2__Fig 2__SQUID_data__IVI_BS30_A1S1_I_contrl_+-0.15mA_285mK_191103__IVB__T_1p40K[-0.000143625],1.6476329696937384,0.5111272237825032,0.0,0.02136502698621665,,0.11222225244648434,False,6.0
D4.2__Fig 2__SQUID_data__IVI_BS30_A1S1_I_contrl_+-0.15mA_285mK_191103__IVB__T_1p40K[-0.000144000],1.6388989009970354,0.5622732266729954,0.0,0.021047371384869153,,0.11027886099157483,False,6.0
D4.2__Fig 2__SQUID_data__IVI_BS30_A1S1_I_contrl_+-0.15mA_285mK_191103__IVB__T_1p40K[-0.000144375],1.6359218672486158,0.5769637207205877,0.0,0.021222538926535573,,0.1100509252201001,False,6.0
D4.2__Fig 2__SQUID_data__IVI_BS30_A1S1_I_contrl_+-0.15mA_285mK_191103__IVB__T_1p40K[-0.000144750],1.605179261598671,0.5737511213651768,0.0,0.021220952153442357,,0.1141015302497085,False,6.0
D4.2__Fig 2__SQUID_data__IVI_BS30_A1S1_I_contrl_+-0.15mA_285mK_191103__IVB__T_1p40K[-0.000145125],1.6098890802959602,0.564179767243348,0.0,0.021196277204164844,,0.10919249338265154,False,6.0
D4.2__Fig 2__SQUID_data__IVI_BS30_A1S1_I_contrl_+-0.15mA_285mK_191103__IVB__T_1p40K[-0.000145500],1.599494312359107,0.5743807622379107,0.0,0.021192886240327797,,0.11177445203099759,False,6.0
D4.2__Fig 2__SQUID_data__IVI_BS30_A1S1_I_contrl_+-0.15mA_285mK_191103__IVB__T_1p40K[-0.000145875],1.5946168410874952,0.5957363325287782,0.0,0.021210856851929184,,0.11323812300189041,False,6.0
D4.2__Fig 2__SQUID_data__IVI_BS30_A1S1_I_contrl_+-0.15mA_285mK_191103__IVB__T_1p40K[-0.000146250],1.6124534170681224,0.5659333489035321,0.0,0.02132763728038396,,0.1165781688977289,False,6.0
D4.2__Fig 2__SQUID_data__IVI_BS30_A1S1_I_contrl_+-0.15mA_285mK_191103__IVB__T_1p40K[-0.000146625],1.6091519641656777,0.5603274330052992,0.0,0.021258490174526946,,0.1139852358744241,False,6.0
D4.2__Fig 2__SQUID_data__IVI_BS30_A1S1_I_contrl_+-0.15mA_285mK_191103__IVB__T_1p40K[-0.000147000],1.6037018453894676,0.5881845456392901,0.0,0.021187975678832266,,0.10983723467741426,False,6.0
D4.2__Fig 2__SQUID_data__IVI_BS30_A1S1_I_contrl_+-0.15mA_285mK_191103__IVB__T_1p40K[-0.000147375],1.6029024244297432,0.5901520414992713,0.0,0.021185381300978672,,0.11324717402971542,False,6.0
D4.2__Fig 2__SQUID_data__IVI_BS30_A1S1_I_contrl_+-0.15mA_285mK_191103__IVB__T_1p40K[-0.000147750],1.5987898104160798,0.5840490216089269,0.0,0.02124172755878975,,0.1156789680721027,False,6.0
D4.2__Fig 2__SQUID_data__IVI_BS30_A1S1_I_contrl_+-0.15mA_285mK_191103__IVB__T_1p40K[-0.000148125],1.5895833144058158,0.5634488203266278,0.0,0.02134372488745897,,0.11056025024504364,False,6.0
D4.2__Fig 2__SQUID_data__IVI_BS30_A1S1_I_contrl_+-0.15mA_285mK_191103__IVB__T_1p40K[-0.000148500],1.599473598309173,0.5836344830105493,0.0,0.02125252008292047,,0.1114496179230396,False,6.0
D4.2__Fig 2__SQUID_data__IVI_BS30_A1S1_I_contrl_+-0.15mA_285mK_191103__IVB__T_1p40K[-0.000148875],1.5998698481586724,0.5840486862143005,0.0,0.021111696155578952,,0.11435129058772972,False,6.0
D4.2__Fig 2__SQUID_data__IVI_BS30_A1S1_I_contrl_+-0.15mA_285mK_191103__IVB__T_1p40K[-0.000149250],1.59845037458083,0.5649327202826503,0.0,0.021217849765598852,,0.11128126220909607,False,6.0
D4.2__Fig 2__SQUID_data__IVI_BS30_A1S1_I_contrl_+-0.15mA_285mK_191103__IVB__T_1p40K[-0.000149625],2.090567847593289,0.4470703311212121,0.0,0.021501667152027174,,0.11137742974689005,False,6.0
D4.2__Fig 2__SQUID_data__IVI_BS30_A1S1_I_contrl_+-0.15mA_285mK_191103__IVB__T_1p40K[-0.000150000],2.0916660153720623,0.44186775860356997,0.0,0.021456598349671296,,0.11587891331826942,False,6.0
D4.2__Fig 2__SQUID_data__IVI_BS30_A1S1_I_contrl_+-0.15mA_285mK_191103__IVB__T_1p40K[0.000000000],2.2390244992146977,0.5497481985562043,0.0,0.021055413585510087,,0.11001609706567918,False,6.0
D4.2__Fig 2__SQUID_data__IVI_BS30_A1S1_I_contrl_+-0.15mA_285mK_191103__IVB__T_1p40K[0.000000375],2.215818524697371,0.5282995786743171,0.0,0.021184273655765622,,0.1134861014380912,False,6.0
D4.2__Fig 2__SQUID_data__IVI_BS30_A1S1_I_contrl_+-0.15mA_285mK_191103__IVB__T_1p40K[0.000000750],2.2019936026114637,0.5127516403929748,0.0,0.021349319117011482,,0.1158098548335853,False,6.0
D4.2__Fig 2__SQUID_data__IVI_BS30_A1S1_I_contrl_+-0.15mA_285mK_191103__IVB__T_1p40K[0.000001125],2.2068491609674794,0.5158184892056398,0.0,0.021226544024880986,,0.10997304735907562,False,6.0
D4.2__Fig 2__SQUID_data__IVI_BS30_A1S1_I_contrl_+-0.15mA_285mK_191103__IVB__T_1p40K[0.000001500],2.1927987563832976,0.5475217060129107,0.0,0.021323462542281683,,0.1118470186866893,False,6.0
D4.2__Fig 2__SQUID_data__IVI_BS30_A1S1_I_contrl_+-0.15mA_285mK_191103__IVB__T_1p40K[0.000001875],2.1913389868452406,0.5250698479615634,0.0,0.02112206435865917,,0.11183981409101408,False,6.0
D4.2__Fig 2__SQUID_data__IVI_BS30_A1S1_I_contrl_+-0.15mA_285mK_191103__IVB__T_1p40K[0.000002250],2.2530596503992117,0.5269298020938024,0.0,0.021173380512490732,,0.1074422371689407,False,6.0
D4.2__Fig 2__SQUID_data__IVI_BS30_A1S1_I_contrl_+-0.15mA_285mK_191103__IVB__T_1p40K[0.000002625],2.2575271358875937,0.513930901987014,0.0,0.021357765945721873,,0.11931365648861986,False,6.0
D4.2__Fig 2__SQUID_data__IVI_BS30_A1S1_I_contrl_+-0.15mA_285mK_191103__IVB__T_1p40K[0.000003000],2.2207719714105796,0.516796867193069,0.0,0.02131275339918456,,0.11112256295107714,False,6.0
D4.2__Fig 2__SQUID_data__IVI_BS30_A1S1_I_contrl_+-0.15mA_285mK_191103__IVB__T_1p40K[0.000003375],2.207114580204759,0.5562755445665069,0.0,0.021179675684915283,,0.11187396200408493,False,6.0
D4.2__Fig 2__SQUID_data__IVI_BS30_A1S1_I_contrl_+-0.15mA_285mK_191103__IVB__T_1p40K[0.000003750],2.211989185589367,0.5437613453540253,0.0,0.02116664749882781,,0.11081963892017554,False,6.0
D4.2__Fig 2__SQUID_data__IVI_BS30_A1S1_I_contrl_+-0.15mA_285mK_191103__IVB__T_1p40K[0.000004125],2.219538533111321,0.5361205511329794,0.0,0.021016151710309593,,0.11002455881914458,False,6.0
D4.2__Fig 2__SQUID_data__IVI_BS30_A1S1_I_contrl_+-0.15mA_285mK_191103__IVB__T_1p40K[0.000004500],2.2260576279199196,0.564316068268695,0.0,0.02108689271625265,,0.11312444086438767,False,6.0
D4.2__Fig 2__SQUID_data__IVI_BS30_A1S1_I_contrl_+-0.15mA_285mK_191103__IVB__T_1p40K[0.000004875],2.2448995520994552,0.5576190905501005,0.0,0.021117916720257188,,0.1073195744141664,False,6.0
D4.2__Fig 2__SQUID_data__IVI_BS30_A1S1_I_contrl_+-0.15mA_285mK_191103__IVB__T_1p40K[0.000005250],2.230310102620017,0.5671566814635345,0.0,0.02107114156786238,,0.11165451487464409,False,6.0
D4.2__Fig 2__SQUID_data__IVI_BS30_A1S1_I_contrl_+-0.15mA_285mK_191103__IVB__T_1p40K[0.000005625],2.2305429093023372,0.5311293341662687,0.0,0.021218454860623945,,0.11111286305250533,False,6.0
D4.2__Fig 2__SQUID_data__IVI_BS30_A1S1_I_contrl_+-0.15mA_285mK_191103__IVB__T_1p40K[0.000006000],2.2682881220396136,0.5127014087188299,0.0,0.021315012774153274,,0.11678016599231662,False,6.0
D4.2__Fig 2__SQUID_data__IVI_BS30_A1S1_I_contrl_+-0.15mA_285mK_191103__IVB__T_1p40K[0.000006375],2.2487080142857283,0.5258525838464342,0.0,0.02121156965821157,,0.11555924500936253,False,6.0
D4.2__Fig 2__SQUID_data__IVI_BS30_A1S1_I_contrl_+-0.15mA_285mK_191103__IVB__T_1p40K[0.000006750],2.2680537593299825,0.5245365822599412,0.0,0.02105228746668877,,0.11054911857137871,False,6.0
D4.2__Fig 2__SQUID_data__IVI_BS30_A1S1_I_contrl_+-0.15mA_285mK_191103__IVB__T_1p40K[0.000007125],2.3301819542239515,0.5147275115616899,0.0,0.02115103067177147,,0.1159606132836984,False,6.0
D4.2__Fig 2__SQUID_data__IVI_BS30_A1S1_I_contrl_+-0.15mA_285mK_191103__IVB__T_1p40K[0.000007500],2.2826975465066877,0.5494723886296483,0.0,0.021142464469245576,,0.11123416838001828,False,6.0
D4.2__Fig 2__SQUID_data__IVI_BS30_A1S1_I_contrl_+-0.15mA_285mK_191103__IVB__T_1p40K[0.000007875],2.2750835655291866,0.5219003003157437,0.0,0.021318192722038304,,0.11589040038733044,False,6.0
D4.2__Fig 2__SQUID_data__IVI_BS30_A1S1_I_contrl_+-0.15mA_285mK_191103__IVB__T_1p40K[0.000008250],2.292785479548385,0.5146413698307494,0.0,0.021163528662894917,,0.11251298856198756,False,6.0
D4.2__Fig 2__SQUID_data__IVI_BS30_A1S1_I_contrl_+-0.15mA_285mK_191103__IVB__T_1p40K[0.000008625],2.2716725702000486,0.5272973188585323,0.0,0.02116129514197419,,0.11520951884592175,False,6.0
D4.2__Fig 2__SQUID_data__IVI_BS30_A1S1_I_contrl_+-0.15mA_285mK_191103__IVB__T_1p40K[0.000009000],2.3446899908483188,0.5320040210627525,0.0,0.021085982091870348,,0.11120542104104478,False,6.0
D4.2__Fig 2__SQUID_data__IVI_BS30_A1S1_I_contrl_+-0.15mA_285mK_191103__IVB__T_1p40K[0.000009375],2.294558602907074,0.5407795858506405,0.0,0.021125325174310587,,0.1189280745580871,False,6.0
D4.2__Fig 2__SQUID_data__IVI_BS30_A1S1_I_contrl_+-0.15mA_285mK_191103__IVB__T_1p40K[0.000009750],2.284034271736503,0.5137549116256409,0.0,0.021200387093860358,,0.11972435289873071,False,6.0
D4.2__Fig 2__SQUID_data__IVI_BS30_A1S1_I_contrl_+-0.15mA_285mK_191103__IVB__T_1p40K[0.000010125],2.3041596095841044,0.5283262405024728,0.0,0.021160568675125967,,0.11463337804963876,False,6.0
D4.2__Fig 2__SQUID_data__IVI_BS30_A1S1_I_contrl_+-0.15mA_285mK_191103__IVB__T_1p40K[0.000010500],2.2767636291571796,0.5284451364860444,0.0,0.020901174163108004,,0.11209101961511721,False,6.0
D4.2__Fig 2__SQUID_data__IVI_BS30_A1S1_I_contrl_+-0.15mA_285mK_191103__IVB__T_1p40K[0.000010875],2.2713528308446422,0.5392619495274292,0.0,0.021209679313551798,,0.11586853168022004,False,6.0
D4.2__Fig 2__SQUID_data__IVI_BS30_A1S1_I_contrl_+-0.15mA_285mK_191103__IVB__T_1p40K[0.000011250],2.2558444236600783,0.5312988517763673,0.0,0.021170424333301414,,0.12702632718599285,False,6.0
D4.2__Fig 2__SQUID_data__IVI_BS30_A1S1_I_contrl_+-0.15mA_285mK_191103__IVB__T_1p40K[0.000011625],2.255519154420083,0.5060674025164568,0.0,0.021119869365767405,,0.1148830985725649,False,6.0
D4.2__Fig 2__SQUID_data__IVI_BS30_A1S1_I_contrl_+-0.15mA_285mK_191103__IVB__T_1p40K[0.000012000],2.256956082884158,0.5265214142863457,0.0,0.02108929733911904,,0.10948386258843813,False,6.0
D4.2__Fig 2__SQUID_data__IVI_BS30_A1S1_I_contrl_+-0.15mA_285mK_191103__IVB__T_1p40K[0.000012375],2.233076609969781,0.5487645225150182,0.0,0.020998578557471396,,0.1222904487297025,False,6.0
D4.2__Fig 2__SQUID_data__IVI_BS30_A1S1_I_contrl_+-0.15mA_285mK_191103__IVB__T_1p40K[0.000012750],2.2183994565439873,0.5199704083265791,0.0,0.021074954743391446,,0.12326624266957953,False,6.0
D4.2__Fig 2__SQUID_data__IVI_BS30_A1S1_I_contrl_+-0.15mA_285mK_191103__IVB__T_1p40K[0.000013125],2.2707280676477843,0.5132670227927757,0.0,0.021307452414464467,,0.12047135454322412,False,6.0
D4.2__Fig 2__SQUID_data__IVI_BS30_A1S1_I_contrl_+-0.15mA_285mK_191103__IVB__T_1p40K[0.000013500],2.3233131349012424,0.5147423690273885,0.0,0.021043509697012634,,0.11294421105794998,False,6.0
D4.2__Fig 2__SQUID_data__IVI_BS30_A1S1_I_contrl_+-0.15mA_285mK_191103__IVB__T_1p40K[0.000013875],2.3205855014710224,0.5308253521783115,0.0,0.020981388192569964,,0.11713609457891877,False,6.0
D4.2__Fig 2__SQUID_data__IVI_BS30_A1S1_I_contrl_+-0.15mA_285mK_191103__IVB__T_1p40K[0.000014250],2.3085529315057927,0.5391734405444216,0.0,0.021078796274725732,,0.10991078774234368,False,6.0
D4.2__Fig 2__SQUID_data__IVI_BS30_A1S1_I_contrl_+-0.15mA_285mK_191103__IVB__T_1p40K[0.000014625],2.278283031026376,0.5399361197416136,0.0,0.021056381521846766,,0.11318352469798802,False,6.0
D4.2__Fig 2__SQUID_data__IVI_BS30_A1S1_I_contrl_+-0.15mA_285mK_191103__IVB__T_1p40K[0.000015000],2.3008790953076526,0.5489766025360249,0.0,0.021104720149823657,,0.11606705214094103,False,6.0
D4.2__Fig 2__SQUID_data__IVI_BS30_A1S1_I_contrl_+-0.15mA_285mK_191103__IVB__T_1p40K[0.000015375],2.299812349433154,0.5284720725757147,0.0,0.021196122199171795,,0.11178230933714536,False,6.0
D4.2__Fig 2__SQUID_data__IVI_BS30_A1S1_I_contrl_+-0.15mA_285mK_191103__IVB__T_1p40K[0.000015750],2.3667864473124793,0.5167266763205142,0.0,0.020993921860221042,,0.11279171264851869,False,6.0
D4.2__Fig 2__SQUID_data__IVI_BS30_A1S1_I_contrl_+-0.15mA_285mK_191103__IVB__T_1p40K[0.000016125],2.2933811699237987,0.539677357881418,0.0,0.020999616617479178,,0.11340997715834078,False,6.0
D4.2__Fig 2__SQUID_data__IVI_BS30_A1S1_I_contrl_+-0.15mA_285mK_191103__IVB__T_1p40K[0.000016500],2.3641778512900538,0.5318362453302495,0.0,0.021198792460689973,,0.11925718124467868,False,6.0
D4.2__Fig 2__SQUID_data__IVI_BS30_A1S1_I_contrl_+-0.15mA_285mK_191103__IVB__T_1p40K[0.000016875],2.396023938728017,0.49566476820724487,0.0,0.021172540790252797,,0.11220344117877641,False,6.0
D4.2__Fig 2__SQUID_data__IVI_BS30_A1S1_I_contrl_+-0.15mA_285mK_191103__IVB__T_1p40K[0.000017250],2.368756000941249,0.495492662289319,0.0,0.02111207792645817,,0.11474969224790034,False,6.0
D4.2__Fig 2__SQUID_data__IVI_BS30_A1S1_I_contrl_+-0.15mA_285mK_191103__IVB__T_1p40K[0.000017625],2.3848956314570535,0.5276517253646911,0.0,0.020968695906639898,,0.11568550881300824,False,6.0
D4.2__Fig 2__SQUID_data__IVI_BS30_A1S1_I_contrl_+-0.15mA_285mK_191103__IVB__T_1p40K[0.000018000],2.341906466161481,0.5269662400036407,0.0,0.020895095468521727,,0.11366040486740553,False,6.0
D4.2__Fig 2__SQUID_data__IVI_BS30_A1S1_I_contrl_+-0.15mA_285mK_191103__IVB__T_1p40K[0.000018375],2.3349646824139394,0.5311623782368651,0.0,0.020813456897698365,,0.11894434313258909,False,6.0
D4.2__Fig 2__SQUID_data__IVI_BS30_A1S1_I_contrl_+-0.15mA_285mK_191103__IVB__T_1p40K[0.000018750],2.390657332832789,0.5045368276420434,0.0,0.0210751802945656,,0.11651605338059695,False,6.0
D4.2__Fig 2__SQUID_data__IVI_BS30_A1S1_I_contrl_+-0.15mA_285mK_191103__IVB__T_1p40K[0.000019125],2.421609837430913,0.5036591984561622,0.0,0.021094653953765644,,0.11445552426351975,False,6.0
D4.2__Fig 2__SQUID_data__IVI_BS30_A1S1_I_contrl_+-0.15mA_285mK_191103__IVB__T_1p40K[0.000019500],2.361634541586321,0.536515973330881,0.0,0.020999760819518938,,0.11078717821346935,False,6.0
D4.2__Fig 2__SQUID_data__IVI_BS30_A1S1_I_contrl_+-0.15mA_285mK_191103__IVB__T_1p40K[0.000019875],2.379025871222564,0.5309573003883642,0.0,0.021040929463198646,,0.10876600647516545,False,6.0
D4.2__Fig 2__SQUID_data__IVI_BS30_A1S1_I_contrl_+-0.15mA_285mK_191103__IVB__T_1p40K[0.000020250],2.398764084665704,0.5325818318641056,0.0,0.021074230375625155,,0.10757614368304684,False,6.0
D4.2__Fig 2__SQUID_data__IVI_BS30_A1S1_I_contrl_+-0.15mA_285mK_191103__IVB__T_1p40K[0.000020625],2.3848248488633628,0.5463479634926882,0.0,0.021000976376519542,,0.11378103324589477,False,6.0
D4.2__Fig 2__SQUID_data__IVI_BS30_A1S1_I_contrl_+-0.15mA_285mK_191103__IVB__T_1p40K[0.000021000],2.3658778046558093,0.5231460353685492,0.0,0.021052166514662574,,0.11688273508861981,False,6.0
D4.2__Fig 2__SQUID_data__IVI_BS30_A1S1_I_contrl_+-0.15mA_285mK_191103__IVB__T_1p40K[0.000021375],2.3930293853602316,0.5102533250024512,0.0,0.021126039782591078,,0.10820568664173748,False,6.0
D4.2__Fig 2__SQUID_data__IVI_BS30_A1S1_I_contrl_+-0.15mA_285mK_191103__IVB__T_1p40K[0.000021750],2.35929270706499,0.5180857744458462,0.0,0.02103780030126156,,0.11161853799767867,False,6.0
D4.2__Fig 2__SQUID_data__IVI_BS30_A1S1_I_contrl_+-0.15mA_285mK_191103__IVB__T_1p40K[0.000022125],2.377484832558101,0.5333666289710547,0.0,0.021022627139397874,,0.11540188339506904,False,6.0
D4.2__Fig 2__SQUID_data__IVI_BS30_A1S1_I_contrl_+-0.15mA_285mK_191103__IVB__T_1p40K[0.000022500],2.361531132924358,0.521278131990054,0.0,0.02095702737833276,,0.11324472471818234,False,6.0
D4.2__Fig 2__SQUID_data__IVI_BS30_A1S1_I_contrl_+-0.15mA_285mK_191103__IVB__T_1p40K[0.000022875],2.33154879932761,0.5014963663035003,0.0,0.021119482578287448,,0.11481426563505168,False,6.0
D4.2__Fig 2__SQUID_data__IVI_BS30_A1S1_I_contrl_+-0.15mA_285mK_191103__IVB__T_1p40K[0.000023250],2.3795659102121434,0.5284277388414242,0.0,0.020995559887503075,,0.11580634632802815,False,6.0
D4.2__Fig 2__SQUID_data__IVI_BS30_A1S1_I_contrl_+-0.15mA_285mK_191103__IVB__T_1p40K[0.000023625],2.3159538133386306,0.5479499804338813,0.0,0.020953594066660027,,0.11712328530910285,False,6.0
D4.2__Fig 2__SQUID_data__IVI_BS30_A1S1_I_contrl_+-0.15mA_285mK_191103__IVB__T_1p40K[0.000024000],2.373778512638351,0.5213737609294521,0.0,0.02078528017875,,0.11015792472374095,False,6.0
D4.2__Fig 2__SQUID_data__IVI_BS30_A1S1_I_contrl_+-0.15mA_285mK_191103__IVB__T_1p40K[0.000024375],2.402388366559947,0.5070111146093453,0.0,0.02112526803739901,,0.11383391477896451,False,6.0
D4.2__Fig 2__SQUID_data__IVI_BS30_A1S1_I_contrl_+-0.15mA_285mK_191103__IVB__T_1p40K[0.000024750],2.391813814695037,0.5110144639994708,0.0,0.021215262377150344,,0.12212857541313286,False,6.0
D4.2__Fig 2__SQUID_data__IVI_BS30_A1S1_I_contrl_+-0.15mA_285mK_191103__IVB__T_1p40K[0.000025125],2.450329832769469,0.5198025125930591,0.0,0.02089578117476877,,0.11693475053858521,False,6.0
D4.2__Fig 2__SQUID_data__IVI_BS30_A1S1_I_contrl_+-0.15mA_285mK_191103__IVB__T_1p40K[0.000025500],2.46016168852472,0.5370678185899374,0.0,0.020910399559922004,,0.11451110853087769,False,6.0
D4.2__Fig 2__SQUID_data__IVI_BS30_A1S1_I_contrl_+-0.15mA_285mK_191103__IVB__T_1p40K[0.000025875],2.421612721857707,0.5212153646695409,0.0,0.021022111336350954,,0.11109368376102313,False,6.0
D4.2__Fig 2__SQUID_data__IVI_BS30_A1S1_I_contrl_+-0.15mA_285mK_191103__IVB__T_1p40K[0.000026250],2.343460446828814,0.5130502096123793,0.0,0.021118303562769124,,0.11922045758266951,False,6.0
D4.2__Fig 2__SQUID_data__IVI_BS30_A1S1_I_contrl_+-0.15mA_285mK_191103__IVB__T_1p40K[0.000026625],2.3440739609284575,0.513049989379163,0.0,0.021016381741840503,,0.11777695796358385,False,6.0
D4.2__Fig 2__SQUID_data__IVI_BS30_A1S1_I_contrl_+-0.15mA_285mK_191103__IVB__T_1p40K[0.000027000],2.350573332596885,0.5339716819098772,0.0,0.020951945072439353,,0.11291438478588753,False,6.0
D4.2__Fig 2__SQUID_data__IVI_BS30_A1S1_I_contrl_+-0.15mA_285mK_191103__IVB__T_1p40K[0.000027375],2.3553371695281675,0.5098281448364155,0.0,0.021117122963536114,,0.11201234430885175,False,6.0
D4.2__Fig 2__SQUID_data__IVI_BS30_A1S1_I_contrl_+-0.15mA_285mK_191103__IVB__T_1p40K[0.000027750],2.359022531172907,0.5126635499166488,0.0,0.02095086498464779,,0.11934018284454175,False,6.0
D4.2__Fig 2__SQUID_data__IVI_BS30_A1S1_I_contrl_+-0.15mA_285mK_191103__IVB__T_1p40K[0.000028125],2.379745504568929,0.5428280839477798,0.0,0.020853987612115796,,0.11691328146741334,False,6.0
D4.2__Fig 2__SQUID_data__IVI_BS30_A1S1_I_contrl_+-0.15mA_285mK_191103__IVB__T_1p40K[0.000028500],2.374607197323255,0.5068650750511714,0.0,0.02104627109845681,,0.11480862887778114,False,6.0
D4.2__Fig 2__SQUID_data__IVI_BS30_A1S1_I_contrl_+-0.15mA_285mK_191103__IVB__T_1p40K[0.000028875],2.407361054940708,0.5079984023030697,0.0,0.021005404114565154,,0.11977118434517596,False,6.0
D4.2__Fig 2__SQUID_data__IVI_BS30_A1S1_I_contrl_+-0.15mA_285mK_191103__IVB__T_1p40K[0.000029250],2.498997874358902,0.5062868798184672,0.0,0.0209495765853298,,0.11272920362877831,False,6.0
D4.2__Fig 2__SQUID_data__IVI_BS30_A1S1_I_contrl_+-0.15mA_285mK_191103__IVB__T_1p40K[0.000029625],2.4834961738084185,0.5323518768936059,0.0,0.020903163519944538,,0.11564277181551282,False,6.0
D4.2__Fig 2__SQUID_data__IVI_BS30_A1S1_I_contrl_+-0.15mA_285mK_191103__IVB__T_1p40K[0.000030000],2.4838951068914326,0.5242618238649731,0.0,0.020973800965219717,,0.11681990406492543,False,6.0
D4.2__Fig 2__SQUID_data__IVI_BS30_A1S1_I_contrl_+-0.15mA_285mK_191103__IVB__T_1p40K[0.000030375],2.516232587037304,0.49545113970154686,0.0,0.02101615909986968,,0.12131616132163041,False,6.0
D4.2__Fig 2__SQUID_data__IVI_BS30_A1S1_I_contrl_+-0.15mA_285mK_191103__IVB__T_1p40K[0.000030750],2.4989957246839847,0.5165274700204815,0.0,0.020891882499747605,,0.11503822311862383,False,6.0
D4.2__Fig 2__SQUID_data__IVI_BS30_A1S1_I_contrl_+-0.15mA_285mK_191103__IVB__T_1p40K[0.000031125],2.4796163922894694,0.5377600087309862,0.0,0.020938590682698863,,0.11537626629105537,False,6.0
D4.2__Fig 2__SQUID_data__IVI_BS30_A1S1_I_contrl_+-0.15mA_285mK_191103__IVB__T_1p40K[0.000031500],2.423498000389637,0.5426942725601017,0.0,0.02088223269820761,,0.11121551343883487,False,6.0
D4.2__Fig 2__SQUID_data__IVI_BS30_A1S1_I_contrl_+-0.15mA_285mK_191103__IVB__T_1p40K[0.000031875],2.4745669270538224,0.5053225741248063,0.0,0.02094393410187664,,0.11219911455604199,False,6.0
D4.2__Fig 2__SQUID_data__IVI_BS30_A1S1_I_contrl_+-0.15mA_285mK_191103__IVB__T_1p40K[0.000032250],2.486429899443366,0.5129217393958876,0.0,0.02090900218135762,,0.11948661658642538,False,6.0
D4.2__Fig 2__SQUID_data__IVI_BS30_A1S1_I_contrl_+-0.15mA_285mK_191103__IVB__T_1p40K[0.000032625],2.4860487681395966,0.525968112886903,0.0,0.02092316051243087,,0.10960736192923579,False,6.0
D4.2__Fig 2__SQUID_data__IVI_BS30_A1S1_I_contrl_+-0.15mA_285mK_191103__IVB__T_1p40K[0.000033000],2.49544711925734,0.5161028041967344,0.0,0.020956848644339495,,0.11375143713339599,False,6.0
D4.2__Fig 2__SQUID_data__IVI_BS30_A1S1_I_contrl_+-0.15mA_285mK_191103__IVB__T_1p40K[0.000033375],2.551241706088231,0.5136633820443223,0.0,0.020929225213351152,,0.1244151100756816,False,6.0
D4.2__Fig 2__SQUID_data__IVI_BS30_A1S1_I_contrl_+-0.15mA_285mK_191103__IVB__T_1p40K[0.000033750],2.54994208641197,0.5168924538917906,0.0,0.0209111544299553,,0.1122405105987071,False,6.0
D4.2__Fig 2__SQUID_data__IVI_BS30_A1S1_I_contrl_+-0.15mA_285mK_191103__IVB__T_1p40K[0.000034125],2.57260772777026,0.49969767027430684,0.0,0.021024664891358704,,0.11363467522921995,False,6.0
D4.2__Fig 2__SQUID_data__IVI_BS30_A1S1_I_contrl_+-0.15mA_285mK_191103__IVB__T_1p40K[0.000034500],2.559967058218635,0.4829041401041417,0.0,0.021004853949126264,,0.11308719744834247,False,6.0
D4.2__Fig 2__SQUID_data__IVI_BS30_A1S1_I_contrl_+-0.15mA_285mK_191103__IVB__T_1p40K[0.000034875],2.5529880818178907,0.5100657999570083,0.0,0.020983125132172226,,0.11825465923340776,False,6.0
D4.2__Fig 2__SQUID_data__IVI_BS30_A1S1_I_contrl_+-0.15mA_285mK_191103__IVB__T_1p40K[0.000035250],2.5279101050604647,0.5342991888893805,0.0,0.020939399643867082,,0.12468029386683721,False,6.0
D4.2__Fig 2__SQUID_data__IVI_BS30_A1S1_I_contrl_+-0.15mA_285mK_191103__IVB__T_1p40K[0.000035625],2.5395520431073155,0.5064110027133225,0.0,0.02098202969963893,,0.11478065442013546,False,6.0
D4.2__Fig 2__SQUID_data__IVI_BS30_A1S1_I_contrl_+-0.15mA_285mK_191103__IVB__T_1p40K[0.000036000],2.601883328000053,0.49480750016435154,0.0,0.02110599102368641,,0.12195831087669119,False,6.0
D4.2__Fig 2__SQUID_data__IVI_BS30_A1S1_I_contrl_+-0.15mA_285mK_191103__IVB__T_1p40K[0.000036375],2.6229007306388663,0.4998248017616764,0.0,0.021014439108767723,,0.11461696166757818,False,6.0
D4.2__Fig 2__SQUID_data__IVI_BS30_A1S1_I_contrl_+-0.15mA_285mK_191103__IVB__T_1p40K[0.000036750],2.5858034670136973,0.5423619297834218,0.0,0.020993560771598165,,0.11807840892011325,False,6.0
D4.2__Fig 2__SQUID_data__IVI_BS30_A1S1_I_contrl_+-0.15mA_285mK_191103__IVB__T_1p40K[0.000037125],2.569624539014837,0.520052195494346,0.0,0.020953824759994737,,0.11838202376284472,False,6.0
D4.2__Fig 2__SQUID_data__IVI_BS30_A1S1_I_contrl_+-0.15mA_285mK_191103__IVB__T_1p40K[0.000037500],2.6390656064839937,0.5156121254057869,0.0,0.021100764739361195,,0.11449330689408964,False,6.0
D4.2__Fig 2__SQUID_data__IVI_BS30_A1S1_I_contrl_+-0.15mA_285mK_191103__IVB__T_1p40K[0.000037875],2.651695298995392,0.5306452842319195,0.0,0.020943207282885037,,0.11931049878081569,False,6.0
D4.2__Fig 2__SQUID_data__IVI_BS30_A1S1_I_contrl_+-0.15mA_285mK_191103__IVB__T_1p40K[0.000038250],2.63185927663108,0.5088009413014866,0.0,0.02115438027065057,,0.10848670317794916,False,6.0
D4.2__Fig 2__SQUID_data__IVI_BS30_A1S1_I_contrl_+-0.15mA_285mK_191103__IVB__T_1p40K[0.000038625],2.684256142924457,0.5141620524696853,0.0,0.02115531492260614,,0.11711975534554944,False,6.0
D4.2__Fig 2__SQUID_data__IVI_BS30_A1S1_I_contrl_+-0.15mA_285mK_191103__IVB__T_1p40K[0.000039000],2.6445529849990925,0.4990600786985067,0.0,0.021175830076899705,,0.11762399136747978,False,6.0
D4.2__Fig 2__SQUID_data__IVI_BS30_A1S1_I_contrl_+-0.15mA_285mK_191103__IVB__T_1p40K[0.000039375],2.631932490955126,0.5020472700567455,0.0,0.020835830199914848,,0.10888429766192778,False,6.0
D4.2__Fig 2__SQUID_data__IVI_BS30_A1S1_I_contrl_+-0.15mA_285mK_191103__IVB__T_1p40K[0.000039750],2.624565945638293,0.5072099823171327,0.0,0.02091976337253965,,0.11730061282566599,False,6.0
D4.2__Fig 2__SQUID_data__IVI_BS30_A1S1_I_contrl_+-0.15mA_285mK_191103__IVB__T_1p40K[0.000040125],2.6256686384194565,0.5239874466494719,0.0,0.020934134971897084,,0.11475572317938842,False,6.0
D4.2__Fig 2__SQUID_data__IVI_BS30_A1S1_I_contrl_+-0.15mA_285mK_191103__IVB__T_1p40K[0.000040500],2.64149394828866,0.5309868401693646,0.0,0.020967363948171207,,0.11264227510090037,False,6.0
D4.2__Fig 2__SQUID_data__IVI_BS30_A1S1_I_contrl_+-0.15mA_285mK_191103__IVB__T_1p40K[0.000040875],2.726037691771277,0.49234399643514437,0.0,0.02100704589702498,,0.11164533267424953,False,6.0
D4.2__Fig 2__SQUID_data__IVI_BS30_A1S1_I_contrl_+-0.15mA_285mK_191103__IVB__T_1p40K[0.000041250],2.6929590583702305,0.48757833269758266,0.0,0.020936334452129956,,0.11228628983952002,False,6.0
D4.2__Fig 2__SQUID_data__IVI_BS30_A1S1_I_contrl_+-0.15mA_285mK_191103__IVB__T_1p40K[0.000041625],2.6834787004828367,0.5124968404201201,0.0,0.020954213520429393,,0.12577518479804595,False,6.0
D4.2__Fig 2__SQUID_data__IVI_BS30_A1S1_I_contrl_+-0.15mA_285mK_191103__IVB__T_1p40K[0.000042000],2.6839995573776614,0.5216233265136508,0.0,0.020954211994541266,,0.11446071582283292,False,6.0
D4.2__Fig 2__SQUID_data__IVI_BS30_A1S1_I_contrl_+-0.15mA_285mK_191103__IVB__T_1p40K[0.000042375],2.670485933052852,0.5254036903002351,0.0,0.020931912054182118,,0.11737401883892014,False,6.0
D4.2__Fig 2__SQUID_data__IVI_BS30_A1S1_I_contrl_+-0.15mA_285mK_191103__IVB__T_1p40K[0.000042750],2.640333395344695,0.5237638360097986,0.0,0.021127622439676672,,0.11653706014732025,False,6.0
D4.2__Fig 2__SQUID_data__IVI_BS30_A1S1_I_contrl_+-0.15mA_285mK_191103__IVB__T_1p40K[0.000043125],2.672783654226268,0.4926485100404472,0.0,0.021117657019114968,,0.11379770494792518,False,6.0
D4.2__Fig 2__SQUID_data__IVI_BS30_A1S1_I_contrl_+-0.15mA_285mK_191103__IVB__T_1p40K[0.000043500],2.663852604955712,0.5031085082887897,0.0,0.02092972924736013,,0.11610290084140727,False,6.0
D4.2__Fig 2__SQUID_data__IVI_BS30_A1S1_I_contrl_+-0.15mA_285mK_191103__IVB__T_1p40K[0.000043875],2.65160371670639,0.5191616595319181,0.0,0.020824340879886247,,0.11173282694648495,False,6.0
D4.2__Fig 2__SQUID_data__IVI_BS30_A1S1_I_contrl_+-0.15mA_285mK_191103__IVB__T_1p40K[0.000044250],2.6050453540291416,0.5302760554953799,0.0,0.020887705810732744,,0.11107733205557396,False,6.0
D4.2__Fig 2__SQUID_data__IVI_BS30_A1S1_I_contrl_+-0.15mA_285mK_191103__IVB__T_1p40K[0.000044625],2.5729734881552164,0.5139363001812159,0.0,0.021045452525690983,,0.11028322036254684,False,6.0
D4.2__Fig 2__SQUID_data__IVI_BS30_A1S1_I_contrl_+-0.15mA_285mK_191103__IVB__T_1p40K[0.000045000],2.679093794287303,0.5167904722793755,0.0,0.02101954869755028,,0.1164707442265674,False,6.0
D4.2__Fig 2__SQUID_data__IVI_BS30_A1S1_I_contrl_+-0.15mA_285mK_191103__IVB__T_1p40K[0.000045375],2.700642408980338,0.5140295725914439,0.0,0.021092116810851075,,0.1184571710003457,False,6.0
D4.2__Fig 2__SQUID_data__IVI_BS30_A1S1_I_contrl_+-0.15mA_285mK_191103__IVB__T_1p40K[0.000045750],2.680965773203584,0.5131254765700725,0.0,0.020993804600688813,,0.11518073467630185,False,6.0
D4.2__Fig 2__SQUID_data__IVI_BS30_A1S1_I_contrl_+-0.15mA_285mK_191103__IVB__T_1p40K[0.000046125],2.8167294576392656,0.49124532435077245,0.0,0.02103795584076174,,0.11200415043438793,False,6.0
D4.2__Fig 2__SQUID_data__IVI_BS30_A1S1_I_contrl_+-0.15mA_285mK_191103__IVB__T_1p40K[0.000046500],2.8334341814108135,0.5032063626062927,0.0,0.02120471953224296,,0.11255168261679366,False,6.0
D4.2__Fig 2__SQUID_data__IVI_BS30_A1S1_I_contrl_+-0.15mA_285mK_191103__IVB__T_1p40K[0.000046875],2.79583293938044,0.5303036018518913,0.0,0.02104688673067259,,0.10886738399681786,False,6.0
D4.2__Fig 2__SQUID_data__IVI_BS30_A1S1_I_contrl_+-0.15mA_285mK_191103__IVB__T_1p40K[0.000047250],2.7338547926857624,0.519972729899629,0.0,0.020956021338781577,,0.10901501443639451,False,6.0
D4.2__Fig 2__SQUID_data__IVI_BS30_A1S1_I_contrl_+-0.15mA_285mK_191103__IVB__T_1p40K[0.000047625],2.731760561756059,0.48847523659645126,0.0,0.020867045736784138,,0.11945125103935923,False,6.0
D4.2__Fig 2__SQUID_data__IVI_BS30_A1S1_I_contrl_+-0.15mA_285mK_191103__IVB__T_1p40K[0.000048000],2.7410062136109383,0.5169880014753944,0.0,0.021017911256987824,,0.1115055333853444,False,6.0
D4.2__Fig 2__SQUID_data__IVI_BS30_A1S1_I_contrl_+-0.15mA_285mK_191103__IVB__T_1p40K[0.000048375],2.7807660300628476,0.5032858687644574,0.0,0.021041093854620427,,0.11102055739965021,False,6.0
D4.2__Fig 2__SQUID_data__IVI_BS30_A1S1_I_contrl_+-0.15mA_285mK_191103__IVB__T_1p40K[0.000048750],2.7491228393422786,0.5245107307007877,0.0,0.020914742883418082,,0.11053596155041433,False,6.0
D4.2__Fig 2__SQUID_data__IVI_BS30_A1S1_I_contrl_+-0.15mA_285mK_191103__IVB__T_1p40K[0.000049125],2.7487884375202096,0.5143394446096622,0.0,0.02123291570806411,,0.11800053409314316,False,6.0
D4.2__Fig 2__SQUID_data__IVI_BS30_A1S1_I_contrl_+-0.15mA_285mK_191103__IVB__T_1p40K[0.000049500],2.757639885064294,0.5081275757817071,0.0,0.021124065238570116,,0.11599430898623234,False,6.0
D4.2__Fig 2__SQUID_data__IVI_BS30_A1S1_I_contrl_+-0.15mA_285mK_191103__IVB__T_1p40K[0.000049875],2.7171373278096835,0.5298245186939153,0.0,0.020861256734835694,,0.11216041396022955,False,6.0
D4.2__Fig 2__SQUID_data__IVI_BS30_A1S1_I_contrl_+-0.15mA_285mK_191103__IVB__T_1p40K[0.000050250],2.666225016729909,0.5146109840513484,0.0,0.021143237429451078,,0.1106465977316369,False,6.0
D4.2__Fig 2__SQUID_data__IVI_BS30_A1S1_I_contrl_+-0.15mA_285mK_191103__IVB__T_1p40K[0.000050625],2.708352521761145,0.5209909267341162,0.0,0.021029722348916285,,0.11203418822142643,False,6.0
D4.2__Fig 2__SQUID_data__IVI_BS30_A1S1_I_contrl_+-0.15mA_285mK_191103__IVB__T_1p40K[0.000051000],2.6485551822264126,0.5112483251905623,0.0,0.020970055489447408,,0.1186783646030897,False,6.0
D4.2__Fig 2__SQUID_data__IVI_BS30_A1S1_I_contrl_+-0.15mA_285mK_191103__IVB__T_1p40K[0.000051375],2.6713864074825726,0.49518638220382144,0.0,0.020976792084792428,,0.12785327195091548,False,6.0
D4.2__Fig 2__SQUID_data__IVI_BS30_A1S1_I_contrl_+-0.15mA_285mK_191103__IVB__T_1p40K[0.000051750],2.735333932296786,0.5232929238485161,0.0,0.02094442664070643,,0.11077333858137196,False,6.0
D4.2__Fig 2__SQUID_data__IVI_BS30_A1S1_I_contrl_+-0.15mA_285mK_191103__IVB__T_1p40K[0.000052125],2.733298059892629,0.523884718922086,0.0,0.021072320108163678,,0.11261105651340063,False,6.0
D4.2__Fig 2__SQUID_data__IVI_BS30_A1S1_I_contrl_+-0.15mA_285mK_191103__IVB__T_1p40K[0.000052500],2.771952420983097,0.5167546977125782,0.0,0.02108809188042873,,0.11244738612613102,False,6.0
D4.2__Fig 2__SQUID_data__IVI_BS30_A1S1_I_contrl_+-0.15mA_285mK_191103__IVB__T_1p40K[0.000052875],2.820464634087419,0.5244150584283221,0.0,0.02100810381802912,,0.11128178842958282,False,6.0
D4.2__Fig 2__SQUID_data__IVI_BS30_A1S1_I_contrl_+-0.15mA_285mK_191103__IVB__T_1p40K[0.000053250],2.849392551481373,0.5090455173432543,0.0,0.021078249990795297,,0.11050132229044017,False,6.0
D4.2__Fig 2__SQUID_data__IVI_BS30_A1S1_I_contrl_+-0.15mA_285mK_191103__IVB__T_1p40K[0.000053625],2.885174492063603,0.49961115654947447,0.0,0.0210662294133197,,0.11541073699796922,False,6.0
D4.2__Fig 2__SQUID_data__IVI_BS30_A1S1_I_contrl_+-0.15mA_285mK_191103__IVB__T_1p40K[0.000054000],2.875472179252363,0.5070672292288686,0.0,0.020863617550361868,,0.11711967857244568,False,6.0
D4.2__Fig 2__SQUID_data__IVI_BS30_A1S1_I_contrl_+-0.15mA_285mK_191103__IVB__T_1p40K[0.000054375],2.8774327212260067,0.5068895098809287,0.0,0.02111834826062573,,0.11484892997858501,False,6.0
D4.2__Fig 2__SQUID_data__IVI_BS30_A1S1_I_contrl_+-0.15mA_285mK_191103__IVB__T_1p40K[0.000054750],2.804027170172676,0.5222747405606755,0.0,0.02090567648298713,,0.11727884897649192,False,6.0
D4.2__Fig 2__SQUID_data__IVI_BS30_A1S1_I_contrl_+-0.15mA_285mK_191103__IVB__T_1p40K[0.000055125],2.8724540657130935,0.5052316422929407,0.0,0.021185382982640562,,0.11738215328003895,False,6.0
D4.2__Fig 2__SQUID_data__IVI_BS30_A1S1_I_contrl_+-0.15mA_285mK_191103__IVB__T_1p40K[0.000055500],3.007206526634706,0.5010791972485048,0.0,0.021303707311254062,,0.11743001044403636,False,6.0
D4.2__Fig 2__SQUID_data__IVI_BS30_A1S1_I_contrl_+-0.15mA_285mK_191103__IVB__T_1p40K[0.000055875],2.9362563471431455,0.5063040735777544,0.0,0.02102493421787142,,0.1177944465610699,False,6.0
D4.2__Fig 2__SQUID_data__IVI_BS30_A1S1_I_contrl_+-0.15mA_285mK_191103__IVB__T_1p40K[0.000056250],2.9023566080535064,0.5045953756258441,0.0,0.021102076450162814,,0.11320880703582449,False,6.0
D4.2__Fig 2__SQUID_data__IVI_BS30_A1S1_I_contrl_+-0.15mA_285mK_191103__IVB__T_1p40K[0.000056625],2.838265409289449,0.5045540478293453,0.0,0.0211268798277927,,0.11834225671652794,False,6.0
D4.2__Fig 2__SQUID_data__IVI_BS30_A1S1_I_contrl_+-0.15mA_285mK_191103__IVB__T_1p40K[0.000057000],2.9241064012183244,0.48796778926521567,0.0,0.021148894357987325,,0.11625520678747789,False,6.0
D4.2__Fig 2__SQUID_data__IVI_BS30_A1S1_I_contrl_+-0.15mA_285mK_191103__IVB__T_1p40K[0.000057375],2.9121384317309364,0.5155249251438055,0.0,0.021076271401037357,,0.11174543554414833,False,6.0
D4.2__Fig 2__SQUID_data__IVI_BS30_A1S1_I_contrl_+-0.15mA_285mK_191103__IVB__T_1p40K[0.000057750],2.8296199587376987,0.5332672880147946,0.0,0.021086591049919997,,0.11774274099771713,False,6.0
D4.2__Fig 2__SQUID_data__IVI_BS30_A1S1_I_contrl_+-0.15mA_285mK_191103__IVB__T_1p40K[0.000058125],2.76865586271888,0.5074868784673736,0.0,0.021167050579716188,,0.11510416098160448,False,6.0
D4.2__Fig 2__SQUID_data__IVI_BS30_A1S1_I_contrl_+-0.15mA_285mK_191103__IVB__T_1p40K[0.000058500],2.778613673569867,0.5175704567200543,0.0,0.021039448379743156,,0.11376819731310112,False,6.0
D4.2__Fig 2__SQUID_data__IVI_BS30_A1S1_I_contrl_+-0.15mA_285mK_191103__IVB__T_1p40K[0.000058875],2.804290525040207,0.5366669023810338,0.0,0.020975886185742292,,0.11784789484970205,False,6.0
D4.2__Fig 2__SQUID_data__IVI_BS30_A1S1_I_contrl_+-0.15mA_285mK_191103__IVB__T_1p40K[0.000059250],2.837656256106003,0.503244231782675,0.0,0.02130281750294888,,0.12220300645659567,False,6.0
D4.2__Fig 2__SQUID_data__IVI_BS30_A1S1_I_contrl_+-0.15mA_285mK_191103__IVB__T_1p40K[0.000059625],2.815461276828474,0.4969385743107688,0.0,0.02105055644611086,,0.1183684417815168,False,6.0
D4.2__Fig 2__SQUID_data__IVI_BS30_A1S1_I_contrl_+-0.15mA_285mK_191103__IVB__T_1p40K[0.000060000],2.783629491366147,0.5251471722532856,0.0,0.02107223187522693,,0.11370462949505432,False,6.0
D4.2__Fig 2__SQUID_data__IVI_BS30_A1S1_I_contrl_+-0.15mA_285mK_191103__IVB__T_1p40K[0.000060375],2.7148603505015796,0.5227305781457896,0.0,0.020927377565612366,,0.11235708606494893,False,6.0
D4.2__Fig 2__SQUID_data__IVI_BS30_A1S1_I_contrl_+-0.15mA_285mK_191103__IVB__T_1p40K[0.000060750],2.795845838568282,0.5241857332600998,0.0,0.02096022077318168,,0.11128172808613628,False,6.0
D4.2__Fig 2__SQUID_data__IVI_BS30_A1S1_I_contrl_+-0.15mA_285mK_191103__IVB__T_1p40K[0.000061125],2.891550386530423,0.518367978690594,0.0,0.021160629985279965,,0.11278613768049003,False,6.0
D4.2__Fig 2__SQUID_data__IVI_BS30_A1S1_I_contrl_+-0.15mA_285mK_191103__IVB__T_1p40K[0.000061500],2.963030050552139,0.4839676672422219,0.0,0.021235836317548905,,0.11401513910059287,False,6.0
D4.2__Fig 2__SQUID_data__IVI_BS30_A1S1_I_contrl_+-0.15mA_285mK_191103__IVB__T_1p40K[0.000061875],2.965235349815114,0.4922181854918926,0.0,0.02128774282213257,,0.11806402968111694,False,6.0
D4.2__Fig 2__SQUID_data__IVI_BS30_A1S1_I_contrl_+-0.15mA_285mK_191103__IVB__T_1p40K[0.000062250],2.817692279708935,0.5146008309263502,0.0,0.02117796929934027,,0.11657072810802795,False,6.0
D4.2__Fig 2__SQUID_data__IVI_BS30_A1S1_I_contrl_+-0.15mA_285mK_191103__IVB__T_1p40K[0.000062625],2.795190208539073,0.5050104907168969,0.0,0.02094450184381906,,0.11189964772570879,False,6.0
D4.2__Fig 2__SQUID_data__IVI_BS30_A1S1_I_contrl_+-0.15mA_285mK_191103__IVB__T_1p40K[0.000063000],2.81532977707077,0.5129176153847402,0.0,0.021229729671342044,,0.1183441863720736,False,6.0
D4.2__Fig 2__SQUID_data__IVI_BS30_A1S1_I_contrl_+-0.15mA_285mK_191103__IVB__T_1p40K[0.000063375],2.7947677825790826,0.5415839937262429,0.0,0.021110275316114487,,0.11640838704378768,False,6.0
D4.2__Fig 2__SQUID_data__IVI_BS30_A1S1_I_contrl_+-0.15mA_285mK_191103__IVB__T_1p40K[0.000063750],2.9102139620487346,0.5160067478977921,0.0,0.021157516595097632,,0.11796078859200809,False,6.0
D4.2__Fig 2__SQUID_data__IVI_BS30_A1S1_I_contrl_+-0.15mA_285mK_191103__IVB__T_1p40K[0.000064125],2.9734469614389143,0.4960614961366494,0.0,0.02113174226093313,,0.11309133232917547,False,6.0
D4.2__Fig 2__SQUID_data__IVI_BS30_A1S1_I_contrl_+-0.15mA_285mK_191103__IVB__T_1p40K[0.000064500],3.0470546522382103,0.515421433104946,0.0,0.021039686361314248,,0.11397637023417999,False,6.0
D4.2__Fig 2__SQUID_data__IVI_BS30_A1S1_I_contrl_+-0.15mA_285mK_191103__IVB__T_1p40K[0.000064875],3.0634913684520955,0.5125562239779659,0.0,0.021269773019547817,,0.11422933003163645,False,6.0
D4.2__Fig 2__SQUID_data__IVI_BS30_A1S1_I_contrl_+-0.15mA_285mK_191103__IVB__T_1p40K[0.000065250],3.110312634020336,0.466770421409767,0.0,0.021199462931889086,,0.11894341658861161,False,6.0
D4.2__Fig 2__SQUID_data__IVI_BS30_A1S1_I_contrl_+-0.15mA_285mK_191103__IVB__T_1p40K[0.000065625],3.122993955069427,0.4848123425792356,0.0,0.021354154773723107,,0.11302427832134312,False,6.0
D4.2__Fig 2__SQUID_data__IVI_BS30_A1S1_I_contrl_+-0.15mA_285mK_191103__IVB__T_1p40K[0.000066000],3.0622942022128554,0.48476168678655013,0.0,0.021329379190370555,,0.10955218828247452,False,6.0
D4.2__Fig 2__SQUID_data__IVI_BS30_A1S1_I_contrl_+-0.15mA_285mK_191103__IVB__T_1p40K[0.000066375],3.005562278645686,0.4797175696882681,0.0,0.021340930940439644,,0.11316469918040446,False,6.0
D4.2__Fig 2__SQUID_data__IVI_BS30_A1S1_I_contrl_+-0.15mA_285mK_191103__IVB__T_1p40K[0.000066750],3.085708458764825,0.5092091936117177,0.0,0.021190646128282562,,0.1114994697717491,False,6.0
D4.2__Fig 2__SQUID_data__IVI_BS30_A1S1_I_contrl_+-0.15mA_285mK_191103__IVB__T_1p40K[0.000067125],3.054790915824448,0.5067784127706685,0.0,0.02109643068861765,,0.11504320977070467,False,6.0
D4.2__Fig 2__SQUID_data__IVI_BS30_A1S1_I_contrl_+-0.15mA_285mK_191103__IVB__T_1p40K[0.000067500],3.101173605812258,0.5015451009184232,0.0,0.021060366088669628,,0.11666654827082416,False,6.0
D4.2__Fig 2__SQUID_data__IVI_BS30_A1S1_I_contrl_+-0.15mA_285mK_191103__IVB__T_1p40K[0.000067875],3.050389021211588,0.4861285337888655,0.0,0.021310788130101132,,0.12017181007479867,False,6.0
D4.2__Fig 2__SQUID_data__IVI_BS30_A1S1_I_contrl_+-0.15mA_285mK_191103__IVB__T_1p40K[0.000068250],3.1536091118124774,0.4943955028898411,0.0,0.021123685917826346,,0.11219484883218396,False,6.0
D4.2__Fig 2__SQUID_data__IVI_BS30_A1S1_I_contrl_+-0.15mA_285mK_191103__IVB__T_1p40K[0.000068625],3.2509872376447335,0.48657610603383444,0.0,0.021179409048651135,,0.11177972427812613,False,6.0
D4.2__Fig 2__SQUID_data__IVI_BS30_A1S1_I_contrl_+-0.15mA_285mK_191103__IVB__T_1p40K[0.000069000],3.1230226398824703,0.49761828864561725,0.0,0.021347325730785488,,0.11515063711930941,False,6.0
D4.2__Fig 2__SQUID_data__IVI_BS30_A1S1_I_contrl_+-0.15mA_285mK_191103__IVB__T_1p40K[0.000069375],3.247429864293393,0.520488009571025,0.0,0.021244862469686217,,0.11450191091460088,False,6.0
D4.2__Fig 2__SQUID_data__IVI_BS30_A1S1_I_contrl_+-0.15mA_285mK_191103__IVB__T_1p40K[0.000069750],3.2653059594387366,0.4957627546648897,0.0,0.021232960664232275,,0.12511758860488947,False,6.0
D4.2__Fig 2__SQUID_data__IVI_BS30_A1S1_I_contrl_+-0.15mA_285mK_191103__IVB__T_1p40K[0.000070125],3.2546915169855173,0.47130615469573534,0.0,0.021389025190417608,,0.1155555601856248,False,6.0
D4.2__Fig 2__SQUID_data__IVI_BS30_A1S1_I_contrl_+-0.15mA_285mK_191103__IVB__T_1p40K[0.000070500],3.2344284717081986,0.4946355012198458,0.0,0.021261167093675915,,0.1255465039970272,False,6.0
D4.2__Fig 2__SQUID_data__IVI_BS30_A1S1_I_contrl_+-0.15mA_285mK_191103__IVB__T_1p40K[0.000070875],3.193069882094491,0.5039071948800989,0.0,0.021178398222390628,,0.11368867984083612,False,6.0
D4.2__Fig 2__SQUID_data__IVI_BS30_A1S1_I_contrl_+-0.15mA_285mK_191103__IVB__T_1p40K[0.000071250],3.204662382439384,0.47344492743653027,0.0,0.021349781702258677,,0.11580636415323738,False,6.0
D4.2__Fig 2__SQUID_data__IVI_BS30_A1S1_I_contrl_+-0.15mA_285mK_191103__IVB__T_1p40K[0.000071625],3.259358615488822,0.4832023466544125,0.0,0.02123083455995294,,0.11637696974950758,False,6.0
D4.2__Fig 2__SQUID_data__IVI_BS30_A1S1_I_contrl_+-0.15mA_285mK_191103__IVB__T_1p40K[0.000072000],3.1748491470376607,0.5056685979301444,0.0,0.021143317489376697,,0.12145110432291129,False,6.0
D4.2__Fig 2__SQUID_data__IVI_BS30_A1S1_I_contrl_+-0.15mA_285mK_191103__IVB__T_1p40K[0.000072375],3.170400818550865,0.501781189499165,0.0,0.02116407560808714,,0.12391407796906007,False,6.0
D4.2__Fig 2__SQUID_data__IVI_BS30_A1S1_I_contrl_+-0.15mA_285mK_191103__IVB__T_1p40K[0.000072750],3.216471935890993,0.48866059726697664,0.0,0.021090046927009762,,0.1087668185140638,False,6.0
D4.2__Fig 2__SQUID_data__IVI_BS30_A1S1_I_contrl_+-0.15mA_285mK_191103__IVB__T_1p40K[0.000073125],3.2318132522109457,0.49388599182427395,0.0,0.02097215873616161,,0.11207499084494063,False,6.0
D4.2__Fig 2__SQUID_data__IVI_BS30_A1S1_I_contrl_+-0.15mA_285mK_191103__IVB__T_1p40K[0.000073500],3.2995389353537368,0.527018606859562,0.0,0.021166884272462917,,0.11459203150405188,False,6.0
D4.2__Fig 2__SQUID_data__IVI_BS30_A1S1_I_contrl_+-0.15mA_285mK_191103__IVB__T_1p40K[0.000073875],3.3999690985866446,0.487183237737362,0.0,0.021369327544265966,,0.11422174534086467,False,6.0
D4.2__Fig 2__SQUID_data__IVI_BS30_A1S1_I_contrl_+-0.15mA_285mK_191103__IVB__T_1p40K[0.000074250],3.4352181505429877,0.4612200015441464,0.0,0.021325069517296694,,0.11275478208582536,False,6.0
D4.2__Fig 2__SQUID_data__IVI_BS30_A1S1_I_contrl_+-0.15mA_285mK_191103__IVB__T_1p40K[0.000074625],3.456889402323506,0.47583029885987926,0.0,0.021323599041957294,,0.11578113587052305,False,6.0
D4.2__Fig 2__SQUID_data__IVI_BS30_A1S1_I_contrl_+-0.15mA_285mK_191103__IVB__T_1p40K[0.000075000],3.4642777387323886,0.5054133634636911,0.0,0.0211673781818144,,0.12870309172959737,False,6.0
D4.2__Fig 2__SQUID_data__IVI_BS30_A1S1_I_contrl_+-0.15mA_285mK_191103__IVB__T_1p40K[0.000075375],3.454279979298553,0.48966345951299384,0.0,0.021288295960597267,,0.11335925089697195,False,6.0
D4.2__Fig 2__SQUID_data__IVI_BS30_A1S1_I_contrl_+-0.15mA_285mK_191103__IVB__T_1p40K[0.000075750],3.4856914741747094,0.4730508274054042,0.0,0.02130081454621531,,0.11535506903544801,False,6.0
D4.2__Fig 2__SQUID_data__IVI_BS30_A1S1_I_contrl_+-0.15mA_285mK_191103__IVB__T_1p40K[0.000076125],3.64001299488163,0.48727112361856223,0.0,0.021404433947009003,,0.11259656392210063,False,6.0
D4.2__Fig 2__SQUID_data__IVI_BS30_A1S1_I_contrl_+-0.15mA_285mK_191103__IVB__T_1p40K[0.000076500],3.5876094405623102,0.498055323536637,0.0,0.02116469249513257,,0.10808322313757715,False,6.0
D4.2__Fig 2__SQUID_data__IVI_BS30_A1S1_I_contrl_+-0.15mA_285mK_191103__IVB__T_1p40K[0.000076875],3.459112421008717,0.492210715949825,0.0,0.02100422631655557,,0.11356987082352958,False,6.0
D4.2__Fig 2__SQUID_data__IVI_BS30_A1S1_I_contrl_+-0.15mA_285mK_191103__IVB__T_1p40K[0.000077250],3.4921920526631522,0.49748591962570293,0.0,0.021092943510368986,,0.11694193506503879,False,6.0
D4.2__Fig 2__SQUID_data__IVI_BS30_A1S1_I_contrl_+-0.15mA_285mK_191103__IVB__T_1p40K[0.000077625],3.5061789862167454,0.504001491236723,0.0,0.021272234548555466,,0.1116271101420273,False,6.0
D4.2__Fig 2__SQUID_data__IVI_BS30_A1S1_I_contrl_+-0.15mA_285mK_191103__IVB__T_1p40K[0.000078000],3.500621214236285,0.4705720581616852,0.0,0.021256623528311546,,0.10945204795222219,False,6.0
D4.2__Fig 2__SQUID_data__IVI_BS30_A1S1_I_contrl_+-0.15mA_285mK_191103__IVB__T_1p40K[0.000078375],3.556016772136425,0.4791899007537934,0.0,0.02131849005361446,,0.11624888513920029,False,6.0
D4.2__Fig 2__SQUID_data__IVI_BS30_A1S1_I_contrl_+-0.15mA_285mK_191103__IVB__T_1p40K[0.000078750],3.597617440648322,0.48388810562317325,0.0,0.021249364545261214,,0.11999612105150531,False,6.0
D4.2__Fig 2__SQUID_data__IVI_BS30_A1S1_I_contrl_+-0.15mA_285mK_191103__IVB__T_1p40K[0.000079125],3.679676171362873,0.5198804138165131,0.0,0.021269205237043464,,0.1261805916066131,False,6.0
D4.2__Fig 2__SQUID_data__IVI_BS30_A1S1_I_contrl_+-0.15mA_285mK_191103__IVB__T_1p40K[0.000079500],3.72174639377862,0.4827643601466453,0.0,0.021357878556028366,,0.12357545726022436,False,6.0
D4.2__Fig 2__SQUID_data__IVI_BS30_A1S1_I_contrl_+-0.15mA_285mK_191103__IVB__T_1p40K[0.000079875],3.755361017724555,0.46435730209631587,0.0,0.02146914805052564,,0.11397733719716303,False,6.0
D4.2__Fig 2__SQUID_data__IVI_BS30_A1S1_I_contrl_+-0.15mA_285mK_191103__IVB__T_1p40K[0.000080250],3.5928172972899985,0.4821267345693059,0.0,0.021230925987642722,,0.11501368410360081,False,6.0
D4.2__Fig 2__SQUID_data__IVI_BS30_A1S1_I_contrl_+-0.15mA_285mK_191103__IVB__T_1p40K[0.000080625],3.5076685314389335,0.4957006017333101,0.0,0.02120497363599115,,0.11302558345003967,False,6.0
D4.2__Fig 2__SQUID_data__IVI_BS30_A1S1_I_contrl_+-0.15mA_285mK_191103__IVB__T_1p40K[0.000081000],3.624826215114192,0.5107763508863403,0.0,0.021221146045985316,,0.11758100233760915,False,6.0
D4.2__Fig 2__SQUID_data__IVI_BS30_A1S1_I_contrl_+-0.15mA_285mK_191103__IVB__T_1p40K[0.000081375],3.5872545908078353,0.5009354807314529,0.0,0.021416862707509678,,0.11379880267162176,False,6.0
D4.2__Fig 2__SQUID_data__IVI_BS30_A1S1_I_contrl_+-0.15mA_285mK_191103__IVB__T_1p40K[0.000081750],3.58273318377891,0.4949406595178429,0.0,0.021488991448850647,,0.11605809674163,False,6.0
D4.2__Fig 2__SQUID_data__IVI_BS30_A1S1_I_contrl_+-0.15mA_285mK_191103__IVB__T_1p40K[0.000082125],3.58252559267322,0.49840488987989945,0.0,0.02134543774254404,,0.11517997119649398,False,6.0
D4.2__Fig 2__SQUID_data__IVI_BS30_A1S1_I_contrl_+-0.15mA_285mK_191103__IVB__T_1p40K[0.000082500],3.5199411443123156,0.5185076708003588,0.0,0.021156439348833166,,0.11637442180660111,False,6.0
D4.2__Fig 2__SQUID_data__IVI_BS30_A1S1_I_contrl_+-0.15mA_285mK_191103__IVB__T_1p40K[0.000082875],3.555456184784078,0.4800133008309899,0.0,0.0213216023295116,,0.1140582249551781,False,6.0
D4.2__Fig 2__SQUID_data__IVI_BS30_A1S1_I_contrl_+-0.15mA_285mK_191103__IVB__T_1p40K[0.000083250],3.5036980990085516,0.5003137791898029,0.0,0.021322395838770342,,0.11284674497771194,False,6.0
D4.2__Fig 2__SQUID_data__IVI_BS30_A1S1_I_contrl_+-0.15mA_285mK_191103__IVB__T_1p40K[0.000083625],3.5790408724140423,0.508734821515357,0.0,0.021336998747959312,,0.11205759172768952,False,6.0
D4.2__Fig 2__SQUID_data__IVI_BS30_A1S1_I_contrl_+-0.15mA_285mK_191103__IVB__T_1p40K[0.000084000],3.6192003790025837,0.4661959095060812,0.0,0.021348621236013263,,0.1171071960291753,False,6.0
D4.2__Fig 2__SQUID_data__IVI_BS30_A1S1_I_contrl_+-0.15mA_285mK_191103__IVB__T_1p40K[0.000084375],3.5886160206632973,0.46885859162679194,0.0,0.021259501496361854,,0.11110419623531559,False,6.0
D4.2__Fig 2__SQUID_data__IVI_BS30_A1S1_I_contrl_+-0.15mA_285mK_191103__IVB__T_1p40K[0.000084750],3.764656653838034,0.45868541287199954,0.0,0.02134708116923569,,0.11688520656672031,False,6.0
D4.2__Fig 2__SQUID_data__IVI_BS30_A1S1_I_contrl_+-0.15mA_285mK_191103__IVB__T_1p40K[0.000085125],3.9773265824498836,0.46049068071045474,0.0,0.021298110793738858,,0.11159534105438992,False,6.0
D4.2__Fig 2__SQUID_data__IVI_BS30_A1S1_I_contrl_+-0.15mA_285mK_191103__IVB__T_1p40K[0.000085500],3.9942186687818717,0.4843859765797835,0.0,0.02128499950454078,,0.10796483119608913,False,6.0
D4.2__Fig 2__SQUID_data__IVI_BS30_A1S1_I_contrl_+-0.15mA_285mK_191103__IVB__T_1p40K[0.000085875],3.8972739654969772,0.5168607861508424,0.0,0.021322245685914853,,0.11400617363865587,False,6.0
D4.2__Fig 2__SQUID_data__IVI_BS30_A1S1_I_contrl_+-0.15mA_285mK_191103__IVB__T_1p40K[0.000086250],3.7851340326410146,0.4832526076768424,0.0,0.0213588555353211,,0.1155185077810329,False,6.0
D4.2__Fig 2__SQUID_data__IVI_BS30_A1S1_I_contrl_+-0.15mA_285mK_191103__IVB__T_1p40K[0.000086625],3.80636430815471,0.4683144471822664,0.0,0.02149715437520977,,0.11822263112039456,False,6.0
D4.2__Fig 2__SQUID_data__IVI_BS30_A1S1_I_contrl_+-0.15mA_285mK_191103__IVB__T_1p40K[0.000087000],3.8256788370148285,0.48507896795549826,0.0,0.021426678634840032,,0.11194132237216312,False,6.0
D4.2__Fig 2__SQUID_data__IVI_BS30_A1S1_I_contrl_+-0.15mA_285mK_191103__IVB__T_1p40K[0.000087375],3.8227356635987224,0.4798496992127112,0.0,0.021325262899252448,,0.11521912492225081,False,6.0
D4.2__Fig 2__SQUID_data__IVI_BS30_A1S1_I_contrl_+-0.15mA_285mK_191103__IVB__T_1p40K[0.000087750],3.856110513237711,0.4760157416303669,0.0,0.021459256106802646,,0.10936118740900284,False,6.0
D4.2__Fig 2__SQUID_data__IVI_BS30_A1S1_I_contrl_+-0.15mA_285mK_191103__IVB__T_1p40K[0.000088125],3.889357873509564,0.5010755304929019,0.0,0.02137054642636436,,0.11534926593278153,False,6.0
D4.2__Fig 2__SQUID_data__IVI_BS30_A1S1_I_contrl_+-0.15mA_285mK_191103__IVB__T_1p40K[0.000088500],3.850773512025624,0.47901463288557067,0.0,0.02133693503974971,,0.11003996829506434,False,6.0
D4.2__Fig 2__SQUID_data__IVI_BS30_A1S1_I_contrl_+-0.15mA_285mK_191103__IVB__T_1p40K[0.000088875],3.748856764373677,0.47491722970868616,0.0,0.021396287993951116,,0.11174913726992405,False,6.0
D4.2__Fig 2__SQUID_data__IVI_BS30_A1S1_I_contrl_+-0.15mA_285mK_191103__IVB__T_1p40K[0.000089250],3.724540679803343,0.4679673157908219,0.0,0.021274313658683035,,0.1124053804589833,False,6.0
D4.2__Fig 2__SQUID_data__IVI_BS30_A1S1_I_contrl_+-0.15mA_285mK_191103__IVB__T_1p40K[0.000089625],3.8181948731205986,0.4802604651141488,0.0,0.02141425379375245,,0.10934342375413678,False,6.0
D4.2__Fig 2__SQUID_data__IVI_BS30_A1S1_I_contrl_+-0.15mA_285mK_191103__IVB__T_1p40K[0.000090000],3.751070877656501,0.5092086053931804,0.0,0.021425750226785154,,0.12072686984979315,False,6.0
D4.2__Fig 2__SQUID_data__IVI_BS30_A1S1_I_contrl_+-0.15mA_285mK_191103__IVB__T_1p40K[0.000090375],3.8489861461441373,0.46862992111986196,0.0,0.021381040046877645,,0.11294801545194486,False,6.0
D4.2__Fig 2__SQUID_data__IVI_BS30_A1S1_I_contrl_+-0.15mA_285mK_191103__IVB__T_1p40K[0.000090750],3.9323505223112103,0.49938228717021765,0.0,0.021298940211221022,,0.11727555082953628,False,6.0
D4.2__Fig 2__SQUID_data__IVI_BS30_A1S1_I_contrl_+-0.15mA_285mK_191103__IVB__T_1p40K[0.000091125],3.9009334307854022,0.5049217185008509,0.0,0.021451674576438522,,0.11213374651487606,False,6.0
D4.2__Fig 2__SQUID_data__IVI_BS30_A1S1_I_contrl_+-0.15mA_285mK_191103__IVB__T_1p40K[0.000091500],3.956595161491242,0.48785533809067005,0.0,0.021510119818293705,,0.1155477858697007,False,6.0
D4.2__Fig 2__SQUID_data__IVI_BS30_A1S1_I_contrl_+-0.15mA_285mK_191103__IVB__T_1p40K[0.000091875],4.074689993181248,0.5057889228885455,0.0,0.021420841531772237,,0.11011061144658175,False,6.0
D4.2__Fig 2__SQUID_data__IVI_BS30_A1S1_I_contrl_+-0.15mA_285mK_191103__IVB__T_1p40K[0.000092250],3.957978166616743,0.5030083214601033,0.0,0.02143247573729933,,0.12326639984216349,False,6.0
D4.2__Fig 2__SQUID_data__IVI_BS30_A1S1_I_contrl_+-0.15mA_285mK_191103__IVB__T_1p40K[0.000092625],3.8707513406123795,0.47960453536289366,0.0,0.02140907582474627,,0.11647478446880444,False,6.0
D4.2__Fig 2__SQUID_data__IVI_BS30_A1S1_I_contrl_+-0.15mA_285mK_191103__IVB__T_1p40K[0.000093000],3.7332797151228094,0.4830933125378009,0.0,0.02138310500307221,,0.11424374710123616,False,6.0
D4.2__Fig 2__SQUID_data__IVI_BS30_A1S1_I_contrl_+-0.15mA_285mK_191103__IVB__T_1p40K[0.000093375],3.61208110693363,0.4575875478731278,0.0,0.021590057552768157,,0.11643069316202788,False,6.0
D4.2__Fig 2__SQUID_data__IVI_BS30_A1S1_I_contrl_+-0.15mA_285mK_191103__IVB__T_1p40K[0.000093750],3.676281088887152,0.5000137049970657,0.0,0.021431872008888558,,0.11473238078618414,False,6.0
D4.2__Fig 2__SQUID_data__IVI_BS30_A1S1_I_contrl_+-0.15mA_285mK_191103__IVB__T_1p40K[0.000094125],3.867927306448084,0.5197305275143363,0.0,0.021450643126440974,,0.11391262116918444,False,6.0
D4.2__Fig 2__SQUID_data__IVI_BS30_A1S1_I_contrl_+-0.15mA_285mK_191103__IVB__T_1p40K[0.000094500],3.849376708992929,0.4794694359915585,0.0,0.021270743451123952,,0.11341803879917418,False,6.0
D4.2__Fig 2__SQUID_data__IVI_BS30_A1S1_I_contrl_+-0.15mA_285mK_191103__IVB__T_1p40K[0.000094875],3.8559969576796567,0.4647827880762441,0.0,0.021504915382702796,,0.11376052079167912,False,6.0
D4.2__Fig 2__SQUID_data__IVI_BS30_A1S1_I_contrl_+-0.15mA_285mK_191103__IVB__T_1p40K[0.000095250],3.806232326890968,0.4717683598938555,0.0,0.021375804070567973,,0.1131526541134496,False,6.0
D4.2__Fig 2__SQUID_data__IVI_BS30_A1S1_I_contrl_+-0.15mA_285mK_191103__IVB__T_1p40K[0.000095625],3.851806429459923,0.517981502943158,0.0,0.021419484811870705,,0.11702377828900544,False,6.0
D4.2__Fig 2__SQUID_data__IVI_BS30_A1S1_I_contrl_+-0.15mA_285mK_191103__IVB__T_1p40K[0.000096000],3.801241516893783,0.49169830755430005,0.0,0.02142731156763987,,0.11071342269075964,False,6.0
D4.2__Fig 2__SQUID_data__IVI_BS30_A1S1_I_contrl_+-0.15mA_285mK_191103__IVB__T_1p40K[0.000096375],3.9584033345625533,0.47142945437854,0.0,0.021581655518418986,,0.11352543653200022,False,6.0
D4.2__Fig 2__SQUID_data__IVI_BS30_A1S1_I_contrl_+-0.15mA_285mK_191103__IVB__T_1p40K[0.000096750],4.134992496834308,0.4845253570755941,0.0,0.021334223042078104,,0.11386639673082598,False,6.0
D4.2__Fig 2__SQUID_data__IVI_BS30_A1S1_I_contrl_+-0.15mA_285mK_191103__IVB__T_1p40K[0.000097125],4.071195439496842,0.46709618868551783,0.0,0.021489617523653477,,0.1097028131678422,False,6.0
D4.2__Fig 2__SQUID_data__IVI_BS30_A1S1_I_contrl_+-0.15mA_285mK_191103__IVB__T_1p40K[0.000097500],4.318282872700972,0.47335205823356147,0.0,0.02144542819826655,,0.11137869726440583,False,6.0
D4.2__Fig 2__SQUID_data__IVI_BS30_A1S1_I_contrl_+-0.15mA_285mK_191103__IVB__T_1p40K[0.000097875],4.401103107072646,0.46686420854347327,0.0,0.021254599128157085,,0.11232818892937071,False,6.0
D4.2__Fig 2__SQUID_data__IVI_BS30_A1S1_I_contrl_+-0.15mA_285mK_191103__IVB__T_1p40K[0.000098250],4.3305708504781215,0.4643639380278082,0.0,0.021402481633430233,,0.11126338470264258,False,6.0
D4.2__Fig 2__SQUID_data__IVI_BS30_A1S1_I_contrl_+-0.15mA_285mK_191103__IVB__T_1p40K[0.000098625],4.35539397113359,0.5014191029612695,0.0,0.021457174213477752,,0.11354185333844102,False,6.0
D4.2__Fig 2__SQUID_data__IVI_BS30_A1S1_I_contrl_+-0.15mA_285mK_191103__IVB__T_1p40K[0.000099000],4.2396329726997735,0.48377974984512045,0.0,0.02148835053768446,,0.10914541208602846,False,6.0
D4.2__Fig 2__SQUID_data__IVI_BS30_A1S1_I_contrl_+-0.15mA_285mK_191103__IVB__T_1p40K[0.000099375],4.357768842489269,0.4809396760524736,0.0,0.021457178653268617,,0.10893786794743597,False,6.0
D4.2__Fig 2__SQUID_data__IVI_BS30_A1S1_I_contrl_+-0.15mA_285mK_191103__IVB__T_1p40K[0.000099750],4.432543351041188,0.5240856551740097,0.0,0.021369943093029597,,0.11640923815619843,False,6.0
D4.2__Fig 2__SQUID_data__IVI_BS30_A1S1_I_contrl_+-0.15mA_285mK_191103__IVB__T_1p40K[0.000100125],4.372751956824338,0.47854509542329565,0.0,0.02156156650928757,,0.11399860987451904,False,6.0
D4.2__Fig 2__SQUID_data__IVI_BS30_A1S1_I_contrl_+-0.15mA_285mK_191103__IVB__T_1p40K[0.000100500],4.26965708791472,0.4642300907696377,0.0,0.021590669915324906,,0.1129260667774598,False,6.0
D4.2__Fig 2__SQUID_data__IVI_BS30_A1S1_I_contrl_+-0.15mA_285mK_191103__IVB__T_1p40K[0.000100875],4.253256097162939,0.39136245892585575,0.0,0.02144281305579833,,0.10796855094960009,False,6.0
D4.2__Fig 2__SQUID_data__IVI_BS30_A1S1_I_contrl_+-0.15mA_285mK_191103__IVB__T_1p40K[0.000101250],4.189804422195203,0.4727890746663379,0.0,0.02147441343578259,,0.11152484662002518,False,6.0
D4.2__Fig 2__SQUID_data__IVI_BS30_A1S1_I_contrl_+-0.15mA_285mK_191103__IVB__T_1p40K[0.000101625],4.402411061168784,0.48432726890435607,0.0,0.02151497303148965,,0.11356612155523425,False,6.0
D4.2__Fig 2__SQUID_data__IVI_BS30_A1S1_I_contrl_+-0.15mA_285mK_191103__IVB__T_1p40K[0.000102000],4.53623873152067,0.4766087125439957,0.0,0.02145330140694054,,0.11049578757569462,False,6.0
D4.2__Fig 2__SQUID_data__IVI_BS30_A1S1_I_contrl_+-0.15mA_285mK_191103__IVB__T_1p40K[0.000102375],4.768802454157503,0.44806295466604107,0.0,0.0215249216559425,,0.1097853337515837,False,6.0
D4.2__Fig 2__SQUID_data__IVI_BS30_A1S1_I_contrl_+-0.15mA_285mK_191103__IVB__T_1p40K[0.000102750],4.64880660561761,0.4541730136176263,0.0,0.021535545765435378,,0.11507165413480865,False,6.0
D4.2__Fig 2__SQUID_data__IVI_BS30_A1S1_I_contrl_+-0.15mA_285mK_191103__IVB__T_1p40K[0.000103125],4.593489133559807,0.4886766678051179,0.0,0.02142686610048462,,0.10860873670277015,False,6.0
D4.2__Fig 2__SQUID_data__IVI_BS30_A1S1_I_contrl_+-0.15mA_285mK_191103__IVB__T_1p40K[0.000103500],4.590969480650328,0.49356036959566274,0.0,0.021224940246499163,,0.11337442594231818,False,6.0
D4.2__Fig 2__SQUID_data__IVI_BS30_A1S1_I_contrl_+-0.15mA_285mK_191103__IVB__T_1p40K[0.000103875],4.765753240159399,0.5187413084035485,0.0,0.021467207012290702,,0.11154622401586561,False,6.0
D4.2__Fig 2__SQUID_data__IVI_BS30_A1S1_I_contrl_+-0.15mA_285mK_191103__IVB__T_1p40K[0.000104250],4.682931770733108,0.47201928496839535,0.0,0.021448367564073218,,0.11337081557443633,False,6.0
D4.2__Fig 2__SQUID_data__IVI_BS30_A1S1_I_contrl_+-0.15mA_285mK_191103__IVB__T_1p40K[0.000104625],4.553063551702657,0.45740236330264655,0.0,0.021559026104095148,,0.11417251256901545,False,6.0
D4.2__Fig 2__SQUID_data__IVI_BS30_A1S1_I_contrl_+-0.15mA_285mK_191103__IVB__T_1p40K[0.000105000],4.582253163459308,0.45613662243236713,0.0,0.021610565286503392,,0.11862737616056948,False,6.0
D4.2__Fig 2__SQUID_data__IVI_BS30_A1S1_I_contrl_+-0.15mA_285mK_191103__IVB__T_1p40K[0.000105375],4.580060561993073,0.45694865613314944,0.0,0.02150360103380756,,0.1120049082973343,False,6.0
D4.2__Fig 2__SQUID_data__IVI_BS30_A1S1_I_contrl_+-0.15mA_285mK_191103__IVB__T_1p40K[0.000105750],4.42741170891998,0.49577768340252854,0.0,0.021501880964749538,,0.11216380567911674,False,6.0
D4.2__Fig 2__SQUID_data__IVI_BS30_A1S1_I_contrl_+-0.15mA_285mK_191103__IVB__T_1p40K[0.000106125],4.594515189120609,0.4746272862725153,0.0,0.021427258963155196,,0.11066559323032794,False,6.0
D4.2__Fig 2__SQUID_data__IVI_BS30_A1S1_I_contrl_+-0.15mA_285mK_191103__IVB__T_1p40K[0.000106500],4.731939222774261,0.4466855010888562,0.0,0.02147576825464447,,0.11264464557778893,False,6.0
D4.2__Fig 2__SQUID_data__IVI_BS30_A1S1_I_contrl_+-0.15mA_285mK_191103__IVB__T_1p40K[0.000106875],4.69613415725148,0.47006679821307173,0.0,0.021292262680287898,,0.11525477564194958,False,6.0
D4.2__Fig 2__SQUID_data__IVI_BS30_A1S1_I_contrl_+-0.15mA_285mK_191103__IVB__T_1p40K[0.000107250],4.557639436143899,0.46103319709049767,0.0,0.021374704034428513,,0.11313932398714145,False,6.0
D4.2__Fig 2__SQUID_data__IVI_BS30_A1S1_I_contrl_+-0.15mA_285mK_191103__IVB__T_1p40K[0.000107625],4.463157275387439,0.4434890595276037,0.0,0.021457640175735954,,0.11233240755049795,False,6.0
D4.2__Fig 2__SQUID_data__IVI_BS30_A1S1_I_contrl_+-0.15mA_285mK_191103__IVB__T_1p40K[0.000108000],4.593643623020913,0.45378621266339486,0.0,0.02144098021411481,,0.11120916960940146,False,6.0
D4.2__Fig 2__SQUID_data__IVI_BS30_A1S1_I_contrl_+-0.15mA_285mK_191103__IVB__T_1p40K[0.000108375],4.573286303826845,0.448182017525172,0.0,0.021420255650126358,,0.11257122795936927,False,6.0
D4.2__Fig 2__SQUID_data__IVI_BS30_A1S1_I_contrl_+-0.15mA_285mK_191103__IVB__T_1p40K[0.000108750],4.615592995919122,0.469756127888541,0.0,0.021574571567422582,,0.10967899573039949,False,6.0
D4.2__Fig 2__SQUID_data__IVI_BS30_A1S1_I_contrl_+-0.15mA_285mK_191103__IVB__T_1p40K[0.000109125],4.942652656168156,0.48309954492565305,0.0,0.021488427414219018,,0.11277055270336077,False,6.0
D4.2__Fig 2__SQUID_data__IVI_BS30_A1S1_I_contrl_+-0.15mA_285mK_191103__IVB__T_1p40K[0.000109500],4.872003446656444,0.4615648848365437,0.0,0.021646929478050067,,0.11876927550196627,False,6.0
D4.2__Fig 2__SQUID_data__IVI_BS30_A1S1_I_contrl_+-0.15mA_285mK_191103__IVB__T_1p40K[0.000109875],5.0142957119392,0.4372138628780872,0.0,0.021537635436428948,,0.11218627268180098,False,6.0
D4.2__Fig 2__SQUID_data__IVI_BS30_A1S1_I_contrl_+-0.15mA_285mK_191103__IVB__T_1p40K[0.000110250],5.039046627495277,0.45901963836109044,0.0,0.0214232695221658,,0.10974048167094731,False,6.0
D4.2__Fig 2__SQUID_data__IVI_BS30_A1S1_I_contrl_+-0.15mA_285mK_191103__IVB__T_1p40K[0.000110625],4.846949947076858,0.43354268061997575,0.0,0.02160670797572313,,0.11250002831303288,False,6.0
D4.2__Fig 2__SQUID_data__IVI_BS30_A1S1_I_contrl_+-0.15mA_285mK_191103__IVB__T_1p40K[0.000111000],4.9554371163485404,0.43614290916434745,0.0,0.02143233313289353,,0.11347617045942329,False,6.0
D4.2__Fig 2__SQUID_data__IVI_BS30_A1S1_I_contrl_+-0.15mA_285mK_191103__IVB__T_1p40K[0.000111375],4.773734403061741,0.4595911138749693,0.0,0.021513657543153656,,0.11074575464452226,False,6.0
D4.2__Fig 2__SQUID_data__IVI_BS30_A1S1_I_contrl_+-0.15mA_285mK_191103__IVB__T_1p40K[0.000111750],4.883750205078812,0.46367126016578886,0.0,0.021527103204547458,,0.11439850250221109,False,6.0
D4.2__Fig 2__SQUID_data__IVI_BS30_A1S1_I_contrl_+-0.15mA_285mK_191103__IVB__T_1p40K[0.000112125],5.078119543559382,0.4756231865008093,0.0,0.02132512420504935,,0.10998285220401827,False,6.0
D4.2__Fig 2__SQUID_data__IVI_BS30_A1S1_I_contrl_+-0.15mA_285mK_191103__IVB__T_1p40K[0.000112500],5.136069926693353,0.4473912222319065,0.0,0.02135216290277805,,0.11352751957860688,False,6.0
D4.2__Fig 2__SQUID_data__IVI_BS30_A1S1_I_contrl_+-0.15mA_285mK_191103__IVB__T_1p40K[0.000112875],5.122304752724657,0.43803015223003866,0.0,0.0214354886679171,,0.10917608600432421,False,6.0
D4.2__Fig 2__SQUID_data__IVI_BS30_A1S1_I_contrl_+-0.15mA_285mK_191103__IVB__T_1p40K[0.000113250],5.277046823845119,0.4425357414225144,0.0,0.021351578557961663,,0.11277127602720358,False,6.0
D4.2__Fig 2__SQUID_data__IVI_BS30_A1S1_I_contrl_+-0.15mA_285mK_191103__IVB__T_1p40K[0.000113625],5.317227313487955,0.4791594000171951,0.0,0.021491839254160268,,0.11165295920313716,False,6.0
D4.2__Fig 2__SQUID_data__IVI_BS30_A1S1_I_contrl_+-0.15mA_285mK_191103__IVB__T_1p40K[0.000114000],5.356620643386155,0.46080601065092924,0.0,0.021503451281451084,,0.10912031817388575,False,6.0
D4.2__Fig 2__SQUID_data__IVI_BS30_A1S1_I_contrl_+-0.15mA_285mK_191103__IVB__T_1p40K[0.000114375],5.57251639775962,0.44855925666218077,0.0,0.021480915008282635,,0.11427595579982448,False,6.0
D4.2__Fig 2__SQUID_data__IVI_BS30_A1S1_I_contrl_+-0.15mA_285mK_191103__IVB__T_1p40K[0.000114750],5.415450269019795,0.4613347876284144,0.0,0.021382638107949548,,0.11296688636855327,False,6.0
D4.2__Fig 2__SQUID_data__IVI_BS30_A1S1_I_contrl_+-0.15mA_285mK_191103__IVB__T_1p40K[0.000115125],5.361848457781347,0.42685000338016693,0.0,0.021399646772689566,,0.11201253743445595,False,6.0
D4.2__Fig 2__SQUID_data__IVI_BS30_A1S1_I_contrl_+-0.15mA_285mK_191103__IVB__T_1p40K[0.000115500],5.369405214937211,0.44070964932926177,0.0,0.02136177338912121,,0.10735480881935396,False,6.0
D4.2__Fig 2__SQUID_data__IVI_BS30_A1S1_I_contrl_+-0.15mA_285mK_191103__IVB__T_1p40K[0.000115875],5.449369318677815,0.45565325604433665,0.0,0.021540611881687113,,0.10906115322758185,False,6.0
D4.2__Fig 2__SQUID_data__IVI_BS30_A1S1_I_contrl_+-0.15mA_285mK_191103__IVB__T_1p40K[0.000116250],5.3322391922927945,0.4525577734006169,0.0,0.0213752277426436,,0.11031599443947271,False,6.0
D4.2__Fig 2__SQUID_data__IVI_BS30_A1S1_I_contrl_+-0.15mA_285mK_191103__IVB__T_1p40K[0.000116625],5.541625047681197,0.4559622564063644,0.0,0.02142903341113512,,0.1129165907552999,False,6.0
D4.2__Fig 2__SQUID_data__IVI_BS30_A1S1_I_contrl_+-0.15mA_285mK_191103__IVB__T_1p40K[0.000117000],6.021999848310745,0.44053320770110105,0.0,0.02140758886150454,,0.1116767015701527,False,6.0
D4.2__Fig 2__SQUID_data__IVI_BS30_A1S1_I_contrl_+-0.15mA_285mK_191103__IVB__T_1p40K[0.000117375],5.889179965562437,0.42276807362776253,0.0,0.02140579374786401,,0.11746223246796259,False,6.0
D4.2__Fig 2__SQUID_data__IVI_BS30_A1S1_I_contrl_+-0.15mA_285mK_191103__IVB__T_1p40K[0.000117750],5.98697406501406,0.44186671441184594,0.0,0.021562235067419208,,0.11678875648195847,False,6.0
D4.2__Fig 2__SQUID_data__IVI_BS30_A1S1_I_contrl_+-0.15mA_285mK_191103__IVB__T_1p40K[0.000118125],6.206992088753341,0.43929422982983396,0.0,0.021489097404360887,,0.10812932684659383,False,6.0
D4.2__Fig 2__SQUID_data__IVI_BS30_A1S1_I_contrl_+-0.15mA_285mK_191103__IVB__T_1p40K[0.000118500],6.488978932292759,0.4229227212070847,0.0,0.021267560994786352,,0.10989569812122675,False,6.0
D4.2__Fig 2__SQUID_data__IVI_BS30_A1S1_I_contrl_+-0.15mA_285mK_191103__IVB__T_1p40K[0.000118875],6.484673589018486,0.42609391940810326,0.0,0.021415727166844433,,0.11039607229356763,False,6.0
D4.2__Fig 2__SQUID_data__IVI_BS30_A1S1_I_contrl_+-0.15mA_285mK_191103__IVB__T_1p40K[0.000119250],6.523171047155751,0.4084405155301463,0.0,0.021344255876228607,,0.11486564747142683,False,6.0
D4.2__Fig 2__SQUID_data__IVI_BS30_A1S1_I_contrl_+-0.15mA_285mK_191103__IVB__T_1p40K[0.000119625],6.2291318299757075,0.4169590755182739,0.0,0.021467890023908618,,0.10991872568076906,False,6.0
D4.2__Fig 2__SQUID_data__IVI_BS30_A1S1_I_contrl_+-0.15mA_285mK_191103__IVB__T_1p40K[0.000120000],6.015838613590859,0.43445980034837994,0.0,0.021433751354884817,,0.11291444899005279,False,6.0
D4.2__Fig 2__SQUID_data__IVI_BS30_A1S1_I_contrl_+-0.15mA_285mK_191103__IVB__T_1p40K[0.000120375],6.1471963071938704,0.4527544985871987,0.0,0.021465806879760234,,0.10836121723460193,False,6.0
D4.2__Fig 2__SQUID_data__IVI_BS30_A1S1_I_contrl_+-0.15mA_285mK_191103__IVB__T_1p40K[0.000120750],6.283639254030549,0.43665904188303234,0.0,0.021410024467081724,,0.10806644814490907,False,6.0
D4.2__Fig 2__SQUID_data__IVI_BS30_A1S1_I_contrl_+-0.15mA_285mK_191103__IVB__T_1p40K[0.000121125],6.347929522965119,0.40890985003294467,0.0,0.0213248773201955,,0.1125531161423684,False,6.0
D4.2__Fig 2__SQUID_data__IVI_BS30_A1S1_I_contrl_+-0.15mA_285mK_191103__IVB__T_1p40K[0.000121500],6.509897076952934,0.43760596753041064,0.0,0.021294161163881616,,0.11137391454736384,False,6.0
D4.2__Fig 2__SQUID_data__IVI_BS30_A1S1_I_contrl_+-0.15mA_285mK_191103__IVB__T_1p40K[0.000121875],6.648648914126779,0.42946206035911105,0.0,0.02136743223097183,,0.11131974268895921,False,6.0
D4.2__Fig 2__SQUID_data__IVI_BS30_A1S1_I_contrl_+-0.15mA_285mK_191103__IVB__T_1p40K[0.000122250],6.985349505870215,0.41133452586380725,0.0,0.021565027461274207,,0.12039053153337459,False,6.0
D4.2__Fig 2__SQUID_data__IVI_BS30_A1S1_I_contrl_+-0.15mA_285mK_191103__IVB__T_1p40K[0.000122625],6.987174604712606,0.42693483893844414,0.0,0.021425663528820582,,0.11984892507471119,False,6.0
D4.2__Fig 2__SQUID_data__IVI_BS30_A1S1_I_contrl_+-0.15mA_285mK_191103__IVB__T_1p40K[0.000123000],7.245598507498983,0.4258211116211473,0.0,0.02155617254131064,,0.11258116767852319,False,6.0
D4.2__Fig 2__SQUID_data__IVI_BS30_A1S1_I_contrl_+-0.15mA_285mK_191103__IVB__T_1p40K[0.000123375],7.168915396361387,0.4191459160008903,0.0,0.021345942296629974,,0.110920605576904,False,6.0
D4.2__Fig 2__SQUID_data__IVI_BS30_A1S1_I_contrl_+-0.15mA_285mK_191103__IVB__T_1p40K[0.000123750],7.309523722579484,0.40743740578281623,0.0,0.02123820543324167,,0.10828365709309387,False,6.0
D4.2__Fig 2__SQUID_data__IVI_BS30_A1S1_I_contrl_+-0.15mA_285mK_191103__IVB__T_1p40K[0.000124125],7.341530402347701,0.3838527737875738,0.0,0.021455127151927985,,0.11359115137048799,False,6.0
D4.2__Fig 2__SQUID_data__IVI_BS30_A1S1_I_contrl_+-0.15mA_285mK_191103__IVB__T_1p40K[0.000124500],6.755626612002036,0.4203771656384144,0.0,0.021311835446988597,,0.11043840754630624,False,6.0
D4.2__Fig 2__SQUID_data__IVI_BS30_A1S1_I_contrl_+-0.15mA_285mK_191103__IVB__T_1p40K[0.000124875],6.439039466659418,0.42718176899463584,0.0,0.021348990831935966,,0.11067151125573498,False,6.0
D4.2__Fig 2__SQUID_data__IVI_BS30_A1S1_I_contrl_+-0.15mA_285mK_191103__IVB__T_1p40K[0.000125250],6.684380982292186,0.44202111552775997,0.0,0.021363507764883043,,0.11699248783762042,False,6.0
D4.2__Fig 2__SQUID_data__IVI_BS30_A1S1_I_contrl_+-0.15mA_285mK_191103__IVB__T_1p40K[0.000125625],7.355061669419372,0.4246439709198586,0.0,0.02126328661757628,,0.11350162989620526,False,6.0
D4.2__Fig 2__SQUID_data__IVI_BS30_A1S1_I_contrl_+-0.15mA_285mK_191103__IVB__T_1p40K[0.000126000],7.70533185898318,0.3912668253348472,0.0,0.02142363454046003,,0.11252164361463034,False,6.0
D4.2__Fig 2__SQUID_data__IVI_BS30_A1S1_I_contrl_+-0.15mA_285mK_191103__IVB__T_1p40K[0.000126375],8.500268795118169,0.4281346712503747,0.0,0.02144216961137053,,0.11364868253779004,False,6.0
D4.2__Fig 2__SQUID_data__IVI_BS30_A1S1_I_contrl_+-0.15mA_285mK_191103__IVB__T_1p40K[0.000126750],8.676780912643194,0.40014032828648194,0.0,0.02129135470983248,,0.11928274755955943,False,6.0
D4.2__Fig 2__SQUID_data__IVI_BS30_A1S1_I_contrl_+-0.15mA_285mK_191103__IVB__T_1p40K[0.000127125],8.371605013768733,0.4063958554895721,0.0,0.021453916136532542,,0.11777718060165275,False,6.0
D4.2__Fig 2__SQUID_data__IVI_BS30_A1S1_I_contrl_+-0.15mA_285mK_191103__IVB__T_1p40K[0.000127500],7.509870627878489,0.396086551986812,0.0,0.021254867001841073,,0.11143710123579165,False,6.0
D4.2__Fig 2__SQUID_data__IVI_BS30_A1S1_I_contrl_+-0.15mA_285mK_191103__IVB__T_1p40K[0.000127875],7.970004864991651,0.40248372677818006,0.0,0.02135433013011542,,0.11813444049447507,False,6.0
D4.2__Fig 2__SQUID_data__IVI_BS30_A1S1_I_contrl_+-0.15mA_285mK_191103__IVB__T_1p40K[0.000128250],7.918470168296959,0.41353800758426457,0.0,0.021337666490155123,,0.1163852434399329,False,6.0
D4.2__Fig 2__SQUID_data__IVI_BS30_A1S1_I_contrl_+-0.15mA_285mK_191103__IVB__T_1p40K[0.000128625],7.97199787741248,0.40820471444626943,0.0,0.021278855511664207,,0.11366701986543046,False,6.0
D4.2__Fig 2__SQUID_data__IVI_BS30_A1S1_I_contrl_+-0.15mA_285mK_191103__IVB__T_1p40K[0.000129000],8.936055978997492,0.390505445714552,0.0,0.021393004766030586,,0.12749970858444415,False,6.0
D4.2__Fig 2__SQUID_data__IVI_BS30_A1S1_I_contrl_+-0.15mA_285mK_191103__IVB__T_1p40K[0.000129375],9.159090852923045,0.3862425507499945,0.0,0.021398453531936642,,0.11197440689752071,False,6.0
D4.2__Fig 2__SQUID_data__IVI_BS30_A1S1_I_contrl_+-0.15mA_285mK_191103__IVB__T_1p40K[0.000129750],8.887622033805245,0.4135617525634987,0.0,0.021274792748106414,,0.12583160846702948,False,6.0
D4.2__Fig 2__SQUID_data__IVI_BS30_A1S1_I_contrl_+-0.15mA_285mK_191103__IVB__T_1p40K[0.000130125],8.480719208917575,0.40538915121289404,0.0,0.021325547266710168,,0.11114255036454,False,6.0
D4.2__Fig 2__SQUID_data__IVI_BS30_A1S1_I_contrl_+-0.15mA_285mK_191103__IVB__T_1p40K[0.000130500],7.86846712570168,0.4073868785005775,0.0,0.021521268464943552,,0.1291484510630879,False,6.0
D4.2__Fig 2__SQUID_data__IVI_BS30_A1S1_I_contrl_+-0.15mA_285mK_191103__IVB__T_1p40K[0.000130875],8.979134789689972,0.39335939340843257,0.0,0.021435958591181407,,0.11232727146638925,False,6.0
D4.2__Fig 2__SQUID_data__IVI_BS30_A1S1_I_contrl_+-0.15mA_285mK_191103__IVB__T_1p40K[0.000131250],8.948698639802231,0.3956865753750931,0.0,0.02137182269516647,,0.11838015481880221,False,6.0
D4.2__Fig 2__SQUID_data__IVI_BS30_A1S1_I_contrl_+-0.15mA_285mK_191103__IVB__T_1p40K[0.000131625],8.472740868371456,0.3932450896056417,0.0,0.021277220555185505,,0.12111504568985536,False,6.0
D4.2__Fig 2__SQUID_data__IVI_BS30_A1S1_I_contrl_+-0.15mA_285mK_191103__IVB__T_1p40K[0.000132000],8.617664048372994,0.41372353320943994,0.0,0.021317068938857247,,0.11365163597810052,False,6.0
D4.2__Fig 2__SQUID_data__IVI_BS30_A1S1_I_contrl_+-0.15mA_285mK_191103__IVB__T_1p40K[0.000132375],8.410206426458071,0.3946088732073414,0.0,0.02126583706927442,,0.1122541292941135,False,6.0
D4.2__Fig 2__SQUID_data__IVI_BS30_A1S1_I_contrl_+-0.15mA_285mK_191103__IVB__T_1p40K[0.000132750],9.09779764461074,0.28647494139521745,0.0,0.021407773547410306,,0.12354236531354372,False,6.0
D4.2__Fig 2__SQUID_data__IVI_BS30_A1S1_I_contrl_+-0.15mA_285mK_191103__IVB__T_1p40K[0.000133125],9.24996111173016,0.37860213088179834,0.0,0.021318494033574057,,0.11864019000649781,False,6.0
D4.2__Fig 2__SQUID_data__IVI_BS30_A1S1_I_contrl_+-0.15mA_285mK_191103__IVB__T_1p40K[0.000133500],8.62655103439996,0.370990721673314,0.0,0.021323296593407474,,0.11169716170270683,False,6.0
D4.2__Fig 2__SQUID_data__IVI_BS30_A1S1_I_contrl_+-0.15mA_285mK_191103__IVB__T_1p40K[0.000133875],8.438366556679233,0.39151472773221035,0.0,0.021359059653670253,,0.11913981287362409,False,6.0
D4.2__Fig 2__SQUID_data__IVI_BS30_A1S1_I_contrl_+-0.15mA_285mK_191103__IVB__T_1p40K[0.000134250],7.573694322449455,0.4033918452516541,0.0,0.021157532472512,,0.11093989460459339,False,6.0
D4.2__Fig 2__SQUID_data__IVI_BS30_A1S1_I_contrl_+-0.15mA_285mK_191103__IVB__T_1p40K[0.000134625],8.001676101567904,0.38839573975570835,0.0,0.021279030424972943,,0.11206006154267366,False,6.0
D4.2__Fig 2__SQUID_data__IVI_BS30_A1S1_I_contrl_+-0.15mA_285mK_191103__IVB__T_1p40K[0.000135000],7.775474840808833,0.38609619726285693,0.0,0.021345445870217646,,0.11357481141383809,False,6.0
D4.2__Fig 2__SQUID_data__IVI_BS30_A1S1_I_contrl_+-0.15mA_285mK_191103__IVB__T_1p40K[0.000135375],7.7847131930562865,0.3918760005214521,0.0,0.021153900487836264,,0.11394259781139074,False,6.0
D4.2__Fig 2__SQUID_data__IVI_BS30_A1S1_I_contrl_+-0.15mA_285mK_191103__IVB__T_1p40K[0.000135750],7.512402171631799,0.4021425839388386,0.0,0.021280460311399775,,0.10942505977533509,False,6.0
D4.2__Fig 2__SQUID_data__IVI_BS30_A1S1_I_contrl_+-0.15mA_285mK_191103__IVB__T_1p40K[0.000136125],15.550886677689975,0.3622287121854401,0.0,0.02122803378568391,,0.11260373426856991,False,6.0
D4.2__Fig 2__SQUID_data__IVI_BS30_A1S1_I_contrl_+-0.15mA_285mK_191103__IVB__T_1p40K[0.000136500],7.66579025904738,0.3747378858454236,0.0,0.021218223252801014,,0.1147773946167835,False,6.0
D4.2__Fig 2__SQUID_data__IVI_BS30_A1S1_I_contrl_+-0.15mA_285mK_191103__IVB__T_1p40K[0.000136875],20.035330152187058,0.3753245564837236,0.0,0.021226211937098335,,0.1128182540398293,False,6.0
D4.2__Fig 2__SQUID_data__IVI_BS30_A1S1_I_contrl_+-0.15mA_285mK_191103__IVB__T_1p40K[0.000137250],9.05323801712582,0.2627051001313998,0.0,0.021236798158563556,,0.10960961916214645,False,6.0
D4.2__Fig 2__SQUID_data__IVI_BS30_A1S1_I_contrl_+-0.15mA_285mK_191103__IVB__T_1p40K[0.000137625],20.02901568003066,0.37457575009395044,0.0,0.021257786447817773,,0.1118128049523847,False,6.0
D4.2__Fig 2__SQUID_data__IVI_BS30_A1S1_I_contrl_+-0.15mA_285mK_191103__IVB__T_1p40K[0.000138000],8.483937667023056,0.35122736117014636,0.0,0.021127476348514376,,0.11152708025284333,False,6.0
D4.2__Fig 2__SQUID_data__IVI_BS30_A1S1_I_contrl_+-0.15mA_285mK_191103__IVB__T_1p40K[0.000138375],19.329423353439978,0.3431581404527911,0.0,0.021250421717118308,,0.10996795159178667,False,6.0
D4.2__Fig 2__SQUID_data__IVI_BS30_A1S1_I_contrl_+-0.15mA_285mK_191103__IVB__T_1p40K[0.000138750],8.25244029877231,0.3439088278047908,0.0,0.021141843988502933,,0.1130123748574828,False,6.0
D4.2__Fig 2__SQUID_data__IVI_BS30_A1S1_I_contrl_+-0.15mA_285mK_191103__IVB__T_1p40K[0.000139125],9.369392840440838,0.32471452558592023,0.0,0.021147732963409972,,0.11870281688823195,False,6.0
D4.2__Fig 2__SQUID_data__IVI_BS30_A1S1_I_contrl_+-0.15mA_285mK_191103__IVB__T_1p40K[0.000139500],8.575850555914277,0.2444949184442475,0.0,0.021125672454350715,,0.11729385865620186,False,6.0
D4.2__Fig 2__SQUID_data__IVI_BS30_A1S1_I_contrl_+-0.15mA_285mK_191103__IVB__T_1p40K[0.000139875],20.34840732104416,0.36735512764675454,0.0,0.021365118962372684,,0.11411068616923513,False,6.0
D4.2__Fig 2__SQUID_data__IVI_BS30_A1S1_I_contrl_+-0.15mA_285mK_191103__IVB__T_1p40K[0.000140250],20.416445032810373,0.3696807125217404,0.0,0.02116263613053115,,0.11765932296275318,False,6.0
D4.2__Fig 2__SQUID_data__IVI_BS30_A1S1_I_contrl_+-0.15mA_285mK_191103__IVB__T_1p40K[0.000140625],7.969759105360964,0.2616104138355117,0.0,0.021302462538121562,,0.11091577367385017,False,6.0
D4.2__Fig 2__SQUID_data__IVI_BS30_A1S1_I_contrl_+-0.15mA_285mK_191103__IVB__T_1p40K[0.000141000],22.497101052157422,0.37097383143818025,0.0,0.021328607067961323,,0.11457958352057813,False,6.0
D4.2__Fig 2__SQUID_data__IVI_BS30_A1S1_I_contrl_+-0.15mA_285mK_191103__IVB__T_1p40K[0.000141375],23.219718142073887,0.3226055866358226,0.0,0.021116582029017103,,0.11246139140322722,False,6.0
D4.2__Fig 2__SQUID_data__IVI_BS30_A1S1_I_contrl_+-0.15mA_285mK_191103__IVB__T_1p40K[0.000141750],29.94271118329934,0.3156579239722762,0.0,0.021183985046303776,,0.11524001931677509,False,6.0
D4.2__Fig 2__SQUID_data__IVI_BS30_A1S1_I_contrl_+-0.15mA_285mK_191103__IVB__T_1p40K[0.000142125],9.470146580845608,0.3598784101683263,0.0,0.02126541328797982,,0.11437792812042541,False,6.0
D4.2__Fig 2__SQUID_data__IVI_BS30_A1S1_I_contrl_+-0.15mA_285mK_191103__IVB__T_1p40K[0.000142500],9.923811576199059,0.33051091088144513,0.0,0.021290890010950754,,0.11582889442574731,False,6.0
D4.2__Fig 2__SQUID_data__IVI_BS30_A1S1_I_contrl_+-0.15mA_285mK_191103__IVB__T_1p40K[0.000142875],34.21667397315901,0.30263470787112295,0.0,0.02131385725628736,,0.1117295867221829,False,6.0
D4.2__Fig 2__SQUID_data__IVI_BS30_A1S1_I_contrl_+-0.15mA_285mK_191103__IVB__T_1p40K[0.000143250],9.914968633237544,0.32267575413850424,0.0,0.021074481408378816,,0.11177591496833464,False,6.0
D4.2__Fig 2__SQUID_data__IVI_BS30_A1S1_I_contrl_+-0.15mA_285mK_191103__IVB__T_1p40K[0.000143625],9.717077254430444,0.21779552474540517,0.0,0.021202622930470105,,0.11076657645661804,False,6.0
D4.2__Fig 2__SQUID_data__IVI_BS30_A1S1_I_contrl_+-0.15mA_285mK_191103__IVB__T_1p40K[0.000144000],9.861336376799924,0.20548445193612688,0.0,0.021328002829775233,,0.11356250533724999,False,6.0
D4.2__Fig 2__SQUID_data__IVI_BS30_A1S1_I_contrl_+-0.15mA_285mK_191103__IVB__T_1p40K[0.000144375],11.55651248394364,0.33290902125467836,0.0,0.021138335104226594,,0.1101774055399948,False,6.0
D4.2__Fig 2__SQUID_data__IVI_BS30_A1S1_I_contrl_+-0.15mA_285mK_191103__IVB__T_1p40K[0.000144750],38.31565049990188,0.30157956436876665,0.0,0.021027603740517695,,0.11234822527764594,False,6.0
D4.2__Fig 2__SQUID_data__IVI_BS30_A1S1_I_contrl_+-0.15mA_285mK_191103__IVB__T_1p40K[0.000145125],31.550582257919867,0.488449186867725,0.0,0.021231252948889005,,0.10987721438019156,False,6.0
D4.2__Fig 2__SQUID_data__IVI_BS30_A1S1_I_contrl_+-0.15mA_285mK_191103__IVB__T_1p40K[0.000145500],33.729680178732934,0.4897237377137784,0.0,0.021184331147505023,,0.10656116450156511,False,6.0
D4.2__Fig 2__SQUID_data__IVI_BS30_A1S1_I_contrl_+-0.15mA_285mK_191103__IVB__T_1p40K[0.000145875],43.813592930824285,0.33773506582682794,0.0,0.021168633706435402,,0.11171434637190243,False,6.0
D4.2__Fig 2__SQUID_data__IVI_BS30_A1S1_I_contrl_+-0.15mA_285mK_191103__IVB__T_1p40K[0.000146250],47.991693940489164,0.29367182483563875,0.0,0.021054719270772005,,0.11273368818319243,False,6.0
D4.2__Fig 2__SQUID_data__IVI_BS30_A1S1_I_contrl_+-0.15mA_285mK_191103__IVB__T_1p40K[0.000146625],11.6786916770907,0.33001299078553564,0.0,0.02113718496542347,,0.10806228613481617,False,6.0
D4.2__Fig 2__SQUID_data__IVI_BS30_A1S1_I_contrl_+-0.15mA_285mK_191103__IVB__T_1p40K[0.000147000],11.925688301968837,0.19597313149469212,0.0,0.02128528489827109,,0.1154578826608425,False,6.0
D4.2__Fig 2__SQUID_data__IVI_BS30_A1S1_I_contrl_+-0.15mA_285mK_191103__IVB__T_1p40K[0.000147375],11.27045543673012,0.3189741401717913,0.0,0.021069356524133994,,0.11309598699949729,False,6.0
D4.2__Fig 2__SQUID_data__IVI_BS30_A1S1_I_contrl_+-0.15mA_285mK_191103__IVB__T_1p40K[0.000147750],12.055729625863734,0.3301568940273862,0.0,0.021111116570934507,,0.11198226423024703,False,6.0
D4.2__Fig 2__SQUID_data__IVI_BS30_A1S1_I_contrl_+-0.15mA_285mK_191103__IVB__T_1p40K[0.000148125],12.604893641661098,0.3302584384383455,0.0,0.021109370445833005,,0.10987559051898564,False,6.0
D4.2__Fig 2__SQUID_data__IVI_BS30_A1S1_I_contrl_+-0.15mA_285mK_191103__IVB__T_1p40K[0.000148500],14.835625493111294,0.31143783388972646,0.0,0.021257951267030988,,0.10971697503192508,False,6.0
D4.2__Fig 2__SQUID_data__IVI_BS30_A1S1_I_contrl_+-0.15mA_285mK_191103__IVB__T_1p40K[0.000148875],13.981612574172058,0.19067173747206248,0.0,0.02136116013114638,,0.10920104119000713,False,6.0
D4.2__Fig 2__SQUID_data__IVI_BS30_A1S1_I_contrl_+-0.15mA_285mK_191103__IVB__T_1p40K[0.000149250],15.886197445267307,0.15982320561834765,0.0,0.021166185177717595,,0.10670889597809893,False,6.0
D4.2__Fig 2__SQUID_data__IVI_BS30_A1S1_I_contrl_+-0.15mA_285mK_191103__IVB__T_1p40K[0.000149625],18.559398139452178,0.3151052243128239,0.0,0.021154609056789193,,0.11350038109712204,False,6.0
D4.2__Fig 2__SQUID_data__IVI_BS30_A1S1_I_contrl_+-0.15mA_285mK_191103__IVB__T_1p40K[0.000150000],,,,,,0.13037374322325915,False,6.0
