file_id,n_branches,n_parity_valid,odd_ratio_post_branchsafe,odd_ratio_post_dispersion,delta_odd_ratio_post,I_knee_norm_branchsafe,delta_I_knee_norm,parity_lock_fraction,parity_lock_consistency,pipeline_version
"D4.2__Fig 1__IV_data__IV_BS16_C1S1_Vpp_7p500_FRQ_11_AVG_100_Vgain_2E3_Igain_1E5_Rb_0E0_Rser_0E0_____Temp_2.740E-1K_MEASres_1p4E1_Thu,May2,2019_82950PM",1,1,228.22019478274342,0.0,0.0,0.09774436090225563,0.0,0.0,1.0,6.0
D4.2__Fig 2__SQUID_data__IVB_BS30_A1S1_I_coil_+-0.3mA_fine_284mK_191103__IVB__T_1p40K[-0.000000750],1,1,7.489286411316899,0.0,0.0,0.5889724310776943,0.0,0.0,1.0,6.0
D4.2__Fig 2__SQUID_data__IVB_BS30_A1S1_I_coil_+-0.3mA_fine_284mK_191103__IVB__T_1p40K[-0.000001500],1,1,7.321131866928653,0.0,0.0,0.5914786967418546,0.0,0.0,1.0,6.0
D4.2__Fig 2__SQUID_data__IVB_BS30_A1S1_I_coil_+-0.3mA_fine_284mK_191103__IVB__T_1p40K[-0.000002250],1,1,7.233924745588184,0.0,0.0,0.5889724310776943,0.0,0.0,1.0,6.0
D4.2__Fig 2__SQUID_data__IVB_BS30_A1S1_I_coil_+-0.3mA_fine_284mK_191103__IVB__T_1p40K[-0.000003000],1,1,7.536117780113306,0.0,0.0,0.5889724310776943,0.0,0.0,1.0,6.0
D4.2__Fig 2__SQUID_data__IVB_BS30_A1S1_I_coil_+-0.3mA_fine_284mK_191103__IVB__T_1p40K[-0.000003750],1,1,7.592774732132074,0.0,0.0,0.5889724310776943,0.0,0.0,1.0,6.0
D4.2__Fig 2__SQUID_data__IVB_BS30_A1S1_I_coil_+-0.3mA_fine_284mK_191103__IVB__T_1p40K[-0.000004500],1,1,7.49924036308129,0.0,0.0,0.5864661654135338,0.0,0.0,1.0,6.0
D4.2__Fig 2__SQUID_data__IVB_BS30_A1S1_I_coil_+-0.3mA_fine_284mK_191103__IVB__T_1p40K[-0.000005250],1,1,7.860613587509154,0.0,0.0,0.5864661654135339,0.0,0.0,1.0,6.0
D4.2__Fig 2__SQUID_data__IVB_BS30_A1S1_I_coil_+-0.3mA_fine_284mK_191103__IVB__T_1p40K[-0.000006000],1,1,7.909639148052746,0.0,0.0,0.5864661654135339,0.0,0.0,1.0,6.0
D4.2__Fig 2__SQUID_data__IVB_BS30_A1S1_I_coil_+-0.3mA_fine_284mK_191103__IVB__T_1p40K[-0.000006750],1,1,7.53673271635872,0.0,0.0,0.5864661654135339,0.0,0.0,1.0,6.0
D4.2__Fig 2__SQUID_data__IVB_BS30_A1S1_I_coil_+-0.3mA_fine_284mK_191103__IVB__T_1p40K[-0.000007500],1,1,7.756167732459811,0.0,0.0,0.5864661654135339,0.0,0.0,1.0,6.0
D4.2__Fig 2__SQUID_data__IVB_BS30_A1S1_I_coil_+-0.3mA_fine_284mK_191103__IVB__T_1p40K[-0.000008250],1,1,6.614978025247706,0.0,0.0,0.556390977443609,0.0,0.0,1.0,6.0
D4.2__Fig 2__SQUID_data__IVB_BS30_A1S1_I_coil_+-0.3mA_fine_284mK_191103__IVB__T_1p40K[-0.000009000],1,1,7.451142024048519,0.0,0.0,0.5839598997493735,0.0,0.0,1.0,6.0
D4.2__Fig 2__SQUID_data__IVB_BS30_A1S1_I_coil_+-0.3mA_fine_284mK_191103__IVB__T_1p40K[-0.000009750],1,1,6.951044337808447,0.0,0.0,0.5839598997493735,0.0,0.0,1.0,6.0
D4.2__Fig 2__SQUID_data__IVB_BS30_A1S1_I_coil_+-0.3mA_fine_284mK_191103__IVB__T_1p40K[-0.000010500],1,1,6.733627160015029,0.0,0.0,0.5839598997493735,0.0,0.0,1.0,6.0
D4.2__Fig 2__SQUID_data__IVB_BS30_A1S1_I_coil_+-0.3mA_fine_284mK_191103__IVB__T_1p40K[-0.000011250],1,1,6.544824802421735,0.0,0.0,0.556390977443609,0.0,0.0,1.0,6.0
D4.2__Fig 2__SQUID_data__IVB_BS30_A1S1_I_coil_+-0.3mA_fine_284mK_191103__IVB__T_1p40K[-0.000012000],1,1,6.434387633263765,0.0,0.0,0.5588972431077694,0.0,0.0,1.0,6.0
D4.2__Fig 2__SQUID_data__IVB_BS30_A1S1_I_coil_+-0.3mA_fine_284mK_191103__IVB__T_1p40K[-0.000012750],1,1,6.2550318596470325,0.0,0.0,0.5588972431077694,0.0,0.0,1.0,6.0
D4.2__Fig 2__SQUID_data__IVB_BS30_A1S1_I_coil_+-0.3mA_fine_284mK_191103__IVB__T_1p40K[-0.000013500],1,1,6.414714769972189,0.0,0.0,0.5588972431077693,0.0,0.0,1.0,6.0
D4.2__Fig 2__SQUID_data__IVB_BS30_A1S1_I_coil_+-0.3mA_fine_284mK_191103__IVB__T_1p40K[-0.000014250],1,1,6.727360612922871,0.0,0.0,0.5563909774436089,0.0,0.0,1.0,6.0
D4.2__Fig 2__SQUID_data__IVB_BS30_A1S1_I_coil_+-0.3mA_fine_284mK_191103__IVB__T_1p40K[-0.000015000],1,1,6.344602411489667,0.0,0.0,0.5588972431077694,0.0,0.0,1.0,6.0
D4.2__Fig 2__SQUID_data__IVB_BS30_A1S1_I_coil_+-0.3mA_fine_284mK_191103__IVB__T_1p40K[-0.000015750],1,1,6.186095234644001,0.0,0.0,0.5588972431077694,0.0,0.0,1.0,6.0
D4.2__Fig 2__SQUID_data__IVB_BS30_A1S1_I_coil_+-0.3mA_fine_284mK_191103__IVB__T_1p40K[-0.000016500],1,1,6.405863473205171,0.0,0.0,0.5588972431077694,0.0,0.0,1.0,6.0
D4.2__Fig 2__SQUID_data__IVB_BS30_A1S1_I_coil_+-0.3mA_fine_284mK_191103__IVB__T_1p40K[-0.000017250],1,1,6.689104303963233,0.0,0.0,0.5588972431077694,0.0,0.0,1.0,6.0
D4.2__Fig 2__SQUID_data__IVB_BS30_A1S1_I_coil_+-0.3mA_fine_284mK_191103__IVB__T_1p40K[-0.000018000],1,1,7.177902869189812,0.0,0.0,0.5588972431077694,0.0,0.0,1.0,6.0
D4.2__Fig 2__SQUID_data__IVB_BS30_A1S1_I_coil_+-0.3mA_fine_284mK_191103__IVB__T_1p40K[-0.000018750],1,1,6.989544380646289,0.0,0.0,0.556390977443609,0.0,0.0,1.0,6.0
D4.2__Fig 2__SQUID_data__IVB_BS30_A1S1_I_coil_+-0.3mA_fine_284mK_191103__IVB__T_1p40K[-0.000019500],1,1,6.935759797518879,0.0,0.0,0.5588972431077693,0.0,0.0,1.0,6.0
D4.2__Fig 2__SQUID_data__IVB_BS30_A1S1_I_coil_+-0.3mA_fine_284mK_191103__IVB__T_1p40K[-0.000020250],1,1,7.065715470781642,0.0,0.0,0.5588972431077693,0.0,0.0,1.0,6.0
D4.2__Fig 2__SQUID_data__IVB_BS30_A1S1_I_coil_+-0.3mA_fine_284mK_191103__IVB__T_1p40K[-0.000021000],1,1,6.992590361394678,0.0,0.0,0.5588972431077694,0.0,0.0,1.0,6.0
D4.2__Fig 2__SQUID_data__IVB_BS30_A1S1_I_coil_+-0.3mA_fine_284mK_191103__IVB__T_1p40K[-0.000021750],1,1,6.9524794758951955,0.0,0.0,0.5588972431077694,0.0,0.0,1.0,6.0
D4.2__Fig 2__SQUID_data__IVB_BS30_A1S1_I_coil_+-0.3mA_fine_284mK_191103__IVB__T_1p40K[-0.000022500],1,1,6.61925325961257,0.0,0.0,0.5588972431077693,0.0,0.0,1.0,6.0
D4.2__Fig 2__SQUID_data__IVB_BS30_A1S1_I_coil_+-0.3mA_fine_284mK_191103__IVB__T_1p40K[-0.000023250],1,1,6.912399115436585,0.0,0.0,0.5588972431077694,0.0,0.0,1.0,6.0
D4.2__Fig 2__SQUID_data__IVB_BS30_A1S1_I_coil_+-0.3mA_fine_284mK_191103__IVB__T_1p40K[-0.000024000],1,1,6.9568254770252835,0.0,0.0,0.5588972431077694,0.0,0.0,1.0,6.0
D4.2__Fig 2__SQUID_data__IVB_BS30_A1S1_I_coil_+-0.3mA_fine_284mK_191103__IVB__T_1p40K[-0.000024750],1,1,6.952862669198971,0.0,0.0,0.5588972431077693,0.0,0.0,1.0,6.0
D4.2__Fig 2__SQUID_data__IVB_BS30_A1S1_I_coil_+-0.3mA_fine_284mK_191103__IVB__T_1p40K[-0.000025500],1,1,6.9118114603666285,0.0,0.0,0.5588972431077694,0.0,0.0,1.0,6.0
D4.2__Fig 2__SQUID_data__IVB_BS30_A1S1_I_coil_+-0.3mA_fine_284mK_191103__IVB__T_1p40K[-0.000026250],1,1,6.64471190763406,0.0,0.0,0.5588972431077694,0.0,0.0,1.0,6.0
D4.2__Fig 2__SQUID_data__IVB_BS30_A1S1_I_coil_+-0.3mA_fine_284mK_191103__IVB__T_1p40K[-0.000027000],1,1,6.694654287881206,0.0,0.0,0.5588972431077693,0.0,0.0,1.0,6.0
D4.2__Fig 2__SQUID_data__IVB_BS30_A1S1_I_coil_+-0.3mA_fine_284mK_191103__IVB__T_1p40K[-0.000027750],1,1,7.024981211247567,0.0,0.0,0.5588972431077693,0.0,0.0,1.0,6.0
D4.2__Fig 2__SQUID_data__IVB_BS30_A1S1_I_coil_+-0.3mA_fine_284mK_191103__IVB__T_1p40K[-0.000028500],1,1,7.086561496332293,0.0,0.0,0.5588972431077694,0.0,0.0,1.0,6.0
D4.2__Fig 2__SQUID_data__IVB_BS30_A1S1_I_coil_+-0.3mA_fine_284mK_191103__IVB__T_1p40K[-0.000029250],1,1,7.5930515584340235,0.0,0.0,0.5664160401002505,0.0,0.0,1.0,6.0
D4.2__Fig 2__SQUID_data__IVB_BS30_A1S1_I_coil_+-0.3mA_fine_284mK_191103__IVB__T_1p40K[-0.000030000],1,1,7.494460528875869,0.0,0.0,0.5664160401002506,0.0,0.0,1.0,6.0
D4.2__Fig 2__SQUID_data__IVB_BS30_A1S1_I_coil_+-0.3mA_fine_284mK_191103__IVB__T_1p40K[-0.000030750],1,1,7.085197302518915,0.0,0.0,0.5664160401002506,0.0,0.0,1.0,6.0
D4.2__Fig 2__SQUID_data__IVB_BS30_A1S1_I_coil_+-0.3mA_fine_284mK_191103__IVB__T_1p40K[-0.000031500],1,1,6.667000491037121,0.0,0.0,0.5664160401002506,0.0,0.0,1.0,6.0
D4.2__Fig 2__SQUID_data__IVB_BS30_A1S1_I_coil_+-0.3mA_fine_284mK_191103__IVB__T_1p40K[-0.000032250],1,1,6.488281623530277,0.0,0.0,0.5664160401002506,0.0,0.0,1.0,6.0
D4.2__Fig 2__SQUID_data__IVB_BS30_A1S1_I_coil_+-0.3mA_fine_284mK_191103__IVB__T_1p40K[-0.000033000],1,1,6.557905730194634,0.0,0.0,0.5664160401002506,0.0,0.0,1.0,6.0
D4.2__Fig 2__SQUID_data__IVB_BS30_A1S1_I_coil_+-0.3mA_fine_284mK_191103__IVB__T_1p40K[-0.000033750],1,1,6.405383873256379,0.0,0.0,0.5664160401002506,0.0,0.0,1.0,6.0
D4.2__Fig 2__SQUID_data__IVB_BS30_A1S1_I_coil_+-0.3mA_fine_284mK_191103__IVB__T_1p40K[-0.000034500],1,1,6.7843688766560835,0.0,0.0,0.5664160401002507,0.0,0.0,1.0,6.0
D4.2__Fig 2__SQUID_data__IVB_BS30_A1S1_I_coil_+-0.3mA_fine_284mK_191103__IVB__T_1p40K[-0.000035250],1,1,7.035538671013434,0.0,0.0,0.5664160401002507,0.0,0.0,1.0,6.0
D4.2__Fig 2__SQUID_data__IVB_BS30_A1S1_I_coil_+-0.3mA_fine_284mK_191103__IVB__T_1p40K[-0.000036000],1,1,7.022161774385796,0.0,0.0,0.5664160401002506,0.0,0.0,1.0,6.0
D4.2__Fig 2__SQUID_data__IVB_BS30_A1S1_I_coil_+-0.3mA_fine_284mK_191103__IVB__T_1p40K[-0.000036750],1,1,7.184533510441098,0.0,0.0,0.5664160401002506,0.0,0.0,1.0,6.0
D4.2__Fig 2__SQUID_data__IVB_BS30_A1S1_I_coil_+-0.3mA_fine_284mK_191103__IVB__T_1p40K[-0.000037500],1,1,6.862914783706077,0.0,0.0,0.5639097744360902,0.0,0.0,1.0,6.0
D4.2__Fig 2__SQUID_data__IVB_BS30_A1S1_I_coil_+-0.3mA_fine_284mK_191103__IVB__T_1p40K[-0.000038250],1,1,7.226430887559816,0.0,0.0,0.5639097744360901,0.0,0.0,1.0,6.0
D4.2__Fig 2__SQUID_data__IVB_BS30_A1S1_I_coil_+-0.3mA_fine_284mK_191103__IVB__T_1p40K[-0.000039000],1,1,7.010510449947979,0.0,0.0,0.5639097744360901,0.0,0.0,1.0,6.0
D4.2__Fig 2__SQUID_data__IVB_BS30_A1S1_I_coil_+-0.3mA_fine_284mK_191103__IVB__T_1p40K[-0.000039750],1,1,6.823726882340972,0.0,0.0,0.5664160401002505,0.0,0.0,1.0,6.0
D4.2__Fig 2__SQUID_data__IVB_BS30_A1S1_I_coil_+-0.3mA_fine_284mK_191103__IVB__T_1p40K[-0.000040500],1,1,6.889651923998579,0.0,0.0,0.5664160401002507,0.0,0.0,1.0,6.0
D4.2__Fig 2__SQUID_data__IVB_BS30_A1S1_I_coil_+-0.3mA_fine_284mK_191103__IVB__T_1p40K[-0.000041250],1,1,6.506346607087887,0.0,0.0,0.5639097744360904,0.0,0.0,1.0,6.0
D4.2__Fig 2__SQUID_data__IVB_BS30_A1S1_I_coil_+-0.3mA_fine_284mK_191103__IVB__T_1p40K[-0.000042000],1,1,7.322512679801303,0.0,0.0,0.5639097744360902,0.0,0.0,1.0,6.0
D4.2__Fig 2__SQUID_data__IVB_BS30_A1S1_I_coil_+-0.3mA_fine_284mK_191103__IVB__T_1p40K[-0.000042750],1,1,8.134255634750133,0.0,0.0,0.5639097744360902,0.0,0.0,1.0,6.0
D4.2__Fig 2__SQUID_data__IVB_BS30_A1S1_I_coil_+-0.3mA_fine_284mK_191103__IVB__T_1p40K[-0.000043500],1,1,8.846411280514168,0.0,0.0,0.5639097744360902,0.0,0.0,1.0,6.0
D4.2__Fig 2__SQUID_data__IVB_BS30_A1S1_I_coil_+-0.3mA_fine_284mK_191103__IVB__T_1p40K[-0.000044250],1,1,8.613749536323716,0.0,0.0,0.5614035087719299,0.0,0.0,1.0,6.0
D4.2__Fig 2__SQUID_data__IVB_BS30_A1S1_I_coil_+-0.3mA_fine_284mK_191103__IVB__T_1p40K[-0.000045000],1,1,7.9448080598803585,0.0,0.0,0.5614035087719299,0.0,0.0,1.0,6.0
D4.2__Fig 2__SQUID_data__IVB_BS30_A1S1_I_coil_+-0.3mA_fine_284mK_191103__IVB__T_1p40K[-0.000045750],1,1,8.050133953099051,0.0,0.0,0.5614035087719298,0.0,0.0,1.0,6.0
D4.2__Fig 2__SQUID_data__IVB_BS30_A1S1_I_coil_+-0.3mA_fine_284mK_191103__IVB__T_1p40K[-0.000046500],1,1,8.081149516023954,0.0,0.0,0.5614035087719297,0.0,0.0,1.0,6.0
D4.2__Fig 2__SQUID_data__IVB_BS30_A1S1_I_coil_+-0.3mA_fine_284mK_191103__IVB__T_1p40K[-0.000047250],1,1,7.868544498516702,0.0,0.0,0.5614035087719298,0.0,0.0,1.0,6.0
D4.2__Fig 2__SQUID_data__IVB_BS30_A1S1_I_coil_+-0.3mA_fine_284mK_191103__IVB__T_1p40K[-0.000048000],1,1,8.074013221816559,0.0,0.0,0.5614035087719298,0.0,0.0,1.0,6.0
D4.2__Fig 2__SQUID_data__IVB_BS30_A1S1_I_coil_+-0.3mA_fine_284mK_191103__IVB__T_1p40K[-0.000048750],1,1,8.461298053751557,0.0,0.0,0.5614035087719298,0.0,0.0,1.0,6.0
D4.2__Fig 2__SQUID_data__IVB_BS30_A1S1_I_coil_+-0.3mA_fine_284mK_191103__IVB__T_1p40K[-0.000049500],1,1,8.626498949302437,0.0,0.0,0.5588972431077693,0.0,0.0,1.0,6.0
D4.2__Fig 2__SQUID_data__IVB_BS30_A1S1_I_coil_+-0.3mA_fine_284mK_191103__IVB__T_1p40K[-0.000050250],1,1,8.101097156882718,0.0,0.0,0.5588972431077693,0.0,0.0,1.0,6.0
D4.2__Fig 2__SQUID_data__IVB_BS30_A1S1_I_coil_+-0.3mA_fine_284mK_191103__IVB__T_1p40K[-0.000051000],1,1,7.673864254393522,0.0,0.0,0.5588972431077694,0.0,0.0,1.0,6.0
D4.2__Fig 2__SQUID_data__IVB_BS30_A1S1_I_coil_+-0.3mA_fine_284mK_191103__IVB__T_1p40K[-0.000051750],1,1,7.294528995764026,0.0,0.0,0.5614035087719299,0.0,0.0,1.0,6.0
D4.2__Fig 2__SQUID_data__IVB_BS30_A1S1_I_coil_+-0.3mA_fine_284mK_191103__IVB__T_1p40K[-0.000052500],1,1,7.297976307387959,0.0,0.0,0.5588972431077694,0.0,0.0,1.0,6.0
D4.2__Fig 2__SQUID_data__IVB_BS30_A1S1_I_coil_+-0.3mA_fine_284mK_191103__IVB__T_1p40K[-0.000053250],1,1,7.720941744039823,0.0,0.0,0.5588972431077694,0.0,0.0,1.0,6.0
D4.2__Fig 2__SQUID_data__IVB_BS30_A1S1_I_coil_+-0.3mA_fine_284mK_191103__IVB__T_1p40K[-0.000054000],1,1,7.628176042074918,0.0,0.0,0.5588972431077694,0.0,0.0,1.0,6.0
D4.2__Fig 2__SQUID_data__IVB_BS30_A1S1_I_coil_+-0.3mA_fine_284mK_191103__IVB__T_1p40K[-0.000054750],1,1,7.907964073828799,0.0,0.0,0.5588972431077693,0.0,0.0,1.0,6.0
D4.2__Fig 2__SQUID_data__IVB_BS30_A1S1_I_coil_+-0.3mA_fine_284mK_191103__IVB__T_1p40K[-0.000055500],1,1,7.711285118873456,0.0,0.0,0.5588972431077694,0.0,0.0,1.0,6.0
D4.2__Fig 2__SQUID_data__IVB_BS30_A1S1_I_coil_+-0.3mA_fine_284mK_191103__IVB__T_1p40K[-0.000056250],1,1,7.8742895961112875,0.0,0.0,0.5588972431077694,0.0,0.0,1.0,6.0
D4.2__Fig 2__SQUID_data__IVB_BS30_A1S1_I_coil_+-0.3mA_fine_284mK_191103__IVB__T_1p40K[-0.000057000],1,1,7.404875103884367,0.0,0.0,0.5588972431077694,0.0,0.0,1.0,6.0
D4.2__Fig 2__SQUID_data__IVB_BS30_A1S1_I_coil_+-0.3mA_fine_284mK_191103__IVB__T_1p40K[-0.000057750],1,1,7.385759901584575,0.0,0.0,0.5588972431077694,0.0,0.0,1.0,6.0
D4.2__Fig 2__SQUID_data__IVB_BS30_A1S1_I_coil_+-0.3mA_fine_284mK_191103__IVB__T_1p40K[-0.000058500],1,1,7.6871277023726705,0.0,0.0,0.5588972431077694,0.0,0.0,1.0,6.0
D4.2__Fig 2__SQUID_data__IVB_BS30_A1S1_I_coil_+-0.3mA_fine_284mK_191103__IVB__T_1p40K[-0.000059250],1,1,7.22750485361268,0.0,0.0,0.5588972431077694,0.0,0.0,1.0,6.0
D4.2__Fig 2__SQUID_data__IVB_BS30_A1S1_I_coil_+-0.3mA_fine_284mK_191103__IVB__T_1p40K[-0.000060000],1,1,7.337058364568275,0.0,0.0,0.5588972431077694,0.0,0.0,1.0,6.0
D4.2__Fig 2__SQUID_data__IVB_BS30_A1S1_I_coil_+-0.3mA_fine_284mK_191103__IVB__T_1p40K[-0.000060750],1,1,7.483773371370643,0.0,0.0,0.5588972431077694,0.0,0.0,1.0,6.0
D4.2__Fig 2__SQUID_data__IVB_BS30_A1S1_I_coil_+-0.3mA_fine_284mK_191103__IVB__T_1p40K[-0.000061500],1,1,7.395492345615805,0.0,0.0,0.5588972431077694,0.0,0.0,1.0,6.0
D4.2__Fig 2__SQUID_data__IVB_BS30_A1S1_I_coil_+-0.3mA_fine_284mK_191103__IVB__T_1p40K[-0.000062250],1,1,6.777030368621825,0.0,0.0,0.5614035087719299,0.0,0.0,1.0,6.0
D4.2__Fig 2__SQUID_data__IVB_BS30_A1S1_I_coil_+-0.3mA_fine_284mK_191103__IVB__T_1p40K[-0.000063000],1,1,6.600278522764135,0.0,0.0,0.5614035087719298,0.0,0.0,1.0,6.0
D4.2__Fig 2__SQUID_data__IVB_BS30_A1S1_I_coil_+-0.3mA_fine_284mK_191103__IVB__T_1p40K[-0.000063750],1,1,6.711075520858644,0.0,0.0,0.5614035087719298,0.0,0.0,1.0,6.0
D4.2__Fig 2__SQUID_data__IVB_BS30_A1S1_I_coil_+-0.3mA_fine_284mK_191103__IVB__T_1p40K[-0.000064500],1,1,6.516930563310765,0.0,0.0,0.5588972431077693,0.0,0.0,1.0,6.0
D4.2__Fig 2__SQUID_data__IVB_BS30_A1S1_I_coil_+-0.3mA_fine_284mK_191103__IVB__T_1p40K[-0.000065250],1,1,6.642990228698039,0.0,0.0,0.5588972431077694,0.0,0.0,1.0,6.0
D4.2__Fig 2__SQUID_data__IVB_BS30_A1S1_I_coil_+-0.3mA_fine_284mK_191103__IVB__T_1p40K[-0.000066000],1,1,6.735855946258986,0.0,0.0,0.5588972431077693,0.0,0.0,1.0,6.0
D4.2__Fig 2__SQUID_data__IVB_BS30_A1S1_I_coil_+-0.3mA_fine_284mK_191103__IVB__T_1p40K[-0.000066750],1,1,6.89945442107108,0.0,0.0,0.5588972431077694,0.0,0.0,1.0,6.0
D4.2__Fig 2__SQUID_data__IVB_BS30_A1S1_I_coil_+-0.3mA_fine_284mK_191103__IVB__T_1p40K[-0.000067500],1,1,6.68698362212649,0.0,0.0,0.5588972431077693,0.0,0.0,1.0,6.0
D4.2__Fig 2__SQUID_data__IVB_BS30_A1S1_I_coil_+-0.3mA_fine_284mK_191103__IVB__T_1p40K[-0.000068250],1,1,6.405649121838621,0.0,0.0,0.5614035087719299,0.0,0.0,1.0,6.0
D4.2__Fig 2__SQUID_data__IVB_BS30_A1S1_I_coil_+-0.3mA_fine_284mK_191103__IVB__T_1p40K[-0.000069000],1,1,6.627246766816774,0.0,0.0,0.5614035087719298,0.0,0.0,1.0,6.0
D4.2__Fig 2__SQUID_data__IVB_BS30_A1S1_I_coil_+-0.3mA_fine_284mK_191103__IVB__T_1p40K[-0.000069750],1,1,6.47210855435488,0.0,0.0,0.5614035087719298,0.0,0.0,1.0,6.0
D4.2__Fig 2__SQUID_data__IVB_BS30_A1S1_I_coil_+-0.3mA_fine_284mK_191103__IVB__T_1p40K[-0.000070500],1,1,6.352327047960296,0.0,0.0,0.5614035087719298,0.0,0.0,1.0,6.0
D4.2__Fig 2__SQUID_data__IVB_BS30_A1S1_I_coil_+-0.3mA_fine_284mK_191103__IVB__T_1p40K[-0.000071250],1,1,6.533089937506593,0.0,0.0,0.5614035087719298,0.0,0.0,1.0,6.0
D4.2__Fig 2__SQUID_data__IVB_BS30_A1S1_I_coil_+-0.3mA_fine_284mK_191103__IVB__T_1p40K[-0.000072000],1,1,6.484125219662303,0.0,0.0,0.5614035087719298,0.0,0.0,1.0,6.0
D4.2__Fig 2__SQUID_data__IVB_BS30_A1S1_I_coil_+-0.3mA_fine_284mK_191103__IVB__T_1p40K[-0.000072750],1,1,6.698123336823392,0.0,0.0,0.5614035087719298,0.0,0.0,1.0,6.0
D4.2__Fig 2__SQUID_data__IVB_BS30_A1S1_I_coil_+-0.3mA_fine_284mK_191103__IVB__T_1p40K[-0.000073500],1,1,6.566078565669996,0.0,0.0,0.5614035087719298,0.0,0.0,1.0,6.0
D4.2__Fig 2__SQUID_data__IVB_BS30_A1S1_I_coil_+-0.3mA_fine_284mK_191103__IVB__T_1p40K[-0.000074250],1,1,6.595277159264439,0.0,0.0,0.5614035087719298,0.0,0.0,1.0,6.0
D4.2__Fig 2__SQUID_data__IVB_BS30_A1S1_I_coil_+-0.3mA_fine_284mK_191103__IVB__T_1p40K[-0.000075000],1,1,6.503476783361743,0.0,0.0,0.5614035087719298,0.0,0.0,1.0,6.0
D4.2__Fig 2__SQUID_data__IVB_BS30_A1S1_I_coil_+-0.3mA_fine_284mK_191103__IVB__T_1p40K[-0.000075750],1,1,6.722024072411783,0.0,0.0,0.5614035087719298,0.0,0.0,1.0,6.0
D4.2__Fig 2__SQUID_data__IVB_BS30_A1S1_I_coil_+-0.3mA_fine_284mK_191103__IVB__T_1p40K[-0.000076500],1,1,7.07227385083506,0.0,0.0,0.5614035087719299,0.0,0.0,1.0,6.0
D4.2__Fig 2__SQUID_data__IVB_BS30_A1S1_I_coil_+-0.3mA_fine_284mK_191103__IVB__T_1p40K[-0.000077250],1,1,7.009951209610526,0.0,0.0,0.5614035087719298,0.0,0.0,1.0,6.0
D4.2__Fig 2__SQUID_data__IVB_BS30_A1S1_I_coil_+-0.3mA_fine_284mK_191103__IVB__T_1p40K[-0.000078000],1,1,6.642523382659661,0.0,0.0,0.5614035087719298,0.0,0.0,1.0,6.0
D4.2__Fig 2__SQUID_data__IVB_BS30_A1S1_I_coil_+-0.3mA_fine_284mK_191103__IVB__T_1p40K[-0.000078750],1,1,6.705401153097277,0.0,0.0,0.5614035087719298,0.0,0.0,1.0,6.0
D4.2__Fig 2__SQUID_data__IVB_BS30_A1S1_I_coil_+-0.3mA_fine_284mK_191103__IVB__T_1p40K[-0.000079500],1,1,6.77586702779857,0.0,0.0,0.5639097744360901,0.0,0.0,1.0,6.0
D4.2__Fig 2__SQUID_data__IVB_BS30_A1S1_I_coil_+-0.3mA_fine_284mK_191103__IVB__T_1p40K[-0.000080250],1,1,7.061603395862981,0.0,0.0,0.5639097744360902,0.0,0.0,1.0,6.0
D4.2__Fig 2__SQUID_data__IVB_BS30_A1S1_I_coil_+-0.3mA_fine_284mK_191103__IVB__T_1p40K[-0.000081000],1,1,7.033269322195752,0.0,0.0,0.5639097744360902,0.0,0.0,1.0,6.0
D4.2__Fig 2__SQUID_data__IVB_BS30_A1S1_I_coil_+-0.3mA_fine_284mK_191103__IVB__T_1p40K[-0.000081750],1,1,7.0229619302855255,0.0,0.0,0.5639097744360902,0.0,0.0,1.0,6.0
D4.2__Fig 2__SQUID_data__IVB_BS30_A1S1_I_coil_+-0.3mA_fine_284mK_191103__IVB__T_1p40K[-0.000082500],1,1,7.041493926826168,0.0,0.0,0.5639097744360902,0.0,0.0,1.0,6.0
D4.2__Fig 2__SQUID_data__IVB_BS30_A1S1_I_coil_+-0.3mA_fine_284mK_191103__IVB__T_1p40K[-0.000083250],1,1,6.998845732957715,0.0,0.0,0.5639097744360904,0.0,0.0,1.0,6.0
D4.2__Fig 2__SQUID_data__IVB_BS30_A1S1_I_coil_+-0.3mA_fine_284mK_191103__IVB__T_1p40K[-0.000084000],1,1,7.269021202681368,0.0,0.0,0.5664160401002507,0.0,0.0,1.0,6.0
D4.2__Fig 2__SQUID_data__IVB_BS30_A1S1_I_coil_+-0.3mA_fine_284mK_191103__IVB__T_1p40K[-0.000084750],1,1,6.867436414558625,0.0,0.0,0.5689223057644109,0.0,0.0,1.0,6.0
D4.2__Fig 2__SQUID_data__IVB_BS30_A1S1_I_coil_+-0.3mA_fine_284mK_191103__IVB__T_1p40K[-0.000085500],1,1,6.640434234395853,0.0,0.0,0.5714285714285714,0.0,0.0,1.0,6.0
D4.2__Fig 2__SQUID_data__IVB_BS30_A1S1_I_coil_+-0.3mA_fine_284mK_191103__IVB__T_1p40K[-0.000086250],1,1,6.7627040223478865,0.0,0.0,0.5739348370927317,0.0,0.0,1.0,6.0
D4.2__Fig 2__SQUID_data__IVB_BS30_A1S1_I_coil_+-0.3mA_fine_284mK_191103__IVB__T_1p40K[-0.000087000],1,1,7.0790737656017075,0.0,0.0,0.5764411027568922,0.0,0.0,1.0,6.0
D4.2__Fig 2__SQUID_data__IVB_BS30_A1S1_I_coil_+-0.3mA_fine_284mK_191103__IVB__T_1p40K[-0.000087750],1,1,7.10113296236231,0.0,0.0,0.5789473684210525,0.0,0.0,1.0,6.0
D4.2__Fig 2__SQUID_data__IVB_BS30_A1S1_I_coil_+-0.3mA_fine_284mK_191103__IVB__T_1p40K[-0.000088500],1,1,6.957666660235815,0.0,0.0,0.5839598997493735,0.0,0.0,1.0,6.0
D4.2__Fig 2__SQUID_data__IVB_BS30_A1S1_I_coil_+-0.3mA_fine_284mK_191103__IVB__T_1p40K[-0.000089250],1,1,6.9528912440646,0.0,0.0,0.5864661654135338,0.0,0.0,1.0,6.0
D4.2__Fig 2__SQUID_data__IVB_BS30_A1S1_I_coil_+-0.3mA_fine_284mK_191103__IVB__T_1p40K[-0.000090000],1,1,7.025584903148398,0.0,0.0,0.5889724310776943,0.0,0.0,1.0,6.0
D4.2__Fig 2__SQUID_data__IVB_BS30_A1S1_I_coil_+-0.3mA_fine_284mK_191103__IVB__T_1p40K[-0.000090750],1,1,6.9225833750810155,0.0,0.0,0.5914786967418547,0.0,0.0,1.0,6.0
D4.2__Fig 2__SQUID_data__IVB_BS30_A1S1_I_coil_+-0.3mA_fine_284mK_191103__IVB__T_1p40K[-0.000091500],1,1,6.887391796215758,0.0,0.0,0.5964912280701755,0.0,0.0,1.0,6.0
D4.2__Fig 2__SQUID_data__IVB_BS30_A1S1_I_coil_+-0.3mA_fine_284mK_191103__IVB__T_1p40K[-0.000092250],1,1,7.26607107645441,0.0,0.0,0.5989974937343359,0.0,0.0,1.0,6.0
D4.2__Fig 2__SQUID_data__IVB_BS30_A1S1_I_coil_+-0.3mA_fine_284mK_191103__IVB__T_1p40K[-0.000093000],1,1,7.030994125515199,0.0,0.0,0.6015037593984963,0.0,0.0,1.0,6.0
D4.2__Fig 2__SQUID_data__IVB_BS30_A1S1_I_coil_+-0.3mA_fine_284mK_191103__IVB__T_1p40K[-0.000093750],1,1,6.734338104179082,0.0,0.0,0.6040100250626567,0.0,0.0,1.0,6.0
D4.2__Fig 2__SQUID_data__IVB_BS30_A1S1_I_coil_+-0.3mA_fine_284mK_191103__IVB__T_1p40K[-0.000094500],1,1,6.553934019449677,0.0,0.0,0.6040100250626567,0.0,0.0,1.0,6.0
D4.2__Fig 2__SQUID_data__IVB_BS30_A1S1_I_coil_+-0.3mA_fine_284mK_191103__IVB__T_1p40K[-0.000095250],1,1,6.6704851762811455,0.0,0.0,0.6065162907268171,0.0,0.0,1.0,6.0
D4.2__Fig 2__SQUID_data__IVB_BS30_A1S1_I_coil_+-0.3mA_fine_284mK_191103__IVB__T_1p40K[-0.000096000],1,1,6.899039101641074,0.0,0.0,0.6090225563909774,0.0,0.0,1.0,6.0
D4.2__Fig 2__SQUID_data__IVB_BS30_A1S1_I_coil_+-0.3mA_fine_284mK_191103__IVB__T_1p40K[-0.000096750],1,1,6.915896080988646,0.0,0.0,0.6090225563909774,0.0,0.0,1.0,6.0
D4.2__Fig 2__SQUID_data__IVB_BS30_A1S1_I_coil_+-0.3mA_fine_284mK_191103__IVB__T_1p40K[-0.000097500],1,1,6.765199593614737,0.0,0.0,0.6090225563909775,0.0,0.0,1.0,6.0
D4.2__Fig 2__SQUID_data__IVB_BS30_A1S1_I_coil_+-0.3mA_fine_284mK_191103__IVB__T_1p40K[-0.000098250],1,1,7.011022246592131,0.0,0.0,0.6115288220551378,0.0,0.0,1.0,6.0
D4.2__Fig 2__SQUID_data__IVB_BS30_A1S1_I_coil_+-0.3mA_fine_284mK_191103__IVB__T_1p40K[-0.000099000],1,1,6.89955116282276,0.0,0.0,0.6115288220551378,0.0,0.0,1.0,6.0
D4.2__Fig 2__SQUID_data__IVB_BS30_A1S1_I_coil_+-0.3mA_fine_284mK_191103__IVB__T_1p40K[-0.000099750],1,1,6.994573436483716,0.0,0.0,0.6115288220551379,0.0,0.0,1.0,6.0
D4.2__Fig 2__SQUID_data__IVB_BS30_A1S1_I_coil_+-0.3mA_fine_284mK_191103__IVB__T_1p40K[-0.000100500],1,1,6.8062729899285825,0.0,0.0,0.6090225563909775,0.0,0.0,1.0,6.0
D4.2__Fig 2__SQUID_data__IVB_BS30_A1S1_I_coil_+-0.3mA_fine_284mK_191103__IVB__T_1p40K[-0.000101250],1,1,6.590477749388947,0.0,0.0,0.606516290726817,0.0,0.0,1.0,6.0
D4.2__Fig 2__SQUID_data__IVB_BS30_A1S1_I_coil_+-0.3mA_fine_284mK_191103__IVB__T_1p40K[-0.000102000],1,1,6.902153083106964,0.0,0.0,0.606516290726817,0.0,0.0,1.0,6.0
D4.2__Fig 2__SQUID_data__IVB_BS30_A1S1_I_coil_+-0.3mA_fine_284mK_191103__IVB__T_1p40K[-0.000102750],1,1,7.159533685250828,0.0,0.0,0.6090225563909775,0.0,0.0,1.0,6.0
D4.2__Fig 2__SQUID_data__IVB_BS30_A1S1_I_coil_+-0.3mA_fine_284mK_191103__IVB__T_1p40K[-0.000103500],1,1,7.2718376115460375,0.0,0.0,0.6090225563909774,0.0,0.0,1.0,6.0
D4.2__Fig 2__SQUID_data__IVB_BS30_A1S1_I_coil_+-0.3mA_fine_284mK_191103__IVB__T_1p40K[-0.000104250],1,1,7.500395979984193,0.0,0.0,0.6115288220551378,0.0,0.0,1.0,6.0
D4.2__Fig 2__SQUID_data__IVB_BS30_A1S1_I_coil_+-0.3mA_fine_284mK_191103__IVB__T_1p40K[-0.000105000],1,1,7.246676220515846,0.0,0.0,0.6115288220551378,0.0,0.0,1.0,6.0
D4.2__Fig 2__SQUID_data__IVB_BS30_A1S1_I_coil_+-0.3mA_fine_284mK_191103__IVB__T_1p40K[-0.000105750],1,1,7.163446801436501,0.0,0.0,0.6115288220551378,0.0,0.0,1.0,6.0
D4.2__Fig 2__SQUID_data__IVB_BS30_A1S1_I_coil_+-0.3mA_fine_284mK_191103__IVB__T_1p40K[-0.000106500],1,1,7.033277897421583,0.0,0.0,0.6140350877192983,0.0,0.0,1.0,6.0
D4.2__Fig 2__SQUID_data__IVB_BS30_A1S1_I_coil_+-0.3mA_fine_284mK_191103__IVB__T_1p40K[-0.000107250],1,1,6.72501647117988,0.0,0.0,0.6140350877192982,0.0,0.0,1.0,6.0
D4.2__Fig 2__SQUID_data__IVB_BS30_A1S1_I_coil_+-0.3mA_fine_284mK_191103__IVB__T_1p40K[-0.000108000],1,1,6.7080037468439535,0.0,0.0,0.6140350877192983,0.0,0.0,1.0,6.0
D4.2__Fig 2__SQUID_data__IVB_BS30_A1S1_I_coil_+-0.3mA_fine_284mK_191103__IVB__T_1p40K[-0.000108750],1,1,6.634771278888309,0.0,0.0,0.6140350877192982,0.0,0.0,1.0,6.0
D4.2__Fig 2__SQUID_data__IVB_BS30_A1S1_I_coil_+-0.3mA_fine_284mK_191103__IVB__T_1p40K[-0.000109500],1,1,6.539765556480766,0.0,0.0,0.6140350877192983,0.0,0.0,1.0,6.0
D4.2__Fig 2__SQUID_data__IVB_BS30_A1S1_I_coil_+-0.3mA_fine_284mK_191103__IVB__T_1p40K[-0.000110250],1,1,6.4372658959393645,0.0,0.0,0.6140350877192982,0.0,0.0,1.0,6.0
D4.2__Fig 2__SQUID_data__IVB_BS30_A1S1_I_coil_+-0.3mA_fine_284mK_191103__IVB__T_1p40K[-0.000111000],1,1,6.369784572529701,0.0,0.0,0.6140350877192983,0.0,0.0,1.0,6.0
D4.2__Fig 2__SQUID_data__IVB_BS30_A1S1_I_coil_+-0.3mA_fine_284mK_191103__IVB__T_1p40K[-0.000111750],1,1,6.344509232123136,0.0,0.0,0.6165413533834587,0.0,0.0,1.0,6.0
D4.2__Fig 2__SQUID_data__IVB_BS30_A1S1_I_coil_+-0.3mA_fine_284mK_191103__IVB__T_1p40K[-0.000112500],1,1,6.241434592193929,0.0,0.0,0.6165413533834586,0.0,0.0,1.0,6.0
D4.2__Fig 2__SQUID_data__IVB_BS30_A1S1_I_coil_+-0.3mA_fine_284mK_191103__IVB__T_1p40K[-0.000113250],1,1,6.5525831145205435,0.0,0.0,0.6165413533834587,0.0,0.0,1.0,6.0
D4.2__Fig 2__SQUID_data__IVB_BS30_A1S1_I_coil_+-0.3mA_fine_284mK_191103__IVB__T_1p40K[-0.000114000],1,1,6.661678129499371,0.0,0.0,0.6165413533834586,0.0,0.0,1.0,6.0
D4.2__Fig 2__SQUID_data__IVB_BS30_A1S1_I_coil_+-0.3mA_fine_284mK_191103__IVB__T_1p40K[-0.000114750],1,1,6.828106481530649,0.0,0.0,0.6165413533834586,0.0,0.0,1.0,6.0
D4.2__Fig 2__SQUID_data__IVB_BS30_A1S1_I_coil_+-0.3mA_fine_284mK_191103__IVB__T_1p40K[-0.000115500],1,1,6.379929630944942,0.0,0.0,0.6165413533834586,0.0,0.0,1.0,6.0
D4.2__Fig 2__SQUID_data__IVB_BS30_A1S1_I_coil_+-0.3mA_fine_284mK_191103__IVB__T_1p40K[-0.000116250],1,1,6.702768719651648,0.0,0.0,0.6165413533834587,0.0,0.0,1.0,6.0
D4.2__Fig 2__SQUID_data__IVB_BS30_A1S1_I_coil_+-0.3mA_fine_284mK_191103__IVB__T_1p40K[-0.000117000],1,1,6.712317364504566,0.0,0.0,0.6165413533834586,0.0,0.0,1.0,6.0
D4.2__Fig 2__SQUID_data__IVB_BS30_A1S1_I_coil_+-0.3mA_fine_284mK_191103__IVB__T_1p40K[-0.000117750],1,1,6.275557054248565,0.0,0.0,0.6165413533834587,0.0,0.0,1.0,6.0
D4.2__Fig 2__SQUID_data__IVB_BS30_A1S1_I_coil_+-0.3mA_fine_284mK_191103__IVB__T_1p40K[-0.000118500],1,1,6.439267016730543,0.0,0.0,0.6165413533834587,0.0,0.0,1.0,6.0
D4.2__Fig 2__SQUID_data__IVB_BS30_A1S1_I_coil_+-0.3mA_fine_284mK_191103__IVB__T_1p40K[-0.000119250],1,1,6.591010080023727,0.0,0.0,0.6140350877192983,0.0,0.0,1.0,6.0
D4.2__Fig 2__SQUID_data__IVB_BS30_A1S1_I_coil_+-0.3mA_fine_284mK_191103__IVB__T_1p40K[-0.000120000],1,1,6.647979570436553,0.0,0.0,0.6115288220551378,0.0,0.0,1.0,6.0
D4.2__Fig 2__SQUID_data__IVB_BS30_A1S1_I_coil_+-0.3mA_fine_284mK_191103__IVB__T_1p40K[-0.000120750],1,1,6.6834391097012,0.0,0.0,0.6115288220551378,0.0,0.0,1.0,6.0
D4.2__Fig 2__SQUID_data__IVB_BS30_A1S1_I_coil_+-0.3mA_fine_284mK_191103__IVB__T_1p40K[-0.000121500],1,1,6.665801327435074,0.0,0.0,0.6115288220551378,0.0,0.0,1.0,6.0
D4.2__Fig 2__SQUID_data__IVB_BS30_A1S1_I_coil_+-0.3mA_fine_284mK_191103__IVB__T_1p40K[-0.000122250],1,1,6.638892698070704,0.0,0.0,0.6115288220551379,0.0,0.0,1.0,6.0
D4.2__Fig 2__SQUID_data__IVB_BS30_A1S1_I_coil_+-0.3mA_fine_284mK_191103__IVB__T_1p40K[-0.000123000],1,1,6.668144684161872,0.0,0.0,0.6115288220551379,0.0,0.0,1.0,6.0
D4.2__Fig 2__SQUID_data__IVB_BS30_A1S1_I_coil_+-0.3mA_fine_284mK_191103__IVB__T_1p40K[-0.000123750],1,1,6.787957776348818,0.0,0.0,0.6115288220551379,0.0,0.0,1.0,6.0
D4.2__Fig 2__SQUID_data__IVB_BS30_A1S1_I_coil_+-0.3mA_fine_284mK_191103__IVB__T_1p40K[-0.000124500],1,1,7.413735417633494,0.0,0.0,0.6115288220551378,0.0,0.0,1.0,6.0
D4.2__Fig 2__SQUID_data__IVB_BS30_A1S1_I_coil_+-0.3mA_fine_284mK_191103__IVB__T_1p40K[-0.000125250],1,1,7.663651302784189,0.0,0.0,0.6115288220551378,0.0,0.0,1.0,6.0
D4.2__Fig 2__SQUID_data__IVB_BS30_A1S1_I_coil_+-0.3mA_fine_284mK_191103__IVB__T_1p40K[-0.000126000],1,1,7.210297430038889,0.0,0.0,0.6115288220551378,0.0,0.0,1.0,6.0
D4.2__Fig 2__SQUID_data__IVB_BS30_A1S1_I_coil_+-0.3mA_fine_284mK_191103__IVB__T_1p40K[-0.000126750],1,1,7.271094595132315,0.0,0.0,0.6115288220551378,0.0,0.0,1.0,6.0
D4.2__Fig 2__SQUID_data__IVB_BS30_A1S1_I_coil_+-0.3mA_fine_284mK_191103__IVB__T_1p40K[-0.000127500],1,1,7.229723878702995,0.0,0.0,0.6115288220551379,0.0,0.0,1.0,6.0
D4.2__Fig 2__SQUID_data__IVB_BS30_A1S1_I_coil_+-0.3mA_fine_284mK_191103__IVB__T_1p40K[-0.000128250],1,1,6.6938862383484095,0.0,0.0,0.6115288220551378,0.0,0.0,1.0,6.0
D4.2__Fig 2__SQUID_data__IVB_BS30_A1S1_I_coil_+-0.3mA_fine_284mK_191103__IVB__T_1p40K[-0.000129000],1,1,6.5583149844061195,0.0,0.0,0.6115288220551378,0.0,0.0,1.0,6.0
D4.2__Fig 2__SQUID_data__IVB_BS30_A1S1_I_coil_+-0.3mA_fine_284mK_191103__IVB__T_1p40K[-0.000129750],1,1,6.721037112350715,0.0,0.0,0.6115288220551379,0.0,0.0,1.0,6.0
D4.2__Fig 2__SQUID_data__IVB_BS30_A1S1_I_coil_+-0.3mA_fine_284mK_191103__IVB__T_1p40K[-0.000130500],1,1,6.9908843805152046,0.0,0.0,0.6115288220551378,0.0,0.0,1.0,6.0
D4.2__Fig 2__SQUID_data__IVB_BS30_A1S1_I_coil_+-0.3mA_fine_284mK_191103__IVB__T_1p40K[-0.000131250],1,1,6.722526629812237,0.0,0.0,0.6115288220551378,0.0,0.0,1.0,6.0
D4.2__Fig 2__SQUID_data__IVB_BS30_A1S1_I_coil_+-0.3mA_fine_284mK_191103__IVB__T_1p40K[-0.000132000],1,1,6.5486999075047825,0.0,0.0,0.6090225563909775,0.0,0.0,1.0,6.0
D4.2__Fig 2__SQUID_data__IVB_BS30_A1S1_I_coil_+-0.3mA_fine_284mK_191103__IVB__T_1p40K[-0.000132750],1,1,6.547109541175514,0.0,0.0,0.6090225563909774,0.0,0.0,1.0,6.0
D4.2__Fig 2__SQUID_data__IVB_BS30_A1S1_I_coil_+-0.3mA_fine_284mK_191103__IVB__T_1p40K[-0.000133500],1,1,6.4179553589225895,0.0,0.0,0.6090225563909776,0.0,0.0,1.0,6.0
D4.2__Fig 2__SQUID_data__IVB_BS30_A1S1_I_coil_+-0.3mA_fine_284mK_191103__IVB__T_1p40K[-0.000134250],1,1,6.388350460327816,0.0,0.0,0.6090225563909775,0.0,0.0,1.0,6.0
D4.2__Fig 2__SQUID_data__IVB_BS30_A1S1_I_coil_+-0.3mA_fine_284mK_191103__IVB__T_1p40K[-0.000135000],1,1,6.3080826307595705,0.0,0.0,0.6065162907268171,0.0,0.0,1.0,6.0
D4.2__Fig 2__SQUID_data__IVB_BS30_A1S1_I_coil_+-0.3mA_fine_284mK_191103__IVB__T_1p40K[-0.000135750],1,1,6.423404425783196,0.0,0.0,0.606516290726817,0.0,0.0,1.0,6.0
D4.2__Fig 2__SQUID_data__IVB_BS30_A1S1_I_coil_+-0.3mA_fine_284mK_191103__IVB__T_1p40K[-0.000136500],1,1,6.212762706103843,0.0,0.0,0.6040100250626567,0.0,0.0,1.0,6.0
D4.2__Fig 2__SQUID_data__IVB_BS30_A1S1_I_coil_+-0.3mA_fine_284mK_191103__IVB__T_1p40K[-0.000137250],1,1,6.236232307679425,0.0,0.0,0.6040100250626567,0.0,0.0,1.0,6.0
D4.2__Fig 2__SQUID_data__IVB_BS30_A1S1_I_coil_+-0.3mA_fine_284mK_191103__IVB__T_1p40K[-0.000138000],1,1,6.270842784291512,0.0,0.0,0.6040100250626567,0.0,0.0,1.0,6.0
D4.2__Fig 2__SQUID_data__IVB_BS30_A1S1_I_coil_+-0.3mA_fine_284mK_191103__IVB__T_1p40K[-0.000138750],1,1,6.0284502058854965,0.0,0.0,0.5914786967418547,0.0,0.0,1.0,6.0
D4.2__Fig 2__SQUID_data__IVB_BS30_A1S1_I_coil_+-0.3mA_fine_284mK_191103__IVB__T_1p40K[-0.000139500],1,1,5.8672091403120445,0.0,0.0,0.5889724310776941,0.0,0.0,1.0,6.0
D4.2__Fig 2__SQUID_data__IVB_BS30_A1S1_I_coil_+-0.3mA_fine_284mK_191103__IVB__T_1p40K[-0.000140250],1,1,5.526843513140319,0.0,0.0,0.5864661654135338,0.0,0.0,1.0,6.0
D4.2__Fig 2__SQUID_data__IVB_BS30_A1S1_I_coil_+-0.3mA_fine_284mK_191103__IVB__T_1p40K[-0.000141000],1,1,5.172369461494002,0.0,0.0,0.5839598997493735,0.0,0.0,1.0,6.0
D4.2__Fig 2__SQUID_data__IVB_BS30_A1S1_I_coil_+-0.3mA_fine_284mK_191103__IVB__T_1p40K[-0.000141750],1,1,5.7370874424745315,0.0,0.0,0.6090225563909775,0.0,0.0,1.0,6.0
D4.2__Fig 2__SQUID_data__IVB_BS30_A1S1_I_coil_+-0.3mA_fine_284mK_191103__IVB__T_1p40K[-0.000142500],1,1,6.056162392316507,0.0,0.0,0.606516290726817,0.0,0.0,1.0,6.0
D4.2__Fig 2__SQUID_data__IVB_BS30_A1S1_I_coil_+-0.3mA_fine_284mK_191103__IVB__T_1p40K[-0.000143250],1,1,5.692942818306574,0.0,0.0,0.606516290726817,0.0,0.0,1.0,6.0
D4.2__Fig 2__SQUID_data__IVB_BS30_A1S1_I_coil_+-0.3mA_fine_284mK_191103__IVB__T_1p40K[-0.000144000],1,1,5.981788859890491,0.0,0.0,0.6065162907268171,0.0,0.0,1.0,6.0
D4.2__Fig 2__SQUID_data__IVB_BS30_A1S1_I_coil_+-0.3mA_fine_284mK_191103__IVB__T_1p40K[-0.000144750],1,1,6.254809924846376,0.0,0.0,0.606516290726817,0.0,0.0,1.0,6.0
D4.2__Fig 2__SQUID_data__IVB_BS30_A1S1_I_coil_+-0.3mA_fine_284mK_191103__IVB__T_1p40K[-0.000145500],1,1,6.341283779068958,0.0,0.0,0.6040100250626567,0.0,0.0,1.0,6.0
D4.2__Fig 2__SQUID_data__IVB_BS30_A1S1_I_coil_+-0.3mA_fine_284mK_191103__IVB__T_1p40K[-0.000146250],1,1,6.281896453429246,0.0,0.0,0.6040100250626566,0.0,0.0,1.0,6.0
D4.2__Fig 2__SQUID_data__IVB_BS30_A1S1_I_coil_+-0.3mA_fine_284mK_191103__IVB__T_1p40K[-0.000147000],1,1,6.452629451056014,0.0,0.0,0.6040100250626567,0.0,0.0,1.0,6.0
D4.2__Fig 2__SQUID_data__IVB_BS30_A1S1_I_coil_+-0.3mA_fine_284mK_191103__IVB__T_1p40K[-0.000147750],1,1,6.4050850832749076,0.0,0.0,0.6040100250626567,0.0,0.0,1.0,6.0
D4.2__Fig 2__SQUID_data__IVB_BS30_A1S1_I_coil_+-0.3mA_fine_284mK_191103__IVB__T_1p40K[-0.000148500],1,1,6.269110998586003,0.0,0.0,0.6015037593984963,0.0,0.0,1.0,6.0
D4.2__Fig 2__SQUID_data__IVB_BS30_A1S1_I_coil_+-0.3mA_fine_284mK_191103__IVB__T_1p40K[-0.000149250],1,1,6.284215329836857,0.0,0.0,0.6015037593984963,0.0,0.0,1.0,6.0
D4.2__Fig 2__SQUID_data__IVB_BS30_A1S1_I_coil_+-0.3mA_fine_284mK_191103__IVB__T_1p40K[-0.000150000],1,1,6.6163842983442205,0.0,0.0,0.6015037593984962,0.0,0.0,1.0,6.0
D4.2__Fig 2__SQUID_data__IVB_BS30_A1S1_I_coil_+-0.3mA_fine_284mK_191103__IVB__T_1p40K[-0.000150750],1,1,6.56736007870401,0.0,0.0,0.5989974937343359,0.0,0.0,1.0,6.0
D4.2__Fig 2__SQUID_data__IVB_BS30_A1S1_I_coil_+-0.3mA_fine_284mK_191103__IVB__T_1p40K[-0.000151500],1,1,6.418059372406151,0.0,0.0,0.5989974937343358,0.0,0.0,1.0,6.0
D4.2__Fig 2__SQUID_data__IVB_BS30_A1S1_I_coil_+-0.3mA_fine_284mK_191103__IVB__T_1p40K[-0.000152250],1,1,6.577217488016661,0.0,0.0,0.5989974937343359,0.0,0.0,1.0,6.0
D4.2__Fig 2__SQUID_data__IVB_BS30_A1S1_I_coil_+-0.3mA_fine_284mK_191103__IVB__T_1p40K[-0.000153000],1,1,6.826186541562119,0.0,0.0,0.5989974937343358,0.0,0.0,1.0,6.0
D4.2__Fig 2__SQUID_data__IVB_BS30_A1S1_I_coil_+-0.3mA_fine_284mK_191103__IVB__T_1p40K[-0.000153750],1,1,6.671073617800305,0.0,0.0,0.5989974937343359,0.0,0.0,1.0,6.0
D4.2__Fig 2__SQUID_data__IVB_BS30_A1S1_I_coil_+-0.3mA_fine_284mK_191103__IVB__T_1p40K[-0.000154500],1,1,6.4170160530631986,0.0,0.0,0.5964912280701755,0.0,0.0,1.0,6.0
D4.2__Fig 2__SQUID_data__IVB_BS30_A1S1_I_coil_+-0.3mA_fine_284mK_191103__IVB__T_1p40K[-0.000155250],1,1,6.56350712913495,0.0,0.0,0.5964912280701754,0.0,0.0,1.0,6.0
D4.2__Fig 2__SQUID_data__IVB_BS30_A1S1_I_coil_+-0.3mA_fine_284mK_191103__IVB__T_1p40K[-0.000156000],1,1,6.553885163043456,0.0,0.0,0.5964912280701753,0.0,0.0,1.0,6.0
D4.2__Fig 2__SQUID_data__IVB_BS30_A1S1_I_coil_+-0.3mA_fine_284mK_191103__IVB__T_1p40K[-0.000156750],1,1,6.436966508832313,0.0,0.0,0.5964912280701754,0.0,0.0,1.0,6.0
D4.2__Fig 2__SQUID_data__IVB_BS30_A1S1_I_coil_+-0.3mA_fine_284mK_191103__IVB__T_1p40K[-0.000157500],1,1,6.266506577171829,0.0,0.0,0.593984962406015,0.0,0.0,1.0,6.0
D4.2__Fig 2__SQUID_data__IVB_BS30_A1S1_I_coil_+-0.3mA_fine_284mK_191103__IVB__T_1p40K[-0.000158250],1,1,6.139352443626557,0.0,0.0,0.5939849624060151,0.0,0.0,1.0,6.0
D4.2__Fig 2__SQUID_data__IVB_BS30_A1S1_I_coil_+-0.3mA_fine_284mK_191103__IVB__T_1p40K[-0.000159000],1,1,6.033678776484969,0.0,0.0,0.5939849624060151,0.0,0.0,1.0,6.0
D4.2__Fig 2__SQUID_data__IVB_BS30_A1S1_I_coil_+-0.3mA_fine_284mK_191103__IVB__T_1p40K[-0.000159750],1,1,6.353355730632322,0.0,0.0,0.5939849624060151,0.0,0.0,1.0,6.0
D4.2__Fig 2__SQUID_data__IVB_BS30_A1S1_I_coil_+-0.3mA_fine_284mK_191103__IVB__T_1p40K[-0.000160500],1,1,6.405072371501105,0.0,0.0,0.5939849624060151,0.0,0.0,1.0,6.0
D4.2__Fig 2__SQUID_data__IVB_BS30_A1S1_I_coil_+-0.3mA_fine_284mK_191103__IVB__T_1p40K[-0.000161250],1,1,6.299739351005561,0.0,0.0,0.5914786967418546,0.0,0.0,1.0,6.0
D4.2__Fig 2__SQUID_data__IVB_BS30_A1S1_I_coil_+-0.3mA_fine_284mK_191103__IVB__T_1p40K[-0.000162000],1,1,6.278011102521633,0.0,0.0,0.5914786967418547,0.0,0.0,1.0,6.0
D4.2__Fig 2__SQUID_data__IVB_BS30_A1S1_I_coil_+-0.3mA_fine_284mK_191103__IVB__T_1p40K[-0.000162750],1,1,6.374518606354529,0.0,0.0,0.5914786967418547,0.0,0.0,1.0,6.0
D4.2__Fig 2__SQUID_data__IVB_BS30_A1S1_I_coil_+-0.3mA_fine_284mK_191103__IVB__T_1p40K[-0.000163500],1,1,6.136585143152949,0.0,0.0,0.5639097744360901,0.0,0.0,1.0,6.0
D4.2__Fig 2__SQUID_data__IVB_BS30_A1S1_I_coil_+-0.3mA_fine_284mK_191103__IVB__T_1p40K[-0.000164250],1,1,5.980745542854052,0.0,0.0,0.5639097744360902,0.0,0.0,1.0,6.0
D4.2__Fig 2__SQUID_data__IVB_BS30_A1S1_I_coil_+-0.3mA_fine_284mK_191103__IVB__T_1p40K[-0.000165000],1,1,5.8484222771732,0.0,0.0,0.5639097744360902,0.0,0.0,1.0,6.0
D4.2__Fig 2__SQUID_data__IVB_BS30_A1S1_I_coil_+-0.3mA_fine_284mK_191103__IVB__T_1p40K[-0.000165750],1,1,5.9223194650157955,0.0,0.0,0.5639097744360902,0.0,0.0,1.0,6.0
D4.2__Fig 2__SQUID_data__IVB_BS30_A1S1_I_coil_+-0.3mA_fine_284mK_191103__IVB__T_1p40K[-0.000166500],1,1,5.8846992903503015,0.0,0.0,0.5639097744360902,0.0,0.0,1.0,6.0
D4.2__Fig 2__SQUID_data__IVB_BS30_A1S1_I_coil_+-0.3mA_fine_284mK_191103__IVB__T_1p40K[-0.000167250],1,1,5.527680987159448,0.0,0.0,0.5639097744360902,0.0,0.0,1.0,6.0
D4.2__Fig 2__SQUID_data__IVB_BS30_A1S1_I_coil_+-0.3mA_fine_284mK_191103__IVB__T_1p40K[-0.000168000],1,1,5.433181787169234,0.0,0.0,0.5639097744360901,0.0,0.0,1.0,6.0
D4.2__Fig 2__SQUID_data__IVB_BS30_A1S1_I_coil_+-0.3mA_fine_284mK_191103__IVB__T_1p40K[-0.000168750],1,1,5.744150475869324,0.0,0.0,0.5639097744360902,0.0,0.0,1.0,6.0
D4.2__Fig 2__SQUID_data__IVB_BS30_A1S1_I_coil_+-0.3mA_fine_284mK_191103__IVB__T_1p40K[-0.000169500],1,1,6.088112733757909,0.0,0.0,0.5639097744360902,0.0,0.0,1.0,6.0
D4.2__Fig 2__SQUID_data__IVB_BS30_A1S1_I_coil_+-0.3mA_fine_284mK_191103__IVB__T_1p40K[-0.000170250],1,1,5.8854787072630845,0.0,0.0,0.5639097744360902,0.0,0.0,1.0,6.0
D4.2__Fig 2__SQUID_data__IVB_BS30_A1S1_I_coil_+-0.3mA_fine_284mK_191103__IVB__T_1p40K[-0.000171000],1,1,5.955439839902203,0.0,0.0,0.5664160401002507,0.0,0.0,1.0,6.0
D4.2__Fig 2__SQUID_data__IVB_BS30_A1S1_I_coil_+-0.3mA_fine_284mK_191103__IVB__T_1p40K[-0.000171750],1,1,6.124952441358294,0.0,0.0,0.5639097744360902,0.0,0.0,1.0,6.0
D4.2__Fig 2__SQUID_data__IVB_BS30_A1S1_I_coil_+-0.3mA_fine_284mK_191103__IVB__T_1p40K[-0.000172500],1,1,6.002606601742007,0.0,0.0,0.5639097744360901,0.0,0.0,1.0,6.0
D4.2__Fig 2__SQUID_data__IVB_BS30_A1S1_I_coil_+-0.3mA_fine_284mK_191103__IVB__T_1p40K[-0.000173250],1,1,6.085428264987007,0.0,0.0,0.5639097744360901,0.0,0.0,1.0,6.0
D4.2__Fig 2__SQUID_data__IVB_BS30_A1S1_I_coil_+-0.3mA_fine_284mK_191103__IVB__T_1p40K[-0.000174000],1,1,6.169100370031902,0.0,0.0,0.5639097744360902,0.0,0.0,1.0,6.0
D4.2__Fig 2__SQUID_data__IVB_BS30_A1S1_I_coil_+-0.3mA_fine_284mK_191103__IVB__T_1p40K[-0.000174750],1,1,6.788797077141574,0.0,0.0,0.5739348370927319,0.0,0.0,1.0,6.0
D4.2__Fig 2__SQUID_data__IVB_BS30_A1S1_I_coil_+-0.3mA_fine_284mK_191103__IVB__T_1p40K[-0.000175500],1,1,6.785596020566194,0.0,0.0,0.5739348370927319,0.0,0.0,1.0,6.0
D4.2__Fig 2__SQUID_data__IVB_BS30_A1S1_I_coil_+-0.3mA_fine_284mK_191103__IVB__T_1p40K[-0.000176250],1,1,6.932095096098108,0.0,0.0,0.5714285714285715,0.0,0.0,1.0,6.0
D4.2__Fig 2__SQUID_data__IVB_BS30_A1S1_I_coil_+-0.3mA_fine_284mK_191103__IVB__T_1p40K[-0.000177000],1,1,6.490863416362438,0.0,0.0,0.5714285714285714,0.0,0.0,1.0,6.0
D4.2__Fig 2__SQUID_data__IVB_BS30_A1S1_I_coil_+-0.3mA_fine_284mK_191103__IVB__T_1p40K[-0.000177750],1,1,6.423377121267047,0.0,0.0,0.5714285714285715,0.0,0.0,1.0,6.0
D4.2__Fig 2__SQUID_data__IVB_BS30_A1S1_I_coil_+-0.3mA_fine_284mK_191103__IVB__T_1p40K[-0.000178500],1,1,6.540368027516531,0.0,0.0,0.5714285714285714,0.0,0.0,1.0,6.0
D4.2__Fig 2__SQUID_data__IVB_BS30_A1S1_I_coil_+-0.3mA_fine_284mK_191103__IVB__T_1p40K[-0.000179250],1,1,6.377537984211305,0.0,0.0,0.5714285714285715,0.0,0.0,1.0,6.0
D4.2__Fig 2__SQUID_data__IVB_BS30_A1S1_I_coil_+-0.3mA_fine_284mK_191103__IVB__T_1p40K[-0.000180000],1,1,6.230699952451806,0.0,0.0,0.5714285714285714,0.0,0.0,1.0,6.0
D4.2__Fig 2__SQUID_data__IVB_BS30_A1S1_I_coil_+-0.3mA_fine_284mK_191103__IVB__T_1p40K[-0.000180750],1,1,6.2885134065882315,0.0,0.0,0.5714285714285713,0.0,0.0,1.0,6.0
D4.2__Fig 2__SQUID_data__IVB_BS30_A1S1_I_coil_+-0.3mA_fine_284mK_191103__IVB__T_1p40K[-0.000181500],1,1,6.479634032650928,0.0,0.0,0.5714285714285714,0.0,0.0,1.0,6.0
D4.2__Fig 2__SQUID_data__IVB_BS30_A1S1_I_coil_+-0.3mA_fine_284mK_191103__IVB__T_1p40K[-0.000182250],1,1,6.359165090539354,0.0,0.0,0.5714285714285714,0.0,0.0,1.0,6.0
D4.2__Fig 2__SQUID_data__IVB_BS30_A1S1_I_coil_+-0.3mA_fine_284mK_191103__IVB__T_1p40K[-0.000183000],1,1,6.150388197836277,0.0,0.0,0.5714285714285714,0.0,0.0,1.0,6.0
D4.2__Fig 2__SQUID_data__IVB_BS30_A1S1_I_coil_+-0.3mA_fine_284mK_191103__IVB__T_1p40K[-0.000183750],1,1,5.877564891317864,0.0,0.0,0.5639097744360902,0.0,0.0,1.0,6.0
D4.2__Fig 2__SQUID_data__IVB_BS30_A1S1_I_coil_+-0.3mA_fine_284mK_191103__IVB__T_1p40K[-0.000184500],1,1,5.862602682955742,0.0,0.0,0.5639097744360902,0.0,0.0,1.0,6.0
D4.2__Fig 2__SQUID_data__IVB_BS30_A1S1_I_coil_+-0.3mA_fine_284mK_191103__IVB__T_1p40K[-0.000185250],1,1,5.83074619488125,0.0,0.0,0.5639097744360902,0.0,0.0,1.0,6.0
D4.2__Fig 2__SQUID_data__IVB_BS30_A1S1_I_coil_+-0.3mA_fine_284mK_191103__IVB__T_1p40K[-0.000186000],1,1,5.965877511102937,0.0,0.0,0.5739348370927319,0.0,0.0,1.0,6.0
D4.2__Fig 2__SQUID_data__IVB_BS30_A1S1_I_coil_+-0.3mA_fine_284mK_191103__IVB__T_1p40K[-0.000186750],1,1,5.728048768841658,0.0,0.0,0.5639097744360902,0.0,0.0,1.0,6.0
D4.2__Fig 2__SQUID_data__IVB_BS30_A1S1_I_coil_+-0.3mA_fine_284mK_191103__IVB__T_1p40K[-0.000187500],1,1,5.666993690404419,0.0,0.0,0.5739348370927319,0.0,0.0,1.0,6.0
D4.2__Fig 2__SQUID_data__IVB_BS30_A1S1_I_coil_+-0.3mA_fine_284mK_191103__IVB__T_1p40K[-0.000188250],1,1,6.084851741739596,0.0,0.0,0.5739348370927319,0.0,0.0,1.0,6.0
D4.2__Fig 2__SQUID_data__IVB_BS30_A1S1_I_coil_+-0.3mA_fine_284mK_191103__IVB__T_1p40K[-0.000189000],1,1,6.352768703960218,0.0,0.0,0.5739348370927319,0.0,0.0,1.0,6.0
D4.2__Fig 2__SQUID_data__IVB_BS30_A1S1_I_coil_+-0.3mA_fine_284mK_191103__IVB__T_1p40K[-0.000189750],1,1,6.210223886947273,0.0,0.0,0.5739348370927317,0.0,0.0,1.0,6.0
D4.2__Fig 2__SQUID_data__IVB_BS30_A1S1_I_coil_+-0.3mA_fine_284mK_191103__IVB__T_1p40K[-0.000190500],1,1,5.931087020294649,0.0,0.0,0.5714285714285714,0.0,0.0,1.0,6.0
D4.2__Fig 2__SQUID_data__IVB_BS30_A1S1_I_coil_+-0.3mA_fine_284mK_191103__IVB__T_1p40K[-0.000191250],1,1,6.091268175683649,0.0,0.0,0.5714285714285714,0.0,0.0,1.0,6.0
D4.2__Fig 2__SQUID_data__IVB_BS30_A1S1_I_coil_+-0.3mA_fine_284mK_191103__IVB__T_1p40K[-0.000192000],1,1,6.230116460349202,0.0,0.0,0.5714285714285714,0.0,0.0,1.0,6.0
D4.2__Fig 2__SQUID_data__IVB_BS30_A1S1_I_coil_+-0.3mA_fine_284mK_191103__IVB__T_1p40K[-0.000192750],1,1,6.124001289025863,0.0,0.0,0.5714285714285714,0.0,0.0,1.0,6.0
D4.2__Fig 2__SQUID_data__IVB_BS30_A1S1_I_coil_+-0.3mA_fine_284mK_191103__IVB__T_1p40K[-0.000193500],1,1,5.9324962422044,0.0,0.0,0.5714285714285715,0.0,0.0,1.0,6.0
D4.2__Fig 2__SQUID_data__IVB_BS30_A1S1_I_coil_+-0.3mA_fine_284mK_191103__IVB__T_1p40K[-0.000194250],1,1,5.841020608403974,0.0,0.0,0.5714285714285714,0.0,0.0,1.0,6.0
D4.2__Fig 2__SQUID_data__IVB_BS30_A1S1_I_coil_+-0.3mA_fine_284mK_191103__IVB__T_1p40K[-0.000195000],1,1,5.408620650861331,0.0,0.0,0.5714285714285714,0.0,0.0,1.0,6.0
D4.2__Fig 2__SQUID_data__IVB_BS30_A1S1_I_coil_+-0.3mA_fine_284mK_191103__IVB__T_1p40K[-0.000195750],1,1,5.397695001412906,0.0,0.0,0.5714285714285714,0.0,0.0,1.0,6.0
D4.2__Fig 2__SQUID_data__IVB_BS30_A1S1_I_coil_+-0.3mA_fine_284mK_191103__IVB__T_1p40K[-0.000196500],1,1,5.547479716168498,0.0,0.0,0.5714285714285714,0.0,0.0,1.0,6.0
D4.2__Fig 2__SQUID_data__IVB_BS30_A1S1_I_coil_+-0.3mA_fine_284mK_191103__IVB__T_1p40K[-0.000197250],1,1,5.715298187288054,0.0,0.0,0.5714285714285714,0.0,0.0,1.0,6.0
D4.2__Fig 2__SQUID_data__IVB_BS30_A1S1_I_coil_+-0.3mA_fine_284mK_191103__IVB__T_1p40K[-0.000198000],1,1,5.471497986446098,0.0,0.0,0.5714285714285714,0.0,0.0,1.0,6.0
D4.2__Fig 2__SQUID_data__IVB_BS30_A1S1_I_coil_+-0.3mA_fine_284mK_191103__IVB__T_1p40K[-0.000198750],1,1,5.741038536996218,0.0,0.0,0.5714285714285714,0.0,0.0,1.0,6.0
D4.2__Fig 2__SQUID_data__IVB_BS30_A1S1_I_coil_+-0.3mA_fine_284mK_191103__IVB__T_1p40K[-0.000199500],1,1,5.9444373286909125,0.0,0.0,0.5714285714285715,0.0,0.0,1.0,6.0
D4.2__Fig 2__SQUID_data__IVB_BS30_A1S1_I_coil_+-0.3mA_fine_284mK_191103__IVB__T_1p40K[-0.000200250],1,1,5.935766686552096,0.0,0.0,0.5714285714285714,0.0,0.0,1.0,6.0
D4.2__Fig 2__SQUID_data__IVB_BS30_A1S1_I_coil_+-0.3mA_fine_284mK_191103__IVB__T_1p40K[-0.000201000],1,1,5.7448467404235295,0.0,0.0,0.5714285714285715,0.0,0.0,1.0,6.0
D4.2__Fig 2__SQUID_data__IVB_BS30_A1S1_I_coil_+-0.3mA_fine_284mK_191103__IVB__T_1p40K[-0.000201750],1,1,6.010817265270027,0.0,0.0,0.5714285714285713,0.0,0.0,1.0,6.0
D4.2__Fig 2__SQUID_data__IVB_BS30_A1S1_I_coil_+-0.3mA_fine_284mK_191103__IVB__T_1p40K[-0.000202500],1,1,6.47686835175873,0.0,0.0,0.568922305764411,0.0,0.0,1.0,6.0
D4.2__Fig 2__SQUID_data__IVB_BS30_A1S1_I_coil_+-0.3mA_fine_284mK_191103__IVB__T_1p40K[-0.000203250],1,1,6.713438406892396,0.0,0.0,0.568922305764411,0.0,0.0,1.0,6.0
D4.2__Fig 2__SQUID_data__IVB_BS30_A1S1_I_coil_+-0.3mA_fine_284mK_191103__IVB__T_1p40K[-0.000204000],1,1,6.73099429966298,0.0,0.0,0.568922305764411,0.0,0.0,1.0,6.0
D4.2__Fig 2__SQUID_data__IVB_BS30_A1S1_I_coil_+-0.3mA_fine_284mK_191103__IVB__T_1p40K[-0.000204750],1,1,6.618822649085354,0.0,0.0,0.5664160401002506,0.0,0.0,1.0,6.0
D4.2__Fig 2__SQUID_data__IVB_BS30_A1S1_I_coil_+-0.3mA_fine_284mK_191103__IVB__T_1p40K[-0.000205500],1,1,6.339957026356768,0.0,0.0,0.5689223057644109,0.0,0.0,1.0,6.0
D4.2__Fig 2__SQUID_data__IVB_BS30_A1S1_I_coil_+-0.3mA_fine_284mK_191103__IVB__T_1p40K[-0.000206250],1,1,6.353517356299248,0.0,0.0,0.5689223057644109,0.0,0.0,1.0,6.0
D4.2__Fig 2__SQUID_data__IVB_BS30_A1S1_I_coil_+-0.3mA_fine_284mK_191103__IVB__T_1p40K[-0.000207000],1,1,6.133283657182567,0.0,0.0,0.5664160401002506,0.0,0.0,1.0,6.0
D4.2__Fig 2__SQUID_data__IVB_BS30_A1S1_I_coil_+-0.3mA_fine_284mK_191103__IVB__T_1p40K[-0.000207750],1,1,5.961996079812293,0.0,0.0,0.5664160401002506,0.0,0.0,1.0,6.0
D4.2__Fig 2__SQUID_data__IVB_BS30_A1S1_I_coil_+-0.3mA_fine_284mK_191103__IVB__T_1p40K[-0.000208500],1,1,6.565233480355478,0.0,0.0,0.5664160401002507,0.0,0.0,1.0,6.0
D4.2__Fig 2__SQUID_data__IVB_BS30_A1S1_I_coil_+-0.3mA_fine_284mK_191103__IVB__T_1p40K[-0.000209250],1,1,6.6692075067092365,0.0,0.0,0.5664160401002506,0.0,0.0,1.0,6.0
D4.2__Fig 2__SQUID_data__IVB_BS30_A1S1_I_coil_+-0.3mA_fine_284mK_191103__IVB__T_1p40K[-0.000210000],1,1,6.290666464247605,0.0,0.0,0.5664160401002506,0.0,0.0,1.0,6.0
D4.2__Fig 2__SQUID_data__IVB_BS30_A1S1_I_coil_+-0.3mA_fine_284mK_191103__IVB__T_1p40K[-0.000210750],1,1,6.429715976738017,0.0,0.0,0.5639097744360901,0.0,0.0,1.0,6.0
D4.2__Fig 2__SQUID_data__IVB_BS30_A1S1_I_coil_+-0.3mA_fine_284mK_191103__IVB__T_1p40K[-0.000211500],1,1,6.802489966608875,0.0,0.0,0.5639097744360902,0.0,0.0,1.0,6.0
D4.2__Fig 2__SQUID_data__IVB_BS30_A1S1_I_coil_+-0.3mA_fine_284mK_191103__IVB__T_1p40K[-0.000212250],1,1,6.438607891497249,0.0,0.0,0.5639097744360902,0.0,0.0,1.0,6.0
D4.2__Fig 2__SQUID_data__IVB_BS30_A1S1_I_coil_+-0.3mA_fine_284mK_191103__IVB__T_1p40K[-0.000213000],1,1,6.0848143022269126,0.0,0.0,0.5639097744360902,0.0,0.0,1.0,6.0
D4.2__Fig 2__SQUID_data__IVB_BS30_A1S1_I_coil_+-0.3mA_fine_284mK_191103__IVB__T_1p40K[-0.000213750],1,1,6.376734366602505,0.0,0.0,0.5639097744360902,0.0,0.0,1.0,6.0
D4.2__Fig 2__SQUID_data__IVB_BS30_A1S1_I_coil_+-0.3mA_fine_284mK_191103__IVB__T_1p40K[-0.000214500],1,1,6.3747490867768315,0.0,0.0,0.5639097744360902,0.0,0.0,1.0,6.0
D4.2__Fig 2__SQUID_data__IVB_BS30_A1S1_I_coil_+-0.3mA_fine_284mK_191103__IVB__T_1p40K[-0.000215250],1,1,5.950681318815252,0.0,0.0,0.5639097744360902,0.0,0.0,1.0,6.0
D4.2__Fig 2__SQUID_data__IVB_BS30_A1S1_I_coil_+-0.3mA_fine_284mK_191103__IVB__T_1p40K[-0.000216000],1,1,5.862964965764518,0.0,0.0,0.5639097744360902,0.0,0.0,1.0,6.0
D4.2__Fig 2__SQUID_data__IVB_BS30_A1S1_I_coil_+-0.3mA_fine_284mK_191103__IVB__T_1p40K[-0.000216750],1,1,5.83448704386027,0.0,0.0,0.5639097744360904,0.0,0.0,1.0,6.0
D4.2__Fig 2__SQUID_data__IVB_BS30_A1S1_I_coil_+-0.3mA_fine_284mK_191103__IVB__T_1p40K[-0.000217500],1,1,5.956846821861785,0.0,0.0,0.5639097744360902,0.0,0.0,1.0,6.0
D4.2__Fig 2__SQUID_data__IVB_BS30_A1S1_I_coil_+-0.3mA_fine_284mK_191103__IVB__T_1p40K[-0.000218250],1,1,5.7573116775725355,0.0,0.0,0.5639097744360902,0.0,0.0,1.0,6.0
D4.2__Fig 2__SQUID_data__IVB_BS30_A1S1_I_coil_+-0.3mA_fine_284mK_191103__IVB__T_1p40K[-0.000219000],1,1,5.841834691014598,0.0,0.0,0.5639097744360901,0.0,0.0,1.0,6.0
D4.2__Fig 2__SQUID_data__IVB_BS30_A1S1_I_coil_+-0.3mA_fine_284mK_191103__IVB__T_1p40K[-0.000219750],1,1,5.967156726899378,0.0,0.0,0.5639097744360902,0.0,0.0,1.0,6.0
D4.2__Fig 2__SQUID_data__IVB_BS30_A1S1_I_coil_+-0.3mA_fine_284mK_191103__IVB__T_1p40K[-0.000220500],1,1,6.148543213956907,0.0,0.0,0.5639097744360902,0.0,0.0,1.0,6.0
D4.2__Fig 2__SQUID_data__IVB_BS30_A1S1_I_coil_+-0.3mA_fine_284mK_191103__IVB__T_1p40K[-0.000221250],1,1,5.958938755255593,0.0,0.0,0.5639097744360902,0.0,0.0,1.0,6.0
D4.2__Fig 2__SQUID_data__IVB_BS30_A1S1_I_coil_+-0.3mA_fine_284mK_191103__IVB__T_1p40K[-0.000222000],1,1,5.8689835319679675,0.0,0.0,0.5639097744360901,0.0,0.0,1.0,6.0
D4.2__Fig 2__SQUID_data__IVB_BS30_A1S1_I_coil_+-0.3mA_fine_284mK_191103__IVB__T_1p40K[-0.000222750],1,1,6.160121942878751,0.0,0.0,0.5639097744360901,0.0,0.0,1.0,6.0
D4.2__Fig 2__SQUID_data__IVB_BS30_A1S1_I_coil_+-0.3mA_fine_284mK_191103__IVB__T_1p40K[-0.000223500],1,1,6.3489855707251115,0.0,0.0,0.5639097744360902,0.0,0.0,1.0,6.0
D4.2__Fig 2__SQUID_data__IVB_BS30_A1S1_I_coil_+-0.3mA_fine_284mK_191103__IVB__T_1p40K[-0.000224250],1,1,6.207348648256872,0.0,0.0,0.5639097744360904,0.0,0.0,1.0,6.0
D4.2__Fig 2__SQUID_data__IVB_BS30_A1S1_I_coil_+-0.3mA_fine_284mK_191103__IVB__T_1p40K[-0.000225000],1,1,6.1735517497158146,0.0,0.0,0.5639097744360902,0.0,0.0,1.0,6.0
D4.2__Fig 2__SQUID_data__IVB_BS30_A1S1_I_coil_+-0.3mA_fine_284mK_191103__IVB__T_1p40K[-0.000225750],1,1,6.119484402858786,0.0,0.0,0.5639097744360902,0.0,0.0,1.0,6.0
D4.2__Fig 2__SQUID_data__IVB_BS30_A1S1_I_coil_+-0.3mA_fine_284mK_191103__IVB__T_1p40K[-0.000226500],1,1,6.1047329482796755,0.0,0.0,0.5639097744360902,0.0,0.0,1.0,6.0
D4.2__Fig 2__SQUID_data__IVB_BS30_A1S1_I_coil_+-0.3mA_fine_284mK_191103__IVB__T_1p40K[-0.000227250],1,1,5.9105031932637955,0.0,0.0,0.5639097744360902,0.0,0.0,1.0,6.0
D4.2__Fig 2__SQUID_data__IVB_BS30_A1S1_I_coil_+-0.3mA_fine_284mK_191103__IVB__T_1p40K[-0.000228000],1,1,6.039291262326982,0.0,0.0,0.5639097744360902,0.0,0.0,1.0,6.0
D4.2__Fig 2__SQUID_data__IVB_BS30_A1S1_I_coil_+-0.3mA_fine_284mK_191103__IVB__T_1p40K[-0.000228750],1,1,5.826212191080624,0.0,0.0,0.5639097744360902,0.0,0.0,1.0,6.0
D4.2__Fig 2__SQUID_data__IVB_BS30_A1S1_I_coil_+-0.3mA_fine_284mK_191103__IVB__T_1p40K[-0.000229500],1,1,5.8415218651832825,0.0,0.0,0.5639097744360901,0.0,0.0,1.0,6.0
D4.2__Fig 2__SQUID_data__IVB_BS30_A1S1_I_coil_+-0.3mA_fine_284mK_191103__IVB__T_1p40K[-0.000230250],1,1,6.133998580794854,0.0,0.0,0.5639097744360902,0.0,0.0,1.0,6.0
D4.2__Fig 2__SQUID_data__IVB_BS30_A1S1_I_coil_+-0.3mA_fine_284mK_191103__IVB__T_1p40K[-0.000231000],1,1,6.3222121101684,0.0,0.0,0.5639097744360902,0.0,0.0,1.0,6.0
D4.2__Fig 2__SQUID_data__IVB_BS30_A1S1_I_coil_+-0.3mA_fine_284mK_191103__IVB__T_1p40K[-0.000231750],1,1,6.37953137457376,0.0,0.0,0.5639097744360901,0.0,0.0,1.0,6.0
D4.2__Fig 2__SQUID_data__IVB_BS30_A1S1_I_coil_+-0.3mA_fine_284mK_191103__IVB__T_1p40K[-0.000232500],1,1,6.319967900354821,0.0,0.0,0.5639097744360902,0.0,0.0,1.0,6.0
D4.2__Fig 2__SQUID_data__IVB_BS30_A1S1_I_coil_+-0.3mA_fine_284mK_191103__IVB__T_1p40K[-0.000233250],1,1,6.5320803492040795,0.0,0.0,0.5639097744360902,0.0,0.0,1.0,6.0
D4.2__Fig 2__SQUID_data__IVB_BS30_A1S1_I_coil_+-0.3mA_fine_284mK_191103__IVB__T_1p40K[-0.000234000],1,1,6.692816330886651,0.0,0.0,0.5639097744360901,0.0,0.0,1.0,6.0
D4.2__Fig 2__SQUID_data__IVB_BS30_A1S1_I_coil_+-0.3mA_fine_284mK_191103__IVB__T_1p40K[-0.000234750],1,1,6.356603521964953,0.0,0.0,0.5639097744360901,0.0,0.0,1.0,6.0
D4.2__Fig 2__SQUID_data__IVB_BS30_A1S1_I_coil_+-0.3mA_fine_284mK_191103__IVB__T_1p40K[-0.000235500],1,1,5.803385735443284,0.0,0.0,0.5664160401002507,0.0,0.0,1.0,6.0
D4.2__Fig 2__SQUID_data__IVB_BS30_A1S1_I_coil_+-0.3mA_fine_284mK_191103__IVB__T_1p40K[-0.000236250],1,1,5.786369189190257,0.0,0.0,0.5664160401002506,0.0,0.0,1.0,6.0
D4.2__Fig 2__SQUID_data__IVB_BS30_A1S1_I_coil_+-0.3mA_fine_284mK_191103__IVB__T_1p40K[-0.000237000],1,1,5.904420298282189,0.0,0.0,0.5664160401002506,0.0,0.0,1.0,6.0
D4.2__Fig 2__SQUID_data__IVB_BS30_A1S1_I_coil_+-0.3mA_fine_284mK_191103__IVB__T_1p40K[-0.000237750],1,1,6.31744988642542,0.0,0.0,0.5664160401002506,0.0,0.0,1.0,6.0
D4.2__Fig 2__SQUID_data__IVB_BS30_A1S1_I_coil_+-0.3mA_fine_284mK_191103__IVB__T_1p40K[-0.000238500],1,1,6.485318782544904,0.0,0.0,0.5664160401002507,0.0,0.0,1.0,6.0
D4.2__Fig 2__SQUID_data__IVB_BS30_A1S1_I_coil_+-0.3mA_fine_284mK_191103__IVB__T_1p40K[-0.000239250],1,1,6.40088597888153,0.0,0.0,0.5664160401002507,0.0,0.0,1.0,6.0
D4.2__Fig 2__SQUID_data__IVB_BS30_A1S1_I_coil_+-0.3mA_fine_284mK_191103__IVB__T_1p40K[-0.000240000],1,1,6.230745479545819,0.0,0.0,0.5664160401002506,0.0,0.0,1.0,6.0
D4.2__Fig 2__SQUID_data__IVB_BS30_A1S1_I_coil_+-0.3mA_fine_284mK_191103__IVB__T_1p40K[-0.000240750],1,1,5.948257621666328,0.0,0.0,0.5664160401002506,0.0,0.0,1.0,6.0
D4.2__Fig 2__SQUID_data__IVB_BS30_A1S1_I_coil_+-0.3mA_fine_284mK_191103__IVB__T_1p40K[-0.000241500],1,1,5.64613323246052,0.0,0.0,0.568922305764411,0.0,0.0,1.0,6.0
D4.2__Fig 2__SQUID_data__IVB_BS30_A1S1_I_coil_+-0.3mA_fine_284mK_191103__IVB__T_1p40K[-0.000242250],1,1,5.764995006003316,0.0,0.0,0.568922305764411,0.0,0.0,1.0,6.0
D4.2__Fig 2__SQUID_data__IVB_BS30_A1S1_I_coil_+-0.3mA_fine_284mK_191103__IVB__T_1p40K[-0.000243000],1,1,5.751710174319672,0.0,0.0,0.5714285714285714,0.0,0.0,1.0,6.0
D4.2__Fig 2__SQUID_data__IVB_BS30_A1S1_I_coil_+-0.3mA_fine_284mK_191103__IVB__T_1p40K[-0.000243750],1,1,5.635612498816971,0.0,0.0,0.5714285714285715,0.0,0.0,1.0,6.0
D4.2__Fig 2__SQUID_data__IVB_BS30_A1S1_I_coil_+-0.3mA_fine_284mK_191103__IVB__T_1p40K[-0.000244500],1,1,5.433019344155427,0.0,0.0,0.5739348370927319,0.0,0.0,1.0,6.0
D4.2__Fig 2__SQUID_data__IVB_BS30_A1S1_I_coil_+-0.3mA_fine_284mK_191103__IVB__T_1p40K[-0.000245250],1,1,5.539079187030319,0.0,0.0,0.5764411027568922,0.0,0.0,1.0,6.0
D4.2__Fig 2__SQUID_data__IVB_BS30_A1S1_I_coil_+-0.3mA_fine_284mK_191103__IVB__T_1p40K[-0.000246000],1,1,5.652061003523469,0.0,0.0,0.5789473684210525,0.0,0.0,1.0,6.0
D4.2__Fig 2__SQUID_data__IVB_BS30_A1S1_I_coil_+-0.3mA_fine_284mK_191103__IVB__T_1p40K[-0.000246750],1,1,5.71112302880851,0.0,0.0,0.5839598997493733,0.0,0.0,1.0,6.0
D4.2__Fig 2__SQUID_data__IVB_BS30_A1S1_I_coil_+-0.3mA_fine_284mK_191103__IVB__T_1p40K[-0.000247500],1,1,5.415949320087751,0.0,0.0,0.5864661654135339,0.0,0.0,1.0,6.0
D4.2__Fig 2__SQUID_data__IVB_BS30_A1S1_I_coil_+-0.3mA_fine_284mK_191103__IVB__T_1p40K[-0.000248250],1,1,5.684233118157488,0.0,0.0,0.5914786967418547,0.0,0.0,1.0,6.0
D4.2__Fig 2__SQUID_data__IVB_BS30_A1S1_I_coil_+-0.3mA_fine_284mK_191103__IVB__T_1p40K[-0.000249000],1,1,5.6521188392298845,0.0,0.0,0.5939849624060151,0.0,0.0,1.0,6.0
D4.2__Fig 2__SQUID_data__IVB_BS30_A1S1_I_coil_+-0.3mA_fine_284mK_191103__IVB__T_1p40K[-0.000249750],1,1,5.671655838263833,0.0,0.0,0.5964912280701755,0.0,0.0,1.0,6.0
D4.2__Fig 2__SQUID_data__IVB_BS30_A1S1_I_coil_+-0.3mA_fine_284mK_191103__IVB__T_1p40K[-0.000250500],1,1,5.811151309642769,0.0,0.0,0.598997493734336,0.0,0.0,1.0,6.0
D4.2__Fig 2__SQUID_data__IVB_BS30_A1S1_I_coil_+-0.3mA_fine_284mK_191103__IVB__T_1p40K[-0.000251250],1,1,5.679930808715384,0.0,0.0,0.6015037593984962,0.0,0.0,1.0,6.0
D4.2__Fig 2__SQUID_data__IVB_BS30_A1S1_I_coil_+-0.3mA_fine_284mK_191103__IVB__T_1p40K[-0.000252000],1,1,5.830025920420661,0.0,0.0,0.6040100250626566,0.0,0.0,1.0,6.0
D4.2__Fig 2__SQUID_data__IVB_BS30_A1S1_I_coil_+-0.3mA_fine_284mK_191103__IVB__T_1p40K[-0.000252750],1,1,5.687713085989367,0.0,0.0,0.606516290726817,0.0,0.0,1.0,6.0
D4.2__Fig 2__SQUID_data__IVB_BS30_A1S1_I_coil_+-0.3mA_fine_284mK_191103__IVB__T_1p40K[-0.000253500],1,1,5.5927321757167725,0.0,0.0,0.606516290726817,0.0,0.0,1.0,6.0
D4.2__Fig 2__SQUID_data__IVB_BS30_A1S1_I_coil_+-0.3mA_fine_284mK_191103__IVB__T_1p40K[-0.000254250],1,1,5.56165775226466,0.0,0.0,0.6090225563909775,0.0,0.0,1.0,6.0
D4.2__Fig 2__SQUID_data__IVB_BS30_A1S1_I_coil_+-0.3mA_fine_284mK_191103__IVB__T_1p40K[-0.000255000],1,1,5.804654975397058,0.0,0.0,0.6090225563909775,0.0,0.0,1.0,6.0
D4.2__Fig 2__SQUID_data__IVB_BS30_A1S1_I_coil_+-0.3mA_fine_284mK_191103__IVB__T_1p40K[-0.000255750],1,1,5.935579192260518,0.0,0.0,0.6115288220551378,0.0,0.0,1.0,6.0
D4.2__Fig 2__SQUID_data__IVB_BS30_A1S1_I_coil_+-0.3mA_fine_284mK_191103__IVB__T_1p40K[-0.000256500],1,1,6.0370197589895,0.0,0.0,0.6115288220551379,0.0,0.0,1.0,6.0
D4.2__Fig 2__SQUID_data__IVB_BS30_A1S1_I_coil_+-0.3mA_fine_284mK_191103__IVB__T_1p40K[-0.000257250],1,1,5.814053701703397,0.0,0.0,0.6140350877192982,0.0,0.0,1.0,6.0
D4.2__Fig 2__SQUID_data__IVB_BS30_A1S1_I_coil_+-0.3mA_fine_284mK_191103__IVB__T_1p40K[-0.000258000],1,1,5.5412216854892815,0.0,0.0,0.6140350877192983,0.0,0.0,1.0,6.0
D4.2__Fig 2__SQUID_data__IVB_BS30_A1S1_I_coil_+-0.3mA_fine_284mK_191103__IVB__T_1p40K[-0.000258750],1,1,5.150192915477217,0.0,0.0,0.6140350877192982,0.0,0.0,1.0,6.0
D4.2__Fig 2__SQUID_data__IVB_BS30_A1S1_I_coil_+-0.3mA_fine_284mK_191103__IVB__T_1p40K[-0.000259500],1,1,5.316670719128444,0.0,0.0,0.6140350877192983,0.0,0.0,1.0,6.0
D4.2__Fig 2__SQUID_data__IVB_BS30_A1S1_I_coil_+-0.3mA_fine_284mK_191103__IVB__T_1p40K[-0.000260250],1,1,5.302670683049239,0.0,0.0,0.6140350877192982,0.0,0.0,1.0,6.0
D4.2__Fig 2__SQUID_data__IVB_BS30_A1S1_I_coil_+-0.3mA_fine_284mK_191103__IVB__T_1p40K[-0.000261000],1,1,5.451010830080694,0.0,0.0,0.6165413533834586,0.0,0.0,1.0,6.0
D4.2__Fig 2__SQUID_data__IVB_BS30_A1S1_I_coil_+-0.3mA_fine_284mK_191103__IVB__T_1p40K[-0.000261750],1,1,5.669935514550023,0.0,0.0,0.6165413533834586,0.0,0.0,1.0,6.0
D4.2__Fig 2__SQUID_data__IVB_BS30_A1S1_I_coil_+-0.3mA_fine_284mK_191103__IVB__T_1p40K[-0.000262500],1,1,5.32272127435362,0.0,0.0,0.6165413533834587,0.0,0.0,1.0,6.0
D4.2__Fig 2__SQUID_data__IVB_BS30_A1S1_I_coil_+-0.3mA_fine_284mK_191103__IVB__T_1p40K[-0.000263250],1,1,5.507954570324138,0.0,0.0,0.6165413533834587,0.0,0.0,1.0,6.0
D4.2__Fig 2__SQUID_data__IVB_BS30_A1S1_I_coil_+-0.3mA_fine_284mK_191103__IVB__T_1p40K[-0.000264000],1,1,5.577997055468043,0.0,0.0,0.6165413533834587,0.0,0.0,1.0,6.0
D4.2__Fig 2__SQUID_data__IVB_BS30_A1S1_I_coil_+-0.3mA_fine_284mK_191103__IVB__T_1p40K[-0.000264750],1,1,5.611667968752658,0.0,0.0,0.6165413533834586,0.0,0.0,1.0,6.0
D4.2__Fig 2__SQUID_data__IVB_BS30_A1S1_I_coil_+-0.3mA_fine_284mK_191103__IVB__T_1p40K[-0.000265500],1,1,5.495704281657073,0.0,0.0,0.6165413533834586,0.0,0.0,1.0,6.0
D4.2__Fig 2__SQUID_data__IVB_BS30_A1S1_I_coil_+-0.3mA_fine_284mK_191103__IVB__T_1p40K[-0.000266250],1,1,5.624050790659142,0.0,0.0,0.6165413533834586,0.0,0.0,1.0,6.0
D4.2__Fig 2__SQUID_data__IVB_BS30_A1S1_I_coil_+-0.3mA_fine_284mK_191103__IVB__T_1p40K[-0.000267000],1,1,5.387631888940028,0.0,0.0,0.6165413533834586,0.0,0.0,1.0,6.0
D4.2__Fig 2__SQUID_data__IVB_BS30_A1S1_I_coil_+-0.3mA_fine_284mK_191103__IVB__T_1p40K[-0.000267750],1,1,5.127678180923669,0.0,0.0,0.6165413533834586,0.0,0.0,1.0,6.0
D4.2__Fig 2__SQUID_data__IVB_BS30_A1S1_I_coil_+-0.3mA_fine_284mK_191103__IVB__T_1p40K[-0.000268500],1,1,5.16903333375381,0.0,0.0,0.6165413533834586,0.0,0.0,1.0,6.0
D4.2__Fig 2__SQUID_data__IVB_BS30_A1S1_I_coil_+-0.3mA_fine_284mK_191103__IVB__T_1p40K[-0.000269250],1,1,4.966944745954328,0.0,0.0,0.6165413533834587,0.0,0.0,1.0,6.0
D4.2__Fig 2__SQUID_data__IVB_BS30_A1S1_I_coil_+-0.3mA_fine_284mK_191103__IVB__T_1p40K[-0.000270000],1,1,5.064434329664373,0.0,0.0,0.6165413533834586,0.0,0.0,1.0,6.0
D4.2__Fig 2__SQUID_data__IVB_BS30_A1S1_I_coil_+-0.3mA_fine_284mK_191103__IVB__T_1p40K[-0.000270750],1,1,5.251496861389845,0.0,0.0,0.6165413533834587,0.0,0.0,1.0,6.0
D4.2__Fig 2__SQUID_data__IVB_BS30_A1S1_I_coil_+-0.3mA_fine_284mK_191103__IVB__T_1p40K[-0.000271500],1,1,5.348040026180375,0.0,0.0,0.6165413533834586,0.0,0.0,1.0,6.0
D4.2__Fig 2__SQUID_data__IVB_BS30_A1S1_I_coil_+-0.3mA_fine_284mK_191103__IVB__T_1p40K[-0.000272250],1,1,5.405025311138257,0.0,0.0,0.6165413533834587,0.0,0.0,1.0,6.0
D4.2__Fig 2__SQUID_data__IVB_BS30_A1S1_I_coil_+-0.3mA_fine_284mK_191103__IVB__T_1p40K[-0.000273000],1,1,5.408119584440161,0.0,0.0,0.6165413533834586,0.0,0.0,1.0,6.0
D4.2__Fig 2__SQUID_data__IVB_BS30_A1S1_I_coil_+-0.3mA_fine_284mK_191103__IVB__T_1p40K[-0.000273750],1,1,5.3159714112411836,0.0,0.0,0.6165413533834587,0.0,0.0,1.0,6.0
D4.2__Fig 2__SQUID_data__IVB_BS30_A1S1_I_coil_+-0.3mA_fine_284mK_191103__IVB__T_1p40K[-0.000274500],1,1,5.316567491557821,0.0,0.0,0.6165413533834586,0.0,0.0,1.0,6.0
D4.2__Fig 2__SQUID_data__IVB_BS30_A1S1_I_coil_+-0.3mA_fine_284mK_191103__IVB__T_1p40K[-0.000275250],1,1,5.297081318475611,0.0,0.0,0.6165413533834586,0.0,0.0,1.0,6.0
D4.2__Fig 2__SQUID_data__IVB_BS30_A1S1_I_coil_+-0.3mA_fine_284mK_191103__IVB__T_1p40K[-0.000276000],1,1,5.370700550443773,0.0,0.0,0.6165413533834587,0.0,0.0,1.0,6.0
D4.2__Fig 2__SQUID_data__IVB_BS30_A1S1_I_coil_+-0.3mA_fine_284mK_191103__IVB__T_1p40K[-0.000276750],1,1,5.222192646187346,0.0,0.0,0.6190476190476191,0.0,0.0,1.0,6.0
D4.2__Fig 2__SQUID_data__IVB_BS30_A1S1_I_coil_+-0.3mA_fine_284mK_191103__IVB__T_1p40K[-0.000277500],1,1,5.233817305980974,0.0,0.0,0.6190476190476191,0.0,0.0,1.0,6.0
D4.2__Fig 2__SQUID_data__IVB_BS30_A1S1_I_coil_+-0.3mA_fine_284mK_191103__IVB__T_1p40K[-0.000278250],1,1,5.078967210644449,0.0,0.0,0.6165413533834586,0.0,0.0,1.0,6.0
D4.2__Fig 2__SQUID_data__IVB_BS30_A1S1_I_coil_+-0.3mA_fine_284mK_191103__IVB__T_1p40K[-0.000279000],1,1,5.426114757336583,0.0,0.0,0.6165413533834587,0.0,0.0,1.0,6.0
D4.2__Fig 2__SQUID_data__IVB_BS30_A1S1_I_coil_+-0.3mA_fine_284mK_191103__IVB__T_1p40K[-0.000279750],1,1,5.589370546413028,0.0,0.0,0.6165413533834587,0.0,0.0,1.0,6.0
D4.2__Fig 2__SQUID_data__IVB_BS30_A1S1_I_coil_+-0.3mA_fine_284mK_191103__IVB__T_1p40K[-0.000280500],1,1,5.497981498284268,0.0,0.0,0.6165413533834586,0.0,0.0,1.0,6.0
D4.2__Fig 2__SQUID_data__IVB_BS30_A1S1_I_coil_+-0.3mA_fine_284mK_191103__IVB__T_1p40K[-0.000281250],1,1,5.582023527379027,0.0,0.0,0.6165413533834587,0.0,0.0,1.0,6.0
D4.2__Fig 2__SQUID_data__IVB_BS30_A1S1_I_coil_+-0.3mA_fine_284mK_191103__IVB__T_1p40K[-0.000282000],1,1,5.628082227244058,0.0,0.0,0.6165413533834586,0.0,0.0,1.0,6.0
D4.2__Fig 2__SQUID_data__IVB_BS30_A1S1_I_coil_+-0.3mA_fine_284mK_191103__IVB__T_1p40K[-0.000282750],1,1,5.584034675197904,0.0,0.0,0.6165413533834586,0.0,0.0,1.0,6.0
D4.2__Fig 2__SQUID_data__IVB_BS30_A1S1_I_coil_+-0.3mA_fine_284mK_191103__IVB__T_1p40K[-0.000283500],1,1,5.538215613433728,0.0,0.0,0.6140350877192982,0.0,0.0,1.0,6.0
D4.2__Fig 2__SQUID_data__IVB_BS30_A1S1_I_coil_+-0.3mA_fine_284mK_191103__IVB__T_1p40K[-0.000284250],1,1,5.596390409619153,0.0,0.0,0.6165413533834586,0.0,0.0,1.0,6.0
D4.2__Fig 2__SQUID_data__IVB_BS30_A1S1_I_coil_+-0.3mA_fine_284mK_191103__IVB__T_1p40K[-0.000285000],1,1,5.659484129672316,0.0,0.0,0.6140350877192983,0.0,0.0,1.0,6.0
D4.2__Fig 2__SQUID_data__IVB_BS30_A1S1_I_coil_+-0.3mA_fine_284mK_191103__IVB__T_1p40K[-0.000285750],1,1,5.802100930017505,0.0,0.0,0.6140350877192982,0.0,0.0,1.0,6.0
D4.2__Fig 2__SQUID_data__IVB_BS30_A1S1_I_coil_+-0.3mA_fine_284mK_191103__IVB__T_1p40K[-0.000286500],1,1,5.791378803884322,0.0,0.0,0.6140350877192982,0.0,0.0,1.0,6.0
D4.2__Fig 2__SQUID_data__IVB_BS30_A1S1_I_coil_+-0.3mA_fine_284mK_191103__IVB__T_1p40K[-0.000287250],1,1,5.6793809082868325,0.0,0.0,0.6140350877192983,0.0,0.0,1.0,6.0
D4.2__Fig 2__SQUID_data__IVB_BS30_A1S1_I_coil_+-0.3mA_fine_284mK_191103__IVB__T_1p40K[-0.000288000],1,1,5.765518283319926,0.0,0.0,0.6140350877192982,0.0,0.0,1.0,6.0
D4.2__Fig 2__SQUID_data__IVB_BS30_A1S1_I_coil_+-0.3mA_fine_284mK_191103__IVB__T_1p40K[-0.000288750],1,1,5.7740832681217436,0.0,0.0,0.6115288220551379,0.0,0.0,1.0,6.0
D4.2__Fig 2__SQUID_data__IVB_BS30_A1S1_I_coil_+-0.3mA_fine_284mK_191103__IVB__T_1p40K[-0.000289500],1,1,5.508281932811666,0.0,0.0,0.6140350877192983,0.0,0.0,1.0,6.0
D4.2__Fig 2__SQUID_data__IVB_BS30_A1S1_I_coil_+-0.3mA_fine_284mK_191103__IVB__T_1p40K[-0.000290250],1,1,5.600802194573953,0.0,0.0,0.6115288220551378,0.0,0.0,1.0,6.0
D4.2__Fig 2__SQUID_data__IVB_BS30_A1S1_I_coil_+-0.3mA_fine_284mK_191103__IVB__T_1p40K[-0.000291000],1,1,5.752685466330152,0.0,0.0,0.6115288220551378,0.0,0.0,1.0,6.0
D4.2__Fig 2__SQUID_data__IVB_BS30_A1S1_I_coil_+-0.3mA_fine_284mK_191103__IVB__T_1p40K[-0.000291750],1,1,5.544449619478144,0.0,0.0,0.6090225563909775,0.0,0.0,1.0,6.0
D4.2__Fig 2__SQUID_data__IVB_BS30_A1S1_I_coil_+-0.3mA_fine_284mK_191103__IVB__T_1p40K[-0.000292500],1,1,5.308202403793341,0.0,0.0,0.6090225563909774,0.0,0.0,1.0,6.0
D4.2__Fig 2__SQUID_data__IVB_BS30_A1S1_I_coil_+-0.3mA_fine_284mK_191103__IVB__T_1p40K[-0.000293250],1,1,5.418339381152501,0.0,0.0,0.6090225563909775,0.0,0.0,1.0,6.0
D4.2__Fig 2__SQUID_data__IVB_BS30_A1S1_I_coil_+-0.3mA_fine_284mK_191103__IVB__T_1p40K[-0.000294000],1,1,5.32894717418612,0.0,0.0,0.6065162907268171,0.0,0.0,1.0,6.0
D4.2__Fig 2__SQUID_data__IVB_BS30_A1S1_I_coil_+-0.3mA_fine_284mK_191103__IVB__T_1p40K[-0.000294750],1,1,5.3153249518667565,0.0,0.0,0.606516290726817,0.0,0.0,1.0,6.0
D4.2__Fig 2__SQUID_data__IVB_BS30_A1S1_I_coil_+-0.3mA_fine_284mK_191103__IVB__T_1p40K[-0.000295500],1,1,5.314120571412643,0.0,0.0,0.6040100250626566,0.0,0.0,1.0,6.0
D4.2__Fig 2__SQUID_data__IVB_BS30_A1S1_I_coil_+-0.3mA_fine_284mK_191103__IVB__T_1p40K[-0.000296250],1,1,5.041831439274881,0.0,0.0,0.593984962406015,0.0,0.0,1.0,6.0
D4.2__Fig 2__SQUID_data__IVB_BS30_A1S1_I_coil_+-0.3mA_fine_284mK_191103__IVB__T_1p40K[-0.000297000],1,1,5.177639625597609,0.0,0.0,0.5914786967418546,0.0,0.0,1.0,6.0
D4.2__Fig 2__SQUID_data__IVB_BS30_A1S1_I_coil_+-0.3mA_fine_284mK_191103__IVB__T_1p40K[-0.000297750],1,1,5.060882007938977,0.0,0.0,0.5889724310776943,0.0,0.0,1.0,6.0
D4.2__Fig 2__SQUID_data__IVB_BS30_A1S1_I_coil_+-0.3mA_fine_284mK_191103__IVB__T_1p40K[-0.000298500],1,1,5.015474276578831,0.0,0.0,0.5864661654135338,0.0,0.0,1.0,6.0
D4.2__Fig 2__SQUID_data__IVB_BS30_A1S1_I_coil_+-0.3mA_fine_284mK_191103__IVB__T_1p40K[-0.000299250],1,1,5.063713674741075,0.0,0.0,0.5839598997493735,0.0,0.0,1.0,6.0
D4.2__Fig 2__SQUID_data__IVB_BS30_A1S1_I_coil_+-0.3mA_fine_284mK_191103__IVB__T_1p40K[-0.000300000],1,1,5.28400444109491,0.0,0.0,0.6090225563909775,0.0,0.0,1.0,6.0
D4.2__Fig 2__SQUID_data__IVB_BS30_A1S1_I_coil_+-0.3mA_fine_284mK_191103__IVB__T_1p40K[0.000000000],1,1,7.34218349581963,0.0,0.0,0.5914786967418547,0.0,0.0,1.0,6.0
D4.2__Fig 2__SQUID_data__IVB_BS30_A1S1_I_coil_+-0.3mA_fine_284mK_191103__IVB__T_1p40K[0.000000750],1,1,6.938230207837508,0.0,0.0,0.5914786967418547,0.0,0.0,1.0,6.0
D4.2__Fig 2__SQUID_data__IVB_BS30_A1S1_I_coil_+-0.3mA_fine_284mK_191103__IVB__T_1p40K[0.000001500],1,1,7.208107196056255,0.0,0.0,0.5914786967418546,0.0,0.0,1.0,6.0
D4.2__Fig 2__SQUID_data__IVB_BS30_A1S1_I_coil_+-0.3mA_fine_284mK_191103__IVB__T_1p40K[0.000002250],1,1,7.590636366752702,0.0,0.0,0.5939849624060151,0.0,0.0,1.0,6.0
D4.2__Fig 2__SQUID_data__IVB_BS30_A1S1_I_coil_+-0.3mA_fine_284mK_191103__IVB__T_1p40K[0.000003000],1,1,7.662429617363236,0.0,0.0,0.5939849624060151,0.0,0.0,1.0,6.0
D4.2__Fig 2__SQUID_data__IVB_BS30_A1S1_I_coil_+-0.3mA_fine_284mK_191103__IVB__T_1p40K[0.000003750],1,1,7.936181366148891,0.0,0.0,0.5939849624060152,0.0,0.0,1.0,6.0
D4.2__Fig 2__SQUID_data__IVB_BS30_A1S1_I_coil_+-0.3mA_fine_284mK_191103__IVB__T_1p40K[0.000004500],1,1,7.895629864171916,0.0,0.0,0.5964912280701755,0.0,0.0,1.0,6.0
D4.2__Fig 2__SQUID_data__IVB_BS30_A1S1_I_coil_+-0.3mA_fine_284mK_191103__IVB__T_1p40K[0.000005250],1,1,7.166958144116268,0.0,0.0,0.5964912280701754,0.0,0.0,1.0,6.0
D4.2__Fig 2__SQUID_data__IVB_BS30_A1S1_I_coil_+-0.3mA_fine_284mK_191103__IVB__T_1p40K[0.000006000],1,1,6.764468171765585,0.0,0.0,0.5964912280701754,0.0,0.0,1.0,6.0
D4.2__Fig 2__SQUID_data__IVB_BS30_A1S1_I_coil_+-0.3mA_fine_284mK_191103__IVB__T_1p40K[0.000006750],1,1,7.289106830966716,0.0,0.0,0.5989974937343359,0.0,0.0,1.0,6.0
D4.2__Fig 2__SQUID_data__IVB_BS30_A1S1_I_coil_+-0.3mA_fine_284mK_191103__IVB__T_1p40K[0.000007500],1,1,7.468141400808394,0.0,0.0,0.5989974937343359,0.0,0.0,1.0,6.0
D4.2__Fig 2__SQUID_data__IVB_BS30_A1S1_I_coil_+-0.3mA_fine_284mK_191103__IVB__T_1p40K[0.000008250],1,1,7.545259754820188,0.0,0.0,0.5989974937343359,0.0,0.0,1.0,6.0
D4.2__Fig 2__SQUID_data__IVB_BS30_A1S1_I_coil_+-0.3mA_fine_284mK_191103__IVB__T_1p40K[0.000009000],1,1,7.553223125059088,0.0,0.0,0.6015037593984962,0.0,0.0,1.0,6.0
D4.2__Fig 2__SQUID_data__IVB_BS30_A1S1_I_coil_+-0.3mA_fine_284mK_191103__IVB__T_1p40K[0.000009750],1,1,6.6457820704544845,0.0,0.0,0.5764411027568922,0.0,0.0,1.0,6.0
D4.2__Fig 2__SQUID_data__IVB_BS30_A1S1_I_coil_+-0.3mA_fine_284mK_191103__IVB__T_1p40K[0.000010500],1,1,6.8419113334577135,0.0,0.0,0.5789473684210527,0.0,0.0,1.0,6.0
D4.2__Fig 2__SQUID_data__IVB_BS30_A1S1_I_coil_+-0.3mA_fine_284mK_191103__IVB__T_1p40K[0.000011250],1,1,7.251325789759906,0.0,0.0,0.5814536340852129,0.0,0.0,1.0,6.0
D4.2__Fig 2__SQUID_data__IVB_BS30_A1S1_I_coil_+-0.3mA_fine_284mK_191103__IVB__T_1p40K[0.000012000],1,1,6.973401398333391,0.0,0.0,0.5839598997493735,0.0,0.0,1.0,6.0
D4.2__Fig 2__SQUID_data__IVB_BS30_A1S1_I_coil_+-0.3mA_fine_284mK_191103__IVB__T_1p40K[0.000012750],1,1,6.9877565396223025,0.0,0.0,0.5939849624060151,0.0,0.0,1.0,6.0
D4.2__Fig 2__SQUID_data__IVB_BS30_A1S1_I_coil_+-0.3mA_fine_284mK_191103__IVB__T_1p40K[0.000013500],1,1,6.82869490516612,0.0,0.0,0.5964912280701754,0.0,0.0,1.0,6.0
D4.2__Fig 2__SQUID_data__IVB_BS30_A1S1_I_coil_+-0.3mA_fine_284mK_191103__IVB__T_1p40K[0.000014250],1,1,6.570667142488324,0.0,0.0,0.5989974937343359,0.0,0.0,1.0,6.0
D4.2__Fig 2__SQUID_data__IVB_BS30_A1S1_I_coil_+-0.3mA_fine_284mK_191103__IVB__T_1p40K[0.000015000],1,1,6.6184591521525835,0.0,0.0,0.5989974937343359,0.0,0.0,1.0,6.0
D4.2__Fig 2__SQUID_data__IVB_BS30_A1S1_I_coil_+-0.3mA_fine_284mK_191103__IVB__T_1p40K[0.000015750],1,1,6.967407899159191,0.0,0.0,0.6015037593984963,0.0,0.0,1.0,6.0
D4.2__Fig 2__SQUID_data__IVB_BS30_A1S1_I_coil_+-0.3mA_fine_284mK_191103__IVB__T_1p40K[0.000016500],1,1,6.997501589650145,0.0,0.0,0.6015037593984961,0.0,0.0,1.0,6.0
D4.2__Fig 2__SQUID_data__IVB_BS30_A1S1_I_coil_+-0.3mA_fine_284mK_191103__IVB__T_1p40K[0.000017250],1,1,7.063035585700579,0.0,0.0,0.6040100250626568,0.0,0.0,1.0,6.0
D4.2__Fig 2__SQUID_data__IVB_BS30_A1S1_I_coil_+-0.3mA_fine_284mK_191103__IVB__T_1p40K[0.000018000],1,1,7.332965161653278,0.0,0.0,0.6040100250626567,0.0,0.0,1.0,6.0
D4.2__Fig 2__SQUID_data__IVB_BS30_A1S1_I_coil_+-0.3mA_fine_284mK_191103__IVB__T_1p40K[0.000018750],1,1,7.567202329967788,0.0,0.0,0.6040100250626568,0.0,0.0,1.0,6.0
D4.2__Fig 2__SQUID_data__IVB_BS30_A1S1_I_coil_+-0.3mA_fine_284mK_191103__IVB__T_1p40K[0.000019500],1,1,7.865031689146733,0.0,0.0,0.6040100250626567,0.0,0.0,1.0,6.0
D4.2__Fig 2__SQUID_data__IVB_BS30_A1S1_I_coil_+-0.3mA_fine_284mK_191103__IVB__T_1p40K[0.000020250],1,1,8.551450158204375,0.0,0.0,0.6040100250626567,0.0,0.0,1.0,6.0
D4.2__Fig 2__SQUID_data__IVB_BS30_A1S1_I_coil_+-0.3mA_fine_284mK_191103__IVB__T_1p40K[0.000021000],1,1,8.516828810280254,0.0,0.0,0.606516290726817,0.0,0.0,1.0,6.0
D4.2__Fig 2__SQUID_data__IVB_BS30_A1S1_I_coil_+-0.3mA_fine_284mK_191103__IVB__T_1p40K[0.000021750],1,1,8.439766458142419,0.0,0.0,0.606516290726817,0.0,0.0,1.0,6.0
D4.2__Fig 2__SQUID_data__IVB_BS30_A1S1_I_coil_+-0.3mA_fine_284mK_191103__IVB__T_1p40K[0.000022500],1,1,8.655526837743977,0.0,0.0,0.6065162907268171,0.0,0.0,1.0,6.0
D4.2__Fig 2__SQUID_data__IVB_BS30_A1S1_I_coil_+-0.3mA_fine_284mK_191103__IVB__T_1p40K[0.000023250],1,1,8.352965126767804,0.0,0.0,0.6065162907268171,0.0,0.0,1.0,6.0
D4.2__Fig 2__SQUID_data__IVB_BS30_A1S1_I_coil_+-0.3mA_fine_284mK_191103__IVB__T_1p40K[0.000024000],1,1,8.203718441137903,0.0,0.0,0.6090225563909775,0.0,0.0,1.0,6.0
D4.2__Fig 2__SQUID_data__IVB_BS30_A1S1_I_coil_+-0.3mA_fine_284mK_191103__IVB__T_1p40K[0.000024750],1,1,8.489194913403288,0.0,0.0,0.6090225563909775,0.0,0.0,1.0,6.0
D4.2__Fig 2__SQUID_data__IVB_BS30_A1S1_I_coil_+-0.3mA_fine_284mK_191103__IVB__T_1p40K[0.000025500],1,1,8.610705912431742,0.0,0.0,0.6090225563909775,0.0,0.0,1.0,6.0
D4.2__Fig 2__SQUID_data__IVB_BS30_A1S1_I_coil_+-0.3mA_fine_284mK_191103__IVB__T_1p40K[0.000026250],1,1,8.601112209828614,0.0,0.0,0.6090225563909774,0.0,0.0,1.0,6.0
D4.2__Fig 2__SQUID_data__IVB_BS30_A1S1_I_coil_+-0.3mA_fine_284mK_191103__IVB__T_1p40K[0.000027000],1,1,9.154984249145288,0.0,0.0,0.6090225563909775,0.0,0.0,1.0,6.0
D4.2__Fig 2__SQUID_data__IVB_BS30_A1S1_I_coil_+-0.3mA_fine_284mK_191103__IVB__T_1p40K[0.000027750],1,1,8.367746015511083,0.0,0.0,0.6090225563909774,0.0,0.0,1.0,6.0
D4.2__Fig 2__SQUID_data__IVB_BS30_A1S1_I_coil_+-0.3mA_fine_284mK_191103__IVB__T_1p40K[0.000028500],1,1,8.524615381985667,0.0,0.0,0.6090225563909775,0.0,0.0,1.0,6.0
D4.2__Fig 2__SQUID_data__IVB_BS30_A1S1_I_coil_+-0.3mA_fine_284mK_191103__IVB__T_1p40K[0.000029250],1,1,8.106998447275458,0.0,0.0,0.6090225563909774,0.0,0.0,1.0,6.0
D4.2__Fig 2__SQUID_data__IVB_BS30_A1S1_I_coil_+-0.3mA_fine_284mK_191103__IVB__T_1p40K[0.000030000],1,1,7.634678917339263,0.0,0.0,0.606516290726817,0.0,0.0,1.0,6.0
D4.2__Fig 2__SQUID_data__IVB_BS30_A1S1_I_coil_+-0.3mA_fine_284mK_191103__IVB__T_1p40K[0.000030750],1,1,7.750062976466791,0.0,0.0,0.6090225563909774,0.0,0.0,1.0,6.0
D4.2__Fig 2__SQUID_data__IVB_BS30_A1S1_I_coil_+-0.3mA_fine_284mK_191103__IVB__T_1p40K[0.000031500],1,1,8.286875211291536,0.0,0.0,0.6090225563909775,0.0,0.0,1.0,6.0
D4.2__Fig 2__SQUID_data__IVB_BS30_A1S1_I_coil_+-0.3mA_fine_284mK_191103__IVB__T_1p40K[0.000032250],1,1,7.843428534382209,0.0,0.0,0.6090225563909775,0.0,0.0,1.0,6.0
D4.2__Fig 2__SQUID_data__IVB_BS30_A1S1_I_coil_+-0.3mA_fine_284mK_191103__IVB__T_1p40K[0.000033000],1,1,7.812854371566502,0.0,0.0,0.6090225563909775,0.0,0.0,1.0,6.0
D4.2__Fig 2__SQUID_data__IVB_BS30_A1S1_I_coil_+-0.3mA_fine_284mK_191103__IVB__T_1p40K[0.000033750],1,1,8.180365150693493,0.0,0.0,0.6090225563909775,0.0,0.0,1.0,6.0
D4.2__Fig 2__SQUID_data__IVB_BS30_A1S1_I_coil_+-0.3mA_fine_284mK_191103__IVB__T_1p40K[0.000034500],1,1,8.640398110176292,0.0,0.0,0.6115288220551378,0.0,0.0,1.0,6.0
D4.2__Fig 2__SQUID_data__IVB_BS30_A1S1_I_coil_+-0.3mA_fine_284mK_191103__IVB__T_1p40K[0.000035250],1,1,8.581449151457074,0.0,0.0,0.6115288220551379,0.0,0.0,1.0,6.0
D4.2__Fig 2__SQUID_data__IVB_BS30_A1S1_I_coil_+-0.3mA_fine_284mK_191103__IVB__T_1p40K[0.000036000],1,1,8.15505815392919,0.0,0.0,0.6115288220551378,0.0,0.0,1.0,6.0
D4.2__Fig 2__SQUID_data__IVB_BS30_A1S1_I_coil_+-0.3mA_fine_284mK_191103__IVB__T_1p40K[0.000036750],1,1,8.448371235686954,0.0,0.0,0.6115288220551377,0.0,0.0,1.0,6.0
D4.2__Fig 2__SQUID_data__IVB_BS30_A1S1_I_coil_+-0.3mA_fine_284mK_191103__IVB__T_1p40K[0.000037500],1,1,9.131881448476317,0.0,0.0,0.6115288220551379,0.0,0.0,1.0,6.0
D4.2__Fig 2__SQUID_data__IVB_BS30_A1S1_I_coil_+-0.3mA_fine_284mK_191103__IVB__T_1p40K[0.000038250],1,1,9.446263776956659,0.0,0.0,0.6140350877192983,0.0,0.0,1.0,6.0
D4.2__Fig 2__SQUID_data__IVB_BS30_A1S1_I_coil_+-0.3mA_fine_284mK_191103__IVB__T_1p40K[0.000039000],1,1,8.922120498202977,0.0,0.0,0.6140350877192983,0.0,0.0,1.0,6.0
D4.2__Fig 2__SQUID_data__IVB_BS30_A1S1_I_coil_+-0.3mA_fine_284mK_191103__IVB__T_1p40K[0.000039750],1,1,8.581529516153978,0.0,0.0,0.6140350877192983,0.0,0.0,1.0,6.0
D4.2__Fig 2__SQUID_data__IVB_BS30_A1S1_I_coil_+-0.3mA_fine_284mK_191103__IVB__T_1p40K[0.000040500],1,1,8.309044001129493,0.0,0.0,0.6140350877192983,0.0,0.0,1.0,6.0
D4.2__Fig 2__SQUID_data__IVB_BS30_A1S1_I_coil_+-0.3mA_fine_284mK_191103__IVB__T_1p40K[0.000041250],1,1,8.182560091548414,0.0,0.0,0.6140350877192982,0.0,0.0,1.0,6.0
D4.2__Fig 2__SQUID_data__IVB_BS30_A1S1_I_coil_+-0.3mA_fine_284mK_191103__IVB__T_1p40K[0.000042000],1,1,8.328163351755865,0.0,0.0,0.6140350877192983,0.0,0.0,1.0,6.0
D4.2__Fig 2__SQUID_data__IVB_BS30_A1S1_I_coil_+-0.3mA_fine_284mK_191103__IVB__T_1p40K[0.000042750],1,1,8.006315164034573,0.0,0.0,0.6140350877192983,0.0,0.0,1.0,6.0
D4.2__Fig 2__SQUID_data__IVB_BS30_A1S1_I_coil_+-0.3mA_fine_284mK_191103__IVB__T_1p40K[0.000043500],1,1,8.27772964329659,0.0,0.0,0.6140350877192984,0.0,0.0,1.0,6.0
D4.2__Fig 2__SQUID_data__IVB_BS30_A1S1_I_coil_+-0.3mA_fine_284mK_191103__IVB__T_1p40K[0.000044250],1,1,8.196039050788915,0.0,0.0,0.6140350877192983,0.0,0.0,1.0,6.0
D4.2__Fig 2__SQUID_data__IVB_BS30_A1S1_I_coil_+-0.3mA_fine_284mK_191103__IVB__T_1p40K[0.000045000],1,1,7.858554239613619,0.0,0.0,0.6140350877192983,0.0,0.0,1.0,6.0
D4.2__Fig 2__SQUID_data__IVB_BS30_A1S1_I_coil_+-0.3mA_fine_284mK_191103__IVB__T_1p40K[0.000045750],1,1,8.367630480642665,0.0,0.0,0.6140350877192984,0.0,0.0,1.0,6.0
D4.2__Fig 2__SQUID_data__IVB_BS30_A1S1_I_coil_+-0.3mA_fine_284mK_191103__IVB__T_1p40K[0.000046500],1,1,8.514708790017592,0.0,0.0,0.6140350877192984,0.0,0.0,1.0,6.0
D4.2__Fig 2__SQUID_data__IVB_BS30_A1S1_I_coil_+-0.3mA_fine_284mK_191103__IVB__T_1p40K[0.000047250],1,1,8.607507379465448,0.0,0.0,0.6140350877192983,0.0,0.0,1.0,6.0
D4.2__Fig 2__SQUID_data__IVB_BS30_A1S1_I_coil_+-0.3mA_fine_284mK_191103__IVB__T_1p40K[0.000048000],1,1,7.88120036111838,0.0,0.0,0.6140350877192983,0.0,0.0,1.0,6.0
D4.2__Fig 2__SQUID_data__IVB_BS30_A1S1_I_coil_+-0.3mA_fine_284mK_191103__IVB__T_1p40K[0.000048750],1,1,7.850232068027913,0.0,0.0,0.6140350877192984,0.0,0.0,1.0,6.0
D4.2__Fig 2__SQUID_data__IVB_BS30_A1S1_I_coil_+-0.3mA_fine_284mK_191103__IVB__T_1p40K[0.000049500],1,1,8.251448088708354,0.0,0.0,0.6140350877192982,0.0,0.0,1.0,6.0
D4.2__Fig 2__SQUID_data__IVB_BS30_A1S1_I_coil_+-0.3mA_fine_284mK_191103__IVB__T_1p40K[0.000050250],1,1,8.350444944641914,0.0,0.0,0.6140350877192983,0.0,0.0,1.0,6.0
D4.2__Fig 2__SQUID_data__IVB_BS30_A1S1_I_coil_+-0.3mA_fine_284mK_191103__IVB__T_1p40K[0.000051000],1,1,8.019267564248626,0.0,0.0,0.6140350877192983,0.0,0.0,1.0,6.0
D4.2__Fig 2__SQUID_data__IVB_BS30_A1S1_I_coil_+-0.3mA_fine_284mK_191103__IVB__T_1p40K[0.000051750],1,1,7.869447567160316,0.0,0.0,0.6140350877192982,0.0,0.0,1.0,6.0
D4.2__Fig 2__SQUID_data__IVB_BS30_A1S1_I_coil_+-0.3mA_fine_284mK_191103__IVB__T_1p40K[0.000052500],1,1,8.326332230724365,0.0,0.0,0.6115288220551378,0.0,0.0,1.0,6.0
D4.2__Fig 2__SQUID_data__IVB_BS30_A1S1_I_coil_+-0.3mA_fine_284mK_191103__IVB__T_1p40K[0.000053250],1,1,8.195667105321398,0.0,0.0,0.6115288220551378,0.0,0.0,1.0,6.0
D4.2__Fig 2__SQUID_data__IVB_BS30_A1S1_I_coil_+-0.3mA_fine_284mK_191103__IVB__T_1p40K[0.000054000],1,1,7.970470233053417,0.0,0.0,0.6115288220551379,0.0,0.0,1.0,6.0
D4.2__Fig 2__SQUID_data__IVB_BS30_A1S1_I_coil_+-0.3mA_fine_284mK_191103__IVB__T_1p40K[0.000054750],1,1,8.383266109947266,0.0,0.0,0.6115288220551378,0.0,0.0,1.0,6.0
D4.2__Fig 2__SQUID_data__IVB_BS30_A1S1_I_coil_+-0.3mA_fine_284mK_191103__IVB__T_1p40K[0.000055500],1,1,8.514058855692245,0.0,0.0,0.6090225563909775,0.0,0.0,1.0,6.0
D4.2__Fig 2__SQUID_data__IVB_BS30_A1S1_I_coil_+-0.3mA_fine_284mK_191103__IVB__T_1p40K[0.000056250],1,1,8.203782215934785,0.0,0.0,0.6090225563909775,0.0,0.0,1.0,6.0
D4.2__Fig 2__SQUID_data__IVB_BS30_A1S1_I_coil_+-0.3mA_fine_284mK_191103__IVB__T_1p40K[0.000057000],1,1,8.408172802526252,0.0,0.0,0.6065162907268171,0.0,0.0,1.0,6.0
D4.2__Fig 2__SQUID_data__IVB_BS30_A1S1_I_coil_+-0.3mA_fine_284mK_191103__IVB__T_1p40K[0.000057750],1,1,9.090927399404205,0.0,0.0,0.6040100250626568,0.0,0.0,1.0,6.0
D4.2__Fig 2__SQUID_data__IVB_BS30_A1S1_I_coil_+-0.3mA_fine_284mK_191103__IVB__T_1p40K[0.000058500],1,1,8.672059910332123,0.0,0.0,0.6040100250626567,0.0,0.0,1.0,6.0
D4.2__Fig 2__SQUID_data__IVB_BS30_A1S1_I_coil_+-0.3mA_fine_284mK_191103__IVB__T_1p40K[0.000059250],1,1,9.15766862686339,0.0,0.0,0.6015037593984963,0.0,0.0,1.0,6.0
D4.2__Fig 2__SQUID_data__IVB_BS30_A1S1_I_coil_+-0.3mA_fine_284mK_191103__IVB__T_1p40K[0.000060000],1,1,8.976339342216006,0.0,0.0,0.5989974937343359,0.0,0.0,1.0,6.0
D4.2__Fig 2__SQUID_data__IVB_BS30_A1S1_I_coil_+-0.3mA_fine_284mK_191103__IVB__T_1p40K[0.000060750],1,1,8.21853579129851,0.0,0.0,0.5964912280701754,0.0,0.0,1.0,6.0
D4.2__Fig 2__SQUID_data__IVB_BS30_A1S1_I_coil_+-0.3mA_fine_284mK_191103__IVB__T_1p40K[0.000061500],1,1,7.751668715486612,0.0,0.0,0.5939849624060151,0.0,0.0,1.0,6.0
D4.2__Fig 2__SQUID_data__IVB_BS30_A1S1_I_coil_+-0.3mA_fine_284mK_191103__IVB__T_1p40K[0.000062250],1,1,8.647372780679255,0.0,0.0,0.5914786967418547,0.0,0.0,1.0,6.0
D4.2__Fig 2__SQUID_data__IVB_BS30_A1S1_I_coil_+-0.3mA_fine_284mK_191103__IVB__T_1p40K[0.000063000],1,1,7.774724037642847,0.0,0.0,0.5889724310776943,0.0,0.0,1.0,6.0
D4.2__Fig 2__SQUID_data__IVB_BS30_A1S1_I_coil_+-0.3mA_fine_284mK_191103__IVB__T_1p40K[0.000063750],1,1,8.024144910837952,0.0,0.0,0.6015037593984962,0.0,0.0,1.0,6.0
D4.2__Fig 2__SQUID_data__IVB_BS30_A1S1_I_coil_+-0.3mA_fine_284mK_191103__IVB__T_1p40K[0.000064500],1,1,7.61654799355692,0.0,0.0,0.6040100250626567,0.0,0.0,1.0,6.0
D4.2__Fig 2__SQUID_data__IVB_BS30_A1S1_I_coil_+-0.3mA_fine_284mK_191103__IVB__T_1p40K[0.000065250],1,1,7.660978477800954,0.0,0.0,0.6040100250626566,0.0,0.0,1.0,6.0
D4.2__Fig 2__SQUID_data__IVB_BS30_A1S1_I_coil_+-0.3mA_fine_284mK_191103__IVB__T_1p40K[0.000066000],1,1,7.644443864593951,0.0,0.0,0.5989974937343359,0.0,0.0,1.0,6.0
D4.2__Fig 2__SQUID_data__IVB_BS30_A1S1_I_coil_+-0.3mA_fine_284mK_191103__IVB__T_1p40K[0.000066750],1,1,8.13989942107245,0.0,0.0,0.5964912280701755,0.0,0.0,1.0,6.0
D4.2__Fig 2__SQUID_data__IVB_BS30_A1S1_I_coil_+-0.3mA_fine_284mK_191103__IVB__T_1p40K[0.000067500],1,1,8.353934122459917,0.0,0.0,0.5939849624060151,0.0,0.0,1.0,6.0
D4.2__Fig 2__SQUID_data__IVB_BS30_A1S1_I_coil_+-0.3mA_fine_284mK_191103__IVB__T_1p40K[0.000068250],1,1,8.767754424939616,0.0,0.0,0.5914786967418546,0.0,0.0,1.0,6.0
D4.2__Fig 2__SQUID_data__IVB_BS30_A1S1_I_coil_+-0.3mA_fine_284mK_191103__IVB__T_1p40K[0.000069000],1,1,8.603210614257398,0.0,0.0,0.5889724310776943,0.0,0.0,1.0,6.0
D4.2__Fig 2__SQUID_data__IVB_BS30_A1S1_I_coil_+-0.3mA_fine_284mK_191103__IVB__T_1p40K[0.000069750],1,1,8.470359734661805,0.0,0.0,0.5839598997493733,0.0,0.0,1.0,6.0
D4.2__Fig 2__SQUID_data__IVB_BS30_A1S1_I_coil_+-0.3mA_fine_284mK_191103__IVB__T_1p40K[0.000070500],1,1,8.431541527778775,0.0,0.0,0.5814536340852131,0.0,0.0,1.0,6.0
D4.2__Fig 2__SQUID_data__IVB_BS30_A1S1_I_coil_+-0.3mA_fine_284mK_191103__IVB__T_1p40K[0.000071250],1,1,7.831365587239162,0.0,0.0,0.5789473684210527,0.0,0.0,1.0,6.0
D4.2__Fig 2__SQUID_data__IVB_BS30_A1S1_I_coil_+-0.3mA_fine_284mK_191103__IVB__T_1p40K[0.000072000],1,1,7.831430563081914,0.0,0.0,0.5764411027568923,0.0,0.0,1.0,6.0
D4.2__Fig 2__SQUID_data__IVB_BS30_A1S1_I_coil_+-0.3mA_fine_284mK_191103__IVB__T_1p40K[0.000072750],1,1,7.8288019493049825,0.0,0.0,0.5714285714285714,0.0,0.0,1.0,6.0
D4.2__Fig 2__SQUID_data__IVB_BS30_A1S1_I_coil_+-0.3mA_fine_284mK_191103__IVB__T_1p40K[0.000073500],1,1,7.905177448599755,0.0,0.0,0.568922305764411,0.0,0.0,1.0,6.0
D4.2__Fig 2__SQUID_data__IVB_BS30_A1S1_I_coil_+-0.3mA_fine_284mK_191103__IVB__T_1p40K[0.000074250],1,1,7.6343454347454935,0.0,0.0,0.568922305764411,0.0,0.0,1.0,6.0
D4.2__Fig 2__SQUID_data__IVB_BS30_A1S1_I_coil_+-0.3mA_fine_284mK_191103__IVB__T_1p40K[0.000075000],1,1,7.677342493313937,0.0,0.0,0.5664160401002506,0.0,0.0,1.0,6.0
D4.2__Fig 2__SQUID_data__IVB_BS30_A1S1_I_coil_+-0.3mA_fine_284mK_191103__IVB__T_1p40K[0.000075750],1,1,7.525103128283806,0.0,0.0,0.5664160401002506,0.0,0.0,1.0,6.0
D4.2__Fig 2__SQUID_data__IVB_BS30_A1S1_I_coil_+-0.3mA_fine_284mK_191103__IVB__T_1p40K[0.000076500],1,1,7.519548303823988,0.0,0.0,0.5664160401002506,0.0,0.0,1.0,6.0
D4.2__Fig 2__SQUID_data__IVB_BS30_A1S1_I_coil_+-0.3mA_fine_284mK_191103__IVB__T_1p40K[0.000077250],1,1,8.168540590325865,0.0,0.0,0.5639097744360901,0.0,0.0,1.0,6.0
D4.2__Fig 2__SQUID_data__IVB_BS30_A1S1_I_coil_+-0.3mA_fine_284mK_191103__IVB__T_1p40K[0.000078000],1,1,8.51242497438228,0.0,0.0,0.5639097744360902,0.0,0.0,1.0,6.0
D4.2__Fig 2__SQUID_data__IVB_BS30_A1S1_I_coil_+-0.3mA_fine_284mK_191103__IVB__T_1p40K[0.000078750],1,1,7.992765999320256,0.0,0.0,0.5639097744360902,0.0,0.0,1.0,6.0
D4.2__Fig 2__SQUID_data__IVB_BS30_A1S1_I_coil_+-0.3mA_fine_284mK_191103__IVB__T_1p40K[0.000079500],1,1,7.9955441091586,0.0,0.0,0.5639097744360902,0.0,0.0,1.0,6.0
D4.2__Fig 2__SQUID_data__IVB_BS30_A1S1_I_coil_+-0.3mA_fine_284mK_191103__IVB__T_1p40K[0.000080250],1,1,7.810798939699894,0.0,0.0,0.5639097744360902,0.0,0.0,1.0,6.0
D4.2__Fig 2__SQUID_data__IVB_BS30_A1S1_I_coil_+-0.3mA_fine_284mK_191103__IVB__T_1p40K[0.000081000],1,1,7.898758619909173,0.0,0.0,0.5639097744360902,0.0,0.0,1.0,6.0
D4.2__Fig 2__SQUID_data__IVB_BS30_A1S1_I_coil_+-0.3mA_fine_284mK_191103__IVB__T_1p40K[0.000081750],1,1,7.975150694549984,0.0,0.0,0.5614035087719298,0.0,0.0,1.0,6.0
D4.2__Fig 2__SQUID_data__IVB_BS30_A1S1_I_coil_+-0.3mA_fine_284mK_191103__IVB__T_1p40K[0.000082500],1,1,8.252960342503375,0.0,0.0,0.5614035087719298,0.0,0.0,1.0,6.0
D4.2__Fig 2__SQUID_data__IVB_BS30_A1S1_I_coil_+-0.3mA_fine_284mK_191103__IVB__T_1p40K[0.000083250],1,1,8.70543700167748,0.0,0.0,0.5614035087719299,0.0,0.0,1.0,6.0
D4.2__Fig 2__SQUID_data__IVB_BS30_A1S1_I_coil_+-0.3mA_fine_284mK_191103__IVB__T_1p40K[0.000084000],1,1,8.533142527218036,0.0,0.0,0.5614035087719299,0.0,0.0,1.0,6.0
D4.2__Fig 2__SQUID_data__IVB_BS30_A1S1_I_coil_+-0.3mA_fine_284mK_191103__IVB__T_1p40K[0.000084750],1,1,8.386578941922503,0.0,0.0,0.5614035087719298,0.0,0.0,1.0,6.0
D4.2__Fig 2__SQUID_data__IVB_BS30_A1S1_I_coil_+-0.3mA_fine_284mK_191103__IVB__T_1p40K[0.000085500],1,1,8.057376105269652,0.0,0.0,0.5614035087719299,0.0,0.0,1.0,6.0
D4.2__Fig 2__SQUID_data__IVB_BS30_A1S1_I_coil_+-0.3mA_fine_284mK_191103__IVB__T_1p40K[0.000086250],1,1,8.30751385169971,0.0,0.0,0.5639097744360902,0.0,0.0,1.0,6.0
D4.2__Fig 2__SQUID_data__IVB_BS30_A1S1_I_coil_+-0.3mA_fine_284mK_191103__IVB__T_1p40K[0.000087000],1,1,8.642030218697665,0.0,0.0,0.5614035087719298,0.0,0.0,1.0,6.0
D4.2__Fig 2__SQUID_data__IVB_BS30_A1S1_I_coil_+-0.3mA_fine_284mK_191103__IVB__T_1p40K[0.000087750],1,1,8.825523132511826,0.0,0.0,0.5614035087719299,0.0,0.0,1.0,6.0
D4.2__Fig 2__SQUID_data__IVB_BS30_A1S1_I_coil_+-0.3mA_fine_284mK_191103__IVB__T_1p40K[0.000088500],1,1,9.051386320254393,0.0,0.0,0.5614035087719299,0.0,0.0,1.0,6.0
D4.2__Fig 2__SQUID_data__IVB_BS30_A1S1_I_coil_+-0.3mA_fine_284mK_191103__IVB__T_1p40K[0.000089250],1,1,9.108200426129274,0.0,0.0,0.5614035087719298,0.0,0.0,1.0,6.0
D4.2__Fig 2__SQUID_data__IVB_BS30_A1S1_I_coil_+-0.3mA_fine_284mK_191103__IVB__T_1p40K[0.000090000],1,1,9.19419217601701,0.0,0.0,0.5614035087719298,0.0,0.0,1.0,6.0
D4.2__Fig 2__SQUID_data__IVB_BS30_A1S1_I_coil_+-0.3mA_fine_284mK_191103__IVB__T_1p40K[0.000090750],1,1,9.455193748200653,0.0,0.0,0.5614035087719298,0.0,0.0,1.0,6.0
D4.2__Fig 2__SQUID_data__IVB_BS30_A1S1_I_coil_+-0.3mA_fine_284mK_191103__IVB__T_1p40K[0.000091500],1,1,9.800381282685828,0.0,0.0,0.5614035087719299,0.0,0.0,1.0,6.0
D4.2__Fig 2__SQUID_data__IVB_BS30_A1S1_I_coil_+-0.3mA_fine_284mK_191103__IVB__T_1p40K[0.000092250],1,1,9.497657902391063,0.0,0.0,0.5614035087719298,0.0,0.0,1.0,6.0
D4.2__Fig 2__SQUID_data__IVB_BS30_A1S1_I_coil_+-0.3mA_fine_284mK_191103__IVB__T_1p40K[0.000093000],1,1,9.120773189668876,0.0,0.0,0.5639097744360902,0.0,0.0,1.0,6.0
D4.2__Fig 2__SQUID_data__IVB_BS30_A1S1_I_coil_+-0.3mA_fine_284mK_191103__IVB__T_1p40K[0.000093750],1,1,9.180046581542362,0.0,0.0,0.5639097744360902,0.0,0.0,1.0,6.0
D4.2__Fig 2__SQUID_data__IVB_BS30_A1S1_I_coil_+-0.3mA_fine_284mK_191103__IVB__T_1p40K[0.000094500],1,1,8.92019232413722,0.0,0.0,0.5639097744360902,0.0,0.0,1.0,6.0
D4.2__Fig 2__SQUID_data__IVB_BS30_A1S1_I_coil_+-0.3mA_fine_284mK_191103__IVB__T_1p40K[0.000095250],1,1,10.000520248866867,0.0,0.0,0.5639097744360901,0.0,0.0,1.0,6.0
D4.2__Fig 2__SQUID_data__IVB_BS30_A1S1_I_coil_+-0.3mA_fine_284mK_191103__IVB__T_1p40K[0.000096000],1,1,9.985217974557242,0.0,0.0,0.5614035087719298,0.0,0.0,1.0,6.0
D4.2__Fig 2__SQUID_data__IVB_BS30_A1S1_I_coil_+-0.3mA_fine_284mK_191103__IVB__T_1p40K[0.000096750],1,1,10.479932945694586,0.0,0.0,0.5639097744360902,0.0,0.0,1.0,6.0
D4.2__Fig 2__SQUID_data__IVB_BS30_A1S1_I_coil_+-0.3mA_fine_284mK_191103__IVB__T_1p40K[0.000097500],1,1,9.729349169172673,0.0,0.0,0.5639097744360902,0.0,0.0,1.0,6.0
D4.2__Fig 2__SQUID_data__IVB_BS30_A1S1_I_coil_+-0.3mA_fine_284mK_191103__IVB__T_1p40K[0.000098250],1,1,8.596737801849848,0.0,0.0,0.5639097744360902,0.0,0.0,1.0,6.0
D4.2__Fig 2__SQUID_data__IVB_BS30_A1S1_I_coil_+-0.3mA_fine_284mK_191103__IVB__T_1p40K[0.000099000],1,1,9.110243810288393,0.0,0.0,0.5639097744360902,0.0,0.0,1.0,6.0
D4.2__Fig 2__SQUID_data__IVB_BS30_A1S1_I_coil_+-0.3mA_fine_284mK_191103__IVB__T_1p40K[0.000099750],1,1,9.806180827036531,0.0,0.0,0.5639097744360901,0.0,0.0,1.0,6.0
D4.2__Fig 2__SQUID_data__IVB_BS30_A1S1_I_coil_+-0.3mA_fine_284mK_191103__IVB__T_1p40K[0.000100500],1,1,9.440588372790652,0.0,0.0,0.5639097744360902,0.0,0.0,1.0,6.0
D4.2__Fig 2__SQUID_data__IVB_BS30_A1S1_I_coil_+-0.3mA_fine_284mK_191103__IVB__T_1p40K[0.000101250],1,1,9.728346002740205,0.0,0.0,0.5639097744360902,0.0,0.0,1.0,6.0
D4.2__Fig 2__SQUID_data__IVB_BS30_A1S1_I_coil_+-0.3mA_fine_284mK_191103__IVB__T_1p40K[0.000102000],1,1,9.656469309371756,0.0,0.0,0.5639097744360901,0.0,0.0,1.0,6.0
D4.2__Fig 2__SQUID_data__IVB_BS30_A1S1_I_coil_+-0.3mA_fine_284mK_191103__IVB__T_1p40K[0.000102750],1,1,9.971684737865065,0.0,0.0,0.5639097744360902,0.0,0.0,1.0,6.0
D4.2__Fig 2__SQUID_data__IVB_BS30_A1S1_I_coil_+-0.3mA_fine_284mK_191103__IVB__T_1p40K[0.000103500],1,1,10.025025893894783,0.0,0.0,0.5639097744360902,0.0,0.0,1.0,6.0
D4.2__Fig 2__SQUID_data__IVB_BS30_A1S1_I_coil_+-0.3mA_fine_284mK_191103__IVB__T_1p40K[0.000104250],1,1,10.09968344552587,0.0,0.0,0.5639097744360902,0.0,0.0,1.0,6.0
D4.2__Fig 2__SQUID_data__IVB_BS30_A1S1_I_coil_+-0.3mA_fine_284mK_191103__IVB__T_1p40K[0.000105000],1,1,9.880313773932178,0.0,0.0,0.5664160401002505,0.0,0.0,1.0,6.0
D4.2__Fig 2__SQUID_data__IVB_BS30_A1S1_I_coil_+-0.3mA_fine_284mK_191103__IVB__T_1p40K[0.000105750],1,1,9.371748562053247,0.0,0.0,0.5664160401002505,0.0,0.0,1.0,6.0
D4.2__Fig 2__SQUID_data__IVB_BS30_A1S1_I_coil_+-0.3mA_fine_284mK_191103__IVB__T_1p40K[0.000106500],1,1,8.965694862371187,0.0,0.0,0.5639097744360902,0.0,0.0,1.0,6.0
D4.2__Fig 2__SQUID_data__IVB_BS30_A1S1_I_coil_+-0.3mA_fine_284mK_191103__IVB__T_1p40K[0.000107250],1,1,9.377153309902727,0.0,0.0,0.5639097744360901,0.0,0.0,1.0,6.0
D4.2__Fig 2__SQUID_data__IVB_BS30_A1S1_I_coil_+-0.3mA_fine_284mK_191103__IVB__T_1p40K[0.000108000],1,1,10.0445146020478,0.0,0.0,0.5664160401002506,0.0,0.0,1.0,6.0
D4.2__Fig 2__SQUID_data__IVB_BS30_A1S1_I_coil_+-0.3mA_fine_284mK_191103__IVB__T_1p40K[0.000108750],1,1,10.091863807001497,0.0,0.0,0.5664160401002507,0.0,0.0,1.0,6.0
D4.2__Fig 2__SQUID_data__IVB_BS30_A1S1_I_coil_+-0.3mA_fine_284mK_191103__IVB__T_1p40K[0.000109500],1,1,9.431144356052222,0.0,0.0,0.5664160401002507,0.0,0.0,1.0,6.0
D4.2__Fig 2__SQUID_data__IVB_BS30_A1S1_I_coil_+-0.3mA_fine_284mK_191103__IVB__T_1p40K[0.000110250],1,1,8.726879681313537,0.0,0.0,0.5664160401002506,0.0,0.0,1.0,6.0
D4.2__Fig 2__SQUID_data__IVB_BS30_A1S1_I_coil_+-0.3mA_fine_284mK_191103__IVB__T_1p40K[0.000111000],1,1,8.191605946221328,0.0,0.0,0.5664160401002507,0.0,0.0,1.0,6.0
D4.2__Fig 2__SQUID_data__IVB_BS30_A1S1_I_coil_+-0.3mA_fine_284mK_191103__IVB__T_1p40K[0.000111750],1,1,8.202094636794154,0.0,0.0,0.568922305764411,0.0,0.0,1.0,6.0
D4.2__Fig 2__SQUID_data__IVB_BS30_A1S1_I_coil_+-0.3mA_fine_284mK_191103__IVB__T_1p40K[0.000112500],1,1,8.5417752093699,0.0,0.0,0.568922305764411,0.0,0.0,1.0,6.0
D4.2__Fig 2__SQUID_data__IVB_BS30_A1S1_I_coil_+-0.3mA_fine_284mK_191103__IVB__T_1p40K[0.000113250],1,1,8.744496800515599,0.0,0.0,0.568922305764411,0.0,0.0,1.0,6.0
D4.2__Fig 2__SQUID_data__IVB_BS30_A1S1_I_coil_+-0.3mA_fine_284mK_191103__IVB__T_1p40K[0.000114000],1,1,8.873069423658565,0.0,0.0,0.568922305764411,0.0,0.0,1.0,6.0
D4.2__Fig 2__SQUID_data__IVB_BS30_A1S1_I_coil_+-0.3mA_fine_284mK_191103__IVB__T_1p40K[0.000114750],1,1,9.07009130637476,0.0,0.0,0.5689223057644109,0.0,0.0,1.0,6.0
D4.2__Fig 2__SQUID_data__IVB_BS30_A1S1_I_coil_+-0.3mA_fine_284mK_191103__IVB__T_1p40K[0.000115500],1,1,9.425287889647853,0.0,0.0,0.568922305764411,0.0,0.0,1.0,6.0
D4.2__Fig 2__SQUID_data__IVB_BS30_A1S1_I_coil_+-0.3mA_fine_284mK_191103__IVB__T_1p40K[0.000116250],1,1,9.186979941110236,0.0,0.0,0.568922305764411,0.0,0.0,1.0,6.0
D4.2__Fig 2__SQUID_data__IVB_BS30_A1S1_I_coil_+-0.3mA_fine_284mK_191103__IVB__T_1p40K[0.000117000],1,1,9.488228204519531,0.0,0.0,0.5714285714285714,0.0,0.0,1.0,6.0
D4.2__Fig 2__SQUID_data__IVB_BS30_A1S1_I_coil_+-0.3mA_fine_284mK_191103__IVB__T_1p40K[0.000117750],1,1,10.648307695233873,0.0,0.0,0.5714285714285715,0.0,0.0,1.0,6.0
D4.2__Fig 2__SQUID_data__IVB_BS30_A1S1_I_coil_+-0.3mA_fine_284mK_191103__IVB__T_1p40K[0.000118500],1,1,11.888816361897348,0.0,0.0,0.5714285714285714,0.0,0.0,1.0,6.0
D4.2__Fig 2__SQUID_data__IVB_BS30_A1S1_I_coil_+-0.3mA_fine_284mK_191103__IVB__T_1p40K[0.000119250],1,1,11.632398216077247,0.0,0.0,0.5714285714285714,0.0,0.0,1.0,6.0
D4.2__Fig 2__SQUID_data__IVB_BS30_A1S1_I_coil_+-0.3mA_fine_284mK_191103__IVB__T_1p40K[0.000120000],1,1,10.768245366101555,0.0,0.0,0.5714285714285714,0.0,0.0,1.0,6.0
D4.2__Fig 2__SQUID_data__IVB_BS30_A1S1_I_coil_+-0.3mA_fine_284mK_191103__IVB__T_1p40K[0.000120750],1,1,9.777308716081945,0.0,0.0,0.5714285714285714,0.0,0.0,1.0,6.0
D4.2__Fig 2__SQUID_data__IVB_BS30_A1S1_I_coil_+-0.3mA_fine_284mK_191103__IVB__T_1p40K[0.000121500],1,1,9.472233814282419,0.0,0.0,0.5714285714285714,0.0,0.0,1.0,6.0
D4.2__Fig 2__SQUID_data__IVB_BS30_A1S1_I_coil_+-0.3mA_fine_284mK_191103__IVB__T_1p40K[0.000122250],1,1,9.32088184465905,0.0,0.0,0.5714285714285714,0.0,0.0,1.0,6.0
D4.2__Fig 2__SQUID_data__IVB_BS30_A1S1_I_coil_+-0.3mA_fine_284mK_191103__IVB__T_1p40K[0.000123000],1,1,9.08727609683034,0.0,0.0,0.5714285714285714,0.0,0.0,1.0,6.0
D4.2__Fig 2__SQUID_data__IVB_BS30_A1S1_I_coil_+-0.3mA_fine_284mK_191103__IVB__T_1p40K[0.000123750],1,1,9.20485185546761,0.0,0.0,0.5739348370927319,0.0,0.0,1.0,6.0
D4.2__Fig 2__SQUID_data__IVB_BS30_A1S1_I_coil_+-0.3mA_fine_284mK_191103__IVB__T_1p40K[0.000124500],1,1,10.2218746576507,0.0,0.0,0.5714285714285714,0.0,0.0,1.0,6.0
D4.2__Fig 2__SQUID_data__IVB_BS30_A1S1_I_coil_+-0.3mA_fine_284mK_191103__IVB__T_1p40K[0.000125250],1,1,10.746717985321892,0.0,0.0,0.5714285714285714,0.0,0.0,1.0,6.0
D4.2__Fig 2__SQUID_data__IVB_BS30_A1S1_I_coil_+-0.3mA_fine_284mK_191103__IVB__T_1p40K[0.000126000],1,1,10.287899832777663,0.0,0.0,0.5714285714285714,0.0,0.0,1.0,6.0
D4.2__Fig 2__SQUID_data__IVB_BS30_A1S1_I_coil_+-0.3mA_fine_284mK_191103__IVB__T_1p40K[0.000126750],1,1,10.421458668359252,0.0,0.0,0.5714285714285714,0.0,0.0,1.0,6.0
D4.2__Fig 2__SQUID_data__IVB_BS30_A1S1_I_coil_+-0.3mA_fine_284mK_191103__IVB__T_1p40K[0.000127500],1,1,9.969116739080874,0.0,0.0,0.5714285714285714,0.0,0.0,1.0,6.0
D4.2__Fig 2__SQUID_data__IVB_BS30_A1S1_I_coil_+-0.3mA_fine_284mK_191103__IVB__T_1p40K[0.000128250],1,1,10.388389897102684,0.0,0.0,0.5714285714285715,0.0,0.0,1.0,6.0
D4.2__Fig 2__SQUID_data__IVB_BS30_A1S1_I_coil_+-0.3mA_fine_284mK_191103__IVB__T_1p40K[0.000129000],1,1,10.515105394651469,0.0,0.0,0.5714285714285715,0.0,0.0,1.0,6.0
D4.2__Fig 2__SQUID_data__IVB_BS30_A1S1_I_coil_+-0.3mA_fine_284mK_191103__IVB__T_1p40K[0.000129750],1,1,11.487437054405873,0.0,0.0,0.5714285714285714,0.0,0.0,1.0,6.0
D4.2__Fig 2__SQUID_data__IVB_BS30_A1S1_I_coil_+-0.3mA_fine_284mK_191103__IVB__T_1p40K[0.000130500],1,1,11.792909837416556,0.0,0.0,0.5714285714285714,0.0,0.0,1.0,6.0
D4.2__Fig 2__SQUID_data__IVB_BS30_A1S1_I_coil_+-0.3mA_fine_284mK_191103__IVB__T_1p40K[0.000131250],1,1,11.78060508190558,0.0,0.0,0.5714285714285715,0.0,0.0,1.0,6.0
D4.2__Fig 2__SQUID_data__IVB_BS30_A1S1_I_coil_+-0.3mA_fine_284mK_191103__IVB__T_1p40K[0.000132000],1,1,10.163171988009733,0.0,0.0,0.5664160401002507,0.0,0.0,1.0,6.0
D4.2__Fig 2__SQUID_data__IVB_BS30_A1S1_I_coil_+-0.3mA_fine_284mK_191103__IVB__T_1p40K[0.000132750],1,1,10.072502824432386,0.0,0.0,0.5689223057644109,0.0,0.0,1.0,6.0
D4.2__Fig 2__SQUID_data__IVB_BS30_A1S1_I_coil_+-0.3mA_fine_284mK_191103__IVB__T_1p40K[0.000133500],1,1,10.70023477912359,0.0,0.0,0.5639097744360901,0.0,0.0,1.0,6.0
D4.2__Fig 2__SQUID_data__IVB_BS30_A1S1_I_coil_+-0.3mA_fine_284mK_191103__IVB__T_1p40K[0.000134250],1,1,11.25124762383761,0.0,0.0,0.5639097744360901,0.0,0.0,1.0,6.0
D4.2__Fig 2__SQUID_data__IVB_BS30_A1S1_I_coil_+-0.3mA_fine_284mK_191103__IVB__T_1p40K[0.000135000],1,1,10.73123280339698,0.0,0.0,0.5664160401002507,0.0,0.0,1.0,6.0
D4.2__Fig 2__SQUID_data__IVB_BS30_A1S1_I_coil_+-0.3mA_fine_284mK_191103__IVB__T_1p40K[0.000135750],1,1,10.652874891371855,0.0,0.0,0.5664160401002506,0.0,0.0,1.0,6.0
D4.2__Fig 2__SQUID_data__IVB_BS30_A1S1_I_coil_+-0.3mA_fine_284mK_191103__IVB__T_1p40K[0.000136500],1,1,10.607647106810383,0.0,0.0,0.5664160401002506,0.0,0.0,1.0,6.0
D4.2__Fig 2__SQUID_data__IVB_BS30_A1S1_I_coil_+-0.3mA_fine_284mK_191103__IVB__T_1p40K[0.000137250],1,1,9.318821824314336,0.0,0.0,0.5664160401002507,0.0,0.0,1.0,6.0
D4.2__Fig 2__SQUID_data__IVB_BS30_A1S1_I_coil_+-0.3mA_fine_284mK_191103__IVB__T_1p40K[0.000138000],1,1,9.924911821501354,0.0,0.0,0.5664160401002507,0.0,0.0,1.0,6.0
D4.2__Fig 2__SQUID_data__IVB_BS30_A1S1_I_coil_+-0.3mA_fine_284mK_191103__IVB__T_1p40K[0.000138750],1,1,9.761905718217992,0.0,0.0,0.5664160401002506,0.0,0.0,1.0,6.0
D4.2__Fig 2__SQUID_data__IVB_BS30_A1S1_I_coil_+-0.3mA_fine_284mK_191103__IVB__T_1p40K[0.000139500],1,1,8.979597951595848,0.0,0.0,0.5664160401002507,0.0,0.0,1.0,6.0
D4.2__Fig 2__SQUID_data__IVB_BS30_A1S1_I_coil_+-0.3mA_fine_284mK_191103__IVB__T_1p40K[0.000140250],1,1,8.724032081910103,0.0,0.0,0.5639097744360901,0.0,0.0,1.0,6.0
D4.2__Fig 2__SQUID_data__IVB_BS30_A1S1_I_coil_+-0.3mA_fine_284mK_191103__IVB__T_1p40K[0.000141000],1,1,9.352483647007709,0.0,0.0,0.5664160401002506,0.0,0.0,1.0,6.0
D4.2__Fig 2__SQUID_data__IVB_BS30_A1S1_I_coil_+-0.3mA_fine_284mK_191103__IVB__T_1p40K[0.000141750],1,1,9.460021018167678,0.0,0.0,0.5639097744360902,0.0,0.0,1.0,6.0
D4.2__Fig 2__SQUID_data__IVB_BS30_A1S1_I_coil_+-0.3mA_fine_284mK_191103__IVB__T_1p40K[0.000142500],1,1,9.449653762580901,0.0,0.0,0.5639097744360902,0.0,0.0,1.0,6.0
D4.2__Fig 2__SQUID_data__IVB_BS30_A1S1_I_coil_+-0.3mA_fine_284mK_191103__IVB__T_1p40K[0.000143250],1,1,9.381359870233446,0.0,0.0,0.5639097744360902,0.0,0.0,1.0,6.0
D4.2__Fig 2__SQUID_data__IVB_BS30_A1S1_I_coil_+-0.3mA_fine_284mK_191103__IVB__T_1p40K[0.000144000],1,1,8.810514663971539,0.0,0.0,0.5639097744360902,0.0,0.0,1.0,6.0
D4.2__Fig 2__SQUID_data__IVB_BS30_A1S1_I_coil_+-0.3mA_fine_284mK_191103__IVB__T_1p40K[0.000144750],1,1,8.449525053760114,0.0,0.0,0.5664160401002506,0.0,0.0,1.0,6.0
D4.2__Fig 2__SQUID_data__IVB_BS30_A1S1_I_coil_+-0.3mA_fine_284mK_191103__IVB__T_1p40K[0.000145500],1,1,9.704408905502527,0.0,0.0,0.5639097744360902,0.0,0.0,1.0,6.0
D4.2__Fig 2__SQUID_data__IVB_BS30_A1S1_I_coil_+-0.3mA_fine_284mK_191103__IVB__T_1p40K[0.000146250],1,1,9.64325327875349,0.0,0.0,0.5639097744360902,0.0,0.0,1.0,6.0
D4.2__Fig 2__SQUID_data__IVB_BS30_A1S1_I_coil_+-0.3mA_fine_284mK_191103__IVB__T_1p40K[0.000147000],1,1,10.216457964304055,0.0,0.0,0.5639097744360902,0.0,0.0,1.0,6.0
D4.2__Fig 2__SQUID_data__IVB_BS30_A1S1_I_coil_+-0.3mA_fine_284mK_191103__IVB__T_1p40K[0.000147750],1,1,10.28783523421306,0.0,0.0,0.5639097744360902,0.0,0.0,1.0,6.0
D4.2__Fig 2__SQUID_data__IVB_BS30_A1S1_I_coil_+-0.3mA_fine_284mK_191103__IVB__T_1p40K[0.000148500],1,1,10.753402258206577,0.0,0.0,0.5639097744360902,0.0,0.0,1.0,6.0
D4.2__Fig 2__SQUID_data__IVB_BS30_A1S1_I_coil_+-0.3mA_fine_284mK_191103__IVB__T_1p40K[0.000149250],1,1,10.179793727598298,0.0,0.0,0.5639097744360901,0.0,0.0,1.0,6.0
D4.2__Fig 2__SQUID_data__IVB_BS30_A1S1_I_coil_+-0.3mA_fine_284mK_191103__IVB__T_1p40K[0.000150000],1,1,10.907425946027455,0.0,0.0,0.5639097744360904,0.0,0.0,1.0,6.0
D4.2__Fig 2__SQUID_data__IVB_BS30_A1S1_I_coil_+-0.3mA_fine_284mK_191103__IVB__T_1p40K[0.000150750],1,1,10.198776018908758,0.0,0.0,0.5639097744360902,0.0,0.0,1.0,6.0
D4.2__Fig 2__SQUID_data__IVB_BS30_A1S1_I_coil_+-0.3mA_fine_284mK_191103__IVB__T_1p40K[0.000151500],1,1,9.795619395106497,0.0,0.0,0.5639097744360902,0.0,0.0,1.0,6.0
D4.2__Fig 2__SQUID_data__IVB_BS30_A1S1_I_coil_+-0.3mA_fine_284mK_191103__IVB__T_1p40K[0.000152250],1,1,9.87132204881945,0.0,0.0,0.5639097744360901,0.0,0.0,1.0,6.0
D4.2__Fig 2__SQUID_data__IVB_BS30_A1S1_I_coil_+-0.3mA_fine_284mK_191103__IVB__T_1p40K[0.000153000],1,1,10.38511747731281,0.0,0.0,0.5639097744360902,0.0,0.0,1.0,6.0
D4.2__Fig 2__SQUID_data__IVB_BS30_A1S1_I_coil_+-0.3mA_fine_284mK_191103__IVB__T_1p40K[0.000153750],1,1,10.905763919118089,0.0,0.0,0.5664160401002506,0.0,0.0,1.0,6.0
D4.2__Fig 2__SQUID_data__IVB_BS30_A1S1_I_coil_+-0.3mA_fine_284mK_191103__IVB__T_1p40K[0.000154500],1,1,9.711900212209887,0.0,0.0,0.5639097744360902,0.0,0.0,1.0,6.0
D4.2__Fig 2__SQUID_data__IVB_BS30_A1S1_I_coil_+-0.3mA_fine_284mK_191103__IVB__T_1p40K[0.000155250],1,1,9.11811236617307,0.0,0.0,0.5664160401002507,0.0,0.0,1.0,6.0
D4.2__Fig 2__SQUID_data__IVB_BS30_A1S1_I_coil_+-0.3mA_fine_284mK_191103__IVB__T_1p40K[0.000156000],1,1,9.878807236215776,0.0,0.0,0.5664160401002506,0.0,0.0,1.0,6.0
D4.2__Fig 2__SQUID_data__IVB_BS30_A1S1_I_coil_+-0.3mA_fine_284mK_191103__IVB__T_1p40K[0.000156750],1,1,9.401135096167838,0.0,0.0,0.5664160401002506,0.0,0.0,1.0,6.0
D4.2__Fig 2__SQUID_data__IVB_BS30_A1S1_I_coil_+-0.3mA_fine_284mK_191103__IVB__T_1p40K[0.000157500],1,1,9.752824919921016,0.0,0.0,0.5664160401002505,0.0,0.0,1.0,6.0
D4.2__Fig 2__SQUID_data__IVB_BS30_A1S1_I_coil_+-0.3mA_fine_284mK_191103__IVB__T_1p40K[0.000158250],1,1,9.88994131418386,0.0,0.0,0.5664160401002507,0.0,0.0,1.0,6.0
D4.2__Fig 2__SQUID_data__IVB_BS30_A1S1_I_coil_+-0.3mA_fine_284mK_191103__IVB__T_1p40K[0.000159000],1,1,10.806141369622088,0.0,0.0,0.5664160401002507,0.0,0.0,1.0,6.0
D4.2__Fig 2__SQUID_data__IVB_BS30_A1S1_I_coil_+-0.3mA_fine_284mK_191103__IVB__T_1p40K[0.000159750],1,1,10.577120980658535,0.0,0.0,0.568922305764411,0.0,0.0,1.0,6.0
D4.2__Fig 2__SQUID_data__IVB_BS30_A1S1_I_coil_+-0.3mA_fine_284mK_191103__IVB__T_1p40K[0.000160500],1,1,10.128836591423587,0.0,0.0,0.5664160401002506,0.0,0.0,1.0,6.0
D4.2__Fig 2__SQUID_data__IVB_BS30_A1S1_I_coil_+-0.3mA_fine_284mK_191103__IVB__T_1p40K[0.000161250],1,1,10.346524998996992,0.0,0.0,0.5689223057644109,0.0,0.0,1.0,6.0
D4.2__Fig 2__SQUID_data__IVB_BS30_A1S1_I_coil_+-0.3mA_fine_284mK_191103__IVB__T_1p40K[0.000162000],1,1,9.86363276326174,0.0,0.0,0.5714285714285714,0.0,0.0,1.0,6.0
D4.2__Fig 2__SQUID_data__IVB_BS30_A1S1_I_coil_+-0.3mA_fine_284mK_191103__IVB__T_1p40K[0.000162750],1,1,9.811361610530634,0.0,0.0,0.5739348370927317,0.0,0.0,1.0,6.0
D4.2__Fig 2__SQUID_data__IVB_BS30_A1S1_I_coil_+-0.3mA_fine_284mK_191103__IVB__T_1p40K[0.000163500],1,1,11.300989553920628,0.0,0.0,0.5764411027568923,0.0,0.0,1.0,6.0
D4.2__Fig 2__SQUID_data__IVB_BS30_A1S1_I_coil_+-0.3mA_fine_284mK_191103__IVB__T_1p40K[0.000164250],1,1,11.721796022026393,0.0,0.0,0.5789473684210527,0.0,0.0,1.0,6.0
D4.2__Fig 2__SQUID_data__IVB_BS30_A1S1_I_coil_+-0.3mA_fine_284mK_191103__IVB__T_1p40K[0.000165000],1,1,11.630685975906038,0.0,0.0,0.581453634085213,0.0,0.0,1.0,6.0
D4.2__Fig 2__SQUID_data__IVB_BS30_A1S1_I_coil_+-0.3mA_fine_284mK_191103__IVB__T_1p40K[0.000165750],1,1,11.216158664509116,0.0,0.0,0.5839598997493735,0.0,0.0,1.0,6.0
D4.2__Fig 2__SQUID_data__IVB_BS30_A1S1_I_coil_+-0.3mA_fine_284mK_191103__IVB__T_1p40K[0.000166500],1,1,11.511223263243345,0.0,0.0,0.5864661654135338,0.0,0.0,1.0,6.0
D4.2__Fig 2__SQUID_data__IVB_BS30_A1S1_I_coil_+-0.3mA_fine_284mK_191103__IVB__T_1p40K[0.000167250],1,1,10.480594099547048,0.0,0.0,0.5889724310776943,0.0,0.0,1.0,6.0
D4.2__Fig 2__SQUID_data__IVB_BS30_A1S1_I_coil_+-0.3mA_fine_284mK_191103__IVB__T_1p40K[0.000168000],1,1,11.81932265398915,0.0,0.0,0.5964912280701755,0.0,0.0,1.0,6.0
D4.2__Fig 2__SQUID_data__IVB_BS30_A1S1_I_coil_+-0.3mA_fine_284mK_191103__IVB__T_1p40K[0.000168750],1,1,11.020904178625665,0.0,0.0,0.5989974937343358,0.0,0.0,1.0,6.0
D4.2__Fig 2__SQUID_data__IVB_BS30_A1S1_I_coil_+-0.3mA_fine_284mK_191103__IVB__T_1p40K[0.000169500],1,1,11.751590762792786,0.0,0.0,0.6015037593984962,0.0,0.0,1.0,6.0
D4.2__Fig 2__SQUID_data__IVB_BS30_A1S1_I_coil_+-0.3mA_fine_284mK_191103__IVB__T_1p40K[0.000170250],1,1,13.460178251825562,0.0,0.0,0.6040100250626567,0.0,0.0,1.0,6.0
D4.2__Fig 2__SQUID_data__IVB_BS30_A1S1_I_coil_+-0.3mA_fine_284mK_191103__IVB__T_1p40K[0.000171000],1,1,15.394095638444872,0.0,0.0,0.6040100250626567,0.0,0.0,1.0,6.0
D4.2__Fig 2__SQUID_data__IVB_BS30_A1S1_I_coil_+-0.3mA_fine_284mK_191103__IVB__T_1p40K[0.000171750],1,1,15.845603479920204,0.0,0.0,0.6040100250626566,0.0,0.0,1.0,6.0
D4.2__Fig 2__SQUID_data__IVB_BS30_A1S1_I_coil_+-0.3mA_fine_284mK_191103__IVB__T_1p40K[0.000172500],1,1,17.138686615448837,0.0,0.0,0.6015037593984962,0.0,0.0,1.0,6.0
D4.2__Fig 2__SQUID_data__IVB_BS30_A1S1_I_coil_+-0.3mA_fine_284mK_191103__IVB__T_1p40K[0.000173250],1,1,18.344830261437934,0.0,0.0,0.6015037593984963,0.0,0.0,1.0,6.0
D4.2__Fig 2__SQUID_data__IVB_BS30_A1S1_I_coil_+-0.3mA_fine_284mK_191103__IVB__T_1p40K[0.000174000],1,1,15.843012783775851,0.0,0.0,0.6040100250626567,0.0,0.0,1.0,6.0
D4.2__Fig 2__SQUID_data__IVB_BS30_A1S1_I_coil_+-0.3mA_fine_284mK_191103__IVB__T_1p40K[0.000174750],1,1,14.512295280827109,0.0,0.0,0.6065162907268171,0.0,0.0,1.0,6.0
D4.2__Fig 2__SQUID_data__IVB_BS30_A1S1_I_coil_+-0.3mA_fine_284mK_191103__IVB__T_1p40K[0.000175500],1,1,15.728876764675922,0.0,0.0,0.606516290726817,0.0,0.0,1.0,6.0
D4.2__Fig 2__SQUID_data__IVB_BS30_A1S1_I_coil_+-0.3mA_fine_284mK_191103__IVB__T_1p40K[0.000176250],1,1,14.865299102256024,0.0,0.0,0.6090225563909775,0.0,0.0,1.0,6.0
D4.2__Fig 2__SQUID_data__IVB_BS30_A1S1_I_coil_+-0.3mA_fine_284mK_191103__IVB__T_1p40K[0.000177000],1,1,15.297564070590804,0.0,0.0,0.6090225563909775,0.0,0.0,1.0,6.0
D4.2__Fig 2__SQUID_data__IVB_BS30_A1S1_I_coil_+-0.3mA_fine_284mK_191103__IVB__T_1p40K[0.000177750],1,1,15.870227965579826,0.0,0.0,0.6090225563909775,0.0,0.0,1.0,6.0
D4.2__Fig 2__SQUID_data__IVB_BS30_A1S1_I_coil_+-0.3mA_fine_284mK_191103__IVB__T_1p40K[0.000178500],1,1,15.688674502092669,0.0,0.0,0.6090225563909776,0.0,0.0,1.0,6.0
D4.2__Fig 2__SQUID_data__IVB_BS30_A1S1_I_coil_+-0.3mA_fine_284mK_191103__IVB__T_1p40K[0.000179250],1,1,15.6665019356879,0.0,0.0,0.6090225563909775,0.0,0.0,1.0,6.0
D4.2__Fig 2__SQUID_data__IVB_BS30_A1S1_I_coil_+-0.3mA_fine_284mK_191103__IVB__T_1p40K[0.000180000],1,1,16.68646135534722,0.0,0.0,0.6090225563909775,0.0,0.0,1.0,6.0
D4.2__Fig 2__SQUID_data__IVB_BS30_A1S1_I_coil_+-0.3mA_fine_284mK_191103__IVB__T_1p40K[0.000180750],1,1,16.787367845863272,0.0,0.0,0.6115288220551377,0.0,0.0,1.0,6.0
D4.2__Fig 2__SQUID_data__IVB_BS30_A1S1_I_coil_+-0.3mA_fine_284mK_191103__IVB__T_1p40K[0.000181500],1,1,15.906978960234401,0.0,0.0,0.6090225563909774,0.0,0.0,1.0,6.0
D4.2__Fig 2__SQUID_data__IVB_BS30_A1S1_I_coil_+-0.3mA_fine_284mK_191103__IVB__T_1p40K[0.000182250],1,1,17.908126922944817,0.0,0.0,0.6115288220551378,0.0,0.0,1.0,6.0
D4.2__Fig 2__SQUID_data__IVB_BS30_A1S1_I_coil_+-0.3mA_fine_284mK_191103__IVB__T_1p40K[0.000183000],1,1,17.560405879870927,0.0,0.0,0.6115288220551378,0.0,0.0,1.0,6.0
D4.2__Fig 2__SQUID_data__IVB_BS30_A1S1_I_coil_+-0.3mA_fine_284mK_191103__IVB__T_1p40K[0.000183750],1,1,17.640552017589187,0.0,0.0,0.6115288220551378,0.0,0.0,1.0,6.0
D4.2__Fig 2__SQUID_data__IVB_BS30_A1S1_I_coil_+-0.3mA_fine_284mK_191103__IVB__T_1p40K[0.000184500],1,1,16.830450643482905,0.0,0.0,0.6115288220551379,0.0,0.0,1.0,6.0
D4.2__Fig 2__SQUID_data__IVB_BS30_A1S1_I_coil_+-0.3mA_fine_284mK_191103__IVB__T_1p40K[0.000185250],1,1,15.669290603696798,0.0,0.0,0.6115288220551378,0.0,0.0,1.0,6.0
D4.2__Fig 2__SQUID_data__IVB_BS30_A1S1_I_coil_+-0.3mA_fine_284mK_191103__IVB__T_1p40K[0.000186000],1,1,16.95584803362889,0.0,0.0,0.6115288220551379,0.0,0.0,1.0,6.0
D4.2__Fig 2__SQUID_data__IVB_BS30_A1S1_I_coil_+-0.3mA_fine_284mK_191103__IVB__T_1p40K[0.000186750],1,1,17.44627679265524,0.0,0.0,0.6115288220551379,0.0,0.0,1.0,6.0
D4.2__Fig 2__SQUID_data__IVB_BS30_A1S1_I_coil_+-0.3mA_fine_284mK_191103__IVB__T_1p40K[0.000187500],1,1,20.20164578021398,0.0,0.0,0.6115288220551378,0.0,0.0,1.0,6.0
D4.2__Fig 2__SQUID_data__IVB_BS30_A1S1_I_coil_+-0.3mA_fine_284mK_191103__IVB__T_1p40K[0.000188250],1,1,19.755402596357772,0.0,0.0,0.6090225563909774,0.0,0.0,1.0,6.0
D4.2__Fig 2__SQUID_data__IVB_BS30_A1S1_I_coil_+-0.3mA_fine_284mK_191103__IVB__T_1p40K[0.000189000],1,1,17.303344734746958,0.0,0.0,0.6090225563909775,0.0,0.0,1.0,6.0
D4.2__Fig 2__SQUID_data__IVB_BS30_A1S1_I_coil_+-0.3mA_fine_284mK_191103__IVB__T_1p40K[0.000189750],1,1,18.80251089858148,0.0,0.0,0.6115288220551378,0.0,0.0,1.0,6.0
D4.2__Fig 2__SQUID_data__IVB_BS30_A1S1_I_coil_+-0.3mA_fine_284mK_191103__IVB__T_1p40K[0.000190500],1,1,20.19693637129658,0.0,0.0,0.6115288220551379,0.0,0.0,1.0,6.0
D4.2__Fig 2__SQUID_data__IVB_BS30_A1S1_I_coil_+-0.3mA_fine_284mK_191103__IVB__T_1p40K[0.000191250],1,1,23.08204342601731,0.0,0.0,0.6115288220551378,0.0,0.0,1.0,6.0
D4.2__Fig 2__SQUID_data__IVB_BS30_A1S1_I_coil_+-0.3mA_fine_284mK_191103__IVB__T_1p40K[0.000192000],1,1,18.792731956150693,0.0,0.0,0.6115288220551379,0.0,0.0,1.0,6.0
D4.2__Fig 2__SQUID_data__IVB_BS30_A1S1_I_coil_+-0.3mA_fine_284mK_191103__IVB__T_1p40K[0.000192750],1,1,18.639555616955956,0.0,0.0,0.6140350877192983,0.0,0.0,1.0,6.0
D4.2__Fig 2__SQUID_data__IVB_BS30_A1S1_I_coil_+-0.3mA_fine_284mK_191103__IVB__T_1p40K[0.000193500],1,1,20.954539609220426,0.0,0.0,0.6115288220551379,0.0,0.0,1.0,6.0
D4.2__Fig 2__SQUID_data__IVB_BS30_A1S1_I_coil_+-0.3mA_fine_284mK_191103__IVB__T_1p40K[0.000194250],1,1,19.510132556832065,0.0,0.0,0.6115288220551379,0.0,0.0,1.0,6.0
D4.2__Fig 2__SQUID_data__IVB_BS30_A1S1_I_coil_+-0.3mA_fine_284mK_191103__IVB__T_1p40K[0.000195000],1,1,24.35363781376333,0.0,0.0,0.6115288220551378,0.0,0.0,1.0,6.0
D4.2__Fig 2__SQUID_data__IVB_BS30_A1S1_I_coil_+-0.3mA_fine_284mK_191103__IVB__T_1p40K[0.000195750],1,1,28.759391322646493,0.0,0.0,0.6090225563909776,0.0,0.0,1.0,6.0
D4.2__Fig 2__SQUID_data__IVB_BS30_A1S1_I_coil_+-0.3mA_fine_284mK_191103__IVB__T_1p40K[0.000196500],1,1,28.029292644258863,0.0,0.0,0.6090225563909775,0.0,0.0,1.0,6.0
D4.2__Fig 2__SQUID_data__IVB_BS30_A1S1_I_coil_+-0.3mA_fine_284mK_191103__IVB__T_1p40K[0.000197250],1,1,25.033511194736054,0.0,0.0,0.6090225563909774,0.0,0.0,1.0,6.0
D4.2__Fig 2__SQUID_data__IVB_BS30_A1S1_I_coil_+-0.3mA_fine_284mK_191103__IVB__T_1p40K[0.000198000],1,1,29.17585693885706,0.0,0.0,0.6115288220551378,0.0,0.0,1.0,6.0
D4.2__Fig 2__SQUID_data__IVB_BS30_A1S1_I_coil_+-0.3mA_fine_284mK_191103__IVB__T_1p40K[0.000198750],1,1,27.450346829971828,0.0,0.0,0.6115288220551379,0.0,0.0,1.0,6.0
D4.2__Fig 2__SQUID_data__IVB_BS30_A1S1_I_coil_+-0.3mA_fine_284mK_191103__IVB__T_1p40K[0.000199500],1,1,26.863899227628515,0.0,0.0,0.6115288220551378,0.0,0.0,1.0,6.0
D4.2__Fig 2__SQUID_data__IVB_BS30_A1S1_I_coil_+-0.3mA_fine_284mK_191103__IVB__T_1p40K[0.000200250],1,1,24.341934276218694,0.0,0.0,0.6115288220551379,0.0,0.0,1.0,6.0
D4.2__Fig 2__SQUID_data__IVB_BS30_A1S1_I_coil_+-0.3mA_fine_284mK_191103__IVB__T_1p40K[0.000201000],1,1,24.393398436682087,0.0,0.0,0.6115288220551378,0.0,0.0,1.0,6.0
D4.2__Fig 2__SQUID_data__IVB_BS30_A1S1_I_coil_+-0.3mA_fine_284mK_191103__IVB__T_1p40K[0.000201750],1,1,21.53227754187734,0.0,0.0,0.6115288220551378,0.0,0.0,1.0,6.0
D4.2__Fig 2__SQUID_data__IVB_BS30_A1S1_I_coil_+-0.3mA_fine_284mK_191103__IVB__T_1p40K[0.000202500],1,1,20.046195186704505,0.0,0.0,0.6140350877192983,0.0,0.0,1.0,6.0
D4.2__Fig 2__SQUID_data__IVB_BS30_A1S1_I_coil_+-0.3mA_fine_284mK_191103__IVB__T_1p40K[0.000203250],1,1,15.271842059960184,0.0,0.0,0.6115288220551379,0.0,0.0,1.0,6.0
D4.2__Fig 2__SQUID_data__IVB_BS30_A1S1_I_coil_+-0.3mA_fine_284mK_191103__IVB__T_1p40K[0.000204000],1,1,15.111634122984361,0.0,0.0,0.6115288220551378,0.0,0.0,1.0,6.0
D4.2__Fig 2__SQUID_data__IVB_BS30_A1S1_I_coil_+-0.3mA_fine_284mK_191103__IVB__T_1p40K[0.000204750],1,1,13.437461737091747,0.0,0.0,0.6140350877192983,0.0,0.0,1.0,6.0
D4.2__Fig 2__SQUID_data__IVB_BS30_A1S1_I_coil_+-0.3mA_fine_284mK_191103__IVB__T_1p40K[0.000205500],1,1,17.700751164927073,0.0,0.0,0.6115288220551379,0.0,0.0,1.0,6.0
D4.2__Fig 2__SQUID_data__IVB_BS30_A1S1_I_coil_+-0.3mA_fine_284mK_191103__IVB__T_1p40K[0.000206250],1,1,19.411032875447304,0.0,0.0,0.6115288220551378,0.0,0.0,1.0,6.0
D4.2__Fig 2__SQUID_data__IVB_BS30_A1S1_I_coil_+-0.3mA_fine_284mK_191103__IVB__T_1p40K[0.000207000],1,1,15.650420295186578,0.0,0.0,0.6115288220551378,0.0,0.0,1.0,6.0
D4.2__Fig 2__SQUID_data__IVB_BS30_A1S1_I_coil_+-0.3mA_fine_284mK_191103__IVB__T_1p40K[0.000207750],1,1,14.93727358326564,0.0,0.0,0.6115288220551379,0.0,0.0,1.0,6.0
D4.2__Fig 2__SQUID_data__IVB_BS30_A1S1_I_coil_+-0.3mA_fine_284mK_191103__IVB__T_1p40K[0.000208500],1,1,14.51558222887684,0.0,0.0,0.6115288220551378,0.0,0.0,1.0,6.0
D4.2__Fig 2__SQUID_data__IVB_BS30_A1S1_I_coil_+-0.3mA_fine_284mK_191103__IVB__T_1p40K[0.000209250],1,1,15.2866345986652,0.0,0.0,0.6090225563909776,0.0,0.0,1.0,6.0
D4.2__Fig 2__SQUID_data__IVB_BS30_A1S1_I_coil_+-0.3mA_fine_284mK_191103__IVB__T_1p40K[0.000210000],1,1,16.281692712656348,0.0,0.0,0.6090225563909775,0.0,0.0,1.0,6.0
D4.2__Fig 2__SQUID_data__IVB_BS30_A1S1_I_coil_+-0.3mA_fine_284mK_191103__IVB__T_1p40K[0.000210750],1,1,19.659455248840505,0.0,0.0,0.6090225563909774,0.0,0.0,1.0,6.0
D4.2__Fig 2__SQUID_data__IVB_BS30_A1S1_I_coil_+-0.3mA_fine_284mK_191103__IVB__T_1p40K[0.000211500],1,1,20.649480051654706,0.0,0.0,0.606516290726817,0.0,0.0,1.0,6.0
D4.2__Fig 2__SQUID_data__IVB_BS30_A1S1_I_coil_+-0.3mA_fine_284mK_191103__IVB__T_1p40K[0.000212250],1,1,18.60564726605384,0.0,0.0,0.6040100250626567,0.0,0.0,1.0,6.0
D4.2__Fig 2__SQUID_data__IVB_BS30_A1S1_I_coil_+-0.3mA_fine_284mK_191103__IVB__T_1p40K[0.000213000],1,1,18.153221149270568,0.0,0.0,0.6040100250626567,0.0,0.0,1.0,6.0
D4.2__Fig 2__SQUID_data__IVB_BS30_A1S1_I_coil_+-0.3mA_fine_284mK_191103__IVB__T_1p40K[0.000213750],1,1,17.941652820949425,0.0,0.0,0.6015037593984962,0.0,0.0,1.0,6.0
D4.2__Fig 2__SQUID_data__IVB_BS30_A1S1_I_coil_+-0.3mA_fine_284mK_191103__IVB__T_1p40K[0.000214500],1,1,19.71031010831497,0.0,0.0,0.6015037593984962,0.0,0.0,1.0,6.0
D4.2__Fig 2__SQUID_data__IVB_BS30_A1S1_I_coil_+-0.3mA_fine_284mK_191103__IVB__T_1p40K[0.000215250],1,1,18.133776090384668,0.0,0.0,0.5989974937343358,0.0,0.0,1.0,6.0
D4.2__Fig 2__SQUID_data__IVB_BS30_A1S1_I_coil_+-0.3mA_fine_284mK_191103__IVB__T_1p40K[0.000216000],1,1,18.735936867919804,0.0,0.0,0.5989974937343358,0.0,0.0,1.0,6.0
D4.2__Fig 2__SQUID_data__IVB_BS30_A1S1_I_coil_+-0.3mA_fine_284mK_191103__IVB__T_1p40K[0.000216750],1,1,18.370295119669567,0.0,0.0,0.5989974937343359,0.0,0.0,1.0,6.0
D4.2__Fig 2__SQUID_data__IVB_BS30_A1S1_I_coil_+-0.3mA_fine_284mK_191103__IVB__T_1p40K[0.000217500],1,1,15.856602651005705,0.0,0.0,0.5939849624060151,0.0,0.0,1.0,6.0
D4.2__Fig 2__SQUID_data__IVB_BS30_A1S1_I_coil_+-0.3mA_fine_284mK_191103__IVB__T_1p40K[0.000218250],1,1,14.363364971719772,0.0,0.0,0.5939849624060151,0.0,0.0,1.0,6.0
D4.2__Fig 2__SQUID_data__IVB_BS30_A1S1_I_coil_+-0.3mA_fine_284mK_191103__IVB__T_1p40K[0.000219000],1,1,15.056650005216708,0.0,0.0,0.5889724310776943,0.0,0.0,1.0,6.0
D4.2__Fig 2__SQUID_data__IVB_BS30_A1S1_I_coil_+-0.3mA_fine_284mK_191103__IVB__T_1p40K[0.000219750],1,1,17.242988648996125,0.0,0.0,0.5864661654135338,0.0,0.0,1.0,6.0
D4.2__Fig 2__SQUID_data__IVB_BS30_A1S1_I_coil_+-0.3mA_fine_284mK_191103__IVB__T_1p40K[0.000220500],1,1,21.081139487886457,0.0,0.0,0.5814536340852131,0.0,0.0,1.0,6.0
D4.2__Fig 2__SQUID_data__IVB_BS30_A1S1_I_coil_+-0.3mA_fine_284mK_191103__IVB__T_1p40K[0.000221250],1,1,20.574268183061214,0.0,0.0,0.5764411027568923,0.0,0.0,1.0,6.0
D4.2__Fig 2__SQUID_data__IVB_BS30_A1S1_I_coil_+-0.3mA_fine_284mK_191103__IVB__T_1p40K[0.000222000],1,1,17.70758834786415,0.0,0.0,0.5714285714285714,0.0,0.0,1.0,6.0
D4.2__Fig 2__SQUID_data__IVB_BS30_A1S1_I_coil_+-0.3mA_fine_284mK_191103__IVB__T_1p40K[0.000222750],1,1,18.364157261823046,0.0,0.0,0.5664160401002506,0.0,0.0,1.0,6.0
D4.2__Fig 2__SQUID_data__IVB_BS30_A1S1_I_coil_+-0.3mA_fine_284mK_191103__IVB__T_1p40K[0.000223500],1,1,20.846784954289436,0.0,0.0,0.5614035087719299,0.0,0.0,1.0,6.0
D4.2__Fig 2__SQUID_data__IVB_BS30_A1S1_I_coil_+-0.3mA_fine_284mK_191103__IVB__T_1p40K[0.000224250],1,1,20.69661526818673,0.0,0.0,0.5614035087719298,0.0,0.0,1.0,6.0
D4.2__Fig 2__SQUID_data__IVB_BS30_A1S1_I_coil_+-0.3mA_fine_284mK_191103__IVB__T_1p40K[0.000225000],1,1,21.37232773489793,0.0,0.0,0.5639097744360901,0.0,0.0,1.0,6.0
D4.2__Fig 2__SQUID_data__IVB_BS30_A1S1_I_coil_+-0.3mA_fine_284mK_191103__IVB__T_1p40K[0.000225750],1,1,19.925691854027068,0.0,0.0,0.5639097744360902,0.0,0.0,1.0,6.0
D4.2__Fig 2__SQUID_data__IVB_BS30_A1S1_I_coil_+-0.3mA_fine_284mK_191103__IVB__T_1p40K[0.000226500],1,1,20.427234575392802,0.0,0.0,0.5413533834586466,0.0,0.0,1.0,6.0
D4.2__Fig 2__SQUID_data__IVB_BS30_A1S1_I_coil_+-0.3mA_fine_284mK_191103__IVB__T_1p40K[0.000227250],1,1,22.971527267388176,0.0,0.0,0.543859649122807,0.0,0.0,1.0,6.0
D4.2__Fig 2__SQUID_data__IVB_BS30_A1S1_I_coil_+-0.3mA_fine_284mK_191103__IVB__T_1p40K[0.000228000],1,1,26.71088019928303,0.0,0.0,0.5614035087719298,0.0,0.0,1.0,6.0
D4.2__Fig 2__SQUID_data__IVB_BS30_A1S1_I_coil_+-0.3mA_fine_284mK_191103__IVB__T_1p40K[0.000228750],1,1,23.949111656819863,0.0,0.0,0.5614035087719299,0.0,0.0,1.0,6.0
D4.2__Fig 2__SQUID_data__IVB_BS30_A1S1_I_coil_+-0.3mA_fine_284mK_191103__IVB__T_1p40K[0.000229500],1,1,25.033817818578743,0.0,0.0,0.5614035087719297,0.0,0.0,1.0,6.0
D4.2__Fig 2__SQUID_data__IVB_BS30_A1S1_I_coil_+-0.3mA_fine_284mK_191103__IVB__T_1p40K[0.000230250],1,1,28.531707258039663,0.0,0.0,0.5588972431077694,0.0,0.0,1.0,6.0
D4.2__Fig 2__SQUID_data__IVB_BS30_A1S1_I_coil_+-0.3mA_fine_284mK_191103__IVB__T_1p40K[0.000231000],1,1,28.994976260278026,0.0,0.0,0.5588972431077694,0.0,0.0,1.0,6.0
D4.2__Fig 2__SQUID_data__IVB_BS30_A1S1_I_coil_+-0.3mA_fine_284mK_191103__IVB__T_1p40K[0.000231750],1,1,21.900466010154073,0.0,0.0,0.5263157894736842,0.0,0.0,1.0,6.0
D4.2__Fig 2__SQUID_data__IVB_BS30_A1S1_I_coil_+-0.3mA_fine_284mK_191103__IVB__T_1p40K[0.000232500],1,1,19.838408439027507,0.0,0.0,0.5588972431077694,0.0,0.0,1.0,6.0
D4.2__Fig 2__SQUID_data__IVB_BS30_A1S1_I_coil_+-0.3mA_fine_284mK_191103__IVB__T_1p40K[0.000233250],1,1,20.038192604924344,0.0,0.0,0.5588972431077693,0.0,0.0,1.0,6.0
D4.2__Fig 2__SQUID_data__IVB_BS30_A1S1_I_coil_+-0.3mA_fine_284mK_191103__IVB__T_1p40K[0.000234000],1,1,20.89207388808614,0.0,0.0,0.5488721804511278,0.0,0.0,1.0,6.0
D4.2__Fig 2__SQUID_data__IVB_BS30_A1S1_I_coil_+-0.3mA_fine_284mK_191103__IVB__T_1p40K[0.000234750],1,1,19.49557770159098,0.0,0.0,0.5488721804511277,0.0,0.0,1.0,6.0
D4.2__Fig 2__SQUID_data__IVB_BS30_A1S1_I_coil_+-0.3mA_fine_284mK_191103__IVB__T_1p40K[0.000235500],1,1,18.19915922505922,0.0,0.0,0.5513784461152882,0.0,0.0,1.0,6.0
D4.2__Fig 2__SQUID_data__IVB_BS30_A1S1_I_coil_+-0.3mA_fine_284mK_191103__IVB__T_1p40K[0.000236250],1,1,16.903506553592784,0.0,0.0,0.556390977443609,0.0,0.0,1.0,6.0
D4.2__Fig 2__SQUID_data__IVB_BS30_A1S1_I_coil_+-0.3mA_fine_284mK_191103__IVB__T_1p40K[0.000237000],1,1,17.868115252236514,0.0,0.0,0.5463659147869674,0.0,0.0,1.0,6.0
D4.2__Fig 2__SQUID_data__IVB_BS30_A1S1_I_coil_+-0.3mA_fine_284mK_191103__IVB__T_1p40K[0.000237750],1,1,19.351232734533724,0.0,0.0,0.556390977443609,0.0,0.0,1.0,6.0
D4.2__Fig 2__SQUID_data__IVB_BS30_A1S1_I_coil_+-0.3mA_fine_284mK_191103__IVB__T_1p40K[0.000238500],1,1,20.466350185899643,0.0,0.0,0.543859649122807,0.0,0.0,1.0,6.0
D4.2__Fig 2__SQUID_data__IVB_BS30_A1S1_I_coil_+-0.3mA_fine_284mK_191103__IVB__T_1p40K[0.000239250],1,1,20.375023679356975,0.0,0.0,0.5488721804511278,0.0,0.0,1.0,6.0
D4.2__Fig 2__SQUID_data__IVB_BS30_A1S1_I_coil_+-0.3mA_fine_284mK_191103__IVB__T_1p40K[0.000240000],1,1,24.039749637681073,0.0,0.0,0.556390977443609,0.0,0.0,1.0,6.0
D4.2__Fig 2__SQUID_data__IVB_BS30_A1S1_I_coil_+-0.3mA_fine_284mK_191103__IVB__T_1p40K[0.000240750],1,1,25.09544162832802,0.0,0.0,0.5538847117794486,0.0,0.0,1.0,6.0
D4.2__Fig 2__SQUID_data__IVB_BS30_A1S1_I_coil_+-0.3mA_fine_284mK_191103__IVB__T_1p40K[0.000241500],1,1,19.896627107831364,0.0,0.0,0.5538847117794486,0.0,0.0,1.0,6.0
D4.2__Fig 2__SQUID_data__IVB_BS30_A1S1_I_coil_+-0.3mA_fine_284mK_191103__IVB__T_1p40K[0.000242250],1,1,16.231534828313386,0.0,0.0,0.5513784461152883,0.0,0.0,1.0,6.0
D4.2__Fig 2__SQUID_data__IVB_BS30_A1S1_I_coil_+-0.3mA_fine_284mK_191103__IVB__T_1p40K[0.000243000],1,1,16.71365780499237,0.0,0.0,0.5488721804511278,0.0,0.0,1.0,6.0
D4.2__Fig 2__SQUID_data__IVB_BS30_A1S1_I_coil_+-0.3mA_fine_284mK_191103__IVB__T_1p40K[0.000243750],1,1,18.476405832854738,0.0,0.0,0.5488721804511278,0.0,0.0,1.0,6.0
D4.2__Fig 2__SQUID_data__IVB_BS30_A1S1_I_coil_+-0.3mA_fine_284mK_191103__IVB__T_1p40K[0.000244500],1,1,17.85807314711965,0.0,0.0,0.5463659147869674,0.0,0.0,1.0,6.0
D4.2__Fig 2__SQUID_data__IVB_BS30_A1S1_I_coil_+-0.3mA_fine_284mK_191103__IVB__T_1p40K[0.000245250],1,1,17.607261711952848,0.0,0.0,0.5513784461152883,0.0,0.0,1.0,6.0
D4.2__Fig 2__SQUID_data__IVB_BS30_A1S1_I_coil_+-0.3mA_fine_284mK_191103__IVB__T_1p40K[0.000246000],1,1,18.43859666964296,0.0,0.0,0.5513784461152882,0.0,0.0,1.0,6.0
D4.2__Fig 2__SQUID_data__IVB_BS30_A1S1_I_coil_+-0.3mA_fine_284mK_191103__IVB__T_1p40K[0.000246750],1,1,18.33306036618874,0.0,0.0,0.5463659147869674,0.0,0.0,1.0,6.0
D4.2__Fig 2__SQUID_data__IVB_BS30_A1S1_I_coil_+-0.3mA_fine_284mK_191103__IVB__T_1p40K[0.000247500],1,1,17.906130578384698,0.0,0.0,0.5538847117794486,0.0,0.0,1.0,6.0
D4.2__Fig 2__SQUID_data__IVB_BS30_A1S1_I_coil_+-0.3mA_fine_284mK_191103__IVB__T_1p40K[0.000248250],1,1,18.46395381861473,0.0,0.0,0.5538847117794485,0.0,0.0,1.0,6.0
D4.2__Fig 2__SQUID_data__IVB_BS30_A1S1_I_coil_+-0.3mA_fine_284mK_191103__IVB__T_1p40K[0.000249000],1,1,17.262236018122277,0.0,0.0,0.5513784461152882,0.0,0.0,1.0,6.0
D4.2__Fig 2__SQUID_data__IVB_BS30_A1S1_I_coil_+-0.3mA_fine_284mK_191103__IVB__T_1p40K[0.000249750],1,1,16.964964651560575,0.0,0.0,0.5538847117794488,0.0,0.0,1.0,6.0
D4.2__Fig 2__SQUID_data__IVB_BS30_A1S1_I_coil_+-0.3mA_fine_284mK_191103__IVB__T_1p40K[0.000250500],1,1,19.259601015044627,0.0,0.0,0.5488721804511278,0.0,0.0,1.0,6.0
D4.2__Fig 2__SQUID_data__IVB_BS30_A1S1_I_coil_+-0.3mA_fine_284mK_191103__IVB__T_1p40K[0.000251250],1,1,20.511102632689894,0.0,0.0,0.5538847117794485,0.0,0.0,1.0,6.0
D4.2__Fig 2__SQUID_data__IVB_BS30_A1S1_I_coil_+-0.3mA_fine_284mK_191103__IVB__T_1p40K[0.000252000],1,1,22.533352248765333,0.0,0.0,0.5538847117794485,0.0,0.0,1.0,6.0
D4.2__Fig 2__SQUID_data__IVB_BS30_A1S1_I_coil_+-0.3mA_fine_284mK_191103__IVB__T_1p40K[0.000252750],1,1,19.46438570872353,0.0,0.0,0.5538847117794485,0.0,0.0,1.0,6.0
D4.2__Fig 2__SQUID_data__IVB_BS30_A1S1_I_coil_+-0.3mA_fine_284mK_191103__IVB__T_1p40K[0.000253500],1,1,24.24950180157898,0.0,0.0,0.5538847117794486,0.0,0.0,1.0,6.0
D4.2__Fig 2__SQUID_data__IVB_BS30_A1S1_I_coil_+-0.3mA_fine_284mK_191103__IVB__T_1p40K[0.000254250],1,1,27.1914797584119,0.0,0.0,0.5538847117794486,0.0,0.0,1.0,6.0
D4.2__Fig 2__SQUID_data__IVB_BS30_A1S1_I_coil_+-0.3mA_fine_284mK_191103__IVB__T_1p40K[0.000255000],1,1,29.28075872264127,0.0,0.0,0.5513784461152883,0.0,0.0,1.0,6.0
D4.2__Fig 2__SQUID_data__IVB_BS30_A1S1_I_coil_+-0.3mA_fine_284mK_191103__IVB__T_1p40K[0.000255750],1,1,31.282530654032612,0.0,0.0,0.556390977443609,0.0,0.0,1.0,6.0
D4.2__Fig 2__SQUID_data__IVB_BS30_A1S1_I_coil_+-0.3mA_fine_284mK_191103__IVB__T_1p40K[0.000256500],1,1,35.37097740406907,0.0,0.0,0.556390977443609,0.0,0.0,1.0,6.0
D4.2__Fig 2__SQUID_data__IVB_BS30_A1S1_I_coil_+-0.3mA_fine_284mK_191103__IVB__T_1p40K[0.000257250],1,1,39.7535944792579,0.0,0.0,0.5538847117794486,0.0,0.0,1.0,6.0
D4.2__Fig 2__SQUID_data__IVB_BS30_A1S1_I_coil_+-0.3mA_fine_284mK_191103__IVB__T_1p40K[0.000258000],1,1,28.256370223731444,0.0,0.0,0.5513784461152882,0.0,0.0,1.0,6.0
D4.2__Fig 2__SQUID_data__IVB_BS30_A1S1_I_coil_+-0.3mA_fine_284mK_191103__IVB__T_1p40K[0.000258750],1,1,22.11871397872538,0.0,0.0,0.556390977443609,0.0,0.0,1.0,6.0
D4.2__Fig 2__SQUID_data__IVB_BS30_A1S1_I_coil_+-0.3mA_fine_284mK_191103__IVB__T_1p40K[0.000259500],1,1,19.129138776628878,0.0,0.0,0.556390977443609,0.0,0.0,1.0,6.0
D4.2__Fig 2__SQUID_data__IVB_BS30_A1S1_I_coil_+-0.3mA_fine_284mK_191103__IVB__T_1p40K[0.000260250],1,1,23.022039511133993,0.0,0.0,0.5513784461152882,0.0,0.0,1.0,6.0
D4.2__Fig 2__SQUID_data__IVB_BS30_A1S1_I_coil_+-0.3mA_fine_284mK_191103__IVB__T_1p40K[0.000261000],1,1,31.407511441584607,0.0,0.0,0.556390977443609,0.0,0.0,1.0,6.0
D4.2__Fig 2__SQUID_data__IVB_BS30_A1S1_I_coil_+-0.3mA_fine_284mK_191103__IVB__T_1p40K[0.000261750],1,1,43.90487806124453,0.0,0.0,0.5563909774436091,0.0,0.0,1.0,6.0
D4.2__Fig 2__SQUID_data__IVB_BS30_A1S1_I_coil_+-0.3mA_fine_284mK_191103__IVB__T_1p40K[0.000262500],1,1,39.679538770010275,0.0,0.0,0.556390977443609,0.0,0.0,1.0,6.0
D4.2__Fig 2__SQUID_data__IVB_BS30_A1S1_I_coil_+-0.3mA_fine_284mK_191103__IVB__T_1p40K[0.000263250],1,1,32.795585147125706,0.0,0.0,0.5563909774436091,0.0,0.0,1.0,6.0
D4.2__Fig 2__SQUID_data__IVB_BS30_A1S1_I_coil_+-0.3mA_fine_284mK_191103__IVB__T_1p40K[0.000264000],1,1,28.45921296110266,0.0,0.0,0.543859649122807,0.0,0.0,1.0,6.0
D4.2__Fig 2__SQUID_data__IVB_BS30_A1S1_I_coil_+-0.3mA_fine_284mK_191103__IVB__T_1p40K[0.000264750],1,1,31.488521546098944,0.0,0.0,0.5488721804511278,0.0,0.0,1.0,6.0
D4.2__Fig 2__SQUID_data__IVB_BS30_A1S1_I_coil_+-0.3mA_fine_284mK_191103__IVB__T_1p40K[0.000265500],1,1,42.08628389239233,0.0,0.0,0.5538847117794486,0.0,0.0,1.0,6.0
D4.2__Fig 2__SQUID_data__IVB_BS30_A1S1_I_coil_+-0.3mA_fine_284mK_191103__IVB__T_1p40K[0.000266250],1,1,56.17671806320686,0.0,0.0,0.5563909774436091,0.0,0.0,1.0,6.0
D4.2__Fig 2__SQUID_data__IVB_BS30_A1S1_I_coil_+-0.3mA_fine_284mK_191103__IVB__T_1p40K[0.000267000],1,1,90.05906676914537,0.0,0.0,0.5588972431077696,0.0,0.0,1.0,6.0
D4.2__Fig 2__SQUID_data__IVB_BS30_A1S1_I_coil_+-0.3mA_fine_284mK_191103__IVB__T_1p40K[0.000267750],1,1,114.13340689800526,0.0,0.0,0.5588972431077694,0.0,0.0,1.0,6.0
D4.2__Fig 2__SQUID_data__IVB_BS30_A1S1_I_coil_+-0.3mA_fine_284mK_191103__IVB__T_1p40K[0.000268500],1,1,106.49026843715369,0.0,0.0,0.5588972431077694,0.0,0.0,1.0,6.0
D4.2__Fig 2__SQUID_data__IVB_BS30_A1S1_I_coil_+-0.3mA_fine_284mK_191103__IVB__T_1p40K[0.000269250],1,1,109.15215241795414,0.0,0.0,0.556390977443609,0.0,0.0,1.0,6.0
D4.2__Fig 2__SQUID_data__IVB_BS30_A1S1_I_coil_+-0.3mA_fine_284mK_191103__IVB__T_1p40K[0.000270000],1,1,112.31493423685214,0.0,0.0,0.5614035087719298,0.0,0.0,1.0,6.0
D4.2__Fig 2__SQUID_data__IVB_BS30_A1S1_I_coil_+-0.3mA_fine_284mK_191103__IVB__T_1p40K[0.000270750],1,1,112.44653136033773,0.0,0.0,0.5639097744360902,0.0,0.0,1.0,6.0
D4.2__Fig 2__SQUID_data__IVB_BS30_A1S1_I_coil_+-0.3mA_fine_284mK_191103__IVB__T_1p40K[0.000271500],1,1,155.36015323984788,0.0,0.0,0.5614035087719299,0.0,0.0,1.0,6.0
D4.2__Fig 2__SQUID_data__IVB_BS30_A1S1_I_coil_+-0.3mA_fine_284mK_191103__IVB__T_1p40K[0.000272250],1,1,120.99815575418916,0.0,0.0,0.5639097744360902,0.0,0.0,1.0,6.0
D4.2__Fig 2__SQUID_data__IVB_BS30_A1S1_I_coil_+-0.3mA_fine_284mK_191103__IVB__T_1p40K[0.000273000],1,1,194.38995540292814,0.0,0.0,0.5664160401002507,0.0,0.0,1.0,6.0
D4.2__Fig 2__SQUID_data__IVB_BS30_A1S1_I_coil_+-0.3mA_fine_284mK_191103__IVB__T_1p40K[0.000273750],1,1,123.59862223061786,0.0,0.0,0.5614035087719298,0.0,0.0,1.0,6.0
D4.2__Fig 2__SQUID_data__IVB_BS30_A1S1_I_coil_+-0.3mA_fine_284mK_191103__IVB__T_1p40K[0.000274500],1,1,73.9098405055504,0.0,0.0,0.5639097744360902,0.0,0.0,1.0,6.0
D4.2__Fig 2__SQUID_data__IVB_BS30_A1S1_I_coil_+-0.3mA_fine_284mK_191103__IVB__T_1p40K[0.000275250],1,1,70.39632385211138,0.0,0.0,0.5639097744360901,0.0,0.0,1.0,6.0
D4.2__Fig 2__SQUID_data__IVB_BS30_A1S1_I_coil_+-0.3mA_fine_284mK_191103__IVB__T_1p40K[0.000276000],1,1,63.087005783414924,0.0,0.0,0.5639097744360902,0.0,0.0,1.0,6.0
D4.2__Fig 2__SQUID_data__IVB_BS30_A1S1_I_coil_+-0.3mA_fine_284mK_191103__IVB__T_1p40K[0.000276750],1,1,194.4283795731558,0.0,0.0,0.5614035087719298,0.0,0.0,1.0,6.0
D4.2__Fig 2__SQUID_data__IVB_BS30_A1S1_I_coil_+-0.3mA_fine_284mK_191103__IVB__T_1p40K[0.000277500],1,1,178.32103552952154,0.0,0.0,0.5639097744360902,0.0,0.0,1.0,6.0
D4.2__Fig 2__SQUID_data__IVB_BS30_A1S1_I_coil_+-0.3mA_fine_284mK_191103__IVB__T_1p40K[0.000278250],1,1,143.69720165277013,0.0,0.0,0.5614035087719299,0.0,0.0,1.0,6.0
D4.2__Fig 2__SQUID_data__IVB_BS30_A1S1_I_coil_+-0.3mA_fine_284mK_191103__IVB__T_1p40K[0.000279000],1,1,355.2101424292057,0.0,0.0,0.5639097744360901,0.0,0.0,1.0,6.0
D4.2__Fig 2__SQUID_data__IVB_BS30_A1S1_I_coil_+-0.3mA_fine_284mK_191103__IVB__T_1p40K[0.000279750],1,1,128.0777352719329,0.0,0.0,0.5614035087719298,0.0,0.0,1.0,6.0
D4.2__Fig 2__SQUID_data__IVB_BS30_A1S1_I_coil_+-0.3mA_fine_284mK_191103__IVB__T_1p40K[0.000280500],1,1,62.2953963450374,0.0,0.0,0.5639097744360902,0.0,0.0,1.0,6.0
D4.2__Fig 2__SQUID_data__IVB_BS30_A1S1_I_coil_+-0.3mA_fine_284mK_191103__IVB__T_1p40K[0.000281250],1,1,80.95616386580599,0.0,0.0,0.5639097744360902,0.0,0.0,1.0,6.0
D4.2__Fig 2__SQUID_data__IVB_BS30_A1S1_I_coil_+-0.3mA_fine_284mK_191103__IVB__T_1p40K[0.000282000],1,1,68.37392983815413,0.0,0.0,0.5664160401002506,0.0,0.0,1.0,6.0
D4.2__Fig 2__SQUID_data__IVB_BS30_A1S1_I_coil_+-0.3mA_fine_284mK_191103__IVB__T_1p40K[0.000282750],1,1,46.64843773557546,0.0,0.0,0.5639097744360901,0.0,0.0,1.0,6.0
D4.2__Fig 2__SQUID_data__IVB_BS30_A1S1_I_coil_+-0.3mA_fine_284mK_191103__IVB__T_1p40K[0.000283500],1,1,42.1183089799662,0.0,0.0,0.5614035087719298,0.0,0.0,1.0,6.0
D4.2__Fig 2__SQUID_data__IVB_BS30_A1S1_I_coil_+-0.3mA_fine_284mK_191103__IVB__T_1p40K[0.000284250],1,1,65.6638186361784,0.0,0.0,0.5614035087719298,0.0,0.0,1.0,6.0
D4.2__Fig 2__SQUID_data__IVB_BS30_A1S1_I_coil_+-0.3mA_fine_284mK_191103__IVB__T_1p40K[0.000285000],1,1,76.27160471602164,0.0,0.0,0.5614035087719299,0.0,0.0,1.0,6.0
D4.2__Fig 2__SQUID_data__IVB_BS30_A1S1_I_coil_+-0.3mA_fine_284mK_191103__IVB__T_1p40K[0.000285750],1,1,64.47870570208055,0.0,0.0,0.5614035087719298,0.0,0.0,1.0,6.0
D4.2__Fig 2__SQUID_data__IVB_BS30_A1S1_I_coil_+-0.3mA_fine_284mK_191103__IVB__T_1p40K[0.000286500],1,1,43.75825550988857,0.0,0.0,0.5614035087719298,0.0,0.0,1.0,6.0
D4.2__Fig 2__SQUID_data__IVB_BS30_A1S1_I_coil_+-0.3mA_fine_284mK_191103__IVB__T_1p40K[0.000287250],1,1,35.92220064651465,0.0,0.0,0.5614035087719298,0.0,0.0,1.0,6.0
D4.2__Fig 2__SQUID_data__IVB_BS30_A1S1_I_coil_+-0.3mA_fine_284mK_191103__IVB__T_1p40K[0.000288000],1,1,30.82012514741332,0.0,0.0,0.5588972431077693,0.0,0.0,1.0,6.0
D4.2__Fig 2__SQUID_data__IVB_BS30_A1S1_I_coil_+-0.3mA_fine_284mK_191103__IVB__T_1p40K[0.000288750],1,1,30.69353446258193,0.0,0.0,0.5563909774436091,0.0,0.0,1.0,6.0
D4.2__Fig 2__SQUID_data__IVB_BS30_A1S1_I_coil_+-0.3mA_fine_284mK_191103__IVB__T_1p40K[0.000289500],1,1,38.98001621999313,0.0,0.0,0.5588972431077694,0.0,0.0,1.0,6.0
D4.2__Fig 2__SQUID_data__IVB_BS30_A1S1_I_coil_+-0.3mA_fine_284mK_191103__IVB__T_1p40K[0.000290250],1,1,43.16057575704666,0.0,0.0,0.556390977443609,0.0,0.0,1.0,6.0
D4.2__Fig 2__SQUID_data__IVB_BS30_A1S1_I_coil_+-0.3mA_fine_284mK_191103__IVB__T_1p40K[0.000291000],1,1,37.894428588380556,0.0,0.0,0.5588972431077693,0.0,0.0,1.0,6.0
D4.2__Fig 2__SQUID_data__IVB_BS30_A1S1_I_coil_+-0.3mA_fine_284mK_191103__IVB__T_1p40K[0.000291750],1,1,33.377557325149624,0.0,0.0,0.556390977443609,0.0,0.0,1.0,6.0
D4.2__Fig 2__SQUID_data__IVB_BS30_A1S1_I_coil_+-0.3mA_fine_284mK_191103__IVB__T_1p40K[0.000292500],1,1,34.749066643900036,0.0,0.0,0.5614035087719298,0.0,0.0,1.0,6.0
D4.2__Fig 2__SQUID_data__IVB_BS30_A1S1_I_coil_+-0.3mA_fine_284mK_191103__IVB__T_1p40K[0.000293250],1,1,79.38632361240794,0.0,0.0,0.5588972431077693,0.0,0.0,1.0,6.0
D4.2__Fig 2__SQUID_data__IVB_BS30_A1S1_I_coil_+-0.3mA_fine_284mK_191103__IVB__T_1p40K[0.000294000],1,1,67.3739770249014,0.0,0.0,0.5614035087719297,0.0,0.0,1.0,6.0
D4.2__Fig 2__SQUID_data__IVB_BS30_A1S1_I_coil_+-0.3mA_fine_284mK_191103__IVB__T_1p40K[0.000294750],1,1,56.49664840970754,0.0,0.0,0.5614035087719298,0.0,0.0,1.0,6.0
D4.2__Fig 2__SQUID_data__IVB_BS30_A1S1_I_coil_+-0.3mA_fine_284mK_191103__IVB__T_1p40K[0.000295500],1,1,53.733363226846585,0.0,0.0,0.5588972431077694,0.0,0.0,1.0,6.0
D4.2__Fig 2__SQUID_data__IVB_BS30_A1S1_I_coil_+-0.3mA_fine_284mK_191103__IVB__T_1p40K[0.000296250],1,1,69.2103694602324,0.0,0.0,0.5588972431077693,0.0,0.0,1.0,6.0
D4.2__Fig 2__SQUID_data__IVB_BS30_A1S1_I_coil_+-0.3mA_fine_284mK_191103__IVB__T_1p40K[0.000297000],1,1,55.98034931439645,0.0,0.0,0.5588972431077694,0.0,0.0,1.0,6.0
D4.2__Fig 2__SQUID_data__IVB_BS30_A1S1_I_coil_+-0.3mA_fine_284mK_191103__IVB__T_1p40K[0.000297750],1,1,58.00599448118773,0.0,0.0,0.5538847117794485,0.0,0.0,1.0,6.0
D4.2__Fig 2__SQUID_data__IVB_BS30_A1S1_I_coil_+-0.3mA_fine_284mK_191103__IVB__T_1p40K[0.000298500],1,1,50.1785482099998,0.0,0.0,0.5588972431077696,0.0,0.0,1.0,6.0
D4.2__Fig 2__SQUID_data__IVB_BS30_A1S1_I_coil_+-0.3mA_fine_284mK_191103__IVB__T_1p40K[0.000299250],1,1,47.2374294364709,0.0,0.0,0.5588972431077694,0.0,0.0,1.0,6.0
D4.2__Fig 2__SQUID_data__IVB_BS30_A1S1_I_coil_+-0.3mA_fine_284mK_191103__IVB__T_1p40K[0.000300000],1,1,33.49077264664666,0.0,0.0,0.6992481203007519,0.0,0.0,1.0,6.0
D4.2__Fig 2__SQUID_data__IVI_BS30_A1S1_I_contrl_+-0.15mA_285mK_191103__IVB__T_1p40K[-0.000000375],1,1,2.2137945581908816,0.0,0.0,0.6741854636591479,0.0,0.0,1.0,6.0
D4.2__Fig 2__SQUID_data__IVI_BS30_A1S1_I_contrl_+-0.15mA_285mK_191103__IVB__T_1p40K[-0.000000750],1,1,2.214392295947442,0.0,0.0,0.6741854636591479,0.0,0.0,1.0,6.0
D4.2__Fig 2__SQUID_data__IVI_BS30_A1S1_I_contrl_+-0.15mA_285mK_191103__IVB__T_1p40K[-0.000001125],1,1,2.1900437395141705,0.0,0.0,0.6766917293233083,0.0,0.0,1.0,6.0
D4.2__Fig 2__SQUID_data__IVI_BS30_A1S1_I_contrl_+-0.15mA_285mK_191103__IVB__T_1p40K[-0.000001500],1,1,2.1698032875310385,0.0,0.0,0.6766917293233082,0.0,0.0,1.0,6.0
D4.2__Fig 2__SQUID_data__IVI_BS30_A1S1_I_contrl_+-0.15mA_285mK_191103__IVB__T_1p40K[-0.000001875],1,1,2.183627237818632,0.0,0.0,0.6791979949874687,0.0,0.0,1.0,6.0
D4.2__Fig 2__SQUID_data__IVI_BS30_A1S1_I_contrl_+-0.15mA_285mK_191103__IVB__T_1p40K[-0.000002250],1,1,2.1548893410719896,0.0,0.0,0.681704260651629,0.0,0.0,1.0,6.0
D4.2__Fig 2__SQUID_data__IVI_BS30_A1S1_I_contrl_+-0.15mA_285mK_191103__IVB__T_1p40K[-0.000002625],1,1,2.0708779431146147,0.0,0.0,0.6817042606516291,0.0,0.0,1.0,6.0
D4.2__Fig 2__SQUID_data__IVI_BS30_A1S1_I_contrl_+-0.15mA_285mK_191103__IVB__T_1p40K[-0.000003000],1,1,2.115493211483189,0.0,0.0,0.6766917293233082,0.0,0.0,1.0,6.0
D4.2__Fig 2__SQUID_data__IVI_BS30_A1S1_I_contrl_+-0.15mA_285mK_191103__IVB__T_1p40K[-0.000003375],1,1,2.1532858006402007,0.0,0.0,0.6791979949874686,0.0,0.0,1.0,6.0
D4.2__Fig 2__SQUID_data__IVI_BS30_A1S1_I_contrl_+-0.15mA_285mK_191103__IVB__T_1p40K[-0.000003750],1,1,2.1459686204187887,0.0,0.0,0.6791979949874686,0.0,0.0,1.0,6.0
D4.2__Fig 2__SQUID_data__IVI_BS30_A1S1_I_contrl_+-0.15mA_285mK_191103__IVB__T_1p40K[-0.000004125],1,1,2.149910513548318,0.0,0.0,0.6766917293233082,0.0,0.0,1.0,6.0
D4.2__Fig 2__SQUID_data__IVI_BS30_A1S1_I_contrl_+-0.15mA_285mK_191103__IVB__T_1p40K[-0.000004500],1,1,2.1686037630841377,0.0,0.0,0.6766917293233082,0.0,0.0,1.0,6.0
D4.2__Fig 2__SQUID_data__IVI_BS30_A1S1_I_contrl_+-0.15mA_285mK_191103__IVB__T_1p40K[-0.000004875],1,1,2.2549786960967966,0.0,0.0,0.6741854636591478,0.0,0.0,1.0,6.0
D4.2__Fig 2__SQUID_data__IVI_BS30_A1S1_I_contrl_+-0.15mA_285mK_191103__IVB__T_1p40K[-0.000005250],1,1,2.2631956631445944,0.0,0.0,0.6741854636591479,0.0,0.0,1.0,6.0
D4.2__Fig 2__SQUID_data__IVI_BS30_A1S1_I_contrl_+-0.15mA_285mK_191103__IVB__T_1p40K[-0.000005625],1,1,2.2306304905120684,0.0,0.0,0.6791979949874687,0.0,0.0,1.0,6.0
D4.2__Fig 2__SQUID_data__IVI_BS30_A1S1_I_contrl_+-0.15mA_285mK_191103__IVB__T_1p40K[-0.000006000],1,1,2.179906089770333,0.0,0.0,0.681704260651629,0.0,0.0,1.0,6.0
D4.2__Fig 2__SQUID_data__IVI_BS30_A1S1_I_contrl_+-0.15mA_285mK_191103__IVB__T_1p40K[-0.000006375],1,1,2.1696458157024807,0.0,0.0,0.6791979949874687,0.0,0.0,1.0,6.0
D4.2__Fig 2__SQUID_data__IVI_BS30_A1S1_I_contrl_+-0.15mA_285mK_191103__IVB__T_1p40K[-0.000006750],1,1,2.192562739604064,0.0,0.0,0.6791979949874686,0.0,0.0,1.0,6.0
D4.2__Fig 2__SQUID_data__IVI_BS30_A1S1_I_contrl_+-0.15mA_285mK_191103__IVB__T_1p40K[-0.000007125],1,1,2.2105775700173784,0.0,0.0,0.6791979949874686,0.0,0.0,1.0,6.0
D4.2__Fig 2__SQUID_data__IVI_BS30_A1S1_I_contrl_+-0.15mA_285mK_191103__IVB__T_1p40K[-0.000007500],1,1,2.2304939387318012,0.0,0.0,0.6766917293233083,0.0,0.0,1.0,6.0
D4.2__Fig 2__SQUID_data__IVI_BS30_A1S1_I_contrl_+-0.15mA_285mK_191103__IVB__T_1p40K[-0.000007875],1,1,2.212403967227931,0.0,0.0,0.6817042606516291,0.0,0.0,1.0,6.0
D4.2__Fig 2__SQUID_data__IVI_BS30_A1S1_I_contrl_+-0.15mA_285mK_191103__IVB__T_1p40K[-0.000008250],1,1,2.159691746323524,0.0,0.0,0.6791979949874687,0.0,0.0,1.0,6.0
D4.2__Fig 2__SQUID_data__IVI_BS30_A1S1_I_contrl_+-0.15mA_285mK_191103__IVB__T_1p40K[-0.000008625],1,1,2.208844005156927,0.0,0.0,0.6791979949874686,0.0,0.0,1.0,6.0
D4.2__Fig 2__SQUID_data__IVI_BS30_A1S1_I_contrl_+-0.15mA_285mK_191103__IVB__T_1p40K[-0.000009000],1,1,2.181519078399535,0.0,0.0,0.681704260651629,0.0,0.0,1.0,6.0
D4.2__Fig 2__SQUID_data__IVI_BS30_A1S1_I_contrl_+-0.15mA_285mK_191103__IVB__T_1p40K[-0.000009375],1,1,2.1835866806461897,0.0,0.0,0.6817042606516289,0.0,0.0,1.0,6.0
D4.2__Fig 2__SQUID_data__IVI_BS30_A1S1_I_contrl_+-0.15mA_285mK_191103__IVB__T_1p40K[-0.000009750],1,1,2.2452440171266486,0.0,0.0,0.6817042606516289,0.0,0.0,1.0,6.0
D4.2__Fig 2__SQUID_data__IVI_BS30_A1S1_I_contrl_+-0.15mA_285mK_191103__IVB__T_1p40K[-0.000010125],1,1,2.236837369362681,0.0,0.0,0.6842105263157894,0.0,0.0,1.0,6.0
D4.2__Fig 2__SQUID_data__IVI_BS30_A1S1_I_contrl_+-0.15mA_285mK_191103__IVB__T_1p40K[-0.000010500],1,1,2.1907920880935174,0.0,0.0,0.6817042606516291,0.0,0.0,1.0,6.0
D4.2__Fig 2__SQUID_data__IVI_BS30_A1S1_I_contrl_+-0.15mA_285mK_191103__IVB__T_1p40K[-0.000010875],1,1,2.206905757730707,0.0,0.0,0.6791979949874688,0.0,0.0,1.0,6.0
D4.2__Fig 2__SQUID_data__IVI_BS30_A1S1_I_contrl_+-0.15mA_285mK_191103__IVB__T_1p40K[-0.000011250],1,1,2.2438307363869283,0.0,0.0,0.6791979949874686,0.0,0.0,1.0,6.0
D4.2__Fig 2__SQUID_data__IVI_BS30_A1S1_I_contrl_+-0.15mA_285mK_191103__IVB__T_1p40K[-0.000011625],1,1,2.2160557900810423,0.0,0.0,0.6867167919799498,0.0,0.0,1.0,6.0
D4.2__Fig 2__SQUID_data__IVI_BS30_A1S1_I_contrl_+-0.15mA_285mK_191103__IVB__T_1p40K[-0.000012000],1,1,2.181582946986895,0.0,0.0,0.681704260651629,0.0,0.0,1.0,6.0
D4.2__Fig 2__SQUID_data__IVI_BS30_A1S1_I_contrl_+-0.15mA_285mK_191103__IVB__T_1p40K[-0.000012375],1,1,2.196243259645055,0.0,0.0,0.6817042606516291,0.0,0.0,1.0,6.0
D4.2__Fig 2__SQUID_data__IVI_BS30_A1S1_I_contrl_+-0.15mA_285mK_191103__IVB__T_1p40K[-0.000012750],1,1,2.137243626642765,0.0,0.0,0.6842105263157895,0.0,0.0,1.0,6.0
D4.2__Fig 2__SQUID_data__IVI_BS30_A1S1_I_contrl_+-0.15mA_285mK_191103__IVB__T_1p40K[-0.000013125],1,1,2.1754372929619854,0.0,0.0,0.6842105263157895,0.0,0.0,1.0,6.0
D4.2__Fig 2__SQUID_data__IVI_BS30_A1S1_I_contrl_+-0.15mA_285mK_191103__IVB__T_1p40K[-0.000013500],1,1,2.1688319627142802,0.0,0.0,0.6842105263157895,0.0,0.0,1.0,6.0
D4.2__Fig 2__SQUID_data__IVI_BS30_A1S1_I_contrl_+-0.15mA_285mK_191103__IVB__T_1p40K[-0.000013875],1,1,2.130344765502096,0.0,0.0,0.6917293233082707,0.0,0.0,1.0,6.0
D4.2__Fig 2__SQUID_data__IVI_BS30_A1S1_I_contrl_+-0.15mA_285mK_191103__IVB__T_1p40K[-0.000014250],1,1,2.127330073659133,0.0,0.0,0.6842105263157895,0.0,0.0,1.0,6.0
D4.2__Fig 2__SQUID_data__IVI_BS30_A1S1_I_contrl_+-0.15mA_285mK_191103__IVB__T_1p40K[-0.000014625],1,1,2.147718198676482,0.0,0.0,0.6842105263157894,0.0,0.0,1.0,6.0
D4.2__Fig 2__SQUID_data__IVI_BS30_A1S1_I_contrl_+-0.15mA_285mK_191103__IVB__T_1p40K[-0.000015000],1,1,2.1139009974365552,0.0,0.0,0.6892230576441103,0.0,0.0,1.0,6.0
D4.2__Fig 2__SQUID_data__IVI_BS30_A1S1_I_contrl_+-0.15mA_285mK_191103__IVB__T_1p40K[-0.000015375],1,1,2.0754724946466983,0.0,0.0,0.6917293233082707,0.0,0.0,1.0,6.0
D4.2__Fig 2__SQUID_data__IVI_BS30_A1S1_I_contrl_+-0.15mA_285mK_191103__IVB__T_1p40K[-0.000015750],1,1,2.028362757437218,0.0,0.0,0.6917293233082706,0.0,0.0,1.0,6.0
D4.2__Fig 2__SQUID_data__IVI_BS30_A1S1_I_contrl_+-0.15mA_285mK_191103__IVB__T_1p40K[-0.000016125],1,1,2.0211284489108947,0.0,0.0,0.6917293233082706,0.0,0.0,1.0,6.0
D4.2__Fig 2__SQUID_data__IVI_BS30_A1S1_I_contrl_+-0.15mA_285mK_191103__IVB__T_1p40K[-0.000016500],1,1,2.050141747958804,0.0,0.0,0.6917293233082707,0.0,0.0,1.0,6.0
D4.2__Fig 2__SQUID_data__IVI_BS30_A1S1_I_contrl_+-0.15mA_285mK_191103__IVB__T_1p40K[-0.000016875],1,1,2.0629719680641156,0.0,0.0,0.6942355889724311,0.0,0.0,1.0,6.0
D4.2__Fig 2__SQUID_data__IVI_BS30_A1S1_I_contrl_+-0.15mA_285mK_191103__IVB__T_1p40K[-0.000017250],1,1,2.0732757935355512,0.0,0.0,0.6917293233082707,0.0,0.0,1.0,6.0
D4.2__Fig 2__SQUID_data__IVI_BS30_A1S1_I_contrl_+-0.15mA_285mK_191103__IVB__T_1p40K[-0.000017625],1,1,2.0559099309505355,0.0,0.0,0.6917293233082706,0.0,0.0,1.0,6.0
D4.2__Fig 2__SQUID_data__IVI_BS30_A1S1_I_contrl_+-0.15mA_285mK_191103__IVB__T_1p40K[-0.000018000],1,1,2.0574830347509465,0.0,0.0,0.6917293233082707,0.0,0.0,1.0,6.0
D4.2__Fig 2__SQUID_data__IVI_BS30_A1S1_I_contrl_+-0.15mA_285mK_191103__IVB__T_1p40K[-0.000018375],1,1,2.048178698257488,0.0,0.0,0.694235588972431,0.0,0.0,1.0,6.0
D4.2__Fig 2__SQUID_data__IVI_BS30_A1S1_I_contrl_+-0.15mA_285mK_191103__IVB__T_1p40K[-0.000018750],1,1,2.068997595428551,0.0,0.0,0.6917293233082707,0.0,0.0,1.0,6.0
D4.2__Fig 2__SQUID_data__IVI_BS30_A1S1_I_contrl_+-0.15mA_285mK_191103__IVB__T_1p40K[-0.000019125],1,1,2.054933968936861,0.0,0.0,0.6942355889724311,0.0,0.0,1.0,6.0
D4.2__Fig 2__SQUID_data__IVI_BS30_A1S1_I_contrl_+-0.15mA_285mK_191103__IVB__T_1p40K[-0.000019500],1,1,2.0860980399623155,0.0,0.0,0.6892230576441103,0.0,0.0,1.0,6.0
D4.2__Fig 2__SQUID_data__IVI_BS30_A1S1_I_contrl_+-0.15mA_285mK_191103__IVB__T_1p40K[-0.000019875],1,1,2.134265645906697,0.0,0.0,0.6917293233082707,0.0,0.0,1.0,6.0
D4.2__Fig 2__SQUID_data__IVI_BS30_A1S1_I_contrl_+-0.15mA_285mK_191103__IVB__T_1p40K[-0.000020250],1,1,2.1545941566454587,0.0,0.0,0.6867167919799498,0.0,0.0,1.0,6.0
D4.2__Fig 2__SQUID_data__IVI_BS30_A1S1_I_contrl_+-0.15mA_285mK_191103__IVB__T_1p40K[-0.000020625],1,1,2.1691212592169125,0.0,0.0,0.6892230576441102,0.0,0.0,1.0,6.0
D4.2__Fig 2__SQUID_data__IVI_BS30_A1S1_I_contrl_+-0.15mA_285mK_191103__IVB__T_1p40K[-0.000021000],1,1,2.1630064284731088,0.0,0.0,0.6842105263157895,0.0,0.0,1.0,6.0
D4.2__Fig 2__SQUID_data__IVI_BS30_A1S1_I_contrl_+-0.15mA_285mK_191103__IVB__T_1p40K[-0.000021375],1,1,2.153067468806408,0.0,0.0,0.6892230576441103,0.0,0.0,1.0,6.0
D4.2__Fig 2__SQUID_data__IVI_BS30_A1S1_I_contrl_+-0.15mA_285mK_191103__IVB__T_1p40K[-0.000021750],1,1,2.144955363875593,0.0,0.0,0.6917293233082707,0.0,0.0,1.0,6.0
D4.2__Fig 2__SQUID_data__IVI_BS30_A1S1_I_contrl_+-0.15mA_285mK_191103__IVB__T_1p40K[-0.000022125],1,1,2.0740413384830023,0.0,0.0,0.6942355889724311,0.0,0.0,1.0,6.0
D4.2__Fig 2__SQUID_data__IVI_BS30_A1S1_I_contrl_+-0.15mA_285mK_191103__IVB__T_1p40K[-0.000022500],1,1,2.096955359173365,0.0,0.0,0.6942355889724311,0.0,0.0,1.0,6.0
D4.2__Fig 2__SQUID_data__IVI_BS30_A1S1_I_contrl_+-0.15mA_285mK_191103__IVB__T_1p40K[-0.000022875],1,1,2.1156626219273678,0.0,0.0,0.6942355889724311,0.0,0.0,1.0,6.0
D4.2__Fig 2__SQUID_data__IVI_BS30_A1S1_I_contrl_+-0.15mA_285mK_191103__IVB__T_1p40K[-0.000023250],1,1,2.1057165538339957,0.0,0.0,0.6942355889724311,0.0,0.0,1.0,6.0
D4.2__Fig 2__SQUID_data__IVI_BS30_A1S1_I_contrl_+-0.15mA_285mK_191103__IVB__T_1p40K[-0.000023625],1,1,2.083206947787175,0.0,0.0,0.6917293233082706,0.0,0.0,1.0,6.0
D4.2__Fig 2__SQUID_data__IVI_BS30_A1S1_I_contrl_+-0.15mA_285mK_191103__IVB__T_1p40K[-0.000024000],1,1,2.1034772422568264,0.0,0.0,0.6892230576441102,0.0,0.0,1.0,6.0
D4.2__Fig 2__SQUID_data__IVI_BS30_A1S1_I_contrl_+-0.15mA_285mK_191103__IVB__T_1p40K[-0.000024375],1,1,2.137879658267603,0.0,0.0,0.68671679197995,0.0,0.0,1.0,6.0
D4.2__Fig 2__SQUID_data__IVI_BS30_A1S1_I_contrl_+-0.15mA_285mK_191103__IVB__T_1p40K[-0.000024750],1,1,2.112251860671933,0.0,0.0,0.6892230576441103,0.0,0.0,1.0,6.0
D4.2__Fig 2__SQUID_data__IVI_BS30_A1S1_I_contrl_+-0.15mA_285mK_191103__IVB__T_1p40K[-0.000025125],1,1,2.148017684862971,0.0,0.0,0.6892230576441103,0.0,0.0,1.0,6.0
D4.2__Fig 2__SQUID_data__IVI_BS30_A1S1_I_contrl_+-0.15mA_285mK_191103__IVB__T_1p40K[-0.000025500],1,1,2.1262200145838674,0.0,0.0,0.6942355889724312,0.0,0.0,1.0,6.0
D4.2__Fig 2__SQUID_data__IVI_BS30_A1S1_I_contrl_+-0.15mA_285mK_191103__IVB__T_1p40K[-0.000025875],1,1,2.104448169732571,0.0,0.0,0.6942355889724312,0.0,0.0,1.0,6.0
D4.2__Fig 2__SQUID_data__IVI_BS30_A1S1_I_contrl_+-0.15mA_285mK_191103__IVB__T_1p40K[-0.000026250],1,1,2.075569565531837,0.0,0.0,0.6967418546365914,0.0,0.0,1.0,6.0
D4.2__Fig 2__SQUID_data__IVI_BS30_A1S1_I_contrl_+-0.15mA_285mK_191103__IVB__T_1p40K[-0.000026625],1,1,2.0492849251259484,0.0,0.0,0.6967418546365916,0.0,0.0,1.0,6.0
D4.2__Fig 2__SQUID_data__IVI_BS30_A1S1_I_contrl_+-0.15mA_285mK_191103__IVB__T_1p40K[-0.000027000],1,1,2.066615547976433,0.0,0.0,0.6992481203007518,0.0,0.0,1.0,6.0
D4.2__Fig 2__SQUID_data__IVI_BS30_A1S1_I_contrl_+-0.15mA_285mK_191103__IVB__T_1p40K[-0.000027375],1,1,2.0446326599679394,0.0,0.0,0.6942355889724311,0.0,0.0,1.0,6.0
D4.2__Fig 2__SQUID_data__IVI_BS30_A1S1_I_contrl_+-0.15mA_285mK_191103__IVB__T_1p40K[-0.000027750],1,1,2.0837145124401033,0.0,0.0,0.6992481203007519,0.0,0.0,1.0,6.0
D4.2__Fig 2__SQUID_data__IVI_BS30_A1S1_I_contrl_+-0.15mA_285mK_191103__IVB__T_1p40K[-0.000028125],1,1,2.0893028958753947,0.0,0.0,0.6942355889724311,0.0,0.0,1.0,6.0
D4.2__Fig 2__SQUID_data__IVI_BS30_A1S1_I_contrl_+-0.15mA_285mK_191103__IVB__T_1p40K[-0.000028500],1,1,2.109752414491366,0.0,0.0,0.6992481203007518,0.0,0.0,1.0,6.0
D4.2__Fig 2__SQUID_data__IVI_BS30_A1S1_I_contrl_+-0.15mA_285mK_191103__IVB__T_1p40K[-0.000028875],1,1,2.1061136888249767,0.0,0.0,0.6917293233082706,0.0,0.0,1.0,6.0
D4.2__Fig 2__SQUID_data__IVI_BS30_A1S1_I_contrl_+-0.15mA_285mK_191103__IVB__T_1p40K[-0.000029250],1,1,2.113560985502499,0.0,0.0,0.6892230576441103,0.0,0.0,1.0,6.0
D4.2__Fig 2__SQUID_data__IVI_BS30_A1S1_I_contrl_+-0.15mA_285mK_191103__IVB__T_1p40K[-0.000029625],1,1,2.1186942311756205,0.0,0.0,0.6892230576441104,0.0,0.0,1.0,6.0
D4.2__Fig 2__SQUID_data__IVI_BS30_A1S1_I_contrl_+-0.15mA_285mK_191103__IVB__T_1p40K[-0.000030000],1,1,2.107123962791739,0.0,0.0,0.6942355889724311,0.0,0.0,1.0,6.0
D4.2__Fig 2__SQUID_data__IVI_BS30_A1S1_I_contrl_+-0.15mA_285mK_191103__IVB__T_1p40K[-0.000030375],1,1,2.0994848801709893,0.0,0.0,0.6942355889724311,0.0,0.0,1.0,6.0
D4.2__Fig 2__SQUID_data__IVI_BS30_A1S1_I_contrl_+-0.15mA_285mK_191103__IVB__T_1p40K[-0.000030750],1,1,2.068229260252777,0.0,0.0,0.6917293233082707,0.0,0.0,1.0,6.0
D4.2__Fig 2__SQUID_data__IVI_BS30_A1S1_I_contrl_+-0.15mA_285mK_191103__IVB__T_1p40K[-0.000031125],1,1,2.0615554678232173,0.0,0.0,0.694235588972431,0.0,0.0,1.0,6.0
D4.2__Fig 2__SQUID_data__IVI_BS30_A1S1_I_contrl_+-0.15mA_285mK_191103__IVB__T_1p40K[-0.000031500],1,1,2.0663047178410556,0.0,0.0,0.6917293233082707,0.0,0.0,1.0,6.0
D4.2__Fig 2__SQUID_data__IVI_BS30_A1S1_I_contrl_+-0.15mA_285mK_191103__IVB__T_1p40K[-0.000031875],1,1,2.068923214055429,0.0,0.0,0.6942355889724312,0.0,0.0,1.0,6.0
D4.2__Fig 2__SQUID_data__IVI_BS30_A1S1_I_contrl_+-0.15mA_285mK_191103__IVB__T_1p40K[-0.000032250],1,1,2.068317753930642,0.0,0.0,0.6942355889724311,0.0,0.0,1.0,6.0
D4.2__Fig 2__SQUID_data__IVI_BS30_A1S1_I_contrl_+-0.15mA_285mK_191103__IVB__T_1p40K[-0.000032625],1,1,2.0698834033855187,0.0,0.0,0.6917293233082706,0.0,0.0,1.0,6.0
D4.2__Fig 2__SQUID_data__IVI_BS30_A1S1_I_contrl_+-0.15mA_285mK_191103__IVB__T_1p40K[-0.000033000],1,1,2.058828137902545,0.0,0.0,0.6967418546365916,0.0,0.0,1.0,6.0
D4.2__Fig 2__SQUID_data__IVI_BS30_A1S1_I_contrl_+-0.15mA_285mK_191103__IVB__T_1p40K[-0.000033375],1,1,2.0862385971543906,0.0,0.0,0.6967418546365916,0.0,0.0,1.0,6.0
D4.2__Fig 2__SQUID_data__IVI_BS30_A1S1_I_contrl_+-0.15mA_285mK_191103__IVB__T_1p40K[-0.000033750],1,1,2.0778909860680517,0.0,0.0,0.6942355889724312,0.0,0.0,1.0,6.0
D4.2__Fig 2__SQUID_data__IVI_BS30_A1S1_I_contrl_+-0.15mA_285mK_191103__IVB__T_1p40K[-0.000034125],1,1,2.0356800886684874,0.0,0.0,0.6942355889724311,0.0,0.0,1.0,6.0
D4.2__Fig 2__SQUID_data__IVI_BS30_A1S1_I_contrl_+-0.15mA_285mK_191103__IVB__T_1p40K[-0.000034500],1,1,2.079369991738857,0.0,0.0,0.6942355889724311,0.0,0.0,1.0,6.0
D4.2__Fig 2__SQUID_data__IVI_BS30_A1S1_I_contrl_+-0.15mA_285mK_191103__IVB__T_1p40K[-0.000034875],1,1,2.0822887935786065,0.0,0.0,0.6942355889724311,0.0,0.0,1.0,6.0
D4.2__Fig 2__SQUID_data__IVI_BS30_A1S1_I_contrl_+-0.15mA_285mK_191103__IVB__T_1p40K[-0.000035250],1,1,2.081384969929845,0.0,0.0,0.6942355889724311,0.0,0.0,1.0,6.0
D4.2__Fig 2__SQUID_data__IVI_BS30_A1S1_I_contrl_+-0.15mA_285mK_191103__IVB__T_1p40K[-0.000035625],1,1,2.0787312666006823,0.0,0.0,0.6917293233082707,0.0,0.0,1.0,6.0
D4.2__Fig 2__SQUID_data__IVI_BS30_A1S1_I_contrl_+-0.15mA_285mK_191103__IVB__T_1p40K[-0.000036000],1,1,2.0526196339178453,0.0,0.0,0.6942355889724311,0.0,0.0,1.0,6.0
D4.2__Fig 2__SQUID_data__IVI_BS30_A1S1_I_contrl_+-0.15mA_285mK_191103__IVB__T_1p40K[-0.000036375],1,1,2.0389665978495737,0.0,0.0,0.6967418546365914,0.0,0.0,1.0,6.0
D4.2__Fig 2__SQUID_data__IVI_BS30_A1S1_I_contrl_+-0.15mA_285mK_191103__IVB__T_1p40K[-0.000036750],1,1,2.03534208711319,0.0,0.0,0.6992481203007518,0.0,0.0,1.0,6.0
D4.2__Fig 2__SQUID_data__IVI_BS30_A1S1_I_contrl_+-0.15mA_285mK_191103__IVB__T_1p40K[-0.000037125],1,1,2.036111976544108,0.0,0.0,0.6942355889724311,0.0,0.0,1.0,6.0
D4.2__Fig 2__SQUID_data__IVI_BS30_A1S1_I_contrl_+-0.15mA_285mK_191103__IVB__T_1p40K[-0.000037500],1,1,2.0434425714728146,0.0,0.0,0.6967418546365914,0.0,0.0,1.0,6.0
D4.2__Fig 2__SQUID_data__IVI_BS30_A1S1_I_contrl_+-0.15mA_285mK_191103__IVB__T_1p40K[-0.000037875],1,1,2.031291682630491,0.0,0.0,0.6942355889724311,0.0,0.0,1.0,6.0
D4.2__Fig 2__SQUID_data__IVI_BS30_A1S1_I_contrl_+-0.15mA_285mK_191103__IVB__T_1p40K[-0.000038250],1,1,2.0221999935401658,0.0,0.0,0.6967418546365914,0.0,0.0,1.0,6.0
D4.2__Fig 2__SQUID_data__IVI_BS30_A1S1_I_contrl_+-0.15mA_285mK_191103__IVB__T_1p40K[-0.000038625],1,1,2.0072661280940642,0.0,0.0,0.6992481203007519,0.0,0.0,1.0,6.0
D4.2__Fig 2__SQUID_data__IVI_BS30_A1S1_I_contrl_+-0.15mA_285mK_191103__IVB__T_1p40K[-0.000039000],1,1,1.9906996806068347,0.0,0.0,0.6967418546365916,0.0,0.0,1.0,6.0
D4.2__Fig 2__SQUID_data__IVI_BS30_A1S1_I_contrl_+-0.15mA_285mK_191103__IVB__T_1p40K[-0.000039375],1,1,2.0029148625823137,0.0,0.0,0.6992481203007519,0.0,0.0,1.0,6.0
D4.2__Fig 2__SQUID_data__IVI_BS30_A1S1_I_contrl_+-0.15mA_285mK_191103__IVB__T_1p40K[-0.000039750],1,1,2.027542505562687,0.0,0.0,0.7017543859649122,0.0,0.0,1.0,6.0
D4.2__Fig 2__SQUID_data__IVI_BS30_A1S1_I_contrl_+-0.15mA_285mK_191103__IVB__T_1p40K[-0.000040125],1,1,2.024577896803416,0.0,0.0,0.6992481203007519,0.0,0.0,1.0,6.0
D4.2__Fig 2__SQUID_data__IVI_BS30_A1S1_I_contrl_+-0.15mA_285mK_191103__IVB__T_1p40K[-0.000040500],1,1,2.0227811406910523,0.0,0.0,0.6967418546365916,0.0,0.0,1.0,6.0
D4.2__Fig 2__SQUID_data__IVI_BS30_A1S1_I_contrl_+-0.15mA_285mK_191103__IVB__T_1p40K[-0.000040875],1,1,2.044300258832897,0.0,0.0,0.6992481203007518,0.0,0.0,1.0,6.0
D4.2__Fig 2__SQUID_data__IVI_BS30_A1S1_I_contrl_+-0.15mA_285mK_191103__IVB__T_1p40K[-0.000041250],1,1,2.042042312571357,0.0,0.0,0.694235588972431,0.0,0.0,1.0,6.0
D4.2__Fig 2__SQUID_data__IVI_BS30_A1S1_I_contrl_+-0.15mA_285mK_191103__IVB__T_1p40K[-0.000041625],1,1,2.035395043662567,0.0,0.0,0.6967418546365916,0.0,0.0,1.0,6.0
D4.2__Fig 2__SQUID_data__IVI_BS30_A1S1_I_contrl_+-0.15mA_285mK_191103__IVB__T_1p40K[-0.000042000],1,1,2.063197326676362,0.0,0.0,0.6942355889724312,0.0,0.0,1.0,6.0
D4.2__Fig 2__SQUID_data__IVI_BS30_A1S1_I_contrl_+-0.15mA_285mK_191103__IVB__T_1p40K[-0.000042375],1,1,2.048603232235687,0.0,0.0,0.694235588972431,0.0,0.0,1.0,6.0
D4.2__Fig 2__SQUID_data__IVI_BS30_A1S1_I_contrl_+-0.15mA_285mK_191103__IVB__T_1p40K[-0.000042750],1,1,2.0705042684282122,0.0,0.0,0.6992481203007519,0.0,0.0,1.0,6.0
D4.2__Fig 2__SQUID_data__IVI_BS30_A1S1_I_contrl_+-0.15mA_285mK_191103__IVB__T_1p40K[-0.000043125],1,1,2.0239540325945566,0.0,0.0,0.6942355889724312,0.0,0.0,1.0,6.0
D4.2__Fig 2__SQUID_data__IVI_BS30_A1S1_I_contrl_+-0.15mA_285mK_191103__IVB__T_1p40K[-0.000043500],1,1,2.0119455053976765,0.0,0.0,0.6967418546365914,0.0,0.0,1.0,6.0
D4.2__Fig 2__SQUID_data__IVI_BS30_A1S1_I_contrl_+-0.15mA_285mK_191103__IVB__T_1p40K[-0.000043875],1,1,2.0058173683669516,0.0,0.0,0.6992481203007519,0.0,0.0,1.0,6.0
D4.2__Fig 2__SQUID_data__IVI_BS30_A1S1_I_contrl_+-0.15mA_285mK_191103__IVB__T_1p40K[-0.000044250],1,1,1.9902689591275193,0.0,0.0,0.7017543859649122,0.0,0.0,1.0,6.0
D4.2__Fig 2__SQUID_data__IVI_BS30_A1S1_I_contrl_+-0.15mA_285mK_191103__IVB__T_1p40K[-0.000044625],1,1,1.9933454138425215,0.0,0.0,0.6992481203007519,0.0,0.0,1.0,6.0
D4.2__Fig 2__SQUID_data__IVI_BS30_A1S1_I_contrl_+-0.15mA_285mK_191103__IVB__T_1p40K[-0.000045000],1,1,2.0132321767984567,0.0,0.0,0.6967418546365916,0.0,0.0,1.0,6.0
D4.2__Fig 2__SQUID_data__IVI_BS30_A1S1_I_contrl_+-0.15mA_285mK_191103__IVB__T_1p40K[-0.000045375],1,1,2.020228155525432,0.0,0.0,0.7017543859649122,0.0,0.0,1.0,6.0
D4.2__Fig 2__SQUID_data__IVI_BS30_A1S1_I_contrl_+-0.15mA_285mK_191103__IVB__T_1p40K[-0.000045750],1,1,1.9516051895454032,0.0,0.0,0.699248120300752,0.0,0.0,1.0,6.0
D4.2__Fig 2__SQUID_data__IVI_BS30_A1S1_I_contrl_+-0.15mA_285mK_191103__IVB__T_1p40K[-0.000046125],1,1,1.9652608705850467,0.0,0.0,0.7042606516290727,0.0,0.0,1.0,6.0
D4.2__Fig 2__SQUID_data__IVI_BS30_A1S1_I_contrl_+-0.15mA_285mK_191103__IVB__T_1p40K[-0.000046500],1,1,1.9639630649166897,0.0,0.0,0.7042606516290727,0.0,0.0,1.0,6.0
D4.2__Fig 2__SQUID_data__IVI_BS30_A1S1_I_contrl_+-0.15mA_285mK_191103__IVB__T_1p40K[-0.000046875],1,1,1.938614749669801,0.0,0.0,0.7017543859649121,0.0,0.0,1.0,6.0
D4.2__Fig 2__SQUID_data__IVI_BS30_A1S1_I_contrl_+-0.15mA_285mK_191103__IVB__T_1p40K[-0.000047250],1,1,1.9354777007448474,0.0,0.0,0.7042606516290727,0.0,0.0,1.0,6.0
D4.2__Fig 2__SQUID_data__IVI_BS30_A1S1_I_contrl_+-0.15mA_285mK_191103__IVB__T_1p40K[-0.000047625],1,1,1.9565953414845347,0.0,0.0,0.7042606516290726,0.0,0.0,1.0,6.0
D4.2__Fig 2__SQUID_data__IVI_BS30_A1S1_I_contrl_+-0.15mA_285mK_191103__IVB__T_1p40K[-0.000048000],1,1,1.9714726454789053,0.0,0.0,0.7017543859649122,0.0,0.0,1.0,6.0
D4.2__Fig 2__SQUID_data__IVI_BS30_A1S1_I_contrl_+-0.15mA_285mK_191103__IVB__T_1p40K[-0.000048375],1,1,1.9703014656394133,0.0,0.0,0.7042606516290727,0.0,0.0,1.0,6.0
D4.2__Fig 2__SQUID_data__IVI_BS30_A1S1_I_contrl_+-0.15mA_285mK_191103__IVB__T_1p40K[-0.000048750],1,1,1.9482079435218322,0.0,0.0,0.7067669172932332,0.0,0.0,1.0,6.0
D4.2__Fig 2__SQUID_data__IVI_BS30_A1S1_I_contrl_+-0.15mA_285mK_191103__IVB__T_1p40K[-0.000049125],1,1,1.9562939157883366,0.0,0.0,0.7067669172932332,0.0,0.0,1.0,6.0
D4.2__Fig 2__SQUID_data__IVI_BS30_A1S1_I_contrl_+-0.15mA_285mK_191103__IVB__T_1p40K[-0.000049500],1,1,1.9289883568986623,0.0,0.0,0.706766917293233,0.0,0.0,1.0,6.0
D4.2__Fig 2__SQUID_data__IVI_BS30_A1S1_I_contrl_+-0.15mA_285mK_191103__IVB__T_1p40K[-0.000049875],1,1,1.9088848874518067,0.0,0.0,0.7092731829573935,0.0,0.0,1.0,6.0
D4.2__Fig 2__SQUID_data__IVI_BS30_A1S1_I_contrl_+-0.15mA_285mK_191103__IVB__T_1p40K[-0.000050250],1,1,1.9293379822280134,0.0,0.0,0.7067669172932329,0.0,0.0,1.0,6.0
D4.2__Fig 2__SQUID_data__IVI_BS30_A1S1_I_contrl_+-0.15mA_285mK_191103__IVB__T_1p40K[-0.000050625],1,1,1.9343634443187931,0.0,0.0,0.7042606516290727,0.0,0.0,1.0,6.0
D4.2__Fig 2__SQUID_data__IVI_BS30_A1S1_I_contrl_+-0.15mA_285mK_191103__IVB__T_1p40K[-0.000051000],1,1,1.9342808149979303,0.0,0.0,0.7042606516290727,0.0,0.0,1.0,6.0
D4.2__Fig 2__SQUID_data__IVI_BS30_A1S1_I_contrl_+-0.15mA_285mK_191103__IVB__T_1p40K[-0.000051375],1,1,1.9169548835401122,0.0,0.0,0.699248120300752,0.0,0.0,1.0,6.0
D4.2__Fig 2__SQUID_data__IVI_BS30_A1S1_I_contrl_+-0.15mA_285mK_191103__IVB__T_1p40K[-0.000051750],1,1,1.9662226176007347,0.0,0.0,0.7017543859649122,0.0,0.0,1.0,6.0
D4.2__Fig 2__SQUID_data__IVI_BS30_A1S1_I_contrl_+-0.15mA_285mK_191103__IVB__T_1p40K[-0.000052125],1,1,1.9706311780434116,0.0,0.0,0.7017543859649122,0.0,0.0,1.0,6.0
D4.2__Fig 2__SQUID_data__IVI_BS30_A1S1_I_contrl_+-0.15mA_285mK_191103__IVB__T_1p40K[-0.000052500],1,1,1.9437781213206162,0.0,0.0,0.7017543859649122,0.0,0.0,1.0,6.0
D4.2__Fig 2__SQUID_data__IVI_BS30_A1S1_I_contrl_+-0.15mA_285mK_191103__IVB__T_1p40K[-0.000052875],1,1,1.932936566108832,0.0,0.0,0.6992481203007518,0.0,0.0,1.0,6.0
D4.2__Fig 2__SQUID_data__IVI_BS30_A1S1_I_contrl_+-0.15mA_285mK_191103__IVB__T_1p40K[-0.000053250],1,1,1.9189974880158862,0.0,0.0,0.7017543859649122,0.0,0.0,1.0,6.0
D4.2__Fig 2__SQUID_data__IVI_BS30_A1S1_I_contrl_+-0.15mA_285mK_191103__IVB__T_1p40K[-0.000053625],1,1,1.923463695213665,0.0,0.0,0.7017543859649122,0.0,0.0,1.0,6.0
D4.2__Fig 2__SQUID_data__IVI_BS30_A1S1_I_contrl_+-0.15mA_285mK_191103__IVB__T_1p40K[-0.000054000],1,1,1.934978643232699,0.0,0.0,0.7017543859649121,0.0,0.0,1.0,6.0
D4.2__Fig 2__SQUID_data__IVI_BS30_A1S1_I_contrl_+-0.15mA_285mK_191103__IVB__T_1p40K[-0.000054375],1,1,1.9251736667446626,0.0,0.0,0.6967418546365916,0.0,0.0,1.0,6.0
D4.2__Fig 2__SQUID_data__IVI_BS30_A1S1_I_contrl_+-0.15mA_285mK_191103__IVB__T_1p40K[-0.000054750],1,1,1.9424648841798278,0.0,0.0,0.6992481203007519,0.0,0.0,1.0,6.0
D4.2__Fig 2__SQUID_data__IVI_BS30_A1S1_I_contrl_+-0.15mA_285mK_191103__IVB__T_1p40K[-0.000055125],1,1,1.9417362781943333,0.0,0.0,0.6967418546365914,0.0,0.0,1.0,6.0
D4.2__Fig 2__SQUID_data__IVI_BS30_A1S1_I_contrl_+-0.15mA_285mK_191103__IVB__T_1p40K[-0.000055500],1,1,1.9562205202456746,0.0,0.0,0.7017543859649122,0.0,0.0,1.0,6.0
D4.2__Fig 2__SQUID_data__IVI_BS30_A1S1_I_contrl_+-0.15mA_285mK_191103__IVB__T_1p40K[-0.000055875],1,1,1.9048534335672782,0.0,0.0,0.7017543859649122,0.0,0.0,1.0,6.0
D4.2__Fig 2__SQUID_data__IVI_BS30_A1S1_I_contrl_+-0.15mA_285mK_191103__IVB__T_1p40K[-0.000056250],1,1,1.8832152811910403,0.0,0.0,0.7042606516290728,0.0,0.0,1.0,6.0
D4.2__Fig 2__SQUID_data__IVI_BS30_A1S1_I_contrl_+-0.15mA_285mK_191103__IVB__T_1p40K[-0.000056625],1,1,1.9093471662738555,0.0,0.0,0.6992481203007518,0.0,0.0,1.0,6.0
D4.2__Fig 2__SQUID_data__IVI_BS30_A1S1_I_contrl_+-0.15mA_285mK_191103__IVB__T_1p40K[-0.000057000],1,1,1.9116568264410538,0.0,0.0,0.6992481203007518,0.0,0.0,1.0,6.0
D4.2__Fig 2__SQUID_data__IVI_BS30_A1S1_I_contrl_+-0.15mA_285mK_191103__IVB__T_1p40K[-0.000057375],1,1,1.8690283855260688,0.0,0.0,0.6967418546365914,0.0,0.0,1.0,6.0
D4.2__Fig 2__SQUID_data__IVI_BS30_A1S1_I_contrl_+-0.15mA_285mK_191103__IVB__T_1p40K[-0.000057750],1,1,1.901183497496342,0.0,0.0,0.6967418546365914,0.0,0.0,1.0,6.0
D4.2__Fig 2__SQUID_data__IVI_BS30_A1S1_I_contrl_+-0.15mA_285mK_191103__IVB__T_1p40K[-0.000058125],1,1,1.8750972596100408,0.0,0.0,0.6967418546365914,0.0,0.0,1.0,6.0
D4.2__Fig 2__SQUID_data__IVI_BS30_A1S1_I_contrl_+-0.15mA_285mK_191103__IVB__T_1p40K[-0.000058500],1,1,1.8729486360612952,0.0,0.0,0.6992481203007519,0.0,0.0,1.0,6.0
D4.2__Fig 2__SQUID_data__IVI_BS30_A1S1_I_contrl_+-0.15mA_285mK_191103__IVB__T_1p40K[-0.000058875],1,1,2.6189722735794314,0.0,0.0,0.9949874686716793,0.0,0.0,1.0,6.0
D4.2__Fig 2__SQUID_data__IVI_BS30_A1S1_I_contrl_+-0.15mA_285mK_191103__IVB__T_1p40K[-0.000059250],1,1,1.8833732383861135,0.0,0.0,0.6967418546365914,0.0,0.0,1.0,6.0
D4.2__Fig 2__SQUID_data__IVI_BS30_A1S1_I_contrl_+-0.15mA_285mK_191103__IVB__T_1p40K[-0.000059625],1,1,1.88437833312949,0.0,0.0,0.6942355889724311,0.0,0.0,1.0,6.0
D4.2__Fig 2__SQUID_data__IVI_BS30_A1S1_I_contrl_+-0.15mA_285mK_191103__IVB__T_1p40K[-0.000060000],1,1,1.9054190531210649,0.0,0.0,0.6917293233082706,0.0,0.0,1.0,6.0
D4.2__Fig 2__SQUID_data__IVI_BS30_A1S1_I_contrl_+-0.15mA_285mK_191103__IVB__T_1p40K[-0.000060375],1,1,1.9103478425289069,0.0,0.0,0.6892230576441103,0.0,0.0,1.0,6.0
D4.2__Fig 2__SQUID_data__IVI_BS30_A1S1_I_contrl_+-0.15mA_285mK_191103__IVB__T_1p40K[-0.000060750],1,1,1.9122777150765167,0.0,0.0,0.6892230576441102,0.0,0.0,1.0,6.0
D4.2__Fig 2__SQUID_data__IVI_BS30_A1S1_I_contrl_+-0.15mA_285mK_191103__IVB__T_1p40K[-0.000061125],1,1,2.6571802864872534,0.0,0.0,0.9949874686716792,0.0,0.0,1.0,6.0
D4.2__Fig 2__SQUID_data__IVI_BS30_A1S1_I_contrl_+-0.15mA_285mK_191103__IVB__T_1p40K[-0.000061500],1,1,1.9138532046733607,0.0,0.0,0.6867167919799498,0.0,0.0,1.0,6.0
D4.2__Fig 2__SQUID_data__IVI_BS30_A1S1_I_contrl_+-0.15mA_285mK_191103__IVB__T_1p40K[-0.000061875],1,1,1.9295035580167483,0.0,0.0,0.6842105263157895,0.0,0.0,1.0,6.0
D4.2__Fig 2__SQUID_data__IVI_BS30_A1S1_I_contrl_+-0.15mA_285mK_191103__IVB__T_1p40K[-0.000062250],1,1,1.9403256481568196,0.0,0.0,0.6791979949874686,0.0,0.0,1.0,6.0
D4.2__Fig 2__SQUID_data__IVI_BS30_A1S1_I_contrl_+-0.15mA_285mK_191103__IVB__T_1p40K[-0.000062625],1,1,1.9228449298940573,0.0,0.0,0.681704260651629,0.0,0.0,1.0,6.0
D4.2__Fig 2__SQUID_data__IVI_BS30_A1S1_I_contrl_+-0.15mA_285mK_191103__IVB__T_1p40K[-0.000063000],1,1,1.9333993688560602,0.0,0.0,0.6791979949874687,0.0,0.0,1.0,6.0
D4.2__Fig 2__SQUID_data__IVI_BS30_A1S1_I_contrl_+-0.15mA_285mK_191103__IVB__T_1p40K[-0.000063375],1,1,1.9441386819367588,0.0,0.0,0.6791979949874686,0.0,0.0,1.0,6.0
D4.2__Fig 2__SQUID_data__IVI_BS30_A1S1_I_contrl_+-0.15mA_285mK_191103__IVB__T_1p40K[-0.000063750],1,1,1.9319053925227185,0.0,0.0,0.6766917293233083,0.0,0.0,1.0,6.0
D4.2__Fig 2__SQUID_data__IVI_BS30_A1S1_I_contrl_+-0.15mA_285mK_191103__IVB__T_1p40K[-0.000064125],1,1,1.9429387554269897,0.0,0.0,0.6741854636591479,0.0,0.0,1.0,6.0
D4.2__Fig 2__SQUID_data__IVI_BS30_A1S1_I_contrl_+-0.15mA_285mK_191103__IVB__T_1p40K[-0.000064500],1,1,1.928032080807372,0.0,0.0,0.6741854636591479,0.0,0.0,1.0,6.0
D4.2__Fig 2__SQUID_data__IVI_BS30_A1S1_I_contrl_+-0.15mA_285mK_191103__IVB__T_1p40K[-0.000064875],1,1,1.915480450768941,0.0,0.0,0.6716791979949874,0.0,0.0,1.0,6.0
D4.2__Fig 2__SQUID_data__IVI_BS30_A1S1_I_contrl_+-0.15mA_285mK_191103__IVB__T_1p40K[-0.000065250],1,1,1.9336373683860415,0.0,0.0,0.6691729323308271,0.0,0.0,1.0,6.0
D4.2__Fig 2__SQUID_data__IVI_BS30_A1S1_I_contrl_+-0.15mA_285mK_191103__IVB__T_1p40K[-0.000065625],1,1,1.9033329885509498,0.0,0.0,0.6791979949874687,0.0,0.0,1.0,6.0
D4.2__Fig 2__SQUID_data__IVI_BS30_A1S1_I_contrl_+-0.15mA_285mK_191103__IVB__T_1p40K[-0.000066000],1,1,1.872828954512164,0.0,0.0,0.6791979949874687,0.0,0.0,1.0,6.0
D4.2__Fig 2__SQUID_data__IVI_BS30_A1S1_I_contrl_+-0.15mA_285mK_191103__IVB__T_1p40K[-0.000066375],1,1,1.863052471098717,0.0,0.0,0.6766917293233082,0.0,0.0,1.0,6.0
D4.2__Fig 2__SQUID_data__IVI_BS30_A1S1_I_contrl_+-0.15mA_285mK_191103__IVB__T_1p40K[-0.000066750],1,1,1.8941659047809756,0.0,0.0,0.6741854636591479,0.0,0.0,1.0,6.0
D4.2__Fig 2__SQUID_data__IVI_BS30_A1S1_I_contrl_+-0.15mA_285mK_191103__IVB__T_1p40K[-0.000067125],1,1,1.8968199393752403,0.0,0.0,0.6716791979949874,0.0,0.0,1.0,6.0
D4.2__Fig 2__SQUID_data__IVI_BS30_A1S1_I_contrl_+-0.15mA_285mK_191103__IVB__T_1p40K[-0.000067500],1,1,1.8914688621622708,0.0,0.0,0.6741854636591479,0.0,0.0,1.0,6.0
D4.2__Fig 2__SQUID_data__IVI_BS30_A1S1_I_contrl_+-0.15mA_285mK_191103__IVB__T_1p40K[-0.000067875],1,1,1.8612027355086518,0.0,0.0,0.6741854636591478,0.0,0.0,1.0,6.0
D4.2__Fig 2__SQUID_data__IVI_BS30_A1S1_I_contrl_+-0.15mA_285mK_191103__IVB__T_1p40K[-0.000068250],1,1,1.8805757222261121,0.0,0.0,0.6741854636591479,0.0,0.0,1.0,6.0
D4.2__Fig 2__SQUID_data__IVI_BS30_A1S1_I_contrl_+-0.15mA_285mK_191103__IVB__T_1p40K[-0.000068625],1,1,1.8817491537582223,0.0,0.0,0.6741854636591479,0.0,0.0,1.0,6.0
D4.2__Fig 2__SQUID_data__IVI_BS30_A1S1_I_contrl_+-0.15mA_285mK_191103__IVB__T_1p40K[-0.000069000],1,1,1.8774524586949228,0.0,0.0,0.6741854636591478,0.0,0.0,1.0,6.0
D4.2__Fig 2__SQUID_data__IVI_BS30_A1S1_I_contrl_+-0.15mA_285mK_191103__IVB__T_1p40K[-0.000069375],1,1,1.9100713612396474,0.0,0.0,0.6716791979949875,0.0,0.0,1.0,6.0
D4.2__Fig 2__SQUID_data__IVI_BS30_A1S1_I_contrl_+-0.15mA_285mK_191103__IVB__T_1p40K[-0.000069750],1,1,1.9179985040519458,0.0,0.0,0.6691729323308271,0.0,0.0,1.0,6.0
D4.2__Fig 2__SQUID_data__IVI_BS30_A1S1_I_contrl_+-0.15mA_285mK_191103__IVB__T_1p40K[-0.000070125],1,1,1.89657424228273,0.0,0.0,0.6741854636591478,0.0,0.0,1.0,6.0
D4.2__Fig 2__SQUID_data__IVI_BS30_A1S1_I_contrl_+-0.15mA_285mK_191103__IVB__T_1p40K[-0.000070500],1,1,1.880752542228121,0.0,0.0,0.6716791979949874,0.0,0.0,1.0,6.0
D4.2__Fig 2__SQUID_data__IVI_BS30_A1S1_I_contrl_+-0.15mA_285mK_191103__IVB__T_1p40K[-0.000070875],1,1,1.8769042317037894,0.0,0.0,0.6716791979949874,0.0,0.0,1.0,6.0
D4.2__Fig 2__SQUID_data__IVI_BS30_A1S1_I_contrl_+-0.15mA_285mK_191103__IVB__T_1p40K[-0.000071250],1,1,1.8989058489054438,0.0,0.0,0.6716791979949874,0.0,0.0,1.0,6.0
D4.2__Fig 2__SQUID_data__IVI_BS30_A1S1_I_contrl_+-0.15mA_285mK_191103__IVB__T_1p40K[-0.000071625],1,1,1.8748696907724753,0.0,0.0,0.6716791979949874,0.0,0.0,1.0,6.0
D4.2__Fig 2__SQUID_data__IVI_BS30_A1S1_I_contrl_+-0.15mA_285mK_191103__IVB__T_1p40K[-0.000072000],1,1,1.865977673493551,0.0,0.0,0.6791979949874687,0.0,0.0,1.0,6.0
D4.2__Fig 2__SQUID_data__IVI_BS30_A1S1_I_contrl_+-0.15mA_285mK_191103__IVB__T_1p40K[-0.000072375],1,1,1.8941774874608504,0.0,0.0,0.6766917293233082,0.0,0.0,1.0,6.0
D4.2__Fig 2__SQUID_data__IVI_BS30_A1S1_I_contrl_+-0.15mA_285mK_191103__IVB__T_1p40K[-0.000072750],1,1,2.705762517668511,0.0,0.0,0.9949874686716792,0.0,0.0,1.0,6.0
D4.2__Fig 2__SQUID_data__IVI_BS30_A1S1_I_contrl_+-0.15mA_285mK_191103__IVB__T_1p40K[-0.000073125],1,1,1.893626826176876,0.0,0.0,0.6716791979949874,0.0,0.0,1.0,6.0
D4.2__Fig 2__SQUID_data__IVI_BS30_A1S1_I_contrl_+-0.15mA_285mK_191103__IVB__T_1p40K[-0.000073500],1,1,1.8937231180914638,0.0,0.0,0.6766917293233082,0.0,0.0,1.0,6.0
D4.2__Fig 2__SQUID_data__IVI_BS30_A1S1_I_contrl_+-0.15mA_285mK_191103__IVB__T_1p40K[-0.000073875],1,1,1.8907100050594772,0.0,0.0,0.6766917293233083,0.0,0.0,1.0,6.0
D4.2__Fig 2__SQUID_data__IVI_BS30_A1S1_I_contrl_+-0.15mA_285mK_191103__IVB__T_1p40K[-0.000074250],1,1,1.8649327695008384,0.0,0.0,0.6766917293233082,0.0,0.0,1.0,6.0
D4.2__Fig 2__SQUID_data__IVI_BS30_A1S1_I_contrl_+-0.15mA_285mK_191103__IVB__T_1p40K[-0.000074625],1,1,1.8768883182805267,0.0,0.0,0.6791979949874686,0.0,0.0,1.0,6.0
D4.2__Fig 2__SQUID_data__IVI_BS30_A1S1_I_contrl_+-0.15mA_285mK_191103__IVB__T_1p40K[-0.000075000],1,1,1.9075961195051874,0.0,0.0,0.6741854636591479,0.0,0.0,1.0,6.0
D4.2__Fig 2__SQUID_data__IVI_BS30_A1S1_I_contrl_+-0.15mA_285mK_191103__IVB__T_1p40K[-0.000075375],1,1,1.9023304306611153,0.0,0.0,0.6716791979949874,0.0,0.0,1.0,6.0
D4.2__Fig 2__SQUID_data__IVI_BS30_A1S1_I_contrl_+-0.15mA_285mK_191103__IVB__T_1p40K[-0.000075750],1,1,1.916390387696387,0.0,0.0,0.6741854636591479,0.0,0.0,1.0,6.0
D4.2__Fig 2__SQUID_data__IVI_BS30_A1S1_I_contrl_+-0.15mA_285mK_191103__IVB__T_1p40K[-0.000076125],1,1,1.890491219079928,0.0,0.0,0.6666666666666666,0.0,0.0,1.0,6.0
D4.2__Fig 2__SQUID_data__IVI_BS30_A1S1_I_contrl_+-0.15mA_285mK_191103__IVB__T_1p40K[-0.000076500],1,1,1.8988937014683986,0.0,0.0,0.669172932330827,0.0,0.0,1.0,6.0
D4.2__Fig 2__SQUID_data__IVI_BS30_A1S1_I_contrl_+-0.15mA_285mK_191103__IVB__T_1p40K[-0.000076875],1,1,1.9202571265377675,0.0,0.0,0.6691729323308271,0.0,0.0,1.0,6.0
D4.2__Fig 2__SQUID_data__IVI_BS30_A1S1_I_contrl_+-0.15mA_285mK_191103__IVB__T_1p40K[-0.000077250],1,1,1.963828235240708,0.0,0.0,0.6691729323308271,0.0,0.0,1.0,6.0
D4.2__Fig 2__SQUID_data__IVI_BS30_A1S1_I_contrl_+-0.15mA_285mK_191103__IVB__T_1p40K[-0.000077625],1,1,1.9603472909590758,0.0,0.0,0.6641604010025063,0.0,0.0,1.0,6.0
D4.2__Fig 2__SQUID_data__IVI_BS30_A1S1_I_contrl_+-0.15mA_285mK_191103__IVB__T_1p40K[-0.000078000],1,1,1.931880612267116,0.0,0.0,0.6666666666666667,0.0,0.0,1.0,6.0
D4.2__Fig 2__SQUID_data__IVI_BS30_A1S1_I_contrl_+-0.15mA_285mK_191103__IVB__T_1p40K[-0.000078375],1,1,2.7489138560692603,0.0,0.0,0.9949874686716793,0.0,0.0,1.0,6.0
D4.2__Fig 2__SQUID_data__IVI_BS30_A1S1_I_contrl_+-0.15mA_285mK_191103__IVB__T_1p40K[-0.000078750],1,1,1.953775351668246,0.0,0.0,0.6716791979949875,0.0,0.0,1.0,6.0
D4.2__Fig 2__SQUID_data__IVI_BS30_A1S1_I_contrl_+-0.15mA_285mK_191103__IVB__T_1p40K[-0.000079125],1,1,1.9140234267673166,0.0,0.0,0.669172932330827,0.0,0.0,1.0,6.0
D4.2__Fig 2__SQUID_data__IVI_BS30_A1S1_I_contrl_+-0.15mA_285mK_191103__IVB__T_1p40K[-0.000079500],1,1,1.9073211081373942,0.0,0.0,0.6691729323308271,0.0,0.0,1.0,6.0
D4.2__Fig 2__SQUID_data__IVI_BS30_A1S1_I_contrl_+-0.15mA_285mK_191103__IVB__T_1p40K[-0.000079875],1,1,1.8834037175882783,0.0,0.0,0.6716791979949874,0.0,0.0,1.0,6.0
D4.2__Fig 2__SQUID_data__IVI_BS30_A1S1_I_contrl_+-0.15mA_285mK_191103__IVB__T_1p40K[-0.000080250],1,1,1.8942820371730922,0.0,0.0,0.6716791979949874,0.0,0.0,1.0,6.0
D4.2__Fig 2__SQUID_data__IVI_BS30_A1S1_I_contrl_+-0.15mA_285mK_191103__IVB__T_1p40K[-0.000080625],1,1,1.9007297739597826,0.0,0.0,0.6716791979949875,0.0,0.0,1.0,6.0
D4.2__Fig 2__SQUID_data__IVI_BS30_A1S1_I_contrl_+-0.15mA_285mK_191103__IVB__T_1p40K[-0.000081000],1,1,1.9095255556069763,0.0,0.0,0.6691729323308272,0.0,0.0,1.0,6.0
D4.2__Fig 2__SQUID_data__IVI_BS30_A1S1_I_contrl_+-0.15mA_285mK_191103__IVB__T_1p40K[-0.000081375],1,1,1.9351861796049032,0.0,0.0,0.6741854636591479,0.0,0.0,1.0,6.0
D4.2__Fig 2__SQUID_data__IVI_BS30_A1S1_I_contrl_+-0.15mA_285mK_191103__IVB__T_1p40K[-0.000081750],1,1,1.8926264877165855,0.0,0.0,0.6716791979949874,0.0,0.0,1.0,6.0
D4.2__Fig 2__SQUID_data__IVI_BS30_A1S1_I_contrl_+-0.15mA_285mK_191103__IVB__T_1p40K[-0.000082125],1,1,1.8865947515617887,0.0,0.0,0.6741854636591479,0.0,0.0,1.0,6.0
D4.2__Fig 2__SQUID_data__IVI_BS30_A1S1_I_contrl_+-0.15mA_285mK_191103__IVB__T_1p40K[-0.000082500],1,1,1.8943973651793273,0.0,0.0,0.6716791979949874,0.0,0.0,1.0,6.0
D4.2__Fig 2__SQUID_data__IVI_BS30_A1S1_I_contrl_+-0.15mA_285mK_191103__IVB__T_1p40K[-0.000082875],1,1,1.9295780555849418,0.0,0.0,0.6716791979949874,0.0,0.0,1.0,6.0
D4.2__Fig 2__SQUID_data__IVI_BS30_A1S1_I_contrl_+-0.15mA_285mK_191103__IVB__T_1p40K[-0.000083250],1,1,1.8926805487674274,0.0,0.0,0.6716791979949874,0.0,0.0,1.0,6.0
D4.2__Fig 2__SQUID_data__IVI_BS30_A1S1_I_contrl_+-0.15mA_285mK_191103__IVB__T_1p40K[-0.000083625],1,1,1.8760779352476993,0.0,0.0,0.6741854636591478,0.0,0.0,1.0,6.0
D4.2__Fig 2__SQUID_data__IVI_BS30_A1S1_I_contrl_+-0.15mA_285mK_191103__IVB__T_1p40K[-0.000084000],1,1,1.8766246425627116,0.0,0.0,0.6716791979949874,0.0,0.0,1.0,6.0
D4.2__Fig 2__SQUID_data__IVI_BS30_A1S1_I_contrl_+-0.15mA_285mK_191103__IVB__T_1p40K[-0.000084375],1,1,1.8750111505575744,0.0,0.0,0.6741854636591479,0.0,0.0,1.0,6.0
D4.2__Fig 2__SQUID_data__IVI_BS30_A1S1_I_contrl_+-0.15mA_285mK_191103__IVB__T_1p40K[-0.000084750],1,1,1.8704055466352574,0.0,0.0,0.6716791979949875,0.0,0.0,1.0,6.0
D4.2__Fig 2__SQUID_data__IVI_BS30_A1S1_I_contrl_+-0.15mA_285mK_191103__IVB__T_1p40K[-0.000085125],1,1,1.8760896046332256,0.0,0.0,0.6691729323308272,0.0,0.0,1.0,6.0
D4.2__Fig 2__SQUID_data__IVI_BS30_A1S1_I_contrl_+-0.15mA_285mK_191103__IVB__T_1p40K[-0.000085500],1,1,1.9163806727278527,0.0,0.0,0.6716791979949874,0.0,0.0,1.0,6.0
D4.2__Fig 2__SQUID_data__IVI_BS30_A1S1_I_contrl_+-0.15mA_285mK_191103__IVB__T_1p40K[-0.000085875],1,1,1.8911361593042753,0.0,0.0,0.6741854636591479,0.0,0.0,1.0,6.0
D4.2__Fig 2__SQUID_data__IVI_BS30_A1S1_I_contrl_+-0.15mA_285mK_191103__IVB__T_1p40K[-0.000086250],1,1,1.8707822450056333,0.0,0.0,0.6741854636591479,0.0,0.0,1.0,6.0
D4.2__Fig 2__SQUID_data__IVI_BS30_A1S1_I_contrl_+-0.15mA_285mK_191103__IVB__T_1p40K[-0.000086625],1,1,1.8878217981043244,0.0,0.0,0.6716791979949874,0.0,0.0,1.0,6.0
D4.2__Fig 2__SQUID_data__IVI_BS30_A1S1_I_contrl_+-0.15mA_285mK_191103__IVB__T_1p40K[-0.000087000],1,1,1.8767796728355741,0.0,0.0,0.6741854636591478,0.0,0.0,1.0,6.0
D4.2__Fig 2__SQUID_data__IVI_BS30_A1S1_I_contrl_+-0.15mA_285mK_191103__IVB__T_1p40K[-0.000087375],1,1,2.622086352754759,0.0,0.0,0.9949874686716792,0.0,0.0,1.0,6.0
D4.2__Fig 2__SQUID_data__IVI_BS30_A1S1_I_contrl_+-0.15mA_285mK_191103__IVB__T_1p40K[-0.000087750],1,1,1.8295352959201598,0.0,0.0,0.6766917293233083,0.0,0.0,1.0,6.0
D4.2__Fig 2__SQUID_data__IVI_BS30_A1S1_I_contrl_+-0.15mA_285mK_191103__IVB__T_1p40K[-0.000088125],1,1,1.8320933134967587,0.0,0.0,0.681704260651629,0.0,0.0,1.0,6.0
D4.2__Fig 2__SQUID_data__IVI_BS30_A1S1_I_contrl_+-0.15mA_285mK_191103__IVB__T_1p40K[-0.000088500],1,1,1.7996649872562354,0.0,0.0,0.6791979949874687,0.0,0.0,1.0,6.0
D4.2__Fig 2__SQUID_data__IVI_BS30_A1S1_I_contrl_+-0.15mA_285mK_191103__IVB__T_1p40K[-0.000088875],1,1,1.786546300570296,0.0,0.0,0.6791979949874687,0.0,0.0,1.0,6.0
D4.2__Fig 2__SQUID_data__IVI_BS30_A1S1_I_contrl_+-0.15mA_285mK_191103__IVB__T_1p40K[-0.000089250],1,1,2.5398570262685416,0.0,0.0,0.9949874686716792,0.0,0.0,1.0,6.0
D4.2__Fig 2__SQUID_data__IVI_BS30_A1S1_I_contrl_+-0.15mA_285mK_191103__IVB__T_1p40K[-0.000089625],1,1,1.7874515094065067,0.0,0.0,0.6791979949874687,0.0,0.0,1.0,6.0
D4.2__Fig 2__SQUID_data__IVI_BS30_A1S1_I_contrl_+-0.15mA_285mK_191103__IVB__T_1p40K[-0.000090000],1,1,1.8029672447339606,0.0,0.0,0.6791979949874687,0.0,0.0,1.0,6.0
D4.2__Fig 2__SQUID_data__IVI_BS30_A1S1_I_contrl_+-0.15mA_285mK_191103__IVB__T_1p40K[-0.000090375],1,1,1.820005084235544,0.0,0.0,0.6766917293233081,0.0,0.0,1.0,6.0
D4.2__Fig 2__SQUID_data__IVI_BS30_A1S1_I_contrl_+-0.15mA_285mK_191103__IVB__T_1p40K[-0.000090750],1,1,1.823881864972212,0.0,0.0,0.681704260651629,0.0,0.0,1.0,6.0
D4.2__Fig 2__SQUID_data__IVI_BS30_A1S1_I_contrl_+-0.15mA_285mK_191103__IVB__T_1p40K[-0.000091125],1,1,1.788731455792624,0.0,0.0,0.6817042606516291,0.0,0.0,1.0,6.0
D4.2__Fig 2__SQUID_data__IVI_BS30_A1S1_I_contrl_+-0.15mA_285mK_191103__IVB__T_1p40K[-0.000091500],1,1,1.8152661159438426,0.0,0.0,0.6791979949874686,0.0,0.0,1.0,6.0
D4.2__Fig 2__SQUID_data__IVI_BS30_A1S1_I_contrl_+-0.15mA_285mK_191103__IVB__T_1p40K[-0.000091875],1,1,1.844074491356028,0.0,0.0,0.6766917293233083,0.0,0.0,1.0,6.0
D4.2__Fig 2__SQUID_data__IVI_BS30_A1S1_I_contrl_+-0.15mA_285mK_191103__IVB__T_1p40K[-0.000092250],1,1,1.8309991840237252,0.0,0.0,0.6791979949874687,0.0,0.0,1.0,6.0
D4.2__Fig 2__SQUID_data__IVI_BS30_A1S1_I_contrl_+-0.15mA_285mK_191103__IVB__T_1p40K[-0.000092625],1,1,1.8326924791045174,0.0,0.0,0.6817042606516289,0.0,0.0,1.0,6.0
D4.2__Fig 2__SQUID_data__IVI_BS30_A1S1_I_contrl_+-0.15mA_285mK_191103__IVB__T_1p40K[-0.000093000],1,1,2.6273553194509733,0.0,0.0,0.9949874686716792,0.0,0.0,1.0,6.0
D4.2__Fig 2__SQUID_data__IVI_BS30_A1S1_I_contrl_+-0.15mA_285mK_191103__IVB__T_1p40K[-0.000093375],1,1,2.6211674762228756,0.0,0.0,0.9949874686716792,0.0,0.0,1.0,6.0
D4.2__Fig 2__SQUID_data__IVI_BS30_A1S1_I_contrl_+-0.15mA_285mK_191103__IVB__T_1p40K[-0.000093750],1,1,1.8619627454563377,0.0,0.0,0.6741854636591479,0.0,0.0,1.0,6.0
D4.2__Fig 2__SQUID_data__IVI_BS30_A1S1_I_contrl_+-0.15mA_285mK_191103__IVB__T_1p40K[-0.000094125],1,1,1.8579706150224684,0.0,0.0,0.674185463659148,0.0,0.0,1.0,6.0
D4.2__Fig 2__SQUID_data__IVI_BS30_A1S1_I_contrl_+-0.15mA_285mK_191103__IVB__T_1p40K[-0.000094500],1,1,2.5950803850618307,0.0,0.0,0.9949874686716793,0.0,0.0,1.0,6.0
D4.2__Fig 2__SQUID_data__IVI_BS30_A1S1_I_contrl_+-0.15mA_285mK_191103__IVB__T_1p40K[-0.000094875],1,1,1.8535043747642435,0.0,0.0,0.6691729323308271,0.0,0.0,1.0,6.0
D4.2__Fig 2__SQUID_data__IVI_BS30_A1S1_I_contrl_+-0.15mA_285mK_191103__IVB__T_1p40K[-0.000095250],1,1,1.8638299083106407,0.0,0.0,0.6716791979949875,0.0,0.0,1.0,6.0
D4.2__Fig 2__SQUID_data__IVI_BS30_A1S1_I_contrl_+-0.15mA_285mK_191103__IVB__T_1p40K[-0.000095625],1,1,1.8251613949563776,0.0,0.0,0.6766917293233082,0.0,0.0,1.0,6.0
D4.2__Fig 2__SQUID_data__IVI_BS30_A1S1_I_contrl_+-0.15mA_285mK_191103__IVB__T_1p40K[-0.000096000],1,1,1.8149691375351946,0.0,0.0,0.6766917293233082,0.0,0.0,1.0,6.0
D4.2__Fig 2__SQUID_data__IVI_BS30_A1S1_I_contrl_+-0.15mA_285mK_191103__IVB__T_1p40K[-0.000096375],1,1,1.844423038263191,0.0,0.0,0.681704260651629,0.0,0.0,1.0,6.0
D4.2__Fig 2__SQUID_data__IVI_BS30_A1S1_I_contrl_+-0.15mA_285mK_191103__IVB__T_1p40K[-0.000096750],1,1,1.8515313744609123,0.0,0.0,0.6791979949874686,0.0,0.0,1.0,6.0
D4.2__Fig 2__SQUID_data__IVI_BS30_A1S1_I_contrl_+-0.15mA_285mK_191103__IVB__T_1p40K[-0.000097125],1,1,1.8332633763930215,0.0,0.0,0.6791979949874687,0.0,0.0,1.0,6.0
D4.2__Fig 2__SQUID_data__IVI_BS30_A1S1_I_contrl_+-0.15mA_285mK_191103__IVB__T_1p40K[-0.000097500],1,1,1.832800197245668,0.0,0.0,0.6791979949874688,0.0,0.0,1.0,6.0
D4.2__Fig 2__SQUID_data__IVI_BS30_A1S1_I_contrl_+-0.15mA_285mK_191103__IVB__T_1p40K[-0.000097875],1,1,1.8598491728866045,0.0,0.0,0.6766917293233082,0.0,0.0,1.0,6.0
D4.2__Fig 2__SQUID_data__IVI_BS30_A1S1_I_contrl_+-0.15mA_285mK_191103__IVB__T_1p40K[-0.000098250],1,1,1.839381021461628,0.0,0.0,0.6791979949874687,0.0,0.0,1.0,6.0
D4.2__Fig 2__SQUID_data__IVI_BS30_A1S1_I_contrl_+-0.15mA_285mK_191103__IVB__T_1p40K[-0.000098625],1,1,1.7930098707551534,0.0,0.0,0.681704260651629,0.0,0.0,1.0,6.0
D4.2__Fig 2__SQUID_data__IVI_BS30_A1S1_I_contrl_+-0.15mA_285mK_191103__IVB__T_1p40K[-0.000099000],1,1,1.8010094092236941,0.0,0.0,0.6791979949874687,0.0,0.0,1.0,6.0
D4.2__Fig 2__SQUID_data__IVI_BS30_A1S1_I_contrl_+-0.15mA_285mK_191103__IVB__T_1p40K[-0.000099375],1,1,1.8263751662535825,0.0,0.0,0.681704260651629,0.0,0.0,1.0,6.0
D4.2__Fig 2__SQUID_data__IVI_BS30_A1S1_I_contrl_+-0.15mA_285mK_191103__IVB__T_1p40K[-0.000099750],1,1,1.811864345744221,0.0,0.0,0.681704260651629,0.0,0.0,1.0,6.0
D4.2__Fig 2__SQUID_data__IVI_BS30_A1S1_I_contrl_+-0.15mA_285mK_191103__IVB__T_1p40K[-0.000100125],1,1,1.8003038556969775,0.0,0.0,0.6817042606516291,0.0,0.0,1.0,6.0
D4.2__Fig 2__SQUID_data__IVI_BS30_A1S1_I_contrl_+-0.15mA_285mK_191103__IVB__T_1p40K[-0.000100500],1,1,1.8206681100235549,0.0,0.0,0.681704260651629,0.0,0.0,1.0,6.0
D4.2__Fig 2__SQUID_data__IVI_BS30_A1S1_I_contrl_+-0.15mA_285mK_191103__IVB__T_1p40K[-0.000100875],1,1,1.828175604607632,0.0,0.0,0.6842105263157894,0.0,0.0,1.0,6.0
D4.2__Fig 2__SQUID_data__IVI_BS30_A1S1_I_contrl_+-0.15mA_285mK_191103__IVB__T_1p40K[-0.000101250],1,1,1.838211067840118,0.0,0.0,0.6791979949874686,0.0,0.0,1.0,6.0
D4.2__Fig 2__SQUID_data__IVI_BS30_A1S1_I_contrl_+-0.15mA_285mK_191103__IVB__T_1p40K[-0.000101625],1,1,1.8339553170953775,0.0,0.0,0.6791979949874687,0.0,0.0,1.0,6.0
D4.2__Fig 2__SQUID_data__IVI_BS30_A1S1_I_contrl_+-0.15mA_285mK_191103__IVB__T_1p40K[-0.000102000],1,1,1.8228323774341209,0.0,0.0,0.6766917293233083,0.0,0.0,1.0,6.0
D4.2__Fig 2__SQUID_data__IVI_BS30_A1S1_I_contrl_+-0.15mA_285mK_191103__IVB__T_1p40K[-0.000102375],1,1,1.8249673297910407,0.0,0.0,0.6766917293233082,0.0,0.0,1.0,6.0
D4.2__Fig 2__SQUID_data__IVI_BS30_A1S1_I_contrl_+-0.15mA_285mK_191103__IVB__T_1p40K[-0.000102750],1,1,1.7941316247301982,0.0,0.0,0.681704260651629,0.0,0.0,1.0,6.0
D4.2__Fig 2__SQUID_data__IVI_BS30_A1S1_I_contrl_+-0.15mA_285mK_191103__IVB__T_1p40K[-0.000103125],1,1,1.8012382663088111,0.0,0.0,0.68671679197995,0.0,0.0,1.0,6.0
D4.2__Fig 2__SQUID_data__IVI_BS30_A1S1_I_contrl_+-0.15mA_285mK_191103__IVB__T_1p40K[-0.000103500],1,1,1.7898926913809956,0.0,0.0,0.6842105263157894,0.0,0.0,1.0,6.0
D4.2__Fig 2__SQUID_data__IVI_BS30_A1S1_I_contrl_+-0.15mA_285mK_191103__IVB__T_1p40K[-0.000103875],1,1,1.770365587320831,0.0,0.0,0.6917293233082706,0.0,0.0,1.0,6.0
D4.2__Fig 2__SQUID_data__IVI_BS30_A1S1_I_contrl_+-0.15mA_285mK_191103__IVB__T_1p40K[-0.000104250],1,1,1.757213712401023,0.0,0.0,0.68671679197995,0.0,0.0,1.0,6.0
D4.2__Fig 2__SQUID_data__IVI_BS30_A1S1_I_contrl_+-0.15mA_285mK_191103__IVB__T_1p40K[-0.000104625],1,1,1.787358770847297,0.0,0.0,0.681704260651629,0.0,0.0,1.0,6.0
D4.2__Fig 2__SQUID_data__IVI_BS30_A1S1_I_contrl_+-0.15mA_285mK_191103__IVB__T_1p40K[-0.000105000],1,1,1.8032814068974792,0.0,0.0,0.6817042606516291,0.0,0.0,1.0,6.0
D4.2__Fig 2__SQUID_data__IVI_BS30_A1S1_I_contrl_+-0.15mA_285mK_191103__IVB__T_1p40K[-0.000105375],1,1,1.7955323900463331,0.0,0.0,0.681704260651629,0.0,0.0,1.0,6.0
D4.2__Fig 2__SQUID_data__IVI_BS30_A1S1_I_contrl_+-0.15mA_285mK_191103__IVB__T_1p40K[-0.000105750],1,1,1.8029288545100368,0.0,0.0,0.6842105263157895,0.0,0.0,1.0,6.0
D4.2__Fig 2__SQUID_data__IVI_BS30_A1S1_I_contrl_+-0.15mA_285mK_191103__IVB__T_1p40K[-0.000106125],1,1,1.8130049609531123,0.0,0.0,0.6791979949874687,0.0,0.0,1.0,6.0
D4.2__Fig 2__SQUID_data__IVI_BS30_A1S1_I_contrl_+-0.15mA_285mK_191103__IVB__T_1p40K[-0.000106500],1,1,1.8195750618254174,0.0,0.0,0.6842105263157895,0.0,0.0,1.0,6.0
D4.2__Fig 2__SQUID_data__IVI_BS30_A1S1_I_contrl_+-0.15mA_285mK_191103__IVB__T_1p40K[-0.000106875],1,1,1.815151242555828,0.0,0.0,0.6817042606516291,0.0,0.0,1.0,6.0
D4.2__Fig 2__SQUID_data__IVI_BS30_A1S1_I_contrl_+-0.15mA_285mK_191103__IVB__T_1p40K[-0.000107250],1,1,1.7966654579718142,0.0,0.0,0.681704260651629,0.0,0.0,1.0,6.0
D4.2__Fig 2__SQUID_data__IVI_BS30_A1S1_I_contrl_+-0.15mA_285mK_191103__IVB__T_1p40K[-0.000107625],1,1,1.793672218488078,0.0,0.0,0.681704260651629,0.0,0.0,1.0,6.0
D4.2__Fig 2__SQUID_data__IVI_BS30_A1S1_I_contrl_+-0.15mA_285mK_191103__IVB__T_1p40K[-0.000108000],1,1,2.5427924057826017,0.0,0.0,0.9949874686716791,0.0,0.0,1.0,6.0
D4.2__Fig 2__SQUID_data__IVI_BS30_A1S1_I_contrl_+-0.15mA_285mK_191103__IVB__T_1p40K[-0.000108375],1,1,1.8366434360959418,0.0,0.0,0.681704260651629,0.0,0.0,1.0,6.0
D4.2__Fig 2__SQUID_data__IVI_BS30_A1S1_I_contrl_+-0.15mA_285mK_191103__IVB__T_1p40K[-0.000108750],1,1,2.5503536175409027,0.0,0.0,0.9949874686716792,0.0,0.0,1.0,6.0
D4.2__Fig 2__SQUID_data__IVI_BS30_A1S1_I_contrl_+-0.15mA_285mK_191103__IVB__T_1p40K[-0.000109125],1,1,1.8033694665653572,0.0,0.0,0.6842105263157896,0.0,0.0,1.0,6.0
D4.2__Fig 2__SQUID_data__IVI_BS30_A1S1_I_contrl_+-0.15mA_285mK_191103__IVB__T_1p40K[-0.000109500],1,1,1.8181672254962298,0.0,0.0,0.6817042606516291,0.0,0.0,1.0,6.0
D4.2__Fig 2__SQUID_data__IVI_BS30_A1S1_I_contrl_+-0.15mA_285mK_191103__IVB__T_1p40K[-0.000109875],1,1,1.7955525370994607,0.0,0.0,0.68671679197995,0.0,0.0,1.0,6.0
D4.2__Fig 2__SQUID_data__IVI_BS30_A1S1_I_contrl_+-0.15mA_285mK_191103__IVB__T_1p40K[-0.000110250],1,1,2.5033847131035434,0.0,0.0,0.9949874686716792,0.0,0.0,1.0,6.0
D4.2__Fig 2__SQUID_data__IVI_BS30_A1S1_I_contrl_+-0.15mA_285mK_191103__IVB__T_1p40K[-0.000110625],1,1,1.7967885010186153,0.0,0.0,0.6817042606516291,0.0,0.0,1.0,6.0
D4.2__Fig 2__SQUID_data__IVI_BS30_A1S1_I_contrl_+-0.15mA_285mK_191103__IVB__T_1p40K[-0.000111000],1,1,1.8016156578250957,0.0,0.0,0.6842105263157894,0.0,0.0,1.0,6.0
D4.2__Fig 2__SQUID_data__IVI_BS30_A1S1_I_contrl_+-0.15mA_285mK_191103__IVB__T_1p40K[-0.000111375],1,1,1.7873074992862186,0.0,0.0,0.6867167919799498,0.0,0.0,1.0,6.0
D4.2__Fig 2__SQUID_data__IVI_BS30_A1S1_I_contrl_+-0.15mA_285mK_191103__IVB__T_1p40K[-0.000111750],1,1,1.767328830803634,0.0,0.0,0.6917293233082706,0.0,0.0,1.0,6.0
D4.2__Fig 2__SQUID_data__IVI_BS30_A1S1_I_contrl_+-0.15mA_285mK_191103__IVB__T_1p40K[-0.000112125],1,1,1.777120675639775,0.0,0.0,0.6892230576441103,0.0,0.0,1.0,6.0
D4.2__Fig 2__SQUID_data__IVI_BS30_A1S1_I_contrl_+-0.15mA_285mK_191103__IVB__T_1p40K[-0.000112500],1,1,1.7905519700732304,0.0,0.0,0.6842105263157895,0.0,0.0,1.0,6.0
D4.2__Fig 2__SQUID_data__IVI_BS30_A1S1_I_contrl_+-0.15mA_285mK_191103__IVB__T_1p40K[-0.000112875],1,1,1.8206930319523311,0.0,0.0,0.68671679197995,0.0,0.0,1.0,6.0
D4.2__Fig 2__SQUID_data__IVI_BS30_A1S1_I_contrl_+-0.15mA_285mK_191103__IVB__T_1p40K[-0.000113250],1,1,1.78808990614996,0.0,0.0,0.6867167919799498,0.0,0.0,1.0,6.0
D4.2__Fig 2__SQUID_data__IVI_BS30_A1S1_I_contrl_+-0.15mA_285mK_191103__IVB__T_1p40K[-0.000113625],1,1,1.749499732253594,0.0,0.0,0.6892230576441103,0.0,0.0,1.0,6.0
D4.2__Fig 2__SQUID_data__IVI_BS30_A1S1_I_contrl_+-0.15mA_285mK_191103__IVB__T_1p40K[-0.000114000],1,1,1.725723476747671,0.0,0.0,0.6917293233082706,0.0,0.0,1.0,6.0
D4.2__Fig 2__SQUID_data__IVI_BS30_A1S1_I_contrl_+-0.15mA_285mK_191103__IVB__T_1p40K[-0.000114375],1,1,1.7299715703346548,0.0,0.0,0.6942355889724311,0.0,0.0,1.0,6.0
D4.2__Fig 2__SQUID_data__IVI_BS30_A1S1_I_contrl_+-0.15mA_285mK_191103__IVB__T_1p40K[-0.000114750],1,1,1.7102384462502858,0.0,0.0,0.694235588972431,0.0,0.0,1.0,6.0
D4.2__Fig 2__SQUID_data__IVI_BS30_A1S1_I_contrl_+-0.15mA_285mK_191103__IVB__T_1p40K[-0.000115125],1,1,1.7396246464546277,0.0,0.0,0.6892230576441103,0.0,0.0,1.0,6.0
D4.2__Fig 2__SQUID_data__IVI_BS30_A1S1_I_contrl_+-0.15mA_285mK_191103__IVB__T_1p40K[-0.000115500],1,1,1.7567817978229252,0.0,0.0,0.6892230576441103,0.0,0.0,1.0,6.0
D4.2__Fig 2__SQUID_data__IVI_BS30_A1S1_I_contrl_+-0.15mA_285mK_191103__IVB__T_1p40K[-0.000115875],1,1,1.7690411988592338,0.0,0.0,0.6917293233082707,0.0,0.0,1.0,6.0
D4.2__Fig 2__SQUID_data__IVI_BS30_A1S1_I_contrl_+-0.15mA_285mK_191103__IVB__T_1p40K[-0.000116250],1,1,2.429667679392984,0.0,0.0,0.9949874686716792,0.0,0.0,1.0,6.0
D4.2__Fig 2__SQUID_data__IVI_BS30_A1S1_I_contrl_+-0.15mA_285mK_191103__IVB__T_1p40K[-0.000116625],1,1,1.745775958437858,0.0,0.0,0.6892230576441103,0.0,0.0,1.0,6.0
D4.2__Fig 2__SQUID_data__IVI_BS30_A1S1_I_contrl_+-0.15mA_285mK_191103__IVB__T_1p40K[-0.000117000],1,1,1.7809966848836152,0.0,0.0,0.6867167919799498,0.0,0.0,1.0,6.0
D4.2__Fig 2__SQUID_data__IVI_BS30_A1S1_I_contrl_+-0.15mA_285mK_191103__IVB__T_1p40K[-0.000117375],1,1,1.8018828246534306,0.0,0.0,0.6892230576441103,0.0,0.0,1.0,6.0
D4.2__Fig 2__SQUID_data__IVI_BS30_A1S1_I_contrl_+-0.15mA_285mK_191103__IVB__T_1p40K[-0.000117750],1,1,1.8020787206252653,0.0,0.0,0.68671679197995,0.0,0.0,1.0,6.0
D4.2__Fig 2__SQUID_data__IVI_BS30_A1S1_I_contrl_+-0.15mA_285mK_191103__IVB__T_1p40K[-0.000118125],1,1,1.7899234938881772,0.0,0.0,0.6867167919799498,0.0,0.0,1.0,6.0
D4.2__Fig 2__SQUID_data__IVI_BS30_A1S1_I_contrl_+-0.15mA_285mK_191103__IVB__T_1p40K[-0.000118500],1,1,1.7958715408887045,0.0,0.0,0.68671679197995,0.0,0.0,1.0,6.0
D4.2__Fig 2__SQUID_data__IVI_BS30_A1S1_I_contrl_+-0.15mA_285mK_191103__IVB__T_1p40K[-0.000118875],1,1,1.8044656305317825,0.0,0.0,0.6917293233082706,0.0,0.0,1.0,6.0
D4.2__Fig 2__SQUID_data__IVI_BS30_A1S1_I_contrl_+-0.15mA_285mK_191103__IVB__T_1p40K[-0.000119250],1,1,1.7635149142743831,0.0,0.0,0.6917293233082706,0.0,0.0,1.0,6.0
D4.2__Fig 2__SQUID_data__IVI_BS30_A1S1_I_contrl_+-0.15mA_285mK_191103__IVB__T_1p40K[-0.000119625],1,1,1.720483646602986,0.0,0.0,0.6917293233082707,0.0,0.0,1.0,6.0
D4.2__Fig 2__SQUID_data__IVI_BS30_A1S1_I_contrl_+-0.15mA_285mK_191103__IVB__T_1p40K[-0.000120000],1,1,1.7251102235613118,0.0,0.0,0.6942355889724311,0.0,0.0,1.0,6.0
D4.2__Fig 2__SQUID_data__IVI_BS30_A1S1_I_contrl_+-0.15mA_285mK_191103__IVB__T_1p40K[-0.000120375],1,1,1.7319919430979325,0.0,0.0,0.6967418546365914,0.0,0.0,1.0,6.0
D4.2__Fig 2__SQUID_data__IVI_BS30_A1S1_I_contrl_+-0.15mA_285mK_191103__IVB__T_1p40K[-0.000120750],1,1,1.7328291579556983,0.0,0.0,0.6942355889724311,0.0,0.0,1.0,6.0
D4.2__Fig 2__SQUID_data__IVI_BS30_A1S1_I_contrl_+-0.15mA_285mK_191103__IVB__T_1p40K[-0.000121125],1,1,1.7474323017139872,0.0,0.0,0.6942355889724311,0.0,0.0,1.0,6.0
D4.2__Fig 2__SQUID_data__IVI_BS30_A1S1_I_contrl_+-0.15mA_285mK_191103__IVB__T_1p40K[-0.000121500],1,1,1.7588954516456836,0.0,0.0,0.6967418546365916,0.0,0.0,1.0,6.0
D4.2__Fig 2__SQUID_data__IVI_BS30_A1S1_I_contrl_+-0.15mA_285mK_191103__IVB__T_1p40K[-0.000121875],1,1,1.7372031224463396,0.0,0.0,0.6942355889724311,0.0,0.0,1.0,6.0
D4.2__Fig 2__SQUID_data__IVI_BS30_A1S1_I_contrl_+-0.15mA_285mK_191103__IVB__T_1p40K[-0.000122250],1,1,1.7471124569264709,0.0,0.0,0.6992481203007519,0.0,0.0,1.0,6.0
D4.2__Fig 2__SQUID_data__IVI_BS30_A1S1_I_contrl_+-0.15mA_285mK_191103__IVB__T_1p40K[-0.000122625],1,1,1.727176012772005,0.0,0.0,0.6967418546365916,0.0,0.0,1.0,6.0
D4.2__Fig 2__SQUID_data__IVI_BS30_A1S1_I_contrl_+-0.15mA_285mK_191103__IVB__T_1p40K[-0.000123000],1,1,1.7134274643676803,0.0,0.0,0.6967418546365916,0.0,0.0,1.0,6.0
D4.2__Fig 2__SQUID_data__IVI_BS30_A1S1_I_contrl_+-0.15mA_285mK_191103__IVB__T_1p40K[-0.000123375],1,1,1.7213777339240552,0.0,0.0,0.6992481203007519,0.0,0.0,1.0,6.0
D4.2__Fig 2__SQUID_data__IVI_BS30_A1S1_I_contrl_+-0.15mA_285mK_191103__IVB__T_1p40K[-0.000123750],1,1,1.7460679306376765,0.0,0.0,0.6967418546365916,0.0,0.0,1.0,6.0
D4.2__Fig 2__SQUID_data__IVI_BS30_A1S1_I_contrl_+-0.15mA_285mK_191103__IVB__T_1p40K[-0.000124125],1,1,1.7403938430659878,0.0,0.0,0.6967418546365914,0.0,0.0,1.0,6.0
D4.2__Fig 2__SQUID_data__IVI_BS30_A1S1_I_contrl_+-0.15mA_285mK_191103__IVB__T_1p40K[-0.000124500],1,1,1.7479939552503299,0.0,0.0,0.6967418546365914,0.0,0.0,1.0,6.0
D4.2__Fig 2__SQUID_data__IVI_BS30_A1S1_I_contrl_+-0.15mA_285mK_191103__IVB__T_1p40K[-0.000124875],1,1,1.7239010925348692,0.0,0.0,0.6967418546365916,0.0,0.0,1.0,6.0
D4.2__Fig 2__SQUID_data__IVI_BS30_A1S1_I_contrl_+-0.15mA_285mK_191103__IVB__T_1p40K[-0.000125250],1,1,1.720178636646626,0.0,0.0,0.6992481203007519,0.0,0.0,1.0,6.0
D4.2__Fig 2__SQUID_data__IVI_BS30_A1S1_I_contrl_+-0.15mA_285mK_191103__IVB__T_1p40K[-0.000125625],1,1,1.742041530894378,0.0,0.0,0.6967418546365914,0.0,0.0,1.0,6.0
D4.2__Fig 2__SQUID_data__IVI_BS30_A1S1_I_contrl_+-0.15mA_285mK_191103__IVB__T_1p40K[-0.000126000],1,1,1.7387956674666094,0.0,0.0,0.6992481203007519,0.0,0.0,1.0,6.0
D4.2__Fig 2__SQUID_data__IVI_BS30_A1S1_I_contrl_+-0.15mA_285mK_191103__IVB__T_1p40K[-0.000126375],1,1,1.7068290146996812,0.0,0.0,0.6992481203007518,0.0,0.0,1.0,6.0
D4.2__Fig 2__SQUID_data__IVI_BS30_A1S1_I_contrl_+-0.15mA_285mK_191103__IVB__T_1p40K[-0.000126750],1,1,1.702639850027883,0.0,0.0,0.7017543859649124,0.0,0.0,1.0,6.0
D4.2__Fig 2__SQUID_data__IVI_BS30_A1S1_I_contrl_+-0.15mA_285mK_191103__IVB__T_1p40K[-0.000127125],1,1,2.3342804843208915,0.0,0.0,0.9949874686716792,0.0,0.0,1.0,6.0
D4.2__Fig 2__SQUID_data__IVI_BS30_A1S1_I_contrl_+-0.15mA_285mK_191103__IVB__T_1p40K[-0.000127500],1,1,2.324825454337663,0.0,0.0,0.9949874686716792,0.0,0.0,1.0,6.0
D4.2__Fig 2__SQUID_data__IVI_BS30_A1S1_I_contrl_+-0.15mA_285mK_191103__IVB__T_1p40K[-0.000127875],1,1,1.7226892133601321,0.0,0.0,0.7042606516290727,0.0,0.0,1.0,6.0
D4.2__Fig 2__SQUID_data__IVI_BS30_A1S1_I_contrl_+-0.15mA_285mK_191103__IVB__T_1p40K[-0.000128250],1,1,1.7178450951419304,0.0,0.0,0.7017543859649122,0.0,0.0,1.0,6.0
D4.2__Fig 2__SQUID_data__IVI_BS30_A1S1_I_contrl_+-0.15mA_285mK_191103__IVB__T_1p40K[-0.000128625],1,1,1.7313418607171087,0.0,0.0,0.699248120300752,0.0,0.0,1.0,6.0
D4.2__Fig 2__SQUID_data__IVI_BS30_A1S1_I_contrl_+-0.15mA_285mK_191103__IVB__T_1p40K[-0.000129000],1,1,1.7360550743727912,0.0,0.0,0.7042606516290727,0.0,0.0,1.0,6.0
D4.2__Fig 2__SQUID_data__IVI_BS30_A1S1_I_contrl_+-0.15mA_285mK_191103__IVB__T_1p40K[-0.000129375],1,1,1.7071621344136247,0.0,0.0,0.7017543859649122,0.0,0.0,1.0,6.0
D4.2__Fig 2__SQUID_data__IVI_BS30_A1S1_I_contrl_+-0.15mA_285mK_191103__IVB__T_1p40K[-0.000129750],1,1,2.321476206105986,0.0,0.0,0.9949874686716792,0.0,0.0,1.0,6.0
D4.2__Fig 2__SQUID_data__IVI_BS30_A1S1_I_contrl_+-0.15mA_285mK_191103__IVB__T_1p40K[-0.000130125],1,1,1.7138516962843355,0.0,0.0,0.7042606516290727,0.0,0.0,1.0,6.0
D4.2__Fig 2__SQUID_data__IVI_BS30_A1S1_I_contrl_+-0.15mA_285mK_191103__IVB__T_1p40K[-0.000130500],1,1,1.712845788738811,0.0,0.0,0.7017543859649121,0.0,0.0,1.0,6.0
D4.2__Fig 2__SQUID_data__IVI_BS30_A1S1_I_contrl_+-0.15mA_285mK_191103__IVB__T_1p40K[-0.000130875],1,1,1.7180576177053768,0.0,0.0,0.7042606516290727,0.0,0.0,1.0,6.0
D4.2__Fig 2__SQUID_data__IVI_BS30_A1S1_I_contrl_+-0.15mA_285mK_191103__IVB__T_1p40K[-0.000131250],1,1,1.7109706875247224,0.0,0.0,0.7017543859649124,0.0,0.0,1.0,6.0
D4.2__Fig 2__SQUID_data__IVI_BS30_A1S1_I_contrl_+-0.15mA_285mK_191103__IVB__T_1p40K[-0.000131625],1,1,1.7117956502517262,0.0,0.0,0.7042606516290727,0.0,0.0,1.0,6.0
D4.2__Fig 2__SQUID_data__IVI_BS30_A1S1_I_contrl_+-0.15mA_285mK_191103__IVB__T_1p40K[-0.000132000],1,1,1.708300669958236,0.0,0.0,0.7017543859649122,0.0,0.0,1.0,6.0
D4.2__Fig 2__SQUID_data__IVI_BS30_A1S1_I_contrl_+-0.15mA_285mK_191103__IVB__T_1p40K[-0.000132375],1,1,2.334641295779476,0.0,0.0,0.9949874686716793,0.0,0.0,1.0,6.0
D4.2__Fig 2__SQUID_data__IVI_BS30_A1S1_I_contrl_+-0.15mA_285mK_191103__IVB__T_1p40K[-0.000132750],1,1,1.7007522859883142,0.0,0.0,0.7042606516290727,0.0,0.0,1.0,6.0
D4.2__Fig 2__SQUID_data__IVI_BS30_A1S1_I_contrl_+-0.15mA_285mK_191103__IVB__T_1p40K[-0.000133125],1,1,1.692173165105207,0.0,0.0,0.7042606516290727,0.0,0.0,1.0,6.0
D4.2__Fig 2__SQUID_data__IVI_BS30_A1S1_I_contrl_+-0.15mA_285mK_191103__IVB__T_1p40K[-0.000133500],1,1,1.7072415678758432,0.0,0.0,0.7042606516290727,0.0,0.0,1.0,6.0
D4.2__Fig 2__SQUID_data__IVI_BS30_A1S1_I_contrl_+-0.15mA_285mK_191103__IVB__T_1p40K[-0.000133875],1,1,1.6888146133222366,0.0,0.0,0.706766917293233,0.0,0.0,1.0,6.0
D4.2__Fig 2__SQUID_data__IVI_BS30_A1S1_I_contrl_+-0.15mA_285mK_191103__IVB__T_1p40K[-0.000134250],1,1,2.279201763211754,0.0,0.0,0.9949874686716792,0.0,0.0,1.0,6.0
D4.2__Fig 2__SQUID_data__IVI_BS30_A1S1_I_contrl_+-0.15mA_285mK_191103__IVB__T_1p40K[-0.000134625],1,1,1.6932196550045513,0.0,0.0,0.7042606516290727,0.0,0.0,1.0,6.0
D4.2__Fig 2__SQUID_data__IVI_BS30_A1S1_I_contrl_+-0.15mA_285mK_191103__IVB__T_1p40K[-0.000135000],1,1,1.686889061909635,0.0,0.0,0.7067669172932333,0.0,0.0,1.0,6.0
D4.2__Fig 2__SQUID_data__IVI_BS30_A1S1_I_contrl_+-0.15mA_285mK_191103__IVB__T_1p40K[-0.000135375],1,1,1.6676708358760535,0.0,0.0,0.711779448621554,0.0,0.0,1.0,6.0
D4.2__Fig 2__SQUID_data__IVI_BS30_A1S1_I_contrl_+-0.15mA_285mK_191103__IVB__T_1p40K[-0.000135750],1,1,1.676121019439139,0.0,0.0,0.7067669172932332,0.0,0.0,1.0,6.0
D4.2__Fig 2__SQUID_data__IVI_BS30_A1S1_I_contrl_+-0.15mA_285mK_191103__IVB__T_1p40K[-0.000136125],1,1,1.682329428628891,0.0,0.0,0.7042606516290727,0.0,0.0,1.0,6.0
D4.2__Fig 2__SQUID_data__IVI_BS30_A1S1_I_contrl_+-0.15mA_285mK_191103__IVB__T_1p40K[-0.000136500],1,1,1.675295930899443,0.0,0.0,0.7092731829573936,0.0,0.0,1.0,6.0
D4.2__Fig 2__SQUID_data__IVI_BS30_A1S1_I_contrl_+-0.15mA_285mK_191103__IVB__T_1p40K[-0.000136875],1,1,1.661771192540073,0.0,0.0,0.7092731829573934,0.0,0.0,1.0,6.0
D4.2__Fig 2__SQUID_data__IVI_BS30_A1S1_I_contrl_+-0.15mA_285mK_191103__IVB__T_1p40K[-0.000137250],1,1,1.6463910472061498,0.0,0.0,0.7092731829573936,0.0,0.0,1.0,6.0
D4.2__Fig 2__SQUID_data__IVI_BS30_A1S1_I_contrl_+-0.15mA_285mK_191103__IVB__T_1p40K[-0.000137625],1,1,1.6531497488233557,0.0,0.0,0.711779448621554,0.0,0.0,1.0,6.0
D4.2__Fig 2__SQUID_data__IVI_BS30_A1S1_I_contrl_+-0.15mA_285mK_191103__IVB__T_1p40K[-0.000138000],1,1,1.6569710410854865,0.0,0.0,0.7142857142857142,0.0,0.0,1.0,6.0
D4.2__Fig 2__SQUID_data__IVI_BS30_A1S1_I_contrl_+-0.15mA_285mK_191103__IVB__T_1p40K[-0.000138375],1,1,2.2365637250404125,0.0,0.0,0.9949874686716792,0.0,0.0,1.0,6.0
D4.2__Fig 2__SQUID_data__IVI_BS30_A1S1_I_contrl_+-0.15mA_285mK_191103__IVB__T_1p40K[-0.000138750],1,1,1.6620398265335905,0.0,0.0,0.7092731829573935,0.0,0.0,1.0,6.0
D4.2__Fig 2__SQUID_data__IVI_BS30_A1S1_I_contrl_+-0.15mA_285mK_191103__IVB__T_1p40K[-0.000139125],1,1,1.6603176578590384,0.0,0.0,0.7092731829573934,0.0,0.0,1.0,6.0
D4.2__Fig 2__SQUID_data__IVI_BS30_A1S1_I_contrl_+-0.15mA_285mK_191103__IVB__T_1p40K[-0.000139500],1,1,1.662788835307936,0.0,0.0,0.711779448621554,0.0,0.0,1.0,6.0
D4.2__Fig 2__SQUID_data__IVI_BS30_A1S1_I_contrl_+-0.15mA_285mK_191103__IVB__T_1p40K[-0.000139875],1,1,2.3107107241562534,0.0,0.0,0.9949874686716792,0.0,0.0,1.0,6.0
D4.2__Fig 2__SQUID_data__IVI_BS30_A1S1_I_contrl_+-0.15mA_285mK_191103__IVB__T_1p40K[-0.000140250],1,1,1.6813231075193975,0.0,0.0,0.7092731829573935,0.0,0.0,1.0,6.0
D4.2__Fig 2__SQUID_data__IVI_BS30_A1S1_I_contrl_+-0.15mA_285mK_191103__IVB__T_1p40K[-0.000140625],1,1,1.6686279184397577,0.0,0.0,0.7117794486215538,0.0,0.0,1.0,6.0
D4.2__Fig 2__SQUID_data__IVI_BS30_A1S1_I_contrl_+-0.15mA_285mK_191103__IVB__T_1p40K[-0.000141000],1,1,1.6450694399256878,0.0,0.0,0.7117794486215538,0.0,0.0,1.0,6.0
D4.2__Fig 2__SQUID_data__IVI_BS30_A1S1_I_contrl_+-0.15mA_285mK_191103__IVB__T_1p40K[-0.000141375],1,1,1.6441442968605589,0.0,0.0,0.7142857142857144,0.0,0.0,1.0,6.0
D4.2__Fig 2__SQUID_data__IVI_BS30_A1S1_I_contrl_+-0.15mA_285mK_191103__IVB__T_1p40K[-0.000141750],1,1,1.6603711441797366,0.0,0.0,0.7167919799498746,0.0,0.0,1.0,6.0
D4.2__Fig 2__SQUID_data__IVI_BS30_A1S1_I_contrl_+-0.15mA_285mK_191103__IVB__T_1p40K[-0.000142125],1,1,1.6350576346612404,0.0,0.0,0.7117794486215538,0.0,0.0,1.0,6.0
D4.2__Fig 2__SQUID_data__IVI_BS30_A1S1_I_contrl_+-0.15mA_285mK_191103__IVB__T_1p40K[-0.000142500],1,1,1.6505112869437006,0.0,0.0,0.711779448621554,0.0,0.0,1.0,6.0
D4.2__Fig 2__SQUID_data__IVI_BS30_A1S1_I_contrl_+-0.15mA_285mK_191103__IVB__T_1p40K[-0.000142875],1,1,2.2230813459372314,0.0,0.0,0.9949874686716792,0.0,0.0,1.0,6.0
D4.2__Fig 2__SQUID_data__IVI_BS30_A1S1_I_contrl_+-0.15mA_285mK_191103__IVB__T_1p40K[-0.000143250],1,1,2.2524640632241946,0.0,0.0,0.9949874686716792,0.0,0.0,1.0,6.0
D4.2__Fig 2__SQUID_data__IVI_BS30_A1S1_I_contrl_+-0.15mA_285mK_191103__IVB__T_1p40K[-0.000143625],1,1,1.6476329696937384,0.0,0.0,0.7142857142857143,0.0,0.0,1.0,6.0
D4.2__Fig 2__SQUID_data__IVI_BS30_A1S1_I_contrl_+-0.15mA_285mK_191103__IVB__T_1p40K[-0.000144000],1,1,1.6388989009970354,0.0,0.0,0.7142857142857143,0.0,0.0,1.0,6.0
D4.2__Fig 2__SQUID_data__IVI_BS30_A1S1_I_contrl_+-0.15mA_285mK_191103__IVB__T_1p40K[-0.000144375],1,1,1.6359218672486158,0.0,0.0,0.7142857142857142,0.0,0.0,1.0,6.0
D4.2__Fig 2__SQUID_data__IVI_BS30_A1S1_I_contrl_+-0.15mA_285mK_191103__IVB__T_1p40K[-0.000144750],1,1,1.605179261598671,0.0,0.0,0.7192982456140351,0.0,0.0,1.0,6.0
D4.2__Fig 2__SQUID_data__IVI_BS30_A1S1_I_contrl_+-0.15mA_285mK_191103__IVB__T_1p40K[-0.000145125],1,1,1.6098890802959602,0.0,0.0,0.7192982456140352,0.0,0.0,1.0,6.0
D4.2__Fig 2__SQUID_data__IVI_BS30_A1S1_I_contrl_+-0.15mA_285mK_191103__IVB__T_1p40K[-0.000145500],1,1,1.599494312359107,0.0,0.0,0.7243107769423558,0.0,0.0,1.0,6.0
D4.2__Fig 2__SQUID_data__IVI_BS30_A1S1_I_contrl_+-0.15mA_285mK_191103__IVB__T_1p40K[-0.000145875],1,1,1.5946168410874952,0.0,0.0,0.7218045112781954,0.0,0.0,1.0,6.0
D4.2__Fig 2__SQUID_data__IVI_BS30_A1S1_I_contrl_+-0.15mA_285mK_191103__IVB__T_1p40K[-0.000146250],1,1,1.6124534170681224,0.0,0.0,0.7218045112781954,0.0,0.0,1.0,6.0
D4.2__Fig 2__SQUID_data__IVI_BS30_A1S1_I_contrl_+-0.15mA_285mK_191103__IVB__T_1p40K[-0.000146625],1,1,1.6091519641656777,0.0,0.0,0.7218045112781954,0.0,0.0,1.0,6.0
D4.2__Fig 2__SQUID_data__IVI_BS30_A1S1_I_contrl_+-0.15mA_285mK_191103__IVB__T_1p40K[-0.000147000],1,1,1.6037018453894676,0.0,0.0,0.7243107769423558,0.0,0.0,1.0,6.0
D4.2__Fig 2__SQUID_data__IVI_BS30_A1S1_I_contrl_+-0.15mA_285mK_191103__IVB__T_1p40K[-0.000147375],1,1,1.6029024244297432,0.0,0.0,0.7243107769423559,0.0,0.0,1.0,6.0
D4.2__Fig 2__SQUID_data__IVI_BS30_A1S1_I_contrl_+-0.15mA_285mK_191103__IVB__T_1p40K[-0.000147750],1,1,1.5987898104160798,0.0,0.0,0.7218045112781956,0.0,0.0,1.0,6.0
D4.2__Fig 2__SQUID_data__IVI_BS30_A1S1_I_contrl_+-0.15mA_285mK_191103__IVB__T_1p40K[-0.000148125],1,1,1.5895833144058158,0.0,0.0,0.7218045112781953,0.0,0.0,1.0,6.0
D4.2__Fig 2__SQUID_data__IVI_BS30_A1S1_I_contrl_+-0.15mA_285mK_191103__IVB__T_1p40K[-0.000148500],1,1,1.599473598309173,0.0,0.0,0.7243107769423559,0.0,0.0,1.0,6.0
D4.2__Fig 2__SQUID_data__IVI_BS30_A1S1_I_contrl_+-0.15mA_285mK_191103__IVB__T_1p40K[-0.000148875],1,1,1.5998698481586724,0.0,0.0,0.7192982456140351,0.0,0.0,1.0,6.0
D4.2__Fig 2__SQUID_data__IVI_BS30_A1S1_I_contrl_+-0.15mA_285mK_191103__IVB__T_1p40K[-0.000149250],1,1,1.59845037458083,0.0,0.0,0.7268170426065163,0.0,0.0,1.0,6.0
D4.2__Fig 2__SQUID_data__IVI_BS30_A1S1_I_contrl_+-0.15mA_285mK_191103__IVB__T_1p40K[-0.000149625],1,1,2.090567847593289,0.0,0.0,0.9949874686716793,0.0,0.0,1.0,6.0
D4.2__Fig 2__SQUID_data__IVI_BS30_A1S1_I_contrl_+-0.15mA_285mK_191103__IVB__T_1p40K[-0.000150000],1,1,2.0916660153720623,0.0,0.0,0.9949874686716791,0.0,0.0,1.0,6.0
D4.2__Fig 2__SQUID_data__IVI_BS30_A1S1_I_contrl_+-0.15mA_285mK_191103__IVB__T_1p40K[0.000000000],1,1,2.2390244992146977,0.0,0.0,0.6716791979949874,0.0,0.0,1.0,6.0
D4.2__Fig 2__SQUID_data__IVI_BS30_A1S1_I_contrl_+-0.15mA_285mK_191103__IVB__T_1p40K[0.000000375],1,1,2.215818524697371,0.0,0.0,0.6716791979949874,0.0,0.0,1.0,6.0
D4.2__Fig 2__SQUID_data__IVI_BS30_A1S1_I_contrl_+-0.15mA_285mK_191103__IVB__T_1p40K[0.000000750],1,1,2.2019936026114637,0.0,0.0,0.6741854636591478,0.0,0.0,1.0,6.0
D4.2__Fig 2__SQUID_data__IVI_BS30_A1S1_I_contrl_+-0.15mA_285mK_191103__IVB__T_1p40K[0.000001125],1,1,2.2068491609674794,0.0,0.0,0.6716791979949874,0.0,0.0,1.0,6.0
D4.2__Fig 2__SQUID_data__IVI_BS30_A1S1_I_contrl_+-0.15mA_285mK_191103__IVB__T_1p40K[0.000001500],1,1,2.1927987563832976,0.0,0.0,0.6716791979949875,0.0,0.0,1.0,6.0
D4.2__Fig 2__SQUID_data__IVI_BS30_A1S1_I_contrl_+-0.15mA_285mK_191103__IVB__T_1p40K[0.000001875],1,1,2.1913389868452406,0.0,0.0,0.6716791979949875,0.0,0.0,1.0,6.0
D4.2__Fig 2__SQUID_data__IVI_BS30_A1S1_I_contrl_+-0.15mA_285mK_191103__IVB__T_1p40K[0.000002250],1,1,2.2530596503992117,0.0,0.0,0.6716791979949874,0.0,0.0,1.0,6.0
D4.2__Fig 2__SQUID_data__IVI_BS30_A1S1_I_contrl_+-0.15mA_285mK_191103__IVB__T_1p40K[0.000002625],1,1,2.2575271358875937,0.0,0.0,0.6716791979949874,0.0,0.0,1.0,6.0
D4.2__Fig 2__SQUID_data__IVI_BS30_A1S1_I_contrl_+-0.15mA_285mK_191103__IVB__T_1p40K[0.000003000],1,1,2.2207719714105796,0.0,0.0,0.6716791979949874,0.0,0.0,1.0,6.0
D4.2__Fig 2__SQUID_data__IVI_BS30_A1S1_I_contrl_+-0.15mA_285mK_191103__IVB__T_1p40K[0.000003375],1,1,2.207114580204759,0.0,0.0,0.6716791979949875,0.0,0.0,1.0,6.0
D4.2__Fig 2__SQUID_data__IVI_BS30_A1S1_I_contrl_+-0.15mA_285mK_191103__IVB__T_1p40K[0.000003750],1,1,2.211989185589367,0.0,0.0,0.669172932330827,0.0,0.0,1.0,6.0
D4.2__Fig 2__SQUID_data__IVI_BS30_A1S1_I_contrl_+-0.15mA_285mK_191103__IVB__T_1p40K[0.000004125],1,1,2.219538533111321,0.0,0.0,0.6666666666666665,0.0,0.0,1.0,6.0
D4.2__Fig 2__SQUID_data__IVI_BS30_A1S1_I_contrl_+-0.15mA_285mK_191103__IVB__T_1p40K[0.000004500],1,1,2.2260576279199196,0.0,0.0,0.6666666666666667,0.0,0.0,1.0,6.0
D4.2__Fig 2__SQUID_data__IVI_BS30_A1S1_I_contrl_+-0.15mA_285mK_191103__IVB__T_1p40K[0.000004875],1,1,2.2448995520994552,0.0,0.0,0.6666666666666666,0.0,0.0,1.0,6.0
D4.2__Fig 2__SQUID_data__IVI_BS30_A1S1_I_contrl_+-0.15mA_285mK_191103__IVB__T_1p40K[0.000005250],1,1,2.230310102620017,0.0,0.0,0.669172932330827,0.0,0.0,1.0,6.0
D4.2__Fig 2__SQUID_data__IVI_BS30_A1S1_I_contrl_+-0.15mA_285mK_191103__IVB__T_1p40K[0.000005625],1,1,2.2305429093023372,0.0,0.0,0.6666666666666667,0.0,0.0,1.0,6.0
D4.2__Fig 2__SQUID_data__IVI_BS30_A1S1_I_contrl_+-0.15mA_285mK_191103__IVB__T_1p40K[0.000006000],1,1,2.2682881220396136,0.0,0.0,0.669172932330827,0.0,0.0,1.0,6.0
D4.2__Fig 2__SQUID_data__IVI_BS30_A1S1_I_contrl_+-0.15mA_285mK_191103__IVB__T_1p40K[0.000006375],1,1,2.2487080142857283,0.0,0.0,0.6666666666666667,0.0,0.0,1.0,6.0
D4.2__Fig 2__SQUID_data__IVI_BS30_A1S1_I_contrl_+-0.15mA_285mK_191103__IVB__T_1p40K[0.000006750],1,1,2.2680537593299825,0.0,0.0,0.6666666666666667,0.0,0.0,1.0,6.0
D4.2__Fig 2__SQUID_data__IVI_BS30_A1S1_I_contrl_+-0.15mA_285mK_191103__IVB__T_1p40K[0.000007125],1,1,2.3301819542239515,0.0,0.0,0.6641604010025063,0.0,0.0,1.0,6.0
D4.2__Fig 2__SQUID_data__IVI_BS30_A1S1_I_contrl_+-0.15mA_285mK_191103__IVB__T_1p40K[0.000007500],1,1,2.2826975465066877,0.0,0.0,0.6591478696741855,0.0,0.0,1.0,6.0
D4.2__Fig 2__SQUID_data__IVI_BS30_A1S1_I_contrl_+-0.15mA_285mK_191103__IVB__T_1p40K[0.000007875],1,1,2.2750835655291866,0.0,0.0,0.6691729323308271,0.0,0.0,1.0,6.0
D4.2__Fig 2__SQUID_data__IVI_BS30_A1S1_I_contrl_+-0.15mA_285mK_191103__IVB__T_1p40K[0.000008250],1,1,2.292785479548385,0.0,0.0,0.6641604010025063,0.0,0.0,1.0,6.0
D4.2__Fig 2__SQUID_data__IVI_BS30_A1S1_I_contrl_+-0.15mA_285mK_191103__IVB__T_1p40K[0.000008625],1,1,2.2716725702000486,0.0,0.0,0.6641604010025064,0.0,0.0,1.0,6.0
D4.2__Fig 2__SQUID_data__IVI_BS30_A1S1_I_contrl_+-0.15mA_285mK_191103__IVB__T_1p40K[0.000009000],1,1,2.3446899908483188,0.0,0.0,0.6641604010025064,0.0,0.0,1.0,6.0
D4.2__Fig 2__SQUID_data__IVI_BS30_A1S1_I_contrl_+-0.15mA_285mK_191103__IVB__T_1p40K[0.000009375],1,1,2.294558602907074,0.0,0.0,0.6641604010025063,0.0,0.0,1.0,6.0
D4.2__Fig 2__SQUID_data__IVI_BS30_A1S1_I_contrl_+-0.15mA_285mK_191103__IVB__T_1p40K[0.000009750],1,1,2.284034271736503,0.0,0.0,0.6666666666666667,0.0,0.0,1.0,6.0
D4.2__Fig 2__SQUID_data__IVI_BS30_A1S1_I_contrl_+-0.15mA_285mK_191103__IVB__T_1p40K[0.000010125],1,1,2.3041596095841044,0.0,0.0,0.669172932330827,0.0,0.0,1.0,6.0
D4.2__Fig 2__SQUID_data__IVI_BS30_A1S1_I_contrl_+-0.15mA_285mK_191103__IVB__T_1p40K[0.000010500],1,1,2.2767636291571796,0.0,0.0,0.6616541353383459,0.0,0.0,1.0,6.0
D4.2__Fig 2__SQUID_data__IVI_BS30_A1S1_I_contrl_+-0.15mA_285mK_191103__IVB__T_1p40K[0.000010875],1,1,2.2713528308446422,0.0,0.0,0.6616541353383458,0.0,0.0,1.0,6.0
D4.2__Fig 2__SQUID_data__IVI_BS30_A1S1_I_contrl_+-0.15mA_285mK_191103__IVB__T_1p40K[0.000011250],1,1,2.2558444236600783,0.0,0.0,0.6666666666666666,0.0,0.0,1.0,6.0
D4.2__Fig 2__SQUID_data__IVI_BS30_A1S1_I_contrl_+-0.15mA_285mK_191103__IVB__T_1p40K[0.000011625],1,1,2.255519154420083,0.0,0.0,0.6666666666666666,0.0,0.0,1.0,6.0
D4.2__Fig 2__SQUID_data__IVI_BS30_A1S1_I_contrl_+-0.15mA_285mK_191103__IVB__T_1p40K[0.000012000],1,1,2.256956082884158,0.0,0.0,0.6641604010025062,0.0,0.0,1.0,6.0
D4.2__Fig 2__SQUID_data__IVI_BS30_A1S1_I_contrl_+-0.15mA_285mK_191103__IVB__T_1p40K[0.000012375],1,1,2.233076609969781,0.0,0.0,0.6641604010025062,0.0,0.0,1.0,6.0
D4.2__Fig 2__SQUID_data__IVI_BS30_A1S1_I_contrl_+-0.15mA_285mK_191103__IVB__T_1p40K[0.000012750],1,1,2.2183994565439873,0.0,0.0,0.6666666666666667,0.0,0.0,1.0,6.0
D4.2__Fig 2__SQUID_data__IVI_BS30_A1S1_I_contrl_+-0.15mA_285mK_191103__IVB__T_1p40K[0.000013125],1,1,2.2707280676477843,0.0,0.0,0.6641604010025062,0.0,0.0,1.0,6.0
D4.2__Fig 2__SQUID_data__IVI_BS30_A1S1_I_contrl_+-0.15mA_285mK_191103__IVB__T_1p40K[0.000013500],1,1,2.3233131349012424,0.0,0.0,0.6616541353383458,0.0,0.0,1.0,6.0
D4.2__Fig 2__SQUID_data__IVI_BS30_A1S1_I_contrl_+-0.15mA_285mK_191103__IVB__T_1p40K[0.000013875],1,1,2.3205855014710224,0.0,0.0,0.6591478696741855,0.0,0.0,1.0,6.0
D4.2__Fig 2__SQUID_data__IVI_BS30_A1S1_I_contrl_+-0.15mA_285mK_191103__IVB__T_1p40K[0.000014250],1,1,2.3085529315057927,0.0,0.0,0.6641604010025062,0.0,0.0,1.0,6.0
D4.2__Fig 2__SQUID_data__IVI_BS30_A1S1_I_contrl_+-0.15mA_285mK_191103__IVB__T_1p40K[0.000014625],1,1,2.278283031026376,0.0,0.0,0.6591478696741854,0.0,0.0,1.0,6.0
D4.2__Fig 2__SQUID_data__IVI_BS30_A1S1_I_contrl_+-0.15mA_285mK_191103__IVB__T_1p40K[0.000015000],1,1,2.3008790953076526,0.0,0.0,0.6591478696741855,0.0,0.0,1.0,6.0
D4.2__Fig 2__SQUID_data__IVI_BS30_A1S1_I_contrl_+-0.15mA_285mK_191103__IVB__T_1p40K[0.000015375],1,1,2.299812349433154,0.0,0.0,0.6591478696741856,0.0,0.0,1.0,6.0
D4.2__Fig 2__SQUID_data__IVI_BS30_A1S1_I_contrl_+-0.15mA_285mK_191103__IVB__T_1p40K[0.000015750],1,1,2.3667864473124793,0.0,0.0,0.6616541353383457,0.0,0.0,1.0,6.0
D4.2__Fig 2__SQUID_data__IVI_BS30_A1S1_I_contrl_+-0.15mA_285mK_191103__IVB__T_1p40K[0.000016125],1,1,2.2933811699237987,0.0,0.0,0.656641604010025,0.0,0.0,1.0,6.0
D4.2__Fig 2__SQUID_data__IVI_BS30_A1S1_I_contrl_+-0.15mA_285mK_191103__IVB__T_1p40K[0.000016500],1,1,2.3641778512900538,0.0,0.0,0.6591478696741855,0.0,0.0,1.0,6.0
D4.2__Fig 2__SQUID_data__IVI_BS30_A1S1_I_contrl_+-0.15mA_285mK_191103__IVB__T_1p40K[0.000016875],1,1,2.396023938728017,0.0,0.0,0.656641604010025,0.0,0.0,1.0,6.0
D4.2__Fig 2__SQUID_data__IVI_BS30_A1S1_I_contrl_+-0.15mA_285mK_191103__IVB__T_1p40K[0.000017250],1,1,2.368756000941249,0.0,0.0,0.656641604010025,0.0,0.0,1.0,6.0
D4.2__Fig 2__SQUID_data__IVI_BS30_A1S1_I_contrl_+-0.15mA_285mK_191103__IVB__T_1p40K[0.000017625],1,1,2.3848956314570535,0.0,0.0,0.656641604010025,0.0,0.0,1.0,6.0
D4.2__Fig 2__SQUID_data__IVI_BS30_A1S1_I_contrl_+-0.15mA_285mK_191103__IVB__T_1p40K[0.000018000],1,1,2.341906466161481,0.0,0.0,0.6541353383458647,0.0,0.0,1.0,6.0
D4.2__Fig 2__SQUID_data__IVI_BS30_A1S1_I_contrl_+-0.15mA_285mK_191103__IVB__T_1p40K[0.000018375],1,1,2.3349646824139394,0.0,0.0,0.6541353383458647,0.0,0.0,1.0,6.0
D4.2__Fig 2__SQUID_data__IVI_BS30_A1S1_I_contrl_+-0.15mA_285mK_191103__IVB__T_1p40K[0.000018750],1,1,2.390657332832789,0.0,0.0,0.6566416040100249,0.0,0.0,1.0,6.0
D4.2__Fig 2__SQUID_data__IVI_BS30_A1S1_I_contrl_+-0.15mA_285mK_191103__IVB__T_1p40K[0.000019125],1,1,2.421609837430913,0.0,0.0,0.6566416040100251,0.0,0.0,1.0,6.0
D4.2__Fig 2__SQUID_data__IVI_BS30_A1S1_I_contrl_+-0.15mA_285mK_191103__IVB__T_1p40K[0.000019500],1,1,2.361634541586321,0.0,0.0,0.6541353383458647,0.0,0.0,1.0,6.0
D4.2__Fig 2__SQUID_data__IVI_BS30_A1S1_I_contrl_+-0.15mA_285mK_191103__IVB__T_1p40K[0.000019875],1,1,2.379025871222564,0.0,0.0,0.6516290726817043,0.0,0.0,1.0,6.0
D4.2__Fig 2__SQUID_data__IVI_BS30_A1S1_I_contrl_+-0.15mA_285mK_191103__IVB__T_1p40K[0.000020250],1,1,2.398764084665704,0.0,0.0,0.656641604010025,0.0,0.0,1.0,6.0
D4.2__Fig 2__SQUID_data__IVI_BS30_A1S1_I_contrl_+-0.15mA_285mK_191103__IVB__T_1p40K[0.000020625],1,1,2.3848248488633628,0.0,0.0,0.649122807017544,0.0,0.0,1.0,6.0
D4.2__Fig 2__SQUID_data__IVI_BS30_A1S1_I_contrl_+-0.15mA_285mK_191103__IVB__T_1p40K[0.000021000],1,1,2.3658778046558093,0.0,0.0,0.6516290726817042,0.0,0.0,1.0,6.0
D4.2__Fig 2__SQUID_data__IVI_BS30_A1S1_I_contrl_+-0.15mA_285mK_191103__IVB__T_1p40K[0.000021375],1,1,2.3930293853602316,0.0,0.0,0.6541353383458647,0.0,0.0,1.0,6.0
D4.2__Fig 2__SQUID_data__IVI_BS30_A1S1_I_contrl_+-0.15mA_285mK_191103__IVB__T_1p40K[0.000021750],1,1,2.35929270706499,0.0,0.0,0.6491228070175438,0.0,0.0,1.0,6.0
D4.2__Fig 2__SQUID_data__IVI_BS30_A1S1_I_contrl_+-0.15mA_285mK_191103__IVB__T_1p40K[0.000022125],1,1,2.377484832558101,0.0,0.0,0.6541353383458647,0.0,0.0,1.0,6.0
D4.2__Fig 2__SQUID_data__IVI_BS30_A1S1_I_contrl_+-0.15mA_285mK_191103__IVB__T_1p40K[0.000022500],1,1,2.361531132924358,0.0,0.0,0.6541353383458646,0.0,0.0,1.0,6.0
D4.2__Fig 2__SQUID_data__IVI_BS30_A1S1_I_contrl_+-0.15mA_285mK_191103__IVB__T_1p40K[0.000022875],1,1,2.33154879932761,0.0,0.0,0.6541353383458647,0.0,0.0,1.0,6.0
D4.2__Fig 2__SQUID_data__IVI_BS30_A1S1_I_contrl_+-0.15mA_285mK_191103__IVB__T_1p40K[0.000023250],1,1,2.3795659102121434,0.0,0.0,0.6566416040100251,0.0,0.0,1.0,6.0
D4.2__Fig 2__SQUID_data__IVI_BS30_A1S1_I_contrl_+-0.15mA_285mK_191103__IVB__T_1p40K[0.000023625],1,1,2.3159538133386306,0.0,0.0,0.6516290726817041,0.0,0.0,1.0,6.0
D4.2__Fig 2__SQUID_data__IVI_BS30_A1S1_I_contrl_+-0.15mA_285mK_191103__IVB__T_1p40K[0.000024000],1,1,2.373778512638351,0.0,0.0,0.6541353383458647,0.0,0.0,1.0,6.0
D4.2__Fig 2__SQUID_data__IVI_BS30_A1S1_I_contrl_+-0.15mA_285mK_191103__IVB__T_1p40K[0.000024375],1,1,2.402388366559947,0.0,0.0,0.6516290726817042,0.0,0.0,1.0,6.0
D4.2__Fig 2__SQUID_data__IVI_BS30_A1S1_I_contrl_+-0.15mA_285mK_191103__IVB__T_1p40K[0.000024750],1,1,2.391813814695037,0.0,0.0,0.6491228070175439,0.0,0.0,1.0,6.0
D4.2__Fig 2__SQUID_data__IVI_BS30_A1S1_I_contrl_+-0.15mA_285mK_191103__IVB__T_1p40K[0.000025125],1,1,2.450329832769469,0.0,0.0,0.6491228070175438,0.0,0.0,1.0,6.0
D4.2__Fig 2__SQUID_data__IVI_BS30_A1S1_I_contrl_+-0.15mA_285mK_191103__IVB__T_1p40K[0.000025500],1,1,2.46016168852472,0.0,0.0,0.6466165413533835,0.0,0.0,1.0,6.0
D4.2__Fig 2__SQUID_data__IVI_BS30_A1S1_I_contrl_+-0.15mA_285mK_191103__IVB__T_1p40K[0.000025875],1,1,2.421612721857707,0.0,0.0,0.6491228070175439,0.0,0.0,1.0,6.0
D4.2__Fig 2__SQUID_data__IVI_BS30_A1S1_I_contrl_+-0.15mA_285mK_191103__IVB__T_1p40K[0.000026250],1,1,2.343460446828814,0.0,0.0,0.6516290726817042,0.0,0.0,1.0,6.0
D4.2__Fig 2__SQUID_data__IVI_BS30_A1S1_I_contrl_+-0.15mA_285mK_191103__IVB__T_1p40K[0.000026625],1,1,2.3440739609284575,0.0,0.0,0.6541353383458647,0.0,0.0,1.0,6.0
D4.2__Fig 2__SQUID_data__IVI_BS30_A1S1_I_contrl_+-0.15mA_285mK_191103__IVB__T_1p40K[0.000027000],1,1,2.350573332596885,0.0,0.0,0.6491228070175439,0.0,0.0,1.0,6.0
D4.2__Fig 2__SQUID_data__IVI_BS30_A1S1_I_contrl_+-0.15mA_285mK_191103__IVB__T_1p40K[0.000027375],1,1,2.3553371695281675,0.0,0.0,0.6516290726817042,0.0,0.0,1.0,6.0
D4.2__Fig 2__SQUID_data__IVI_BS30_A1S1_I_contrl_+-0.15mA_285mK_191103__IVB__T_1p40K[0.000027750],1,1,2.359022531172907,0.0,0.0,0.6516290726817042,0.0,0.0,1.0,6.0
D4.2__Fig 2__SQUID_data__IVI_BS30_A1S1_I_contrl_+-0.15mA_285mK_191103__IVB__T_1p40K[0.000028125],1,1,2.379745504568929,0.0,0.0,0.6466165413533834,0.0,0.0,1.0,6.0
D4.2__Fig 2__SQUID_data__IVI_BS30_A1S1_I_contrl_+-0.15mA_285mK_191103__IVB__T_1p40K[0.000028500],1,1,2.374607197323255,0.0,0.0,0.6491228070175439,0.0,0.0,1.0,6.0
D4.2__Fig 2__SQUID_data__IVI_BS30_A1S1_I_contrl_+-0.15mA_285mK_191103__IVB__T_1p40K[0.000028875],1,1,2.407361054940708,0.0,0.0,0.6491228070175438,0.0,0.0,1.0,6.0
D4.2__Fig 2__SQUID_data__IVI_BS30_A1S1_I_contrl_+-0.15mA_285mK_191103__IVB__T_1p40K[0.000029250],1,1,2.498997874358902,0.0,0.0,0.6466165413533834,0.0,0.0,1.0,6.0
D4.2__Fig 2__SQUID_data__IVI_BS30_A1S1_I_contrl_+-0.15mA_285mK_191103__IVB__T_1p40K[0.000029625],1,1,2.4834961738084185,0.0,0.0,0.6441102756892231,0.0,0.0,1.0,6.0
D4.2__Fig 2__SQUID_data__IVI_BS30_A1S1_I_contrl_+-0.15mA_285mK_191103__IVB__T_1p40K[0.000030000],1,1,2.4838951068914326,0.0,0.0,0.6441102756892231,0.0,0.0,1.0,6.0
D4.2__Fig 2__SQUID_data__IVI_BS30_A1S1_I_contrl_+-0.15mA_285mK_191103__IVB__T_1p40K[0.000030375],1,1,2.516232587037304,0.0,0.0,0.6466165413533834,0.0,0.0,1.0,6.0
D4.2__Fig 2__SQUID_data__IVI_BS30_A1S1_I_contrl_+-0.15mA_285mK_191103__IVB__T_1p40K[0.000030750],1,1,2.4989957246839847,0.0,0.0,0.6441102756892232,0.0,0.0,1.0,6.0
D4.2__Fig 2__SQUID_data__IVI_BS30_A1S1_I_contrl_+-0.15mA_285mK_191103__IVB__T_1p40K[0.000031125],1,1,2.4796163922894694,0.0,0.0,0.6416040100250626,0.0,0.0,1.0,6.0
D4.2__Fig 2__SQUID_data__IVI_BS30_A1S1_I_contrl_+-0.15mA_285mK_191103__IVB__T_1p40K[0.000031500],1,1,2.423498000389637,0.0,0.0,0.6441102756892232,0.0,0.0,1.0,6.0
D4.2__Fig 2__SQUID_data__IVI_BS30_A1S1_I_contrl_+-0.15mA_285mK_191103__IVB__T_1p40K[0.000031875],1,1,2.4745669270538224,0.0,0.0,0.6491228070175438,0.0,0.0,1.0,6.0
D4.2__Fig 2__SQUID_data__IVI_BS30_A1S1_I_contrl_+-0.15mA_285mK_191103__IVB__T_1p40K[0.000032250],1,1,2.486429899443366,0.0,0.0,0.6441102756892232,0.0,0.0,1.0,6.0
D4.2__Fig 2__SQUID_data__IVI_BS30_A1S1_I_contrl_+-0.15mA_285mK_191103__IVB__T_1p40K[0.000032625],1,1,2.4860487681395966,0.0,0.0,0.6416040100250626,0.0,0.0,1.0,6.0
D4.2__Fig 2__SQUID_data__IVI_BS30_A1S1_I_contrl_+-0.15mA_285mK_191103__IVB__T_1p40K[0.000033000],1,1,2.49544711925734,0.0,0.0,0.6416040100250626,0.0,0.0,1.0,6.0
D4.2__Fig 2__SQUID_data__IVI_BS30_A1S1_I_contrl_+-0.15mA_285mK_191103__IVB__T_1p40K[0.000033375],1,1,2.551241706088231,0.0,0.0,0.6390977443609023,0.0,0.0,1.0,6.0
D4.2__Fig 2__SQUID_data__IVI_BS30_A1S1_I_contrl_+-0.15mA_285mK_191103__IVB__T_1p40K[0.000033750],1,1,2.54994208641197,0.0,0.0,0.6365914786967418,0.0,0.0,1.0,6.0
D4.2__Fig 2__SQUID_data__IVI_BS30_A1S1_I_contrl_+-0.15mA_285mK_191103__IVB__T_1p40K[0.000034125],1,1,2.57260772777026,0.0,0.0,0.6416040100250627,0.0,0.0,1.0,6.0
D4.2__Fig 2__SQUID_data__IVI_BS30_A1S1_I_contrl_+-0.15mA_285mK_191103__IVB__T_1p40K[0.000034500],1,1,2.559967058218635,0.0,0.0,0.6390977443609022,0.0,0.0,1.0,6.0
D4.2__Fig 2__SQUID_data__IVI_BS30_A1S1_I_contrl_+-0.15mA_285mK_191103__IVB__T_1p40K[0.000034875],1,1,2.5529880818178907,0.0,0.0,0.6390977443609022,0.0,0.0,1.0,6.0
D4.2__Fig 2__SQUID_data__IVI_BS30_A1S1_I_contrl_+-0.15mA_285mK_191103__IVB__T_1p40K[0.000035250],1,1,2.5279101050604647,0.0,0.0,0.6416040100250626,0.0,0.0,1.0,6.0
D4.2__Fig 2__SQUID_data__IVI_BS30_A1S1_I_contrl_+-0.15mA_285mK_191103__IVB__T_1p40K[0.000035625],1,1,2.5395520431073155,0.0,0.0,0.6390977443609023,0.0,0.0,1.0,6.0
D4.2__Fig 2__SQUID_data__IVI_BS30_A1S1_I_contrl_+-0.15mA_285mK_191103__IVB__T_1p40K[0.000036000],1,1,2.601883328000053,0.0,0.0,0.6390977443609023,0.0,0.0,1.0,6.0
D4.2__Fig 2__SQUID_data__IVI_BS30_A1S1_I_contrl_+-0.15mA_285mK_191103__IVB__T_1p40K[0.000036375],1,1,2.6229007306388663,0.0,0.0,0.6390977443609024,0.0,0.0,1.0,6.0
D4.2__Fig 2__SQUID_data__IVI_BS30_A1S1_I_contrl_+-0.15mA_285mK_191103__IVB__T_1p40K[0.000036750],1,1,2.5858034670136973,0.0,0.0,0.6340852130325815,0.0,0.0,1.0,6.0
D4.2__Fig 2__SQUID_data__IVI_BS30_A1S1_I_contrl_+-0.15mA_285mK_191103__IVB__T_1p40K[0.000037125],1,1,2.569624539014837,0.0,0.0,0.6340852130325815,0.0,0.0,1.0,6.0
D4.2__Fig 2__SQUID_data__IVI_BS30_A1S1_I_contrl_+-0.15mA_285mK_191103__IVB__T_1p40K[0.000037500],1,1,2.6390656064839937,0.0,0.0,0.6390977443609023,0.0,0.0,1.0,6.0
D4.2__Fig 2__SQUID_data__IVI_BS30_A1S1_I_contrl_+-0.15mA_285mK_191103__IVB__T_1p40K[0.000037875],1,1,2.651695298995392,0.0,0.0,0.6340852130325815,0.0,0.0,1.0,6.0
D4.2__Fig 2__SQUID_data__IVI_BS30_A1S1_I_contrl_+-0.15mA_285mK_191103__IVB__T_1p40K[0.000038250],1,1,2.63185927663108,0.0,0.0,0.6340852130325814,0.0,0.0,1.0,6.0
D4.2__Fig 2__SQUID_data__IVI_BS30_A1S1_I_contrl_+-0.15mA_285mK_191103__IVB__T_1p40K[0.000038625],1,1,2.684256142924457,0.0,0.0,0.6365914786967418,0.0,0.0,1.0,6.0
D4.2__Fig 2__SQUID_data__IVI_BS30_A1S1_I_contrl_+-0.15mA_285mK_191103__IVB__T_1p40K[0.000039000],1,1,2.6445529849990925,0.0,0.0,0.6340852130325815,0.0,0.0,1.0,6.0
D4.2__Fig 2__SQUID_data__IVI_BS30_A1S1_I_contrl_+-0.15mA_285mK_191103__IVB__T_1p40K[0.000039375],1,1,2.631932490955126,0.0,0.0,0.6340852130325814,0.0,0.0,1.0,6.0
D4.2__Fig 2__SQUID_data__IVI_BS30_A1S1_I_contrl_+-0.15mA_285mK_191103__IVB__T_1p40K[0.000039750],1,1,2.624565945638293,0.0,0.0,0.6340852130325814,0.0,0.0,1.0,6.0
D4.2__Fig 2__SQUID_data__IVI_BS30_A1S1_I_contrl_+-0.15mA_285mK_191103__IVB__T_1p40K[0.000040125],1,1,2.6256686384194565,0.0,0.0,0.6340852130325815,0.0,0.0,1.0,6.0
D4.2__Fig 2__SQUID_data__IVI_BS30_A1S1_I_contrl_+-0.15mA_285mK_191103__IVB__T_1p40K[0.000040500],1,1,2.64149394828866,0.0,0.0,0.631578947368421,0.0,0.0,1.0,6.0
D4.2__Fig 2__SQUID_data__IVI_BS30_A1S1_I_contrl_+-0.15mA_285mK_191103__IVB__T_1p40K[0.000040875],1,1,2.726037691771277,0.0,0.0,0.6290726817042607,0.0,0.0,1.0,6.0
D4.2__Fig 2__SQUID_data__IVI_BS30_A1S1_I_contrl_+-0.15mA_285mK_191103__IVB__T_1p40K[0.000041250],1,1,2.6929590583702305,0.0,0.0,0.6315789473684211,0.0,0.0,1.0,6.0
D4.2__Fig 2__SQUID_data__IVI_BS30_A1S1_I_contrl_+-0.15mA_285mK_191103__IVB__T_1p40K[0.000041625],1,1,2.6834787004828367,0.0,0.0,0.6290726817042606,0.0,0.0,1.0,6.0
D4.2__Fig 2__SQUID_data__IVI_BS30_A1S1_I_contrl_+-0.15mA_285mK_191103__IVB__T_1p40K[0.000042000],1,1,2.6839995573776614,0.0,0.0,0.6340852130325815,0.0,0.0,1.0,6.0
D4.2__Fig 2__SQUID_data__IVI_BS30_A1S1_I_contrl_+-0.15mA_285mK_191103__IVB__T_1p40K[0.000042375],1,1,2.670485933052852,0.0,0.0,0.6340852130325814,0.0,0.0,1.0,6.0
D4.2__Fig 2__SQUID_data__IVI_BS30_A1S1_I_contrl_+-0.15mA_285mK_191103__IVB__T_1p40K[0.000042750],1,1,2.640333395344695,0.0,0.0,0.631578947368421,0.0,0.0,1.0,6.0
D4.2__Fig 2__SQUID_data__IVI_BS30_A1S1_I_contrl_+-0.15mA_285mK_191103__IVB__T_1p40K[0.000043125],1,1,2.672783654226268,0.0,0.0,0.6340852130325815,0.0,0.0,1.0,6.0
D4.2__Fig 2__SQUID_data__IVI_BS30_A1S1_I_contrl_+-0.15mA_285mK_191103__IVB__T_1p40K[0.000043500],1,1,2.663852604955712,0.0,0.0,0.6340852130325814,0.0,0.0,1.0,6.0
D4.2__Fig 2__SQUID_data__IVI_BS30_A1S1_I_contrl_+-0.15mA_285mK_191103__IVB__T_1p40K[0.000043875],1,1,2.65160371670639,0.0,0.0,0.6265664160401002,0.0,0.0,1.0,6.0
D4.2__Fig 2__SQUID_data__IVI_BS30_A1S1_I_contrl_+-0.15mA_285mK_191103__IVB__T_1p40K[0.000044250],1,1,2.6050453540291416,0.0,0.0,0.6340852130325814,0.0,0.0,1.0,6.0
D4.2__Fig 2__SQUID_data__IVI_BS30_A1S1_I_contrl_+-0.15mA_285mK_191103__IVB__T_1p40K[0.000044625],1,1,2.5729734881552164,0.0,0.0,0.6290726817042607,0.0,0.0,1.0,6.0
D4.2__Fig 2__SQUID_data__IVI_BS30_A1S1_I_contrl_+-0.15mA_285mK_191103__IVB__T_1p40K[0.000045000],1,1,2.679093794287303,0.0,0.0,0.631578947368421,0.0,0.0,1.0,6.0
D4.2__Fig 2__SQUID_data__IVI_BS30_A1S1_I_contrl_+-0.15mA_285mK_191103__IVB__T_1p40K[0.000045375],1,1,2.700642408980338,0.0,0.0,0.6265664160401002,0.0,0.0,1.0,6.0
D4.2__Fig 2__SQUID_data__IVI_BS30_A1S1_I_contrl_+-0.15mA_285mK_191103__IVB__T_1p40K[0.000045750],1,1,2.680965773203584,0.0,0.0,0.6265664160401003,0.0,0.0,1.0,6.0
D4.2__Fig 2__SQUID_data__IVI_BS30_A1S1_I_contrl_+-0.15mA_285mK_191103__IVB__T_1p40K[0.000046125],1,1,2.8167294576392656,0.0,0.0,0.6265664160401003,0.0,0.0,1.0,6.0
D4.2__Fig 2__SQUID_data__IVI_BS30_A1S1_I_contrl_+-0.15mA_285mK_191103__IVB__T_1p40K[0.000046500],1,1,2.8334341814108135,0.0,0.0,0.6290726817042607,0.0,0.0,1.0,6.0
D4.2__Fig 2__SQUID_data__IVI_BS30_A1S1_I_contrl_+-0.15mA_285mK_191103__IVB__T_1p40K[0.000046875],1,1,2.79583293938044,0.0,0.0,0.6265664160401002,0.0,0.0,1.0,6.0
D4.2__Fig 2__SQUID_data__IVI_BS30_A1S1_I_contrl_+-0.15mA_285mK_191103__IVB__T_1p40K[0.000047250],1,1,2.7338547926857624,0.0,0.0,0.6290726817042607,0.0,0.0,1.0,6.0
D4.2__Fig 2__SQUID_data__IVI_BS30_A1S1_I_contrl_+-0.15mA_285mK_191103__IVB__T_1p40K[0.000047625],1,1,2.731760561756059,0.0,0.0,0.6290726817042606,0.0,0.0,1.0,6.0
D4.2__Fig 2__SQUID_data__IVI_BS30_A1S1_I_contrl_+-0.15mA_285mK_191103__IVB__T_1p40K[0.000048000],1,1,2.7410062136109383,0.0,0.0,0.6290726817042607,0.0,0.0,1.0,6.0
D4.2__Fig 2__SQUID_data__IVI_BS30_A1S1_I_contrl_+-0.15mA_285mK_191103__IVB__T_1p40K[0.000048375],1,1,2.7807660300628476,0.0,0.0,0.6265664160401002,0.0,0.0,1.0,6.0
D4.2__Fig 2__SQUID_data__IVI_BS30_A1S1_I_contrl_+-0.15mA_285mK_191103__IVB__T_1p40K[0.000048750],1,1,2.7491228393422786,0.0,0.0,0.6265664160401002,0.0,0.0,1.0,6.0
D4.2__Fig 2__SQUID_data__IVI_BS30_A1S1_I_contrl_+-0.15mA_285mK_191103__IVB__T_1p40K[0.000049125],1,1,2.7487884375202096,0.0,0.0,0.6265664160401003,0.0,0.0,1.0,6.0
D4.2__Fig 2__SQUID_data__IVI_BS30_A1S1_I_contrl_+-0.15mA_285mK_191103__IVB__T_1p40K[0.000049500],1,1,2.757639885064294,0.0,0.0,0.6265664160401002,0.0,0.0,1.0,6.0
D4.2__Fig 2__SQUID_data__IVI_BS30_A1S1_I_contrl_+-0.15mA_285mK_191103__IVB__T_1p40K[0.000049875],1,1,2.7171373278096835,0.0,0.0,0.6265664160401002,0.0,0.0,1.0,6.0
D4.2__Fig 2__SQUID_data__IVI_BS30_A1S1_I_contrl_+-0.15mA_285mK_191103__IVB__T_1p40K[0.000050250],1,1,2.666225016729909,0.0,0.0,0.6290726817042606,0.0,0.0,1.0,6.0
D4.2__Fig 2__SQUID_data__IVI_BS30_A1S1_I_contrl_+-0.15mA_285mK_191103__IVB__T_1p40K[0.000050625],1,1,2.708352521761145,0.0,0.0,0.6340852130325815,0.0,0.0,1.0,6.0
D4.2__Fig 2__SQUID_data__IVI_BS30_A1S1_I_contrl_+-0.15mA_285mK_191103__IVB__T_1p40K[0.000051000],1,1,2.6485551822264126,0.0,0.0,0.6290726817042607,0.0,0.0,1.0,6.0
D4.2__Fig 2__SQUID_data__IVI_BS30_A1S1_I_contrl_+-0.15mA_285mK_191103__IVB__T_1p40K[0.000051375],1,1,2.6713864074825726,0.0,0.0,0.6290726817042608,0.0,0.0,1.0,6.0
D4.2__Fig 2__SQUID_data__IVI_BS30_A1S1_I_contrl_+-0.15mA_285mK_191103__IVB__T_1p40K[0.000051750],1,1,2.735333932296786,0.0,0.0,0.6265664160401003,0.0,0.0,1.0,6.0
D4.2__Fig 2__SQUID_data__IVI_BS30_A1S1_I_contrl_+-0.15mA_285mK_191103__IVB__T_1p40K[0.000052125],1,1,2.733298059892629,0.0,0.0,0.6215538847117794,0.0,0.0,1.0,6.0
D4.2__Fig 2__SQUID_data__IVI_BS30_A1S1_I_contrl_+-0.15mA_285mK_191103__IVB__T_1p40K[0.000052500],1,1,2.771952420983097,0.0,0.0,0.6265664160401003,0.0,0.0,1.0,6.0
D4.2__Fig 2__SQUID_data__IVI_BS30_A1S1_I_contrl_+-0.15mA_285mK_191103__IVB__T_1p40K[0.000052875],1,1,2.820464634087419,0.0,0.0,0.6240601503759399,0.0,0.0,1.0,6.0
D4.2__Fig 2__SQUID_data__IVI_BS30_A1S1_I_contrl_+-0.15mA_285mK_191103__IVB__T_1p40K[0.000053250],1,1,2.849392551481373,0.0,0.0,0.6240601503759398,0.0,0.0,1.0,6.0
D4.2__Fig 2__SQUID_data__IVI_BS30_A1S1_I_contrl_+-0.15mA_285mK_191103__IVB__T_1p40K[0.000053625],1,1,2.885174492063603,0.0,0.0,0.6215538847117794,0.0,0.0,1.0,6.0
D4.2__Fig 2__SQUID_data__IVI_BS30_A1S1_I_contrl_+-0.15mA_285mK_191103__IVB__T_1p40K[0.000054000],1,1,2.875472179252363,0.0,0.0,0.6190476190476191,0.0,0.0,1.0,6.0
D4.2__Fig 2__SQUID_data__IVI_BS30_A1S1_I_contrl_+-0.15mA_285mK_191103__IVB__T_1p40K[0.000054375],1,1,2.8774327212260067,0.0,0.0,0.6190476190476191,0.0,0.0,1.0,6.0
D4.2__Fig 2__SQUID_data__IVI_BS30_A1S1_I_contrl_+-0.15mA_285mK_191103__IVB__T_1p40K[0.000054750],1,1,2.804027170172676,0.0,0.0,0.6190476190476192,0.0,0.0,1.0,6.0
D4.2__Fig 2__SQUID_data__IVI_BS30_A1S1_I_contrl_+-0.15mA_285mK_191103__IVB__T_1p40K[0.000055125],1,1,2.8724540657130935,0.0,0.0,0.6215538847117795,0.0,0.0,1.0,6.0
D4.2__Fig 2__SQUID_data__IVI_BS30_A1S1_I_contrl_+-0.15mA_285mK_191103__IVB__T_1p40K[0.000055500],1,1,3.007206526634706,0.0,0.0,0.6215538847117795,0.0,0.0,1.0,6.0
D4.2__Fig 2__SQUID_data__IVI_BS30_A1S1_I_contrl_+-0.15mA_285mK_191103__IVB__T_1p40K[0.000055875],1,1,2.9362563471431455,0.0,0.0,0.619047619047619,0.0,0.0,1.0,6.0
D4.2__Fig 2__SQUID_data__IVI_BS30_A1S1_I_contrl_+-0.15mA_285mK_191103__IVB__T_1p40K[0.000056250],1,1,2.9023566080535064,0.0,0.0,0.6165413533834585,0.0,0.0,1.0,6.0
D4.2__Fig 2__SQUID_data__IVI_BS30_A1S1_I_contrl_+-0.15mA_285mK_191103__IVB__T_1p40K[0.000056625],1,1,2.838265409289449,0.0,0.0,0.6215538847117795,0.0,0.0,1.0,6.0
D4.2__Fig 2__SQUID_data__IVI_BS30_A1S1_I_contrl_+-0.15mA_285mK_191103__IVB__T_1p40K[0.000057000],1,1,2.9241064012183244,0.0,0.0,0.6240601503759399,0.0,0.0,1.0,6.0
D4.2__Fig 2__SQUID_data__IVI_BS30_A1S1_I_contrl_+-0.15mA_285mK_191103__IVB__T_1p40K[0.000057375],1,1,2.9121384317309364,0.0,0.0,0.6190476190476191,0.0,0.0,1.0,6.0
D4.2__Fig 2__SQUID_data__IVI_BS30_A1S1_I_contrl_+-0.15mA_285mK_191103__IVB__T_1p40K[0.000057750],1,1,2.8296199587376987,0.0,0.0,0.6165413533834586,0.0,0.0,1.0,6.0
D4.2__Fig 2__SQUID_data__IVI_BS30_A1S1_I_contrl_+-0.15mA_285mK_191103__IVB__T_1p40K[0.000058125],1,1,2.76865586271888,0.0,0.0,0.6215538847117793,0.0,0.0,1.0,6.0
D4.2__Fig 2__SQUID_data__IVI_BS30_A1S1_I_contrl_+-0.15mA_285mK_191103__IVB__T_1p40K[0.000058500],1,1,2.778613673569867,0.0,0.0,0.6265664160401003,0.0,0.0,1.0,6.0
D4.2__Fig 2__SQUID_data__IVI_BS30_A1S1_I_contrl_+-0.15mA_285mK_191103__IVB__T_1p40K[0.000058875],1,1,2.804290525040207,0.0,0.0,0.6215538847117794,0.0,0.0,1.0,6.0
D4.2__Fig 2__SQUID_data__IVI_BS30_A1S1_I_contrl_+-0.15mA_285mK_191103__IVB__T_1p40K[0.000059250],1,1,2.837656256106003,0.0,0.0,0.6240601503759399,0.0,0.0,1.0,6.0
D4.2__Fig 2__SQUID_data__IVI_BS30_A1S1_I_contrl_+-0.15mA_285mK_191103__IVB__T_1p40K[0.000059625],1,1,2.815461276828474,0.0,0.0,0.6240601503759399,0.0,0.0,1.0,6.0
D4.2__Fig 2__SQUID_data__IVI_BS30_A1S1_I_contrl_+-0.15mA_285mK_191103__IVB__T_1p40K[0.000060000],1,1,2.783629491366147,0.0,0.0,0.6215538847117794,0.0,0.0,1.0,6.0
D4.2__Fig 2__SQUID_data__IVI_BS30_A1S1_I_contrl_+-0.15mA_285mK_191103__IVB__T_1p40K[0.000060375],1,1,2.7148603505015796,0.0,0.0,0.6240601503759399,0.0,0.0,1.0,6.0
D4.2__Fig 2__SQUID_data__IVI_BS30_A1S1_I_contrl_+-0.15mA_285mK_191103__IVB__T_1p40K[0.000060750],1,1,2.795845838568282,0.0,0.0,0.6190476190476191,0.0,0.0,1.0,6.0
D4.2__Fig 2__SQUID_data__IVI_BS30_A1S1_I_contrl_+-0.15mA_285mK_191103__IVB__T_1p40K[0.000061125],1,1,2.891550386530423,0.0,0.0,0.6190476190476191,0.0,0.0,1.0,6.0
D4.2__Fig 2__SQUID_data__IVI_BS30_A1S1_I_contrl_+-0.15mA_285mK_191103__IVB__T_1p40K[0.000061500],1,1,2.963030050552139,0.0,0.0,0.6165413533834586,0.0,0.0,1.0,6.0
D4.2__Fig 2__SQUID_data__IVI_BS30_A1S1_I_contrl_+-0.15mA_285mK_191103__IVB__T_1p40K[0.000061875],1,1,2.965235349815114,0.0,0.0,0.6240601503759399,0.0,0.0,1.0,6.0
D4.2__Fig 2__SQUID_data__IVI_BS30_A1S1_I_contrl_+-0.15mA_285mK_191103__IVB__T_1p40K[0.000062250],1,1,2.817692279708935,0.0,0.0,0.6215538847117795,0.0,0.0,1.0,6.0
D4.2__Fig 2__SQUID_data__IVI_BS30_A1S1_I_contrl_+-0.15mA_285mK_191103__IVB__T_1p40K[0.000062625],1,1,2.795190208539073,0.0,0.0,0.6215538847117794,0.0,0.0,1.0,6.0
D4.2__Fig 2__SQUID_data__IVI_BS30_A1S1_I_contrl_+-0.15mA_285mK_191103__IVB__T_1p40K[0.000063000],1,1,2.81532977707077,0.0,0.0,0.6215538847117795,0.0,0.0,1.0,6.0
D4.2__Fig 2__SQUID_data__IVI_BS30_A1S1_I_contrl_+-0.15mA_285mK_191103__IVB__T_1p40K[0.000063375],1,1,2.7947677825790826,0.0,0.0,0.6215538847117794,0.0,0.0,1.0,6.0
D4.2__Fig 2__SQUID_data__IVI_BS30_A1S1_I_contrl_+-0.15mA_285mK_191103__IVB__T_1p40K[0.000063750],1,1,2.9102139620487346,0.0,0.0,0.6165413533834586,0.0,0.0,1.0,6.0
D4.2__Fig 2__SQUID_data__IVI_BS30_A1S1_I_contrl_+-0.15mA_285mK_191103__IVB__T_1p40K[0.000064125],1,1,2.9734469614389143,0.0,0.0,0.6165413533834587,0.0,0.0,1.0,6.0
D4.2__Fig 2__SQUID_data__IVI_BS30_A1S1_I_contrl_+-0.15mA_285mK_191103__IVB__T_1p40K[0.000064500],1,1,3.0470546522382103,0.0,0.0,0.6165413533834586,0.0,0.0,1.0,6.0
D4.2__Fig 2__SQUID_data__IVI_BS30_A1S1_I_contrl_+-0.15mA_285mK_191103__IVB__T_1p40K[0.000064875],1,1,3.0634913684520955,0.0,0.0,0.6090225563909775,0.0,0.0,1.0,6.0
D4.2__Fig 2__SQUID_data__IVI_BS30_A1S1_I_contrl_+-0.15mA_285mK_191103__IVB__T_1p40K[0.000065250],1,1,3.110312634020336,0.0,0.0,0.6115288220551378,0.0,0.0,1.0,6.0
D4.2__Fig 2__SQUID_data__IVI_BS30_A1S1_I_contrl_+-0.15mA_285mK_191103__IVB__T_1p40K[0.000065625],1,1,3.122993955069427,0.0,0.0,0.6140350877192983,0.0,0.0,1.0,6.0
D4.2__Fig 2__SQUID_data__IVI_BS30_A1S1_I_contrl_+-0.15mA_285mK_191103__IVB__T_1p40K[0.000066000],1,1,3.0622942022128554,0.0,0.0,0.6190476190476191,0.0,0.0,1.0,6.0
D4.2__Fig 2__SQUID_data__IVI_BS30_A1S1_I_contrl_+-0.15mA_285mK_191103__IVB__T_1p40K[0.000066375],1,1,3.005562278645686,0.0,0.0,0.6190476190476191,0.0,0.0,1.0,6.0
D4.2__Fig 2__SQUID_data__IVI_BS30_A1S1_I_contrl_+-0.15mA_285mK_191103__IVB__T_1p40K[0.000066750],1,1,3.085708458764825,0.0,0.0,0.6115288220551379,0.0,0.0,1.0,6.0
D4.2__Fig 2__SQUID_data__IVI_BS30_A1S1_I_contrl_+-0.15mA_285mK_191103__IVB__T_1p40K[0.000067125],1,1,3.054790915824448,0.0,0.0,0.6165413533834587,0.0,0.0,1.0,6.0
D4.2__Fig 2__SQUID_data__IVI_BS30_A1S1_I_contrl_+-0.15mA_285mK_191103__IVB__T_1p40K[0.000067500],1,1,3.101173605812258,0.0,0.0,0.6140350877192983,0.0,0.0,1.0,6.0
D4.2__Fig 2__SQUID_data__IVI_BS30_A1S1_I_contrl_+-0.15mA_285mK_191103__IVB__T_1p40K[0.000067875],1,1,3.050389021211588,0.0,0.0,0.6115288220551379,0.0,0.0,1.0,6.0
D4.2__Fig 2__SQUID_data__IVI_BS30_A1S1_I_contrl_+-0.15mA_285mK_191103__IVB__T_1p40K[0.000068250],1,1,3.1536091118124774,0.0,0.0,0.6090225563909775,0.0,0.0,1.0,6.0
D4.2__Fig 2__SQUID_data__IVI_BS30_A1S1_I_contrl_+-0.15mA_285mK_191103__IVB__T_1p40K[0.000068625],1,1,3.2509872376447335,0.0,0.0,0.6115288220551378,0.0,0.0,1.0,6.0
D4.2__Fig 2__SQUID_data__IVI_BS30_A1S1_I_contrl_+-0.15mA_285mK_191103__IVB__T_1p40K[0.000069000],1,1,3.1230226398824703,0.0,0.0,0.6115288220551378,0.0,0.0,1.0,6.0
D4.2__Fig 2__SQUID_data__IVI_BS30_A1S1_I_contrl_+-0.15mA_285mK_191103__IVB__T_1p40K[0.000069375],1,1,3.247429864293393,0.0,0.0,0.606516290726817,0.0,0.0,1.0,6.0
D4.2__Fig 2__SQUID_data__IVI_BS30_A1S1_I_contrl_+-0.15mA_285mK_191103__IVB__T_1p40K[0.000069750],1,1,3.2653059594387366,0.0,0.0,0.6090225563909774,0.0,0.0,1.0,6.0
D4.2__Fig 2__SQUID_data__IVI_BS30_A1S1_I_contrl_+-0.15mA_285mK_191103__IVB__T_1p40K[0.000070125],1,1,3.2546915169855173,0.0,0.0,0.6115288220551378,0.0,0.0,1.0,6.0
D4.2__Fig 2__SQUID_data__IVI_BS30_A1S1_I_contrl_+-0.15mA_285mK_191103__IVB__T_1p40K[0.000070500],1,1,3.2344284717081986,0.0,0.0,0.6140350877192983,0.0,0.0,1.0,6.0
D4.2__Fig 2__SQUID_data__IVI_BS30_A1S1_I_contrl_+-0.15mA_285mK_191103__IVB__T_1p40K[0.000070875],1,1,3.193069882094491,0.0,0.0,0.6115288220551379,0.0,0.0,1.0,6.0
D4.2__Fig 2__SQUID_data__IVI_BS30_A1S1_I_contrl_+-0.15mA_285mK_191103__IVB__T_1p40K[0.000071250],1,1,3.204662382439384,0.0,0.0,0.6115288220551377,0.0,0.0,1.0,6.0
D4.2__Fig 2__SQUID_data__IVI_BS30_A1S1_I_contrl_+-0.15mA_285mK_191103__IVB__T_1p40K[0.000071625],1,1,3.259358615488822,0.0,0.0,0.6115288220551378,0.0,0.0,1.0,6.0
D4.2__Fig 2__SQUID_data__IVI_BS30_A1S1_I_contrl_+-0.15mA_285mK_191103__IVB__T_1p40K[0.000072000],1,1,3.1748491470376607,0.0,0.0,0.6115288220551378,0.0,0.0,1.0,6.0
D4.2__Fig 2__SQUID_data__IVI_BS30_A1S1_I_contrl_+-0.15mA_285mK_191103__IVB__T_1p40K[0.000072375],1,1,3.170400818550865,0.0,0.0,0.6140350877192983,0.0,0.0,1.0,6.0
D4.2__Fig 2__SQUID_data__IVI_BS30_A1S1_I_contrl_+-0.15mA_285mK_191103__IVB__T_1p40K[0.000072750],1,1,3.216471935890993,0.0,0.0,0.6090225563909775,0.0,0.0,1.0,6.0
D4.2__Fig 2__SQUID_data__IVI_BS30_A1S1_I_contrl_+-0.15mA_285mK_191103__IVB__T_1p40K[0.000073125],1,1,3.2318132522109457,0.0,0.0,0.6115288220551378,0.0,0.0,1.0,6.0
D4.2__Fig 2__SQUID_data__IVI_BS30_A1S1_I_contrl_+-0.15mA_285mK_191103__IVB__T_1p40K[0.000073500],1,1,3.2995389353537368,0.0,0.0,0.6015037593984962,0.0,0.0,1.0,6.0
D4.2__Fig 2__SQUID_data__IVI_BS30_A1S1_I_contrl_+-0.15mA_285mK_191103__IVB__T_1p40K[0.000073875],1,1,3.3999690985866446,0.0,0.0,0.606516290726817,0.0,0.0,1.0,6.0
D4.2__Fig 2__SQUID_data__IVI_BS30_A1S1_I_contrl_+-0.15mA_285mK_191103__IVB__T_1p40K[0.000074250],1,1,3.4352181505429877,0.0,0.0,0.6090225563909774,0.0,0.0,1.0,6.0
D4.2__Fig 2__SQUID_data__IVI_BS30_A1S1_I_contrl_+-0.15mA_285mK_191103__IVB__T_1p40K[0.000074625],1,1,3.456889402323506,0.0,0.0,0.6040100250626567,0.0,0.0,1.0,6.0
D4.2__Fig 2__SQUID_data__IVI_BS30_A1S1_I_contrl_+-0.15mA_285mK_191103__IVB__T_1p40K[0.000075000],1,1,3.4642777387323886,0.0,0.0,0.6015037593984963,0.0,0.0,1.0,6.0
D4.2__Fig 2__SQUID_data__IVI_BS30_A1S1_I_contrl_+-0.15mA_285mK_191103__IVB__T_1p40K[0.000075375],1,1,3.454279979298553,0.0,0.0,0.6065162907268171,0.0,0.0,1.0,6.0
D4.2__Fig 2__SQUID_data__IVI_BS30_A1S1_I_contrl_+-0.15mA_285mK_191103__IVB__T_1p40K[0.000075750],1,1,3.4856914741747094,0.0,0.0,0.6115288220551379,0.0,0.0,1.0,6.0
D4.2__Fig 2__SQUID_data__IVI_BS30_A1S1_I_contrl_+-0.15mA_285mK_191103__IVB__T_1p40K[0.000076125],1,1,3.64001299488163,0.0,0.0,0.606516290726817,0.0,0.0,1.0,6.0
D4.2__Fig 2__SQUID_data__IVI_BS30_A1S1_I_contrl_+-0.15mA_285mK_191103__IVB__T_1p40K[0.000076500],1,1,3.5876094405623102,0.0,0.0,0.606516290726817,0.0,0.0,1.0,6.0
D4.2__Fig 2__SQUID_data__IVI_BS30_A1S1_I_contrl_+-0.15mA_285mK_191103__IVB__T_1p40K[0.000076875],1,1,3.459112421008717,0.0,0.0,0.6115288220551378,0.0,0.0,1.0,6.0
D4.2__Fig 2__SQUID_data__IVI_BS30_A1S1_I_contrl_+-0.15mA_285mK_191103__IVB__T_1p40K[0.000077250],1,1,3.4921920526631522,0.0,0.0,0.6115288220551378,0.0,0.0,1.0,6.0
D4.2__Fig 2__SQUID_data__IVI_BS30_A1S1_I_contrl_+-0.15mA_285mK_191103__IVB__T_1p40K[0.000077625],1,1,3.5061789862167454,0.0,0.0,0.6065162907268171,0.0,0.0,1.0,6.0
D4.2__Fig 2__SQUID_data__IVI_BS30_A1S1_I_contrl_+-0.15mA_285mK_191103__IVB__T_1p40K[0.000078000],1,1,3.500621214236285,0.0,0.0,0.6165413533834586,0.0,0.0,1.0,6.0
D4.2__Fig 2__SQUID_data__IVI_BS30_A1S1_I_contrl_+-0.15mA_285mK_191103__IVB__T_1p40K[0.000078375],1,1,3.556016772136425,0.0,0.0,0.6165413533834587,0.0,0.0,1.0,6.0
D4.2__Fig 2__SQUID_data__IVI_BS30_A1S1_I_contrl_+-0.15mA_285mK_191103__IVB__T_1p40K[0.000078750],1,1,3.597617440648322,0.0,0.0,0.6115288220551378,0.0,0.0,1.0,6.0
D4.2__Fig 2__SQUID_data__IVI_BS30_A1S1_I_contrl_+-0.15mA_285mK_191103__IVB__T_1p40K[0.000079125],1,1,3.679676171362873,0.0,0.0,0.6090225563909775,0.0,0.0,1.0,6.0
D4.2__Fig 2__SQUID_data__IVI_BS30_A1S1_I_contrl_+-0.15mA_285mK_191103__IVB__T_1p40K[0.000079500],1,1,3.72174639377862,0.0,0.0,0.6140350877192983,0.0,0.0,1.0,6.0
D4.2__Fig 2__SQUID_data__IVI_BS30_A1S1_I_contrl_+-0.15mA_285mK_191103__IVB__T_1p40K[0.000079875],1,1,3.755361017724555,0.0,0.0,0.6190476190476191,0.0,0.0,1.0,6.0
D4.2__Fig 2__SQUID_data__IVI_BS30_A1S1_I_contrl_+-0.15mA_285mK_191103__IVB__T_1p40K[0.000080250],1,1,3.5928172972899985,0.0,0.0,0.6215538847117794,0.0,0.0,1.0,6.0
D4.2__Fig 2__SQUID_data__IVI_BS30_A1S1_I_contrl_+-0.15mA_285mK_191103__IVB__T_1p40K[0.000080625],1,1,3.5076685314389335,0.0,0.0,0.6265664160401002,0.0,0.0,1.0,6.0
D4.2__Fig 2__SQUID_data__IVI_BS30_A1S1_I_contrl_+-0.15mA_285mK_191103__IVB__T_1p40K[0.000081000],1,1,3.624826215114192,0.0,0.0,0.6190476190476191,0.0,0.0,1.0,6.0
D4.2__Fig 2__SQUID_data__IVI_BS30_A1S1_I_contrl_+-0.15mA_285mK_191103__IVB__T_1p40K[0.000081375],1,1,3.5872545908078353,0.0,0.0,0.6265664160401003,0.0,0.0,1.0,6.0
D4.2__Fig 2__SQUID_data__IVI_BS30_A1S1_I_contrl_+-0.15mA_285mK_191103__IVB__T_1p40K[0.000081750],1,1,3.58273318377891,0.0,0.0,0.6290726817042607,0.0,0.0,1.0,6.0
D4.2__Fig 2__SQUID_data__IVI_BS30_A1S1_I_contrl_+-0.15mA_285mK_191103__IVB__T_1p40K[0.000082125],1,1,3.58252559267322,0.0,0.0,0.6290726817042606,0.0,0.0,1.0,6.0
D4.2__Fig 2__SQUID_data__IVI_BS30_A1S1_I_contrl_+-0.15mA_285mK_191103__IVB__T_1p40K[0.000082500],1,1,3.5199411443123156,0.0,0.0,0.6265664160401003,0.0,0.0,1.0,6.0
D4.2__Fig 2__SQUID_data__IVI_BS30_A1S1_I_contrl_+-0.15mA_285mK_191103__IVB__T_1p40K[0.000082875],1,1,3.555456184784078,0.0,0.0,0.6290726817042607,0.0,0.0,1.0,6.0
D4.2__Fig 2__SQUID_data__IVI_BS30_A1S1_I_contrl_+-0.15mA_285mK_191103__IVB__T_1p40K[0.000083250],1,1,3.5036980990085516,0.0,0.0,0.6315789473684209,0.0,0.0,1.0,6.0
D4.2__Fig 2__SQUID_data__IVI_BS30_A1S1_I_contrl_+-0.15mA_285mK_191103__IVB__T_1p40K[0.000083625],1,1,3.5790408724140423,0.0,0.0,0.6290726817042607,0.0,0.0,1.0,6.0
D4.2__Fig 2__SQUID_data__IVI_BS30_A1S1_I_contrl_+-0.15mA_285mK_191103__IVB__T_1p40K[0.000084000],1,1,3.6192003790025837,0.0,0.0,0.6340852130325814,0.0,0.0,1.0,6.0
D4.2__Fig 2__SQUID_data__IVI_BS30_A1S1_I_contrl_+-0.15mA_285mK_191103__IVB__T_1p40K[0.000084375],1,1,3.5886160206632973,0.0,0.0,0.6390977443609023,0.0,0.0,1.0,6.0
D4.2__Fig 2__SQUID_data__IVI_BS30_A1S1_I_contrl_+-0.15mA_285mK_191103__IVB__T_1p40K[0.000084750],1,1,3.764656653838034,0.0,0.0,0.6340852130325815,0.0,0.0,1.0,6.0
D4.2__Fig 2__SQUID_data__IVI_BS30_A1S1_I_contrl_+-0.15mA_285mK_191103__IVB__T_1p40K[0.000085125],1,1,3.9773265824498836,0.0,0.0,0.6340852130325814,0.0,0.0,1.0,6.0
D4.2__Fig 2__SQUID_data__IVI_BS30_A1S1_I_contrl_+-0.15mA_285mK_191103__IVB__T_1p40K[0.000085500],1,1,3.9942186687818717,0.0,0.0,0.6290726817042607,0.0,0.0,1.0,6.0
D4.2__Fig 2__SQUID_data__IVI_BS30_A1S1_I_contrl_+-0.15mA_285mK_191103__IVB__T_1p40K[0.000085875],1,1,3.8972739654969772,0.0,0.0,0.631578947368421,0.0,0.0,1.0,6.0
D4.2__Fig 2__SQUID_data__IVI_BS30_A1S1_I_contrl_+-0.15mA_285mK_191103__IVB__T_1p40K[0.000086250],1,1,3.7851340326410146,0.0,0.0,0.6365914786967419,0.0,0.0,1.0,6.0
D4.2__Fig 2__SQUID_data__IVI_BS30_A1S1_I_contrl_+-0.15mA_285mK_191103__IVB__T_1p40K[0.000086625],1,1,3.80636430815471,0.0,0.0,0.6416040100250626,0.0,0.0,1.0,6.0
D4.2__Fig 2__SQUID_data__IVI_BS30_A1S1_I_contrl_+-0.15mA_285mK_191103__IVB__T_1p40K[0.000087000],1,1,3.8256788370148285,0.0,0.0,0.6340852130325814,0.0,0.0,1.0,6.0
D4.2__Fig 2__SQUID_data__IVI_BS30_A1S1_I_contrl_+-0.15mA_285mK_191103__IVB__T_1p40K[0.000087375],1,1,3.8227356635987224,0.0,0.0,0.6290726817042606,0.0,0.0,1.0,6.0
D4.2__Fig 2__SQUID_data__IVI_BS30_A1S1_I_contrl_+-0.15mA_285mK_191103__IVB__T_1p40K[0.000087750],1,1,3.856110513237711,0.0,0.0,0.6390977443609022,0.0,0.0,1.0,6.0
D4.2__Fig 2__SQUID_data__IVI_BS30_A1S1_I_contrl_+-0.15mA_285mK_191103__IVB__T_1p40K[0.000088125],1,1,3.889357873509564,0.0,0.0,0.6340852130325816,0.0,0.0,1.0,6.0
D4.2__Fig 2__SQUID_data__IVI_BS30_A1S1_I_contrl_+-0.15mA_285mK_191103__IVB__T_1p40K[0.000088500],1,1,3.850773512025624,0.0,0.0,0.6390977443609023,0.0,0.0,1.0,6.0
D4.2__Fig 2__SQUID_data__IVI_BS30_A1S1_I_contrl_+-0.15mA_285mK_191103__IVB__T_1p40K[0.000088875],1,1,3.748856764373677,0.0,0.0,0.6365914786967418,0.0,0.0,1.0,6.0
D4.2__Fig 2__SQUID_data__IVI_BS30_A1S1_I_contrl_+-0.15mA_285mK_191103__IVB__T_1p40K[0.000089250],1,1,3.724540679803343,0.0,0.0,0.6365914786967419,0.0,0.0,1.0,6.0
D4.2__Fig 2__SQUID_data__IVI_BS30_A1S1_I_contrl_+-0.15mA_285mK_191103__IVB__T_1p40K[0.000089625],1,1,3.8181948731205986,0.0,0.0,0.6416040100250626,0.0,0.0,1.0,6.0
D4.2__Fig 2__SQUID_data__IVI_BS30_A1S1_I_contrl_+-0.15mA_285mK_191103__IVB__T_1p40K[0.000090000],1,1,3.751070877656501,0.0,0.0,0.6390977443609023,0.0,0.0,1.0,6.0
D4.2__Fig 2__SQUID_data__IVI_BS30_A1S1_I_contrl_+-0.15mA_285mK_191103__IVB__T_1p40K[0.000090375],1,1,3.8489861461441373,0.0,0.0,0.6416040100250626,0.0,0.0,1.0,6.0
D4.2__Fig 2__SQUID_data__IVI_BS30_A1S1_I_contrl_+-0.15mA_285mK_191103__IVB__T_1p40K[0.000090750],1,1,3.9323505223112103,0.0,0.0,0.6340852130325814,0.0,0.0,1.0,6.0
D4.2__Fig 2__SQUID_data__IVI_BS30_A1S1_I_contrl_+-0.15mA_285mK_191103__IVB__T_1p40K[0.000091125],1,1,3.9009334307854022,0.0,0.0,0.6340852130325815,0.0,0.0,1.0,6.0
D4.2__Fig 2__SQUID_data__IVI_BS30_A1S1_I_contrl_+-0.15mA_285mK_191103__IVB__T_1p40K[0.000091500],1,1,3.956595161491242,0.0,0.0,0.6315789473684211,0.0,0.0,1.0,6.0
D4.2__Fig 2__SQUID_data__IVI_BS30_A1S1_I_contrl_+-0.15mA_285mK_191103__IVB__T_1p40K[0.000091875],1,1,4.074689993181248,0.0,0.0,0.6315789473684211,0.0,0.0,1.0,6.0
D4.2__Fig 2__SQUID_data__IVI_BS30_A1S1_I_contrl_+-0.15mA_285mK_191103__IVB__T_1p40K[0.000092250],1,1,3.957978166616743,0.0,0.0,0.6390977443609022,0.0,0.0,1.0,6.0
D4.2__Fig 2__SQUID_data__IVI_BS30_A1S1_I_contrl_+-0.15mA_285mK_191103__IVB__T_1p40K[0.000092625],1,1,3.8707513406123795,0.0,0.0,0.6390977443609023,0.0,0.0,1.0,6.0
D4.2__Fig 2__SQUID_data__IVI_BS30_A1S1_I_contrl_+-0.15mA_285mK_191103__IVB__T_1p40K[0.000093000],1,1,3.7332797151228094,0.0,0.0,0.6416040100250626,0.0,0.0,1.0,6.0
D4.2__Fig 2__SQUID_data__IVI_BS30_A1S1_I_contrl_+-0.15mA_285mK_191103__IVB__T_1p40K[0.000093375],1,1,3.61208110693363,0.0,0.0,0.6466165413533835,0.0,0.0,1.0,6.0
D4.2__Fig 2__SQUID_data__IVI_BS30_A1S1_I_contrl_+-0.15mA_285mK_191103__IVB__T_1p40K[0.000093750],1,1,3.676281088887152,0.0,0.0,0.6416040100250626,0.0,0.0,1.0,6.0
D4.2__Fig 2__SQUID_data__IVI_BS30_A1S1_I_contrl_+-0.15mA_285mK_191103__IVB__T_1p40K[0.000094125],1,1,3.867927306448084,0.0,0.0,0.6365914786967417,0.0,0.0,1.0,6.0
D4.2__Fig 2__SQUID_data__IVI_BS30_A1S1_I_contrl_+-0.15mA_285mK_191103__IVB__T_1p40K[0.000094500],1,1,3.849376708992929,0.0,0.0,0.6340852130325815,0.0,0.0,1.0,6.0
D4.2__Fig 2__SQUID_data__IVI_BS30_A1S1_I_contrl_+-0.15mA_285mK_191103__IVB__T_1p40K[0.000094875],1,1,3.8559969576796567,0.0,0.0,0.6416040100250627,0.0,0.0,1.0,6.0
D4.2__Fig 2__SQUID_data__IVI_BS30_A1S1_I_contrl_+-0.15mA_285mK_191103__IVB__T_1p40K[0.000095250],1,1,3.806232326890968,0.0,0.0,0.6390977443609023,0.0,0.0,1.0,6.0
D4.2__Fig 2__SQUID_data__IVI_BS30_A1S1_I_contrl_+-0.15mA_285mK_191103__IVB__T_1p40K[0.000095625],1,1,3.851806429459923,0.0,0.0,0.6365914786967418,0.0,0.0,1.0,6.0
D4.2__Fig 2__SQUID_data__IVI_BS30_A1S1_I_contrl_+-0.15mA_285mK_191103__IVB__T_1p40K[0.000096000],1,1,3.801241516893783,0.0,0.0,0.6441102756892231,0.0,0.0,1.0,6.0
D4.2__Fig 2__SQUID_data__IVI_BS30_A1S1_I_contrl_+-0.15mA_285mK_191103__IVB__T_1p40K[0.000096375],1,1,3.9584033345625533,0.0,0.0,0.6390977443609023,0.0,0.0,1.0,6.0
D4.2__Fig 2__SQUID_data__IVI_BS30_A1S1_I_contrl_+-0.15mA_285mK_191103__IVB__T_1p40K[0.000096750],1,1,4.134992496834308,0.0,0.0,0.6290726817042607,0.0,0.0,1.0,6.0
D4.2__Fig 2__SQUID_data__IVI_BS30_A1S1_I_contrl_+-0.15mA_285mK_191103__IVB__T_1p40K[0.000097125],1,1,4.071195439496842,0.0,0.0,0.6365914786967418,0.0,0.0,1.0,6.0
D4.2__Fig 2__SQUID_data__IVI_BS30_A1S1_I_contrl_+-0.15mA_285mK_191103__IVB__T_1p40K[0.000097500],1,1,4.318282872700972,0.0,0.0,0.6315789473684211,0.0,0.0,1.0,6.0
D4.2__Fig 2__SQUID_data__IVI_BS30_A1S1_I_contrl_+-0.15mA_285mK_191103__IVB__T_1p40K[0.000097875],1,1,4.401103107072646,0.0,0.0,0.6265664160401003,0.0,0.0,1.0,6.0
D4.2__Fig 2__SQUID_data__IVI_BS30_A1S1_I_contrl_+-0.15mA_285mK_191103__IVB__T_1p40K[0.000098250],1,1,4.3305708504781215,0.0,0.0,0.6315789473684211,0.0,0.0,1.0,6.0
D4.2__Fig 2__SQUID_data__IVI_BS30_A1S1_I_contrl_+-0.15mA_285mK_191103__IVB__T_1p40K[0.000098625],1,1,4.35539397113359,0.0,0.0,0.6265664160401003,0.0,0.0,1.0,6.0
D4.2__Fig 2__SQUID_data__IVI_BS30_A1S1_I_contrl_+-0.15mA_285mK_191103__IVB__T_1p40K[0.000099000],1,1,4.2396329726997735,0.0,0.0,0.6265664160401002,0.0,0.0,1.0,6.0
D4.2__Fig 2__SQUID_data__IVI_BS30_A1S1_I_contrl_+-0.15mA_285mK_191103__IVB__T_1p40K[0.000099375],1,1,4.357768842489269,0.0,0.0,0.6290726817042607,0.0,0.0,1.0,6.0
D4.2__Fig 2__SQUID_data__IVI_BS30_A1S1_I_contrl_+-0.15mA_285mK_191103__IVB__T_1p40K[0.000099750],1,1,4.432543351041188,0.0,0.0,0.6265664160401002,0.0,0.0,1.0,6.0
D4.2__Fig 2__SQUID_data__IVI_BS30_A1S1_I_contrl_+-0.15mA_285mK_191103__IVB__T_1p40K[0.000100125],1,1,4.372751956824338,0.0,0.0,0.6240601503759399,0.0,0.0,1.0,6.0
D4.2__Fig 2__SQUID_data__IVI_BS30_A1S1_I_contrl_+-0.15mA_285mK_191103__IVB__T_1p40K[0.000100500],1,1,4.26965708791472,0.0,0.0,0.6365914786967418,0.0,0.0,1.0,6.0
D4.2__Fig 2__SQUID_data__IVI_BS30_A1S1_I_contrl_+-0.15mA_285mK_191103__IVB__T_1p40K[0.000100875],1,1,4.253256097162939,0.0,0.0,0.631578947368421,0.0,0.0,1.0,6.0
D4.2__Fig 2__SQUID_data__IVI_BS30_A1S1_I_contrl_+-0.15mA_285mK_191103__IVB__T_1p40K[0.000101250],1,1,4.189804422195203,0.0,0.0,0.6290726817042606,0.0,0.0,1.0,6.0
D4.2__Fig 2__SQUID_data__IVI_BS30_A1S1_I_contrl_+-0.15mA_285mK_191103__IVB__T_1p40K[0.000101625],1,1,4.402411061168784,0.0,0.0,0.6240601503759399,0.0,0.0,1.0,6.0
D4.2__Fig 2__SQUID_data__IVI_BS30_A1S1_I_contrl_+-0.15mA_285mK_191103__IVB__T_1p40K[0.000102000],1,1,4.53623873152067,0.0,0.0,0.6190476190476191,0.0,0.0,1.0,6.0
D4.2__Fig 2__SQUID_data__IVI_BS30_A1S1_I_contrl_+-0.15mA_285mK_191103__IVB__T_1p40K[0.000102375],1,1,4.768802454157503,0.0,0.0,0.6165413533834586,0.0,0.0,1.0,6.0
D4.2__Fig 2__SQUID_data__IVI_BS30_A1S1_I_contrl_+-0.15mA_285mK_191103__IVB__T_1p40K[0.000102750],1,1,4.64880660561761,0.0,0.0,0.6215538847117794,0.0,0.0,1.0,6.0
D4.2__Fig 2__SQUID_data__IVI_BS30_A1S1_I_contrl_+-0.15mA_285mK_191103__IVB__T_1p40K[0.000103125],1,1,4.593489133559807,0.0,0.0,0.6190476190476191,0.0,0.0,1.0,6.0
D4.2__Fig 2__SQUID_data__IVI_BS30_A1S1_I_contrl_+-0.15mA_285mK_191103__IVB__T_1p40K[0.000103500],1,1,4.590969480650328,0.0,0.0,0.6190476190476191,0.0,0.0,1.0,6.0
D4.2__Fig 2__SQUID_data__IVI_BS30_A1S1_I_contrl_+-0.15mA_285mK_191103__IVB__T_1p40K[0.000103875],1,1,4.765753240159399,0.0,0.0,0.6165413533834587,0.0,0.0,1.0,6.0
D4.2__Fig 2__SQUID_data__IVI_BS30_A1S1_I_contrl_+-0.15mA_285mK_191103__IVB__T_1p40K[0.000104250],1,1,4.682931770733108,0.0,0.0,0.6165413533834587,0.0,0.0,1.0,6.0
D4.2__Fig 2__SQUID_data__IVI_BS30_A1S1_I_contrl_+-0.15mA_285mK_191103__IVB__T_1p40K[0.000104625],1,1,4.553063551702657,0.0,0.0,0.6240601503759399,0.0,0.0,1.0,6.0
D4.2__Fig 2__SQUID_data__IVI_BS30_A1S1_I_contrl_+-0.15mA_285mK_191103__IVB__T_1p40K[0.000105000],1,1,4.582253163459308,0.0,0.0,0.6290726817042607,0.0,0.0,1.0,6.0
D4.2__Fig 2__SQUID_data__IVI_BS30_A1S1_I_contrl_+-0.15mA_285mK_191103__IVB__T_1p40K[0.000105375],1,1,4.580060561993073,0.0,0.0,0.6290726817042606,0.0,0.0,1.0,6.0
D4.2__Fig 2__SQUID_data__IVI_BS30_A1S1_I_contrl_+-0.15mA_285mK_191103__IVB__T_1p40K[0.000105750],1,1,4.42741170891998,0.0,0.0,0.6265664160401002,0.0,0.0,1.0,6.0
D4.2__Fig 2__SQUID_data__IVI_BS30_A1S1_I_contrl_+-0.15mA_285mK_191103__IVB__T_1p40K[0.000106125],1,1,4.594515189120609,0.0,0.0,0.6240601503759399,0.0,0.0,1.0,6.0
D4.2__Fig 2__SQUID_data__IVI_BS30_A1S1_I_contrl_+-0.15mA_285mK_191103__IVB__T_1p40K[0.000106500],1,1,4.731939222774261,0.0,0.0,0.619047619047619,0.0,0.0,1.0,6.0
D4.2__Fig 2__SQUID_data__IVI_BS30_A1S1_I_contrl_+-0.15mA_285mK_191103__IVB__T_1p40K[0.000106875],1,1,4.69613415725148,0.0,0.0,0.6215538847117795,0.0,0.0,1.0,6.0
D4.2__Fig 2__SQUID_data__IVI_BS30_A1S1_I_contrl_+-0.15mA_285mK_191103__IVB__T_1p40K[0.000107250],1,1,4.557639436143899,0.0,0.0,0.6265664160401002,0.0,0.0,1.0,6.0
D4.2__Fig 2__SQUID_data__IVI_BS30_A1S1_I_contrl_+-0.15mA_285mK_191103__IVB__T_1p40K[0.000107625],1,1,4.463157275387439,0.0,0.0,0.6315789473684211,0.0,0.0,1.0,6.0
D4.2__Fig 2__SQUID_data__IVI_BS30_A1S1_I_contrl_+-0.15mA_285mK_191103__IVB__T_1p40K[0.000108000],1,1,4.593643623020913,0.0,0.0,0.6290726817042607,0.0,0.0,1.0,6.0
D4.2__Fig 2__SQUID_data__IVI_BS30_A1S1_I_contrl_+-0.15mA_285mK_191103__IVB__T_1p40K[0.000108375],1,1,4.573286303826845,0.0,0.0,0.6240601503759398,0.0,0.0,1.0,6.0
D4.2__Fig 2__SQUID_data__IVI_BS30_A1S1_I_contrl_+-0.15mA_285mK_191103__IVB__T_1p40K[0.000108750],1,1,4.615592995919122,0.0,0.0,0.6215538847117795,0.0,0.0,1.0,6.0
D4.2__Fig 2__SQUID_data__IVI_BS30_A1S1_I_contrl_+-0.15mA_285mK_191103__IVB__T_1p40K[0.000109125],1,1,4.942652656168156,0.0,0.0,0.6165413533834586,0.0,0.0,1.0,6.0
D4.2__Fig 2__SQUID_data__IVI_BS30_A1S1_I_contrl_+-0.15mA_285mK_191103__IVB__T_1p40K[0.000109500],1,1,4.872003446656444,0.0,0.0,0.6140350877192983,0.0,0.0,1.0,6.0
D4.2__Fig 2__SQUID_data__IVI_BS30_A1S1_I_contrl_+-0.15mA_285mK_191103__IVB__T_1p40K[0.000109875],1,1,5.0142957119392,0.0,0.0,0.6190476190476191,0.0,0.0,1.0,6.0
D4.2__Fig 2__SQUID_data__IVI_BS30_A1S1_I_contrl_+-0.15mA_285mK_191103__IVB__T_1p40K[0.000110250],1,1,5.039046627495277,0.0,0.0,0.6115288220551379,0.0,0.0,1.0,6.0
D4.2__Fig 2__SQUID_data__IVI_BS30_A1S1_I_contrl_+-0.15mA_285mK_191103__IVB__T_1p40K[0.000110625],1,1,4.846949947076858,0.0,0.0,0.6140350877192984,0.0,0.0,1.0,6.0
D4.2__Fig 2__SQUID_data__IVI_BS30_A1S1_I_contrl_+-0.15mA_285mK_191103__IVB__T_1p40K[0.000111000],1,1,4.9554371163485404,0.0,0.0,0.6140350877192983,0.0,0.0,1.0,6.0
D4.2__Fig 2__SQUID_data__IVI_BS30_A1S1_I_contrl_+-0.15mA_285mK_191103__IVB__T_1p40K[0.000111375],1,1,4.773734403061741,0.0,0.0,0.6140350877192983,0.0,0.0,1.0,6.0
D4.2__Fig 2__SQUID_data__IVI_BS30_A1S1_I_contrl_+-0.15mA_285mK_191103__IVB__T_1p40K[0.000111750],1,1,4.883750205078812,0.0,0.0,0.6215538847117794,0.0,0.0,1.0,6.0
D4.2__Fig 2__SQUID_data__IVI_BS30_A1S1_I_contrl_+-0.15mA_285mK_191103__IVB__T_1p40K[0.000112125],1,1,5.078119543559382,0.0,0.0,0.6140350877192983,0.0,0.0,1.0,6.0
D4.2__Fig 2__SQUID_data__IVI_BS30_A1S1_I_contrl_+-0.15mA_285mK_191103__IVB__T_1p40K[0.000112500],1,1,5.136069926693353,0.0,0.0,0.6140350877192983,0.0,0.0,1.0,6.0
D4.2__Fig 2__SQUID_data__IVI_BS30_A1S1_I_contrl_+-0.15mA_285mK_191103__IVB__T_1p40K[0.000112875],1,1,5.122304752724657,0.0,0.0,0.6115288220551378,0.0,0.0,1.0,6.0
D4.2__Fig 2__SQUID_data__IVI_BS30_A1S1_I_contrl_+-0.15mA_285mK_191103__IVB__T_1p40K[0.000113250],1,1,5.277046823845119,0.0,0.0,0.6140350877192983,0.0,0.0,1.0,6.0
D4.2__Fig 2__SQUID_data__IVI_BS30_A1S1_I_contrl_+-0.15mA_285mK_191103__IVB__T_1p40K[0.000113625],1,1,5.317227313487955,0.0,0.0,0.6115288220551377,0.0,0.0,1.0,6.0
D4.2__Fig 2__SQUID_data__IVI_BS30_A1S1_I_contrl_+-0.15mA_285mK_191103__IVB__T_1p40K[0.000114000],1,1,5.356620643386155,0.0,0.0,0.6090225563909774,0.0,0.0,1.0,6.0
D4.2__Fig 2__SQUID_data__IVI_BS30_A1S1_I_contrl_+-0.15mA_285mK_191103__IVB__T_1p40K[0.000114375],1,1,5.57251639775962,0.0,0.0,0.6065162907268171,0.0,0.0,1.0,6.0
D4.2__Fig 2__SQUID_data__IVI_BS30_A1S1_I_contrl_+-0.15mA_285mK_191103__IVB__T_1p40K[0.000114750],1,1,5.415450269019795,0.0,0.0,0.6090225563909776,0.0,0.0,1.0,6.0
D4.2__Fig 2__SQUID_data__IVI_BS30_A1S1_I_contrl_+-0.15mA_285mK_191103__IVB__T_1p40K[0.000115125],1,1,5.361848457781347,0.0,0.0,0.6140350877192983,0.0,0.0,1.0,6.0
D4.2__Fig 2__SQUID_data__IVI_BS30_A1S1_I_contrl_+-0.15mA_285mK_191103__IVB__T_1p40K[0.000115500],1,1,5.369405214937211,0.0,0.0,0.6090225563909775,0.0,0.0,1.0,6.0
D4.2__Fig 2__SQUID_data__IVI_BS30_A1S1_I_contrl_+-0.15mA_285mK_191103__IVB__T_1p40K[0.000115875],1,1,5.449369318677815,0.0,0.0,0.6115288220551378,0.0,0.0,1.0,6.0
D4.2__Fig 2__SQUID_data__IVI_BS30_A1S1_I_contrl_+-0.15mA_285mK_191103__IVB__T_1p40K[0.000116250],1,1,5.3322391922927945,0.0,0.0,0.6090225563909775,0.0,0.0,1.0,6.0
D4.2__Fig 2__SQUID_data__IVI_BS30_A1S1_I_contrl_+-0.15mA_285mK_191103__IVB__T_1p40K[0.000116625],1,1,5.541625047681197,0.0,0.0,0.5989974937343358,0.0,0.0,1.0,6.0
D4.2__Fig 2__SQUID_data__IVI_BS30_A1S1_I_contrl_+-0.15mA_285mK_191103__IVB__T_1p40K[0.000117000],1,1,6.021999848310745,0.0,0.0,0.5939849624060151,0.0,0.0,1.0,6.0
D4.2__Fig 2__SQUID_data__IVI_BS30_A1S1_I_contrl_+-0.15mA_285mK_191103__IVB__T_1p40K[0.000117375],1,1,5.889179965562437,0.0,0.0,0.6015037593984963,0.0,0.0,1.0,6.0
D4.2__Fig 2__SQUID_data__IVI_BS30_A1S1_I_contrl_+-0.15mA_285mK_191103__IVB__T_1p40K[0.000117750],1,1,5.98697406501406,0.0,0.0,0.5939849624060151,0.0,0.0,1.0,6.0
D4.2__Fig 2__SQUID_data__IVI_BS30_A1S1_I_contrl_+-0.15mA_285mK_191103__IVB__T_1p40K[0.000118125],1,1,6.206992088753341,0.0,0.0,0.5889724310776943,0.0,0.0,1.0,6.0
D4.2__Fig 2__SQUID_data__IVI_BS30_A1S1_I_contrl_+-0.15mA_285mK_191103__IVB__T_1p40K[0.000118500],1,1,6.488978932292759,0.0,0.0,0.5864661654135338,0.0,0.0,1.0,6.0
D4.2__Fig 2__SQUID_data__IVI_BS30_A1S1_I_contrl_+-0.15mA_285mK_191103__IVB__T_1p40K[0.000118875],1,1,6.484673589018486,0.0,0.0,0.5864661654135339,0.0,0.0,1.0,6.0
D4.2__Fig 2__SQUID_data__IVI_BS30_A1S1_I_contrl_+-0.15mA_285mK_191103__IVB__T_1p40K[0.000119250],1,1,6.523171047155751,0.0,0.0,0.593984962406015,0.0,0.0,1.0,6.0
D4.2__Fig 2__SQUID_data__IVI_BS30_A1S1_I_contrl_+-0.15mA_285mK_191103__IVB__T_1p40K[0.000119625],1,1,6.2291318299757075,0.0,0.0,0.5764411027568922,0.0,0.0,1.0,6.0
D4.2__Fig 2__SQUID_data__IVI_BS30_A1S1_I_contrl_+-0.15mA_285mK_191103__IVB__T_1p40K[0.000120000],1,1,6.015838613590859,0.0,0.0,0.5889724310776941,0.0,0.0,1.0,6.0
D4.2__Fig 2__SQUID_data__IVI_BS30_A1S1_I_contrl_+-0.15mA_285mK_191103__IVB__T_1p40K[0.000120375],1,1,6.1471963071938704,0.0,0.0,0.5889724310776944,0.0,0.0,1.0,6.0
D4.2__Fig 2__SQUID_data__IVI_BS30_A1S1_I_contrl_+-0.15mA_285mK_191103__IVB__T_1p40K[0.000120750],1,1,6.283639254030549,0.0,0.0,0.5889724310776943,0.0,0.0,1.0,6.0
D4.2__Fig 2__SQUID_data__IVI_BS30_A1S1_I_contrl_+-0.15mA_285mK_191103__IVB__T_1p40K[0.000121125],1,1,6.347929522965119,0.0,0.0,0.581453634085213,0.0,0.0,1.0,6.0
D4.2__Fig 2__SQUID_data__IVI_BS30_A1S1_I_contrl_+-0.15mA_285mK_191103__IVB__T_1p40K[0.000121500],1,1,6.509897076952934,0.0,0.0,0.5864661654135338,0.0,0.0,1.0,6.0
D4.2__Fig 2__SQUID_data__IVI_BS30_A1S1_I_contrl_+-0.15mA_285mK_191103__IVB__T_1p40K[0.000121875],1,1,6.648648914126779,0.0,0.0,0.5864661654135339,0.0,0.0,1.0,6.0
D4.2__Fig 2__SQUID_data__IVI_BS30_A1S1_I_contrl_+-0.15mA_285mK_191103__IVB__T_1p40K[0.000122250],1,1,6.985349505870215,0.0,0.0,0.568922305764411,0.0,0.0,1.0,6.0
D4.2__Fig 2__SQUID_data__IVI_BS30_A1S1_I_contrl_+-0.15mA_285mK_191103__IVB__T_1p40K[0.000122625],1,1,6.987174604712606,0.0,0.0,0.5764411027568923,0.0,0.0,1.0,6.0
D4.2__Fig 2__SQUID_data__IVI_BS30_A1S1_I_contrl_+-0.15mA_285mK_191103__IVB__T_1p40K[0.000123000],1,1,7.245598507498983,0.0,0.0,0.5714285714285715,0.0,0.0,1.0,6.0
D4.2__Fig 2__SQUID_data__IVI_BS30_A1S1_I_contrl_+-0.15mA_285mK_191103__IVB__T_1p40K[0.000123375],1,1,7.168915396361387,0.0,0.0,0.5739348370927317,0.0,0.0,1.0,6.0
D4.2__Fig 2__SQUID_data__IVI_BS30_A1S1_I_contrl_+-0.15mA_285mK_191103__IVB__T_1p40K[0.000123750],1,1,7.309523722579484,0.0,0.0,0.5789473684210527,0.0,0.0,1.0,6.0
D4.2__Fig 2__SQUID_data__IVI_BS30_A1S1_I_contrl_+-0.15mA_285mK_191103__IVB__T_1p40K[0.000124125],1,1,7.341530402347701,0.0,0.0,0.5789473684210527,0.0,0.0,1.0,6.0
D4.2__Fig 2__SQUID_data__IVI_BS30_A1S1_I_contrl_+-0.15mA_285mK_191103__IVB__T_1p40K[0.000124500],1,1,6.755626612002036,0.0,0.0,0.5839598997493736,0.0,0.0,1.0,6.0
D4.2__Fig 2__SQUID_data__IVI_BS30_A1S1_I_contrl_+-0.15mA_285mK_191103__IVB__T_1p40K[0.000124875],1,1,6.439039466659418,0.0,0.0,0.5889724310776944,0.0,0.0,1.0,6.0
D4.2__Fig 2__SQUID_data__IVI_BS30_A1S1_I_contrl_+-0.15mA_285mK_191103__IVB__T_1p40K[0.000125250],1,1,6.684380982292186,0.0,0.0,0.5839598997493733,0.0,0.0,1.0,6.0
D4.2__Fig 2__SQUID_data__IVI_BS30_A1S1_I_contrl_+-0.15mA_285mK_191103__IVB__T_1p40K[0.000125625],1,1,7.355061669419372,0.0,0.0,0.5789473684210527,0.0,0.0,1.0,6.0
D4.2__Fig 2__SQUID_data__IVI_BS30_A1S1_I_contrl_+-0.15mA_285mK_191103__IVB__T_1p40K[0.000126000],1,1,7.70533185898318,0.0,0.0,0.5739348370927317,0.0,0.0,1.0,6.0
D4.2__Fig 2__SQUID_data__IVI_BS30_A1S1_I_contrl_+-0.15mA_285mK_191103__IVB__T_1p40K[0.000126375],1,1,8.500268795118169,0.0,0.0,0.5588972431077694,0.0,0.0,1.0,6.0
D4.2__Fig 2__SQUID_data__IVI_BS30_A1S1_I_contrl_+-0.15mA_285mK_191103__IVB__T_1p40K[0.000126750],1,1,8.676780912643194,0.0,0.0,0.5538847117794486,0.0,0.0,1.0,6.0
D4.2__Fig 2__SQUID_data__IVI_BS30_A1S1_I_contrl_+-0.15mA_285mK_191103__IVB__T_1p40K[0.000127125],1,1,8.371605013768733,0.0,0.0,0.5614035087719297,0.0,0.0,1.0,6.0
D4.2__Fig 2__SQUID_data__IVI_BS30_A1S1_I_contrl_+-0.15mA_285mK_191103__IVB__T_1p40K[0.000127500],1,1,7.509870627878489,0.0,0.0,0.5664160401002506,0.0,0.0,1.0,6.0
D4.2__Fig 2__SQUID_data__IVI_BS30_A1S1_I_contrl_+-0.15mA_285mK_191103__IVB__T_1p40K[0.000127875],1,1,7.970004864991651,0.0,0.0,0.5639097744360902,0.0,0.0,1.0,6.0
D4.2__Fig 2__SQUID_data__IVI_BS30_A1S1_I_contrl_+-0.15mA_285mK_191103__IVB__T_1p40K[0.000128250],1,1,7.918470168296959,0.0,0.0,0.5739348370927319,0.0,0.0,1.0,6.0
D4.2__Fig 2__SQUID_data__IVI_BS30_A1S1_I_contrl_+-0.15mA_285mK_191103__IVB__T_1p40K[0.000128625],1,1,7.97199787741248,0.0,0.0,0.5614035087719298,0.0,0.0,1.0,6.0
D4.2__Fig 2__SQUID_data__IVI_BS30_A1S1_I_contrl_+-0.15mA_285mK_191103__IVB__T_1p40K[0.000129000],1,1,8.936055978997492,0.0,0.0,0.556390977443609,0.0,0.0,1.0,6.0
D4.2__Fig 2__SQUID_data__IVI_BS30_A1S1_I_contrl_+-0.15mA_285mK_191103__IVB__T_1p40K[0.000129375],1,1,9.159090852923045,0.0,0.0,0.5513784461152882,0.0,0.0,1.0,6.0
D4.2__Fig 2__SQUID_data__IVI_BS30_A1S1_I_contrl_+-0.15mA_285mK_191103__IVB__T_1p40K[0.000129750],1,1,8.887622033805245,0.0,0.0,0.5513784461152883,0.0,0.0,1.0,6.0
D4.2__Fig 2__SQUID_data__IVI_BS30_A1S1_I_contrl_+-0.15mA_285mK_191103__IVB__T_1p40K[0.000130125],1,1,8.480719208917575,0.0,0.0,0.5463659147869675,0.0,0.0,1.0,6.0
D4.2__Fig 2__SQUID_data__IVI_BS30_A1S1_I_contrl_+-0.15mA_285mK_191103__IVB__T_1p40K[0.000130500],1,1,7.86846712570168,0.0,0.0,0.5614035087719298,0.0,0.0,1.0,6.0
D4.2__Fig 2__SQUID_data__IVI_BS30_A1S1_I_contrl_+-0.15mA_285mK_191103__IVB__T_1p40K[0.000130875],1,1,8.979134789689972,0.0,0.0,0.556390977443609,0.0,0.0,1.0,6.0
D4.2__Fig 2__SQUID_data__IVI_BS30_A1S1_I_contrl_+-0.15mA_285mK_191103__IVB__T_1p40K[0.000131250],1,1,8.948698639802231,0.0,0.0,0.543859649122807,0.0,0.0,1.0,6.0
D4.2__Fig 2__SQUID_data__IVI_BS30_A1S1_I_contrl_+-0.15mA_285mK_191103__IVB__T_1p40K[0.000131625],1,1,8.472740868371456,0.0,0.0,0.5588972431077693,0.0,0.0,1.0,6.0
D4.2__Fig 2__SQUID_data__IVI_BS30_A1S1_I_contrl_+-0.15mA_285mK_191103__IVB__T_1p40K[0.000132000],1,1,8.617664048372994,0.0,0.0,0.5588972431077694,0.0,0.0,1.0,6.0
D4.2__Fig 2__SQUID_data__IVI_BS30_A1S1_I_contrl_+-0.15mA_285mK_191103__IVB__T_1p40K[0.000132375],1,1,8.410206426458071,0.0,0.0,0.5488721804511278,0.0,0.0,1.0,6.0
D4.2__Fig 2__SQUID_data__IVI_BS30_A1S1_I_contrl_+-0.15mA_285mK_191103__IVB__T_1p40K[0.000132750],1,1,9.09779764461074,0.0,0.0,0.5388471177944861,0.0,0.0,1.0,6.0
D4.2__Fig 2__SQUID_data__IVI_BS30_A1S1_I_contrl_+-0.15mA_285mK_191103__IVB__T_1p40K[0.000133125],1,1,9.24996111173016,0.0,0.0,0.5413533834586466,0.0,0.0,1.0,6.0
D4.2__Fig 2__SQUID_data__IVI_BS30_A1S1_I_contrl_+-0.15mA_285mK_191103__IVB__T_1p40K[0.000133500],1,1,8.62655103439996,0.0,0.0,0.5488721804511277,0.0,0.0,1.0,6.0
D4.2__Fig 2__SQUID_data__IVI_BS30_A1S1_I_contrl_+-0.15mA_285mK_191103__IVB__T_1p40K[0.000133875],1,1,8.438366556679233,0.0,0.0,0.5513784461152882,0.0,0.0,1.0,6.0
D4.2__Fig 2__SQUID_data__IVI_BS30_A1S1_I_contrl_+-0.15mA_285mK_191103__IVB__T_1p40K[0.000134250],1,1,7.573694322449455,0.0,0.0,0.5614035087719299,0.0,0.0,1.0,6.0
D4.2__Fig 2__SQUID_data__IVI_BS30_A1S1_I_contrl_+-0.15mA_285mK_191103__IVB__T_1p40K[0.000134625],1,1,8.001676101567904,0.0,0.0,0.5513784461152882,0.0,0.0,1.0,6.0
D4.2__Fig 2__SQUID_data__IVI_BS30_A1S1_I_contrl_+-0.15mA_285mK_191103__IVB__T_1p40K[0.000135000],1,1,7.775474840808833,0.0,0.0,0.5538847117794486,0.0,0.0,1.0,6.0
D4.2__Fig 2__SQUID_data__IVI_BS30_A1S1_I_contrl_+-0.15mA_285mK_191103__IVB__T_1p40K[0.000135375],1,1,7.7847131930562865,0.0,0.0,0.5538847117794486,0.0,0.0,1.0,6.0
D4.2__Fig 2__SQUID_data__IVI_BS30_A1S1_I_contrl_+-0.15mA_285mK_191103__IVB__T_1p40K[0.000135750],1,1,7.512402171631799,0.0,0.0,0.5538847117794486,0.0,0.0,1.0,6.0
D4.2__Fig 2__SQUID_data__IVI_BS30_A1S1_I_contrl_+-0.15mA_285mK_191103__IVB__T_1p40K[0.000136125],1,1,15.550886677689975,0.0,0.0,0.9949874686716792,0.0,0.0,1.0,6.0
D4.2__Fig 2__SQUID_data__IVI_BS30_A1S1_I_contrl_+-0.15mA_285mK_191103__IVB__T_1p40K[0.000136500],1,1,7.66579025904738,0.0,0.0,0.5513784461152883,0.0,0.0,1.0,6.0
D4.2__Fig 2__SQUID_data__IVI_BS30_A1S1_I_contrl_+-0.15mA_285mK_191103__IVB__T_1p40K[0.000136875],1,1,20.035330152187058,0.0,0.0,0.9949874686716792,0.0,0.0,1.0,6.0
D4.2__Fig 2__SQUID_data__IVI_BS30_A1S1_I_contrl_+-0.15mA_285mK_191103__IVB__T_1p40K[0.000137250],1,1,9.05323801712582,0.0,0.0,0.5388471177944862,0.0,0.0,1.0,6.0
D4.2__Fig 2__SQUID_data__IVI_BS30_A1S1_I_contrl_+-0.15mA_285mK_191103__IVB__T_1p40K[0.000137625],1,1,20.02901568003066,0.0,0.0,0.9949874686716792,0.0,0.0,1.0,6.0
D4.2__Fig 2__SQUID_data__IVI_BS30_A1S1_I_contrl_+-0.15mA_285mK_191103__IVB__T_1p40K[0.000138000],1,1,8.483937667023056,0.0,0.0,0.5388471177944862,0.0,0.0,1.0,6.0
D4.2__Fig 2__SQUID_data__IVI_BS30_A1S1_I_contrl_+-0.15mA_285mK_191103__IVB__T_1p40K[0.000138375],1,1,19.329423353439978,0.0,0.0,0.9949874686716792,0.0,0.0,1.0,6.0
D4.2__Fig 2__SQUID_data__IVI_BS30_A1S1_I_contrl_+-0.15mA_285mK_191103__IVB__T_1p40K[0.000138750],1,1,8.25244029877231,0.0,0.0,0.5238095238095238,0.0,0.0,1.0,6.0
D4.2__Fig 2__SQUID_data__IVI_BS30_A1S1_I_contrl_+-0.15mA_285mK_191103__IVB__T_1p40K[0.000139125],1,1,9.369392840440838,0.0,0.0,0.5137844611528822,0.0,0.0,1.0,6.0
D4.2__Fig 2__SQUID_data__IVI_BS30_A1S1_I_contrl_+-0.15mA_285mK_191103__IVB__T_1p40K[0.000139500],1,1,8.575850555914277,0.0,0.0,0.5162907268170426,0.0,0.0,1.0,6.0
D4.2__Fig 2__SQUID_data__IVI_BS30_A1S1_I_contrl_+-0.15mA_285mK_191103__IVB__T_1p40K[0.000139875],1,1,20.34840732104416,0.0,0.0,0.9949874686716792,0.0,0.0,1.0,6.0
D4.2__Fig 2__SQUID_data__IVI_BS30_A1S1_I_contrl_+-0.15mA_285mK_191103__IVB__T_1p40K[0.000140250],1,1,20.416445032810373,0.0,0.0,0.9949874686716791,0.0,0.0,1.0,6.0
D4.2__Fig 2__SQUID_data__IVI_BS30_A1S1_I_contrl_+-0.15mA_285mK_191103__IVB__T_1p40K[0.000140625],1,1,7.969759105360964,0.0,0.0,0.5363408521303259,0.0,0.0,1.0,6.0
D4.2__Fig 2__SQUID_data__IVI_BS30_A1S1_I_contrl_+-0.15mA_285mK_191103__IVB__T_1p40K[0.000141000],1,1,22.497101052157422,0.0,0.0,0.9949874686716791,0.0,0.0,1.0,6.0
D4.2__Fig 2__SQUID_data__IVI_BS30_A1S1_I_contrl_+-0.15mA_285mK_191103__IVB__T_1p40K[0.000141375],1,1,23.219718142073887,0.0,0.0,0.9949874686716792,0.0,0.0,1.0,6.0
D4.2__Fig 2__SQUID_data__IVI_BS30_A1S1_I_contrl_+-0.15mA_285mK_191103__IVB__T_1p40K[0.000141750],1,1,29.94271118329934,0.0,0.0,0.9949874686716791,0.0,0.0,1.0,6.0
D4.2__Fig 2__SQUID_data__IVI_BS30_A1S1_I_contrl_+-0.15mA_285mK_191103__IVB__T_1p40K[0.000142125],1,1,9.470146580845608,0.0,0.0,0.4987468671679198,0.0,0.0,1.0,6.0
D4.2__Fig 2__SQUID_data__IVI_BS30_A1S1_I_contrl_+-0.15mA_285mK_191103__IVB__T_1p40K[0.000142500],1,1,9.923811576199059,0.0,0.0,0.5413533834586466,0.0,0.0,1.0,6.0
D4.2__Fig 2__SQUID_data__IVI_BS30_A1S1_I_contrl_+-0.15mA_285mK_191103__IVB__T_1p40K[0.000142875],1,1,34.21667397315901,0.0,0.0,0.9949874686716792,0.0,0.0,1.0,6.0
D4.2__Fig 2__SQUID_data__IVI_BS30_A1S1_I_contrl_+-0.15mA_285mK_191103__IVB__T_1p40K[0.000143250],1,1,9.914968633237544,0.0,0.0,0.49122807017543857,0.0,0.0,1.0,6.0
D4.2__Fig 2__SQUID_data__IVI_BS30_A1S1_I_contrl_+-0.15mA_285mK_191103__IVB__T_1p40K[0.000143625],1,1,9.717077254430444,0.0,0.0,0.4962406015037593,0.0,0.0,1.0,6.0
D4.2__Fig 2__SQUID_data__IVI_BS30_A1S1_I_contrl_+-0.15mA_285mK_191103__IVB__T_1p40K[0.000144000],1,1,9.861336376799924,0.0,0.0,0.4786967418546366,0.0,0.0,1.0,6.0
D4.2__Fig 2__SQUID_data__IVI_BS30_A1S1_I_contrl_+-0.15mA_285mK_191103__IVB__T_1p40K[0.000144375],1,1,11.55651248394364,0.0,0.0,0.4761904761904762,0.0,0.0,1.0,6.0
D4.2__Fig 2__SQUID_data__IVI_BS30_A1S1_I_contrl_+-0.15mA_285mK_191103__IVB__T_1p40K[0.000144750],1,1,38.31565049990188,0.0,0.0,0.9949874686716792,0.0,0.0,1.0,6.0
D4.2__Fig 2__SQUID_data__IVI_BS30_A1S1_I_contrl_+-0.15mA_285mK_191103__IVB__T_1p40K[0.000145125],1,1,31.550582257919867,0.0,0.0,0.9949874686716792,0.0,0.0,1.0,6.0
D4.2__Fig 2__SQUID_data__IVI_BS30_A1S1_I_contrl_+-0.15mA_285mK_191103__IVB__T_1p40K[0.000145500],1,1,33.729680178732934,0.0,0.0,0.9949874686716793,0.0,0.0,1.0,6.0
D4.2__Fig 2__SQUID_data__IVI_BS30_A1S1_I_contrl_+-0.15mA_285mK_191103__IVB__T_1p40K[0.000145875],1,1,43.813592930824285,0.0,0.0,0.9949874686716792,0.0,0.0,1.0,6.0
D4.2__Fig 2__SQUID_data__IVI_BS30_A1S1_I_contrl_+-0.15mA_285mK_191103__IVB__T_1p40K[0.000146250],1,1,47.991693940489164,0.0,0.0,0.9949874686716792,0.0,0.0,1.0,6.0
D4.2__Fig 2__SQUID_data__IVI_BS30_A1S1_I_contrl_+-0.15mA_285mK_191103__IVB__T_1p40K[0.000146625],1,1,11.6786916770907,0.0,0.0,0.4661654135338346,0.0,0.0,1.0,6.0
D4.2__Fig 2__SQUID_data__IVI_BS30_A1S1_I_contrl_+-0.15mA_285mK_191103__IVB__T_1p40K[0.000147000],1,1,11.925688301968837,0.0,0.0,0.4736842105263158,0.0,0.0,1.0,6.0
D4.2__Fig 2__SQUID_data__IVI_BS30_A1S1_I_contrl_+-0.15mA_285mK_191103__IVB__T_1p40K[0.000147375],1,1,11.27045543673012,0.0,0.0,0.41604010025062665,0.0,0.0,1.0,6.0
D4.2__Fig 2__SQUID_data__IVI_BS30_A1S1_I_contrl_+-0.15mA_285mK_191103__IVB__T_1p40K[0.000147750],1,1,12.055729625863734,0.0,0.0,0.47117794486215536,0.0,0.0,1.0,6.0
D4.2__Fig 2__SQUID_data__IVI_BS30_A1S1_I_contrl_+-0.15mA_285mK_191103__IVB__T_1p40K[0.000148125],1,1,12.604893641661098,0.0,0.0,0.4461152882205514,0.0,0.0,1.0,6.0
D4.2__Fig 2__SQUID_data__IVI_BS30_A1S1_I_contrl_+-0.15mA_285mK_191103__IVB__T_1p40K[0.000148500],1,1,14.835625493111294,0.0,0.0,0.5137844611528822,0.0,0.0,1.0,6.0
D4.2__Fig 2__SQUID_data__IVI_BS30_A1S1_I_contrl_+-0.15mA_285mK_191103__IVB__T_1p40K[0.000148875],1,1,13.981612574172058,0.0,0.0,0.46115288220551387,0.0,0.0,1.0,6.0
D4.2__Fig 2__SQUID_data__IVI_BS30_A1S1_I_contrl_+-0.15mA_285mK_191103__IVB__T_1p40K[0.000149250],1,1,15.886197445267307,0.0,0.0,0.3659147869674185,0.0,0.0,1.0,6.0
D4.2__Fig 2__SQUID_data__IVI_BS30_A1S1_I_contrl_+-0.15mA_285mK_191103__IVB__T_1p40K[0.000149625],1,1,18.559398139452178,0.0,0.0,0.40350877192982454,0.0,0.0,1.0,6.0
