file_id,branch_id,branch_dir,n_points,monotonicity
"D4.2__Fig 1__IV_data__IV_BS16_C1S1_Vpp_7p500_FRQ_11_AVG_100_Vgain_2E3_Igain_1E5_Rb_0E0_Rser_0E0_____Temp_2.740E-1K_MEASres_1p4E1_Thu,May2,2019_82950PM",0,up,2525,0.9996038034865293
"D4.2__Fig 1__IV_data__IV_BS16_C1S1_Vpp_7p500_FRQ_11_AVG_100_Vgain_2E3_Igain_1E5_Rb_0E0_Rser_0E0_____Temp_2.740E-1K_MEASres_1p4E1_Thu,May2,2019_82950PM",1,down,5023,0.9998008761449622
"D4.2__Fig 1__IV_data__IV_BS16_C1S1_Vpp_7p500_FRQ_11_AVG_100_Vgain_2E3_Igain_1E5_Rb_0E0_Rser_0E0_____Temp_2.740E-1K_MEASres_1p4E1_Thu,May2,2019_82950PM",2,up,2452,1.0
D4.2__Fig 2__SQUID_data__IVB_BS30_A1S1_I_coil_+-0.3mA_fine_284mK_191103__IVB__T_1p40K[-0.000000750],0,up,2521,0.9992063492063492
D4.2__Fig 2__SQUID_data__IVB_BS30_A1S1_I_coil_+-0.3mA_fine_284mK_191103__IVB__T_1p40K[-0.000000750],1,down,5000,0.9995999199839968
D4.2__Fig 2__SQUID_data__IVB_BS30_A1S1_I_coil_+-0.3mA_fine_284mK_191103__IVB__T_1p40K[-0.000000750],2,up,2479,1.0
D4.2__Fig 2__SQUID_data__IVB_BS30_A1S1_I_coil_+-0.3mA_fine_284mK_191103__IVB__T_1p40K[-0.000001500],0,up,2521,0.9992063492063492
D4.2__Fig 2__SQUID_data__IVB_BS30_A1S1_I_coil_+-0.3mA_fine_284mK_191103__IVB__T_1p40K[-0.000001500],1,down,5000,0.9995999199839968
D4.2__Fig 2__SQUID_data__IVB_BS30_A1S1_I_coil_+-0.3mA_fine_284mK_191103__IVB__T_1p40K[-0.000001500],2,up,2479,1.0
D4.2__Fig 2__SQUID_data__IVB_BS30_A1S1_I_coil_+-0.3mA_fine_284mK_191103__IVB__T_1p40K[-0.000002250],0,up,2521,0.9992063492063492
D4.2__Fig 2__SQUID_data__IVB_BS30_A1S1_I_coil_+-0.3mA_fine_284mK_191103__IVB__T_1p40K[-0.000002250],1,down,5001,0.9996
D4.2__Fig 2__SQUID_data__IVB_BS30_A1S1_I_coil_+-0.3mA_fine_284mK_191103__IVB__T_1p40K[-0.000002250],2,up,2478,1.0
D4.2__Fig 2__SQUID_data__IVB_BS30_A1S1_I_coil_+-0.3mA_fine_284mK_191103__IVB__T_1p40K[-0.000003000],0,up,2521,0.9988095238095238
D4.2__Fig 2__SQUID_data__IVB_BS30_A1S1_I_coil_+-0.3mA_fine_284mK_191103__IVB__T_1p40K[-0.000003000],1,down,5000,0.9997999599919984
D4.2__Fig 2__SQUID_data__IVB_BS30_A1S1_I_coil_+-0.3mA_fine_284mK_191103__IVB__T_1p40K[-0.000003000],2,up,2479,1.0
D4.2__Fig 2__SQUID_data__IVB_BS30_A1S1_I_coil_+-0.3mA_fine_284mK_191103__IVB__T_1p40K[-0.000003750],0,up,2521,0.9988095238095238
D4.2__Fig 2__SQUID_data__IVB_BS30_A1S1_I_coil_+-0.3mA_fine_284mK_191103__IVB__T_1p40K[-0.000003750],1,down,5000,0.9995999199839968
D4.2__Fig 2__SQUID_data__IVB_BS30_A1S1_I_coil_+-0.3mA_fine_284mK_191103__IVB__T_1p40K[-0.000003750],2,up,2479,1.0
D4.2__Fig 2__SQUID_data__IVB_BS30_A1S1_I_coil_+-0.3mA_fine_284mK_191103__IVB__T_1p40K[-0.000004500],0,up,2521,0.9996031746031746
D4.2__Fig 2__SQUID_data__IVB_BS30_A1S1_I_coil_+-0.3mA_fine_284mK_191103__IVB__T_1p40K[-0.000004500],1,down,5000,0.9995999199839968
D4.2__Fig 2__SQUID_data__IVB_BS30_A1S1_I_coil_+-0.3mA_fine_284mK_191103__IVB__T_1p40K[-0.000004500],2,up,2479,1.0
D4.2__Fig 2__SQUID_data__IVB_BS30_A1S1_I_coil_+-0.3mA_fine_284mK_191103__IVB__T_1p40K[-0.000005250],0,up,2520,0.999206034140532
D4.2__Fig 2__SQUID_data__IVB_BS30_A1S1_I_coil_+-0.3mA_fine_284mK_191103__IVB__T_1p40K[-0.000005250],1,down,5001,0.9998
D4.2__Fig 2__SQUID_data__IVB_BS30_A1S1_I_coil_+-0.3mA_fine_284mK_191103__IVB__T_1p40K[-0.000005250],2,up,2479,1.0
D4.2__Fig 2__SQUID_data__IVB_BS30_A1S1_I_coil_+-0.3mA_fine_284mK_191103__IVB__T_1p40K[-0.000006000],0,up,2520,0.999603017070266
D4.2__Fig 2__SQUID_data__IVB_BS30_A1S1_I_coil_+-0.3mA_fine_284mK_191103__IVB__T_1p40K[-0.000006000],1,down,5001,0.9994
D4.2__Fig 2__SQUID_data__IVB_BS30_A1S1_I_coil_+-0.3mA_fine_284mK_191103__IVB__T_1p40K[-0.000006000],2,up,2479,1.0
D4.2__Fig 2__SQUID_data__IVB_BS30_A1S1_I_coil_+-0.3mA_fine_284mK_191103__IVB__T_1p40K[-0.000006750],0,up,2521,0.9988095238095238
D4.2__Fig 2__SQUID_data__IVB_BS30_A1S1_I_coil_+-0.3mA_fine_284mK_191103__IVB__T_1p40K[-0.000006750],1,down,5000,0.9993998799759952
D4.2__Fig 2__SQUID_data__IVB_BS30_A1S1_I_coil_+-0.3mA_fine_284mK_191103__IVB__T_1p40K[-0.000006750],2,up,2479,1.0
D4.2__Fig 2__SQUID_data__IVB_BS30_A1S1_I_coil_+-0.3mA_fine_284mK_191103__IVB__T_1p40K[-0.000007500],0,up,2521,0.9992063492063492
D4.2__Fig 2__SQUID_data__IVB_BS30_A1S1_I_coil_+-0.3mA_fine_284mK_191103__IVB__T_1p40K[-0.000007500],1,down,5000,0.9995999199839968
D4.2__Fig 2__SQUID_data__IVB_BS30_A1S1_I_coil_+-0.3mA_fine_284mK_191103__IVB__T_1p40K[-0.000007500],2,up,2479,1.0
D4.2__Fig 2__SQUID_data__IVB_BS30_A1S1_I_coil_+-0.3mA_fine_284mK_191103__IVB__T_1p40K[-0.000008250],0,up,2521,0.9992063492063492
D4.2__Fig 2__SQUID_data__IVB_BS30_A1S1_I_coil_+-0.3mA_fine_284mK_191103__IVB__T_1p40K[-0.000008250],1,down,5000,0.9995999199839968
D4.2__Fig 2__SQUID_data__IVB_BS30_A1S1_I_coil_+-0.3mA_fine_284mK_191103__IVB__T_1p40K[-0.000008250],2,up,2479,1.0
D4.2__Fig 2__SQUID_data__IVB_BS30_A1S1_I_coil_+-0.3mA_fine_284mK_191103__IVB__T_1p40K[-0.000009000],0,up,2521,0.9992063492063492
D4.2__Fig 2__SQUID_data__IVB_BS30_A1S1_I_coil_+-0.3mA_fine_284mK_191103__IVB__T_1p40K[-0.000009000],1,down,5000,0.9993998799759952
D4.2__Fig 2__SQUID_data__IVB_BS30_A1S1_I_coil_+-0.3mA_fine_284mK_191103__IVB__T_1p40K[-0.000009000],2,up,2479,1.0
D4.2__Fig 2__SQUID_data__IVB_BS30_A1S1_I_coil_+-0.3mA_fine_284mK_191103__IVB__T_1p40K[-0.000009750],0,up,2521,0.9992063492063492
D4.2__Fig 2__SQUID_data__IVB_BS30_A1S1_I_coil_+-0.3mA_fine_284mK_191103__IVB__T_1p40K[-0.000009750],1,down,5000,0.9995999199839968
D4.2__Fig 2__SQUID_data__IVB_BS30_A1S1_I_coil_+-0.3mA_fine_284mK_191103__IVB__T_1p40K[-0.000009750],2,up,2479,1.0
D4.2__Fig 2__SQUID_data__IVB_BS30_A1S1_I_coil_+-0.3mA_fine_284mK_191103__IVB__T_1p40K[-0.000010500],0,up,2521,0.9992063492063492
D4.2__Fig 2__SQUID_data__IVB_BS30_A1S1_I_coil_+-0.3mA_fine_284mK_191103__IVB__T_1p40K[-0.000010500],1,down,5000,0.9993998799759952
D4.2__Fig 2__SQUID_data__IVB_BS30_A1S1_I_coil_+-0.3mA_fine_284mK_191103__IVB__T_1p40K[-0.000010500],2,up,2479,1.0
D4.2__Fig 2__SQUID_data__IVB_BS30_A1S1_I_coil_+-0.3mA_fine_284mK_191103__IVB__T_1p40K[-0.000011250],0,up,2520,0.999603017070266
D4.2__Fig 2__SQUID_data__IVB_BS30_A1S1_I_coil_+-0.3mA_fine_284mK_191103__IVB__T_1p40K[-0.000011250],1,down,5001,0.9996
D4.2__Fig 2__SQUID_data__IVB_BS30_A1S1_I_coil_+-0.3mA_fine_284mK_191103__IVB__T_1p40K[-0.000011250],2,up,2479,1.0
D4.2__Fig 2__SQUID_data__IVB_BS30_A1S1_I_coil_+-0.3mA_fine_284mK_191103__IVB__T_1p40K[-0.000012000],0,up,2520,0.999206034140532
D4.2__Fig 2__SQUID_data__IVB_BS30_A1S1_I_coil_+-0.3mA_fine_284mK_191103__IVB__T_1p40K[-0.000012000],1,down,5001,0.9996
D4.2__Fig 2__SQUID_data__IVB_BS30_A1S1_I_coil_+-0.3mA_fine_284mK_191103__IVB__T_1p40K[-0.000012000],2,up,2479,1.0
D4.2__Fig 2__SQUID_data__IVB_BS30_A1S1_I_coil_+-0.3mA_fine_284mK_191103__IVB__T_1p40K[-0.000012750],0,up,2521,0.9996031746031746
D4.2__Fig 2__SQUID_data__IVB_BS30_A1S1_I_coil_+-0.3mA_fine_284mK_191103__IVB__T_1p40K[-0.000012750],1,down,5000,0.9995999199839968
D4.2__Fig 2__SQUID_data__IVB_BS30_A1S1_I_coil_+-0.3mA_fine_284mK_191103__IVB__T_1p40K[-0.000012750],2,up,2479,1.0
D4.2__Fig 2__SQUID_data__IVB_BS30_A1S1_I_coil_+-0.3mA_fine_284mK_191103__IVB__T_1p40K[-0.000013500],0,up,2521,0.9996031746031746
D4.2__Fig 2__SQUID_data__IVB_BS30_A1S1_I_coil_+-0.3mA_fine_284mK_191103__IVB__T_1p40K[-0.000013500],1,down,5000,0.9995999199839968
D4.2__Fig 2__SQUID_data__IVB_BS30_A1S1_I_coil_+-0.3mA_fine_284mK_191103__IVB__T_1p40K[-0.000013500],2,up,2479,1.0
D4.2__Fig 2__SQUID_data__IVB_BS30_A1S1_I_coil_+-0.3mA_fine_284mK_191103__IVB__T_1p40K[-0.000014250],0,up,2522,0.9988099960333201
D4.2__Fig 2__SQUID_data__IVB_BS30_A1S1_I_coil_+-0.3mA_fine_284mK_191103__IVB__T_1p40K[-0.000014250],1,down,4999,0.9997999199679872
D4.2__Fig 2__SQUID_data__IVB_BS30_A1S1_I_coil_+-0.3mA_fine_284mK_191103__IVB__T_1p40K[-0.000014250],2,up,2479,1.0
D4.2__Fig 2__SQUID_data__IVB_BS30_A1S1_I_coil_+-0.3mA_fine_284mK_191103__IVB__T_1p40K[-0.000015000],0,up,2521,0.9996031746031746
D4.2__Fig 2__SQUID_data__IVB_BS30_A1S1_I_coil_+-0.3mA_fine_284mK_191103__IVB__T_1p40K[-0.000015000],1,down,5000,0.9995999199839968
D4.2__Fig 2__SQUID_data__IVB_BS30_A1S1_I_coil_+-0.3mA_fine_284mK_191103__IVB__T_1p40K[-0.000015000],2,up,2479,1.0
D4.2__Fig 2__SQUID_data__IVB_BS30_A1S1_I_coil_+-0.3mA_fine_284mK_191103__IVB__T_1p40K[-0.000015750],0,up,2521,0.9988095238095238
D4.2__Fig 2__SQUID_data__IVB_BS30_A1S1_I_coil_+-0.3mA_fine_284mK_191103__IVB__T_1p40K[-0.000015750],1,down,5000,0.9995999199839968
D4.2__Fig 2__SQUID_data__IVB_BS30_A1S1_I_coil_+-0.3mA_fine_284mK_191103__IVB__T_1p40K[-0.000015750],2,up,2479,1.0
D4.2__Fig 2__SQUID_data__IVB_BS30_A1S1_I_coil_+-0.3mA_fine_284mK_191103__IVB__T_1p40K[-0.000016500],0,up,2520,0.999603017070266
D4.2__Fig 2__SQUID_data__IVB_BS30_A1S1_I_coil_+-0.3mA_fine_284mK_191103__IVB__T_1p40K[-0.000016500],1,down,5001,0.9994
D4.2__Fig 2__SQUID_data__IVB_BS30_A1S1_I_coil_+-0.3mA_fine_284mK_191103__IVB__T_1p40K[-0.000016500],2,up,2479,1.0
D4.2__Fig 2__SQUID_data__IVB_BS30_A1S1_I_coil_+-0.3mA_fine_284mK_191103__IVB__T_1p40K[-0.000017250],0,up,2520,0.999206034140532
D4.2__Fig 2__SQUID_data__IVB_BS30_A1S1_I_coil_+-0.3mA_fine_284mK_191103__IVB__T_1p40K[-0.000017250],1,down,5001,0.9996
D4.2__Fig 2__SQUID_data__IVB_BS30_A1S1_I_coil_+-0.3mA_fine_284mK_191103__IVB__T_1p40K[-0.000017250],2,up,2479,1.0
D4.2__Fig 2__SQUID_data__IVB_BS30_A1S1_I_coil_+-0.3mA_fine_284mK_191103__IVB__T_1p40K[-0.000018000],0,up,2521,0.9992063492063492
D4.2__Fig 2__SQUID_data__IVB_BS30_A1S1_I_coil_+-0.3mA_fine_284mK_191103__IVB__T_1p40K[-0.000018000],1,down,5000,0.9993998799759952
D4.2__Fig 2__SQUID_data__IVB_BS30_A1S1_I_coil_+-0.3mA_fine_284mK_191103__IVB__T_1p40K[-0.000018000],2,up,2479,1.0
D4.2__Fig 2__SQUID_data__IVB_BS30_A1S1_I_coil_+-0.3mA_fine_284mK_191103__IVB__T_1p40K[-0.000018750],0,up,2521,0.9996031746031746
D4.2__Fig 2__SQUID_data__IVB_BS30_A1S1_I_coil_+-0.3mA_fine_284mK_191103__IVB__T_1p40K[-0.000018750],1,down,5000,0.9997999599919984
D4.2__Fig 2__SQUID_data__IVB_BS30_A1S1_I_coil_+-0.3mA_fine_284mK_191103__IVB__T_1p40K[-0.000018750],2,up,2479,1.0
D4.2__Fig 2__SQUID_data__IVB_BS30_A1S1_I_coil_+-0.3mA_fine_284mK_191103__IVB__T_1p40K[-0.000019500],0,up,2520,0.999206034140532
D4.2__Fig 2__SQUID_data__IVB_BS30_A1S1_I_coil_+-0.3mA_fine_284mK_191103__IVB__T_1p40K[-0.000019500],1,down,5002,0.9996000799840032
D4.2__Fig 2__SQUID_data__IVB_BS30_A1S1_I_coil_+-0.3mA_fine_284mK_191103__IVB__T_1p40K[-0.000019500],2,up,2478,1.0
D4.2__Fig 2__SQUID_data__IVB_BS30_A1S1_I_coil_+-0.3mA_fine_284mK_191103__IVB__T_1p40K[-0.000020250],0,up,2521,0.9988095238095238
D4.2__Fig 2__SQUID_data__IVB_BS30_A1S1_I_coil_+-0.3mA_fine_284mK_191103__IVB__T_1p40K[-0.000020250],1,down,5000,0.9995999199839968
D4.2__Fig 2__SQUID_data__IVB_BS30_A1S1_I_coil_+-0.3mA_fine_284mK_191103__IVB__T_1p40K[-0.000020250],2,up,2479,1.0
D4.2__Fig 2__SQUID_data__IVB_BS30_A1S1_I_coil_+-0.3mA_fine_284mK_191103__IVB__T_1p40K[-0.000021000],0,up,2521,0.9992063492063492
D4.2__Fig 2__SQUID_data__IVB_BS30_A1S1_I_coil_+-0.3mA_fine_284mK_191103__IVB__T_1p40K[-0.000021000],1,down,5000,0.9995999199839968
D4.2__Fig 2__SQUID_data__IVB_BS30_A1S1_I_coil_+-0.3mA_fine_284mK_191103__IVB__T_1p40K[-0.000021000],2,up,2479,1.0
D4.2__Fig 2__SQUID_data__IVB_BS30_A1S1_I_coil_+-0.3mA_fine_284mK_191103__IVB__T_1p40K[-0.000021750],0,up,2521,0.9992063492063492
D4.2__Fig 2__SQUID_data__IVB_BS30_A1S1_I_coil_+-0.3mA_fine_284mK_191103__IVB__T_1p40K[-0.000021750],1,down,5000,0.9997999599919984
D4.2__Fig 2__SQUID_data__IVB_BS30_A1S1_I_coil_+-0.3mA_fine_284mK_191103__IVB__T_1p40K[-0.000021750],2,up,2479,1.0
D4.2__Fig 2__SQUID_data__IVB_BS30_A1S1_I_coil_+-0.3mA_fine_284mK_191103__IVB__T_1p40K[-0.000022500],0,up,2521,0.9988095238095238
D4.2__Fig 2__SQUID_data__IVB_BS30_A1S1_I_coil_+-0.3mA_fine_284mK_191103__IVB__T_1p40K[-0.000022500],1,down,5001,0.9992
D4.2__Fig 2__SQUID_data__IVB_BS30_A1S1_I_coil_+-0.3mA_fine_284mK_191103__IVB__T_1p40K[-0.000022500],2,up,2478,1.0
D4.2__Fig 2__SQUID_data__IVB_BS30_A1S1_I_coil_+-0.3mA_fine_284mK_191103__IVB__T_1p40K[-0.000023250],0,up,2521,0.9988095238095238
D4.2__Fig 2__SQUID_data__IVB_BS30_A1S1_I_coil_+-0.3mA_fine_284mK_191103__IVB__T_1p40K[-0.000023250],1,down,5000,0.9995999199839968
D4.2__Fig 2__SQUID_data__IVB_BS30_A1S1_I_coil_+-0.3mA_fine_284mK_191103__IVB__T_1p40K[-0.000023250],2,up,2479,1.0
D4.2__Fig 2__SQUID_data__IVB_BS30_A1S1_I_coil_+-0.3mA_fine_284mK_191103__IVB__T_1p40K[-0.000024000],0,up,2521,0.9992063492063492
D4.2__Fig 2__SQUID_data__IVB_BS30_A1S1_I_coil_+-0.3mA_fine_284mK_191103__IVB__T_1p40K[-0.000024000],1,down,5000,0.9995999199839968
D4.2__Fig 2__SQUID_data__IVB_BS30_A1S1_I_coil_+-0.3mA_fine_284mK_191103__IVB__T_1p40K[-0.000024000],2,up,2479,1.0
D4.2__Fig 2__SQUID_data__IVB_BS30_A1S1_I_coil_+-0.3mA_fine_284mK_191103__IVB__T_1p40K[-0.000024750],0,up,2521,0.9988095238095238
D4.2__Fig 2__SQUID_data__IVB_BS30_A1S1_I_coil_+-0.3mA_fine_284mK_191103__IVB__T_1p40K[-0.000024750],1,down,5000,0.9997999599919984
D4.2__Fig 2__SQUID_data__IVB_BS30_A1S1_I_coil_+-0.3mA_fine_284mK_191103__IVB__T_1p40K[-0.000024750],2,up,2479,1.0
D4.2__Fig 2__SQUID_data__IVB_BS30_A1S1_I_coil_+-0.3mA_fine_284mK_191103__IVB__T_1p40K[-0.000025500],0,up,2521,0.9992063492063492
D4.2__Fig 2__SQUID_data__IVB_BS30_A1S1_I_coil_+-0.3mA_fine_284mK_191103__IVB__T_1p40K[-0.000025500],1,down,5000,0.9997999599919984
D4.2__Fig 2__SQUID_data__IVB_BS30_A1S1_I_coil_+-0.3mA_fine_284mK_191103__IVB__T_1p40K[-0.000025500],2,up,2479,1.0
D4.2__Fig 2__SQUID_data__IVB_BS30_A1S1_I_coil_+-0.3mA_fine_284mK_191103__IVB__T_1p40K[-0.000026250],0,up,2521,0.9988095238095238
D4.2__Fig 2__SQUID_data__IVB_BS30_A1S1_I_coil_+-0.3mA_fine_284mK_191103__IVB__T_1p40K[-0.000026250],1,down,5001,0.9992
D4.2__Fig 2__SQUID_data__IVB_BS30_A1S1_I_coil_+-0.3mA_fine_284mK_191103__IVB__T_1p40K[-0.000026250],2,up,2478,1.0
D4.2__Fig 2__SQUID_data__IVB_BS30_A1S1_I_coil_+-0.3mA_fine_284mK_191103__IVB__T_1p40K[-0.000027000],0,up,2521,0.9988095238095238
D4.2__Fig 2__SQUID_data__IVB_BS30_A1S1_I_coil_+-0.3mA_fine_284mK_191103__IVB__T_1p40K[-0.000027000],1,down,5000,0.9995999199839968
D4.2__Fig 2__SQUID_data__IVB_BS30_A1S1_I_coil_+-0.3mA_fine_284mK_191103__IVB__T_1p40K[-0.000027000],2,up,2479,1.0
D4.2__Fig 2__SQUID_data__IVB_BS30_A1S1_I_coil_+-0.3mA_fine_284mK_191103__IVB__T_1p40K[-0.000027750],0,up,2521,0.9992063492063492
D4.2__Fig 2__SQUID_data__IVB_BS30_A1S1_I_coil_+-0.3mA_fine_284mK_191103__IVB__T_1p40K[-0.000027750],1,down,5000,0.9995999199839968
D4.2__Fig 2__SQUID_data__IVB_BS30_A1S1_I_coil_+-0.3mA_fine_284mK_191103__IVB__T_1p40K[-0.000027750],2,up,2479,1.0
D4.2__Fig 2__SQUID_data__IVB_BS30_A1S1_I_coil_+-0.3mA_fine_284mK_191103__IVB__T_1p40K[-0.000028500],0,up,2521,0.9988095238095238
D4.2__Fig 2__SQUID_data__IVB_BS30_A1S1_I_coil_+-0.3mA_fine_284mK_191103__IVB__T_1p40K[-0.000028500],1,down,5000,0.9995999199839968
D4.2__Fig 2__SQUID_data__IVB_BS30_A1S1_I_coil_+-0.3mA_fine_284mK_191103__IVB__T_1p40K[-0.000028500],2,up,2479,1.0
D4.2__Fig 2__SQUID_data__IVB_BS30_A1S1_I_coil_+-0.3mA_fine_284mK_191103__IVB__T_1p40K[-0.000029250],0,up,2521,0.9992063492063492
D4.2__Fig 2__SQUID_data__IVB_BS30_A1S1_I_coil_+-0.3mA_fine_284mK_191103__IVB__T_1p40K[-0.000029250],1,down,5000,0.9995999199839968
D4.2__Fig 2__SQUID_data__IVB_BS30_A1S1_I_coil_+-0.3mA_fine_284mK_191103__IVB__T_1p40K[-0.000029250],2,up,2479,1.0
D4.2__Fig 2__SQUID_data__IVB_BS30_A1S1_I_coil_+-0.3mA_fine_284mK_191103__IVB__T_1p40K[-0.000030000],0,up,2521,0.9992063492063492
D4.2__Fig 2__SQUID_data__IVB_BS30_A1S1_I_coil_+-0.3mA_fine_284mK_191103__IVB__T_1p40K[-0.000030000],1,down,5000,0.9997999599919984
D4.2__Fig 2__SQUID_data__IVB_BS30_A1S1_I_coil_+-0.3mA_fine_284mK_191103__IVB__T_1p40K[-0.000030000],2,up,2479,1.0
D4.2__Fig 2__SQUID_data__IVB_BS30_A1S1_I_coil_+-0.3mA_fine_284mK_191103__IVB__T_1p40K[-0.000030750],0,up,2521,0.9992063492063492
D4.2__Fig 2__SQUID_data__IVB_BS30_A1S1_I_coil_+-0.3mA_fine_284mK_191103__IVB__T_1p40K[-0.000030750],1,down,5000,0.9995999199839968
D4.2__Fig 2__SQUID_data__IVB_BS30_A1S1_I_coil_+-0.3mA_fine_284mK_191103__IVB__T_1p40K[-0.000030750],2,up,2479,1.0
D4.2__Fig 2__SQUID_data__IVB_BS30_A1S1_I_coil_+-0.3mA_fine_284mK_191103__IVB__T_1p40K[-0.000031500],0,up,2521,0.9988095238095238
D4.2__Fig 2__SQUID_data__IVB_BS30_A1S1_I_coil_+-0.3mA_fine_284mK_191103__IVB__T_1p40K[-0.000031500],1,down,5000,0.9995999199839968
D4.2__Fig 2__SQUID_data__IVB_BS30_A1S1_I_coil_+-0.3mA_fine_284mK_191103__IVB__T_1p40K[-0.000031500],2,up,2479,1.0
D4.2__Fig 2__SQUID_data__IVB_BS30_A1S1_I_coil_+-0.3mA_fine_284mK_191103__IVB__T_1p40K[-0.000032250],0,up,2521,0.9992063492063492
D4.2__Fig 2__SQUID_data__IVB_BS30_A1S1_I_coil_+-0.3mA_fine_284mK_191103__IVB__T_1p40K[-0.000032250],1,down,5001,0.9994
D4.2__Fig 2__SQUID_data__IVB_BS30_A1S1_I_coil_+-0.3mA_fine_284mK_191103__IVB__T_1p40K[-0.000032250],2,up,2478,1.0
D4.2__Fig 2__SQUID_data__IVB_BS30_A1S1_I_coil_+-0.3mA_fine_284mK_191103__IVB__T_1p40K[-0.000033000],0,up,2521,0.9992063492063492
D4.2__Fig 2__SQUID_data__IVB_BS30_A1S1_I_coil_+-0.3mA_fine_284mK_191103__IVB__T_1p40K[-0.000033000],1,down,5000,0.9997999599919984
D4.2__Fig 2__SQUID_data__IVB_BS30_A1S1_I_coil_+-0.3mA_fine_284mK_191103__IVB__T_1p40K[-0.000033000],2,up,2479,1.0
D4.2__Fig 2__SQUID_data__IVB_BS30_A1S1_I_coil_+-0.3mA_fine_284mK_191103__IVB__T_1p40K[-0.000033750],0,up,2521,0.9992063492063492
D4.2__Fig 2__SQUID_data__IVB_BS30_A1S1_I_coil_+-0.3mA_fine_284mK_191103__IVB__T_1p40K[-0.000033750],1,down,5000,0.9997999599919984
D4.2__Fig 2__SQUID_data__IVB_BS30_A1S1_I_coil_+-0.3mA_fine_284mK_191103__IVB__T_1p40K[-0.000033750],2,up,2479,1.0
D4.2__Fig 2__SQUID_data__IVB_BS30_A1S1_I_coil_+-0.3mA_fine_284mK_191103__IVB__T_1p40K[-0.000034500],0,up,2521,0.9992063492063492
D4.2__Fig 2__SQUID_data__IVB_BS30_A1S1_I_coil_+-0.3mA_fine_284mK_191103__IVB__T_1p40K[-0.000034500],1,down,5000,0.9995999199839968
D4.2__Fig 2__SQUID_data__IVB_BS30_A1S1_I_coil_+-0.3mA_fine_284mK_191103__IVB__T_1p40K[-0.000034500],2,up,2479,1.0
D4.2__Fig 2__SQUID_data__IVB_BS30_A1S1_I_coil_+-0.3mA_fine_284mK_191103__IVB__T_1p40K[-0.000035250],0,up,2521,0.9988095238095238
D4.2__Fig 2__SQUID_data__IVB_BS30_A1S1_I_coil_+-0.3mA_fine_284mK_191103__IVB__T_1p40K[-0.000035250],1,down,5000,0.9993998799759952
D4.2__Fig 2__SQUID_data__IVB_BS30_A1S1_I_coil_+-0.3mA_fine_284mK_191103__IVB__T_1p40K[-0.000035250],2,up,2479,1.0
D4.2__Fig 2__SQUID_data__IVB_BS30_A1S1_I_coil_+-0.3mA_fine_284mK_191103__IVB__T_1p40K[-0.000036000],0,up,2521,0.9996031746031746
D4.2__Fig 2__SQUID_data__IVB_BS30_A1S1_I_coil_+-0.3mA_fine_284mK_191103__IVB__T_1p40K[-0.000036000],1,down,5001,0.9994
D4.2__Fig 2__SQUID_data__IVB_BS30_A1S1_I_coil_+-0.3mA_fine_284mK_191103__IVB__T_1p40K[-0.000036000],2,up,2478,1.0
D4.2__Fig 2__SQUID_data__IVB_BS30_A1S1_I_coil_+-0.3mA_fine_284mK_191103__IVB__T_1p40K[-0.000036750],0,up,2521,0.9992063492063492
D4.2__Fig 2__SQUID_data__IVB_BS30_A1S1_I_coil_+-0.3mA_fine_284mK_191103__IVB__T_1p40K[-0.000036750],1,down,5000,0.9995999199839968
D4.2__Fig 2__SQUID_data__IVB_BS30_A1S1_I_coil_+-0.3mA_fine_284mK_191103__IVB__T_1p40K[-0.000036750],2,up,2479,1.0
D4.2__Fig 2__SQUID_data__IVB_BS30_A1S1_I_coil_+-0.3mA_fine_284mK_191103__IVB__T_1p40K[-0.000037500],0,up,2521,0.9992063492063492
D4.2__Fig 2__SQUID_data__IVB_BS30_A1S1_I_coil_+-0.3mA_fine_284mK_191103__IVB__T_1p40K[-0.000037500],1,down,5000,0.9997999599919984
D4.2__Fig 2__SQUID_data__IVB_BS30_A1S1_I_coil_+-0.3mA_fine_284mK_191103__IVB__T_1p40K[-0.000037500],2,up,2479,1.0
D4.2__Fig 2__SQUID_data__IVB_BS30_A1S1_I_coil_+-0.3mA_fine_284mK_191103__IVB__T_1p40K[-0.000038250],0,up,2521,0.9988095238095238
D4.2__Fig 2__SQUID_data__IVB_BS30_A1S1_I_coil_+-0.3mA_fine_284mK_191103__IVB__T_1p40K[-0.000038250],1,down,5001,0.9998
D4.2__Fig 2__SQUID_data__IVB_BS30_A1S1_I_coil_+-0.3mA_fine_284mK_191103__IVB__T_1p40K[-0.000038250],2,up,2478,1.0
D4.2__Fig 2__SQUID_data__IVB_BS30_A1S1_I_coil_+-0.3mA_fine_284mK_191103__IVB__T_1p40K[-0.000039000],0,up,2520,0.999206034140532
D4.2__Fig 2__SQUID_data__IVB_BS30_A1S1_I_coil_+-0.3mA_fine_284mK_191103__IVB__T_1p40K[-0.000039000],1,down,5000,0.9995999199839968
D4.2__Fig 2__SQUID_data__IVB_BS30_A1S1_I_coil_+-0.3mA_fine_284mK_191103__IVB__T_1p40K[-0.000039000],2,up,2480,1.0
D4.2__Fig 2__SQUID_data__IVB_BS30_A1S1_I_coil_+-0.3mA_fine_284mK_191103__IVB__T_1p40K[-0.000039750],0,up,2521,0.9992063492063492
D4.2__Fig 2__SQUID_data__IVB_BS30_A1S1_I_coil_+-0.3mA_fine_284mK_191103__IVB__T_1p40K[-0.000039750],1,down,5000,0.9995999199839968
D4.2__Fig 2__SQUID_data__IVB_BS30_A1S1_I_coil_+-0.3mA_fine_284mK_191103__IVB__T_1p40K[-0.000039750],2,up,2479,1.0
D4.2__Fig 2__SQUID_data__IVB_BS30_A1S1_I_coil_+-0.3mA_fine_284mK_191103__IVB__T_1p40K[-0.000040500],0,up,2521,0.9992063492063492
D4.2__Fig 2__SQUID_data__IVB_BS30_A1S1_I_coil_+-0.3mA_fine_284mK_191103__IVB__T_1p40K[-0.000040500],1,down,5000,0.9995999199839968
D4.2__Fig 2__SQUID_data__IVB_BS30_A1S1_I_coil_+-0.3mA_fine_284mK_191103__IVB__T_1p40K[-0.000040500],2,up,2479,1.0
D4.2__Fig 2__SQUID_data__IVB_BS30_A1S1_I_coil_+-0.3mA_fine_284mK_191103__IVB__T_1p40K[-0.000041250],0,up,2521,0.9992063492063492
D4.2__Fig 2__SQUID_data__IVB_BS30_A1S1_I_coil_+-0.3mA_fine_284mK_191103__IVB__T_1p40K[-0.000041250],1,down,5000,0.9993998799759952
D4.2__Fig 2__SQUID_data__IVB_BS30_A1S1_I_coil_+-0.3mA_fine_284mK_191103__IVB__T_1p40K[-0.000041250],2,up,2479,1.0
D4.2__Fig 2__SQUID_data__IVB_BS30_A1S1_I_coil_+-0.3mA_fine_284mK_191103__IVB__T_1p40K[-0.000042000],0,up,2521,0.9996031746031746
D4.2__Fig 2__SQUID_data__IVB_BS30_A1S1_I_coil_+-0.3mA_fine_284mK_191103__IVB__T_1p40K[-0.000042000],1,down,5000,0.9995999199839968
D4.2__Fig 2__SQUID_data__IVB_BS30_A1S1_I_coil_+-0.3mA_fine_284mK_191103__IVB__T_1p40K[-0.000042000],2,up,2479,1.0
D4.2__Fig 2__SQUID_data__IVB_BS30_A1S1_I_coil_+-0.3mA_fine_284mK_191103__IVB__T_1p40K[-0.000042750],0,up,2521,0.9992063492063492
D4.2__Fig 2__SQUID_data__IVB_BS30_A1S1_I_coil_+-0.3mA_fine_284mK_191103__IVB__T_1p40K[-0.000042750],1,down,5000,0.9995999199839968
D4.2__Fig 2__SQUID_data__IVB_BS30_A1S1_I_coil_+-0.3mA_fine_284mK_191103__IVB__T_1p40K[-0.000042750],2,up,2479,1.0
D4.2__Fig 2__SQUID_data__IVB_BS30_A1S1_I_coil_+-0.3mA_fine_284mK_191103__IVB__T_1p40K[-0.000043500],0,up,2521,0.9992063492063492
D4.2__Fig 2__SQUID_data__IVB_BS30_A1S1_I_coil_+-0.3mA_fine_284mK_191103__IVB__T_1p40K[-0.000043500],1,down,5001,0.9994
D4.2__Fig 2__SQUID_data__IVB_BS30_A1S1_I_coil_+-0.3mA_fine_284mK_191103__IVB__T_1p40K[-0.000043500],2,up,2478,1.0
D4.2__Fig 2__SQUID_data__IVB_BS30_A1S1_I_coil_+-0.3mA_fine_284mK_191103__IVB__T_1p40K[-0.000044250],0,up,2521,0.9996031746031746
D4.2__Fig 2__SQUID_data__IVB_BS30_A1S1_I_coil_+-0.3mA_fine_284mK_191103__IVB__T_1p40K[-0.000044250],1,down,5000,0.9997999599919984
D4.2__Fig 2__SQUID_data__IVB_BS30_A1S1_I_coil_+-0.3mA_fine_284mK_191103__IVB__T_1p40K[-0.000044250],2,up,2479,1.0
D4.2__Fig 2__SQUID_data__IVB_BS30_A1S1_I_coil_+-0.3mA_fine_284mK_191103__IVB__T_1p40K[-0.000045000],0,up,2521,0.9992063492063492
D4.2__Fig 2__SQUID_data__IVB_BS30_A1S1_I_coil_+-0.3mA_fine_284mK_191103__IVB__T_1p40K[-0.000045000],1,down,5000,0.9997999599919984
D4.2__Fig 2__SQUID_data__IVB_BS30_A1S1_I_coil_+-0.3mA_fine_284mK_191103__IVB__T_1p40K[-0.000045000],2,up,2479,1.0
D4.2__Fig 2__SQUID_data__IVB_BS30_A1S1_I_coil_+-0.3mA_fine_284mK_191103__IVB__T_1p40K[-0.000045750],0,up,2521,0.9992063492063492
D4.2__Fig 2__SQUID_data__IVB_BS30_A1S1_I_coil_+-0.3mA_fine_284mK_191103__IVB__T_1p40K[-0.000045750],1,down,5000,0.9993998799759952
D4.2__Fig 2__SQUID_data__IVB_BS30_A1S1_I_coil_+-0.3mA_fine_284mK_191103__IVB__T_1p40K[-0.000045750],2,up,2479,1.0
D4.2__Fig 2__SQUID_data__IVB_BS30_A1S1_I_coil_+-0.3mA_fine_284mK_191103__IVB__T_1p40K[-0.000046500],0,up,2521,0.9988095238095238
D4.2__Fig 2__SQUID_data__IVB_BS30_A1S1_I_coil_+-0.3mA_fine_284mK_191103__IVB__T_1p40K[-0.000046500],1,down,5001,0.9994
D4.2__Fig 2__SQUID_data__IVB_BS30_A1S1_I_coil_+-0.3mA_fine_284mK_191103__IVB__T_1p40K[-0.000046500],2,up,2478,1.0
D4.2__Fig 2__SQUID_data__IVB_BS30_A1S1_I_coil_+-0.3mA_fine_284mK_191103__IVB__T_1p40K[-0.000047250],0,up,2521,0.9992063492063492
D4.2__Fig 2__SQUID_data__IVB_BS30_A1S1_I_coil_+-0.3mA_fine_284mK_191103__IVB__T_1p40K[-0.000047250],1,down,5001,0.9996
D4.2__Fig 2__SQUID_data__IVB_BS30_A1S1_I_coil_+-0.3mA_fine_284mK_191103__IVB__T_1p40K[-0.000047250],2,up,2478,1.0
D4.2__Fig 2__SQUID_data__IVB_BS30_A1S1_I_coil_+-0.3mA_fine_284mK_191103__IVB__T_1p40K[-0.000048000],0,up,2521,0.9992063492063492
D4.2__Fig 2__SQUID_data__IVB_BS30_A1S1_I_coil_+-0.3mA_fine_284mK_191103__IVB__T_1p40K[-0.000048000],1,down,5001,0.9994
D4.2__Fig 2__SQUID_data__IVB_BS30_A1S1_I_coil_+-0.3mA_fine_284mK_191103__IVB__T_1p40K[-0.000048000],2,up,2478,1.0
D4.2__Fig 2__SQUID_data__IVB_BS30_A1S1_I_coil_+-0.3mA_fine_284mK_191103__IVB__T_1p40K[-0.000048750],0,up,2521,0.9988095238095238
D4.2__Fig 2__SQUID_data__IVB_BS30_A1S1_I_coil_+-0.3mA_fine_284mK_191103__IVB__T_1p40K[-0.000048750],1,down,5000,0.9995999199839968
D4.2__Fig 2__SQUID_data__IVB_BS30_A1S1_I_coil_+-0.3mA_fine_284mK_191103__IVB__T_1p40K[-0.000048750],2,up,2479,1.0
D4.2__Fig 2__SQUID_data__IVB_BS30_A1S1_I_coil_+-0.3mA_fine_284mK_191103__IVB__T_1p40K[-0.000049500],0,up,2520,0.999206034140532
D4.2__Fig 2__SQUID_data__IVB_BS30_A1S1_I_coil_+-0.3mA_fine_284mK_191103__IVB__T_1p40K[-0.000049500],1,down,5001,0.9998
D4.2__Fig 2__SQUID_data__IVB_BS30_A1S1_I_coil_+-0.3mA_fine_284mK_191103__IVB__T_1p40K[-0.000049500],2,up,2479,1.0
D4.2__Fig 2__SQUID_data__IVB_BS30_A1S1_I_coil_+-0.3mA_fine_284mK_191103__IVB__T_1p40K[-0.000050250],0,up,2521,0.9992063492063492
D4.2__Fig 2__SQUID_data__IVB_BS30_A1S1_I_coil_+-0.3mA_fine_284mK_191103__IVB__T_1p40K[-0.000050250],1,down,5000,0.9995999199839968
D4.2__Fig 2__SQUID_data__IVB_BS30_A1S1_I_coil_+-0.3mA_fine_284mK_191103__IVB__T_1p40K[-0.000050250],2,up,2479,1.0
D4.2__Fig 2__SQUID_data__IVB_BS30_A1S1_I_coil_+-0.3mA_fine_284mK_191103__IVB__T_1p40K[-0.000051000],0,up,2521,0.9992063492063492
D4.2__Fig 2__SQUID_data__IVB_BS30_A1S1_I_coil_+-0.3mA_fine_284mK_191103__IVB__T_1p40K[-0.000051000],1,down,5000,0.9995999199839968
D4.2__Fig 2__SQUID_data__IVB_BS30_A1S1_I_coil_+-0.3mA_fine_284mK_191103__IVB__T_1p40K[-0.000051000],2,up,2479,0.9995964487489911
D4.2__Fig 2__SQUID_data__IVB_BS30_A1S1_I_coil_+-0.3mA_fine_284mK_191103__IVB__T_1p40K[-0.000051750],0,up,2521,0.9988095238095238
D4.2__Fig 2__SQUID_data__IVB_BS30_A1S1_I_coil_+-0.3mA_fine_284mK_191103__IVB__T_1p40K[-0.000051750],1,down,5000,0.9995999199839968
D4.2__Fig 2__SQUID_data__IVB_BS30_A1S1_I_coil_+-0.3mA_fine_284mK_191103__IVB__T_1p40K[-0.000051750],2,up,2479,1.0
D4.2__Fig 2__SQUID_data__IVB_BS30_A1S1_I_coil_+-0.3mA_fine_284mK_191103__IVB__T_1p40K[-0.000052500],0,up,2521,0.9992063492063492
D4.2__Fig 2__SQUID_data__IVB_BS30_A1S1_I_coil_+-0.3mA_fine_284mK_191103__IVB__T_1p40K[-0.000052500],1,down,5000,0.9993998799759952
D4.2__Fig 2__SQUID_data__IVB_BS30_A1S1_I_coil_+-0.3mA_fine_284mK_191103__IVB__T_1p40K[-0.000052500],2,up,2479,1.0
D4.2__Fig 2__SQUID_data__IVB_BS30_A1S1_I_coil_+-0.3mA_fine_284mK_191103__IVB__T_1p40K[-0.000053250],0,up,2521,0.9988095238095238
D4.2__Fig 2__SQUID_data__IVB_BS30_A1S1_I_coil_+-0.3mA_fine_284mK_191103__IVB__T_1p40K[-0.000053250],1,down,5000,0.9995999199839968
D4.2__Fig 2__SQUID_data__IVB_BS30_A1S1_I_coil_+-0.3mA_fine_284mK_191103__IVB__T_1p40K[-0.000053250],2,up,2479,1.0
D4.2__Fig 2__SQUID_data__IVB_BS30_A1S1_I_coil_+-0.3mA_fine_284mK_191103__IVB__T_1p40K[-0.000054000],0,up,2521,0.9992063492063492
D4.2__Fig 2__SQUID_data__IVB_BS30_A1S1_I_coil_+-0.3mA_fine_284mK_191103__IVB__T_1p40K[-0.000054000],1,down,5000,0.9995999199839968
D4.2__Fig 2__SQUID_data__IVB_BS30_A1S1_I_coil_+-0.3mA_fine_284mK_191103__IVB__T_1p40K[-0.000054000],2,up,2479,1.0
D4.2__Fig 2__SQUID_data__IVB_BS30_A1S1_I_coil_+-0.3mA_fine_284mK_191103__IVB__T_1p40K[-0.000054750],0,up,2521,0.9992063492063492
D4.2__Fig 2__SQUID_data__IVB_BS30_A1S1_I_coil_+-0.3mA_fine_284mK_191103__IVB__T_1p40K[-0.000054750],1,down,5000,0.9997999599919984
D4.2__Fig 2__SQUID_data__IVB_BS30_A1S1_I_coil_+-0.3mA_fine_284mK_191103__IVB__T_1p40K[-0.000054750],2,up,2479,1.0
D4.2__Fig 2__SQUID_data__IVB_BS30_A1S1_I_coil_+-0.3mA_fine_284mK_191103__IVB__T_1p40K[-0.000055500],0,up,2521,0.9996031746031746
D4.2__Fig 2__SQUID_data__IVB_BS30_A1S1_I_coil_+-0.3mA_fine_284mK_191103__IVB__T_1p40K[-0.000055500],1,down,5001,0.9996
D4.2__Fig 2__SQUID_data__IVB_BS30_A1S1_I_coil_+-0.3mA_fine_284mK_191103__IVB__T_1p40K[-0.000055500],2,up,2478,1.0
D4.2__Fig 2__SQUID_data__IVB_BS30_A1S1_I_coil_+-0.3mA_fine_284mK_191103__IVB__T_1p40K[-0.000056250],0,up,2521,0.9996031746031746
D4.2__Fig 2__SQUID_data__IVB_BS30_A1S1_I_coil_+-0.3mA_fine_284mK_191103__IVB__T_1p40K[-0.000056250],1,down,5000,0.9995999199839968
D4.2__Fig 2__SQUID_data__IVB_BS30_A1S1_I_coil_+-0.3mA_fine_284mK_191103__IVB__T_1p40K[-0.000056250],2,up,2479,1.0
D4.2__Fig 2__SQUID_data__IVB_BS30_A1S1_I_coil_+-0.3mA_fine_284mK_191103__IVB__T_1p40K[-0.000057000],0,up,2521,0.9988095238095238
D4.2__Fig 2__SQUID_data__IVB_BS30_A1S1_I_coil_+-0.3mA_fine_284mK_191103__IVB__T_1p40K[-0.000057000],1,down,5001,0.9996
D4.2__Fig 2__SQUID_data__IVB_BS30_A1S1_I_coil_+-0.3mA_fine_284mK_191103__IVB__T_1p40K[-0.000057000],2,up,2478,1.0
D4.2__Fig 2__SQUID_data__IVB_BS30_A1S1_I_coil_+-0.3mA_fine_284mK_191103__IVB__T_1p40K[-0.000057750],0,up,2521,0.9988095238095238
D4.2__Fig 2__SQUID_data__IVB_BS30_A1S1_I_coil_+-0.3mA_fine_284mK_191103__IVB__T_1p40K[-0.000057750],1,down,5000,0.9995999199839968
D4.2__Fig 2__SQUID_data__IVB_BS30_A1S1_I_coil_+-0.3mA_fine_284mK_191103__IVB__T_1p40K[-0.000057750],2,up,2479,1.0
D4.2__Fig 2__SQUID_data__IVB_BS30_A1S1_I_coil_+-0.3mA_fine_284mK_191103__IVB__T_1p40K[-0.000058500],0,up,2521,0.9988095238095238
D4.2__Fig 2__SQUID_data__IVB_BS30_A1S1_I_coil_+-0.3mA_fine_284mK_191103__IVB__T_1p40K[-0.000058500],1,down,5000,0.9997999599919984
D4.2__Fig 2__SQUID_data__IVB_BS30_A1S1_I_coil_+-0.3mA_fine_284mK_191103__IVB__T_1p40K[-0.000058500],2,up,2479,1.0
D4.2__Fig 2__SQUID_data__IVB_BS30_A1S1_I_coil_+-0.3mA_fine_284mK_191103__IVB__T_1p40K[-0.000059250],0,up,2521,0.9988095238095238
D4.2__Fig 2__SQUID_data__IVB_BS30_A1S1_I_coil_+-0.3mA_fine_284mK_191103__IVB__T_1p40K[-0.000059250],1,down,5000,0.9995999199839968
D4.2__Fig 2__SQUID_data__IVB_BS30_A1S1_I_coil_+-0.3mA_fine_284mK_191103__IVB__T_1p40K[-0.000059250],2,up,2479,1.0
D4.2__Fig 2__SQUID_data__IVB_BS30_A1S1_I_coil_+-0.3mA_fine_284mK_191103__IVB__T_1p40K[-0.000060000],0,up,2521,0.9992063492063492
D4.2__Fig 2__SQUID_data__IVB_BS30_A1S1_I_coil_+-0.3mA_fine_284mK_191103__IVB__T_1p40K[-0.000060000],1,down,5000,0.9995999199839968
D4.2__Fig 2__SQUID_data__IVB_BS30_A1S1_I_coil_+-0.3mA_fine_284mK_191103__IVB__T_1p40K[-0.000060000],2,up,2479,1.0
D4.2__Fig 2__SQUID_data__IVB_BS30_A1S1_I_coil_+-0.3mA_fine_284mK_191103__IVB__T_1p40K[-0.000060750],0,up,2521,0.9992063492063492
D4.2__Fig 2__SQUID_data__IVB_BS30_A1S1_I_coil_+-0.3mA_fine_284mK_191103__IVB__T_1p40K[-0.000060750],1,down,5001,0.9994
D4.2__Fig 2__SQUID_data__IVB_BS30_A1S1_I_coil_+-0.3mA_fine_284mK_191103__IVB__T_1p40K[-0.000060750],2,up,2478,1.0
D4.2__Fig 2__SQUID_data__IVB_BS30_A1S1_I_coil_+-0.3mA_fine_284mK_191103__IVB__T_1p40K[-0.000061500],0,up,2521,0.9992063492063492
D4.2__Fig 2__SQUID_data__IVB_BS30_A1S1_I_coil_+-0.3mA_fine_284mK_191103__IVB__T_1p40K[-0.000061500],1,down,5000,0.9997999599919984
D4.2__Fig 2__SQUID_data__IVB_BS30_A1S1_I_coil_+-0.3mA_fine_284mK_191103__IVB__T_1p40K[-0.000061500],2,up,2479,1.0
D4.2__Fig 2__SQUID_data__IVB_BS30_A1S1_I_coil_+-0.3mA_fine_284mK_191103__IVB__T_1p40K[-0.000062250],0,up,2521,0.9992063492063492
D4.2__Fig 2__SQUID_data__IVB_BS30_A1S1_I_coil_+-0.3mA_fine_284mK_191103__IVB__T_1p40K[-0.000062250],1,down,5000,0.9997999599919984
D4.2__Fig 2__SQUID_data__IVB_BS30_A1S1_I_coil_+-0.3mA_fine_284mK_191103__IVB__T_1p40K[-0.000062250],2,up,2479,1.0
D4.2__Fig 2__SQUID_data__IVB_BS30_A1S1_I_coil_+-0.3mA_fine_284mK_191103__IVB__T_1p40K[-0.000063000],0,up,2521,0.9996031746031746
D4.2__Fig 2__SQUID_data__IVB_BS30_A1S1_I_coil_+-0.3mA_fine_284mK_191103__IVB__T_1p40K[-0.000063000],1,down,5000,0.9993998799759952
D4.2__Fig 2__SQUID_data__IVB_BS30_A1S1_I_coil_+-0.3mA_fine_284mK_191103__IVB__T_1p40K[-0.000063000],2,up,2479,1.0
D4.2__Fig 2__SQUID_data__IVB_BS30_A1S1_I_coil_+-0.3mA_fine_284mK_191103__IVB__T_1p40K[-0.000063750],0,up,2521,0.9988095238095238
D4.2__Fig 2__SQUID_data__IVB_BS30_A1S1_I_coil_+-0.3mA_fine_284mK_191103__IVB__T_1p40K[-0.000063750],1,down,5000,0.9995999199839968
D4.2__Fig 2__SQUID_data__IVB_BS30_A1S1_I_coil_+-0.3mA_fine_284mK_191103__IVB__T_1p40K[-0.000063750],2,up,2479,1.0
D4.2__Fig 2__SQUID_data__IVB_BS30_A1S1_I_coil_+-0.3mA_fine_284mK_191103__IVB__T_1p40K[-0.000064500],0,up,2520,0.999206034140532
D4.2__Fig 2__SQUID_data__IVB_BS30_A1S1_I_coil_+-0.3mA_fine_284mK_191103__IVB__T_1p40K[-0.000064500],1,down,5001,0.9996
D4.2__Fig 2__SQUID_data__IVB_BS30_A1S1_I_coil_+-0.3mA_fine_284mK_191103__IVB__T_1p40K[-0.000064500],2,up,2479,1.0
D4.2__Fig 2__SQUID_data__IVB_BS30_A1S1_I_coil_+-0.3mA_fine_284mK_191103__IVB__T_1p40K[-0.000065250],0,up,2521,0.9988095238095238
D4.2__Fig 2__SQUID_data__IVB_BS30_A1S1_I_coil_+-0.3mA_fine_284mK_191103__IVB__T_1p40K[-0.000065250],1,down,5000,0.9995999199839968
D4.2__Fig 2__SQUID_data__IVB_BS30_A1S1_I_coil_+-0.3mA_fine_284mK_191103__IVB__T_1p40K[-0.000065250],2,up,2479,1.0
D4.2__Fig 2__SQUID_data__IVB_BS30_A1S1_I_coil_+-0.3mA_fine_284mK_191103__IVB__T_1p40K[-0.000066000],0,up,2521,0.9992063492063492
D4.2__Fig 2__SQUID_data__IVB_BS30_A1S1_I_coil_+-0.3mA_fine_284mK_191103__IVB__T_1p40K[-0.000066000],1,down,5000,0.9995999199839968
D4.2__Fig 2__SQUID_data__IVB_BS30_A1S1_I_coil_+-0.3mA_fine_284mK_191103__IVB__T_1p40K[-0.000066000],2,up,2479,1.0
D4.2__Fig 2__SQUID_data__IVB_BS30_A1S1_I_coil_+-0.3mA_fine_284mK_191103__IVB__T_1p40K[-0.000066750],0,up,2521,0.9992063492063492
D4.2__Fig 2__SQUID_data__IVB_BS30_A1S1_I_coil_+-0.3mA_fine_284mK_191103__IVB__T_1p40K[-0.000066750],1,down,5000,0.9993998799759952
D4.2__Fig 2__SQUID_data__IVB_BS30_A1S1_I_coil_+-0.3mA_fine_284mK_191103__IVB__T_1p40K[-0.000066750],2,up,2479,1.0
D4.2__Fig 2__SQUID_data__IVB_BS30_A1S1_I_coil_+-0.3mA_fine_284mK_191103__IVB__T_1p40K[-0.000067500],0,up,2521,0.9992063492063492
D4.2__Fig 2__SQUID_data__IVB_BS30_A1S1_I_coil_+-0.3mA_fine_284mK_191103__IVB__T_1p40K[-0.000067500],1,down,5000,0.9995999199839968
D4.2__Fig 2__SQUID_data__IVB_BS30_A1S1_I_coil_+-0.3mA_fine_284mK_191103__IVB__T_1p40K[-0.000067500],2,up,2479,1.0
D4.2__Fig 2__SQUID_data__IVB_BS30_A1S1_I_coil_+-0.3mA_fine_284mK_191103__IVB__T_1p40K[-0.000068250],0,up,2521,0.9992063492063492
D4.2__Fig 2__SQUID_data__IVB_BS30_A1S1_I_coil_+-0.3mA_fine_284mK_191103__IVB__T_1p40K[-0.000068250],1,down,5000,0.9995999199839968
D4.2__Fig 2__SQUID_data__IVB_BS30_A1S1_I_coil_+-0.3mA_fine_284mK_191103__IVB__T_1p40K[-0.000068250],2,up,2479,1.0
D4.2__Fig 2__SQUID_data__IVB_BS30_A1S1_I_coil_+-0.3mA_fine_284mK_191103__IVB__T_1p40K[-0.000069000],0,up,2521,0.9992063492063492
D4.2__Fig 2__SQUID_data__IVB_BS30_A1S1_I_coil_+-0.3mA_fine_284mK_191103__IVB__T_1p40K[-0.000069000],1,down,5000,0.9995999199839968
D4.2__Fig 2__SQUID_data__IVB_BS30_A1S1_I_coil_+-0.3mA_fine_284mK_191103__IVB__T_1p40K[-0.000069000],2,up,2479,1.0
D4.2__Fig 2__SQUID_data__IVB_BS30_A1S1_I_coil_+-0.3mA_fine_284mK_191103__IVB__T_1p40K[-0.000069750],0,up,2521,0.9996031746031746
D4.2__Fig 2__SQUID_data__IVB_BS30_A1S1_I_coil_+-0.3mA_fine_284mK_191103__IVB__T_1p40K[-0.000069750],1,down,5000,0.9997999599919984
D4.2__Fig 2__SQUID_data__IVB_BS30_A1S1_I_coil_+-0.3mA_fine_284mK_191103__IVB__T_1p40K[-0.000069750],2,up,2479,1.0
D4.2__Fig 2__SQUID_data__IVB_BS30_A1S1_I_coil_+-0.3mA_fine_284mK_191103__IVB__T_1p40K[-0.000070500],0,up,2521,0.9992063492063492
D4.2__Fig 2__SQUID_data__IVB_BS30_A1S1_I_coil_+-0.3mA_fine_284mK_191103__IVB__T_1p40K[-0.000070500],1,down,5000,0.9995999199839968
D4.2__Fig 2__SQUID_data__IVB_BS30_A1S1_I_coil_+-0.3mA_fine_284mK_191103__IVB__T_1p40K[-0.000070500],2,up,2479,1.0
D4.2__Fig 2__SQUID_data__IVB_BS30_A1S1_I_coil_+-0.3mA_fine_284mK_191103__IVB__T_1p40K[-0.000071250],0,up,2521,0.9996031746031746
D4.2__Fig 2__SQUID_data__IVB_BS30_A1S1_I_coil_+-0.3mA_fine_284mK_191103__IVB__T_1p40K[-0.000071250],1,down,5000,0.9997999599919984
D4.2__Fig 2__SQUID_data__IVB_BS30_A1S1_I_coil_+-0.3mA_fine_284mK_191103__IVB__T_1p40K[-0.000071250],2,up,2479,1.0
D4.2__Fig 2__SQUID_data__IVB_BS30_A1S1_I_coil_+-0.3mA_fine_284mK_191103__IVB__T_1p40K[-0.000072000],0,up,2521,0.9988095238095238
D4.2__Fig 2__SQUID_data__IVB_BS30_A1S1_I_coil_+-0.3mA_fine_284mK_191103__IVB__T_1p40K[-0.000072000],1,down,5000,0.9993998799759952
D4.2__Fig 2__SQUID_data__IVB_BS30_A1S1_I_coil_+-0.3mA_fine_284mK_191103__IVB__T_1p40K[-0.000072000],2,up,2479,1.0
D4.2__Fig 2__SQUID_data__IVB_BS30_A1S1_I_coil_+-0.3mA_fine_284mK_191103__IVB__T_1p40K[-0.000072750],0,up,2520,0.999206034140532
D4.2__Fig 2__SQUID_data__IVB_BS30_A1S1_I_coil_+-0.3mA_fine_284mK_191103__IVB__T_1p40K[-0.000072750],1,down,5002,0.9994001199760048
D4.2__Fig 2__SQUID_data__IVB_BS30_A1S1_I_coil_+-0.3mA_fine_284mK_191103__IVB__T_1p40K[-0.000072750],2,up,2478,1.0
D4.2__Fig 2__SQUID_data__IVB_BS30_A1S1_I_coil_+-0.3mA_fine_284mK_191103__IVB__T_1p40K[-0.000073500],0,up,2521,0.9988095238095238
D4.2__Fig 2__SQUID_data__IVB_BS30_A1S1_I_coil_+-0.3mA_fine_284mK_191103__IVB__T_1p40K[-0.000073500],1,down,5000,0.9995999199839968
D4.2__Fig 2__SQUID_data__IVB_BS30_A1S1_I_coil_+-0.3mA_fine_284mK_191103__IVB__T_1p40K[-0.000073500],2,up,2479,1.0
D4.2__Fig 2__SQUID_data__IVB_BS30_A1S1_I_coil_+-0.3mA_fine_284mK_191103__IVB__T_1p40K[-0.000074250],0,up,2521,0.9992063492063492
D4.2__Fig 2__SQUID_data__IVB_BS30_A1S1_I_coil_+-0.3mA_fine_284mK_191103__IVB__T_1p40K[-0.000074250],1,down,5000,0.9995999199839968
D4.2__Fig 2__SQUID_data__IVB_BS30_A1S1_I_coil_+-0.3mA_fine_284mK_191103__IVB__T_1p40K[-0.000074250],2,up,2479,1.0
D4.2__Fig 2__SQUID_data__IVB_BS30_A1S1_I_coil_+-0.3mA_fine_284mK_191103__IVB__T_1p40K[-0.000075000],0,up,2521,0.9984126984126984
D4.2__Fig 2__SQUID_data__IVB_BS30_A1S1_I_coil_+-0.3mA_fine_284mK_191103__IVB__T_1p40K[-0.000075000],1,down,5001,0.9996
D4.2__Fig 2__SQUID_data__IVB_BS30_A1S1_I_coil_+-0.3mA_fine_284mK_191103__IVB__T_1p40K[-0.000075000],2,up,2478,1.0
D4.2__Fig 2__SQUID_data__IVB_BS30_A1S1_I_coil_+-0.3mA_fine_284mK_191103__IVB__T_1p40K[-0.000075750],0,up,2521,0.9992063492063492
D4.2__Fig 2__SQUID_data__IVB_BS30_A1S1_I_coil_+-0.3mA_fine_284mK_191103__IVB__T_1p40K[-0.000075750],1,down,5000,0.9997999599919984
D4.2__Fig 2__SQUID_data__IVB_BS30_A1S1_I_coil_+-0.3mA_fine_284mK_191103__IVB__T_1p40K[-0.000075750],2,up,2479,1.0
D4.2__Fig 2__SQUID_data__IVB_BS30_A1S1_I_coil_+-0.3mA_fine_284mK_191103__IVB__T_1p40K[-0.000076500],0,up,2521,0.9992063492063492
D4.2__Fig 2__SQUID_data__IVB_BS30_A1S1_I_coil_+-0.3mA_fine_284mK_191103__IVB__T_1p40K[-0.000076500],1,down,5000,0.9995999199839968
D4.2__Fig 2__SQUID_data__IVB_BS30_A1S1_I_coil_+-0.3mA_fine_284mK_191103__IVB__T_1p40K[-0.000076500],2,up,2479,1.0
D4.2__Fig 2__SQUID_data__IVB_BS30_A1S1_I_coil_+-0.3mA_fine_284mK_191103__IVB__T_1p40K[-0.000077250],0,up,2521,0.9996031746031746
D4.2__Fig 2__SQUID_data__IVB_BS30_A1S1_I_coil_+-0.3mA_fine_284mK_191103__IVB__T_1p40K[-0.000077250],1,down,5000,0.9995999199839968
D4.2__Fig 2__SQUID_data__IVB_BS30_A1S1_I_coil_+-0.3mA_fine_284mK_191103__IVB__T_1p40K[-0.000077250],2,up,2479,1.0
D4.2__Fig 2__SQUID_data__IVB_BS30_A1S1_I_coil_+-0.3mA_fine_284mK_191103__IVB__T_1p40K[-0.000078000],0,up,2521,0.9988095238095238
D4.2__Fig 2__SQUID_data__IVB_BS30_A1S1_I_coil_+-0.3mA_fine_284mK_191103__IVB__T_1p40K[-0.000078000],1,down,5001,0.9994
D4.2__Fig 2__SQUID_data__IVB_BS30_A1S1_I_coil_+-0.3mA_fine_284mK_191103__IVB__T_1p40K[-0.000078000],2,up,2478,1.0
D4.2__Fig 2__SQUID_data__IVB_BS30_A1S1_I_coil_+-0.3mA_fine_284mK_191103__IVB__T_1p40K[-0.000078750],0,up,2521,0.9992063492063492
D4.2__Fig 2__SQUID_data__IVB_BS30_A1S1_I_coil_+-0.3mA_fine_284mK_191103__IVB__T_1p40K[-0.000078750],1,down,5001,0.9996
D4.2__Fig 2__SQUID_data__IVB_BS30_A1S1_I_coil_+-0.3mA_fine_284mK_191103__IVB__T_1p40K[-0.000078750],2,up,2478,1.0
D4.2__Fig 2__SQUID_data__IVB_BS30_A1S1_I_coil_+-0.3mA_fine_284mK_191103__IVB__T_1p40K[-0.000079500],0,up,2521,0.9992063492063492
D4.2__Fig 2__SQUID_data__IVB_BS30_A1S1_I_coil_+-0.3mA_fine_284mK_191103__IVB__T_1p40K[-0.000079500],1,down,5000,0.9995999199839968
D4.2__Fig 2__SQUID_data__IVB_BS30_A1S1_I_coil_+-0.3mA_fine_284mK_191103__IVB__T_1p40K[-0.000079500],2,up,2479,1.0
D4.2__Fig 2__SQUID_data__IVB_BS30_A1S1_I_coil_+-0.3mA_fine_284mK_191103__IVB__T_1p40K[-0.000080250],0,up,2520,0.999603017070266
D4.2__Fig 2__SQUID_data__IVB_BS30_A1S1_I_coil_+-0.3mA_fine_284mK_191103__IVB__T_1p40K[-0.000080250],1,down,5001,0.9998
D4.2__Fig 2__SQUID_data__IVB_BS30_A1S1_I_coil_+-0.3mA_fine_284mK_191103__IVB__T_1p40K[-0.000080250],2,up,2479,1.0
D4.2__Fig 2__SQUID_data__IVB_BS30_A1S1_I_coil_+-0.3mA_fine_284mK_191103__IVB__T_1p40K[-0.000081000],0,up,2521,0.9988095238095238
D4.2__Fig 2__SQUID_data__IVB_BS30_A1S1_I_coil_+-0.3mA_fine_284mK_191103__IVB__T_1p40K[-0.000081000],1,down,5001,0.9992
D4.2__Fig 2__SQUID_data__IVB_BS30_A1S1_I_coil_+-0.3mA_fine_284mK_191103__IVB__T_1p40K[-0.000081000],2,up,2478,1.0
D4.2__Fig 2__SQUID_data__IVB_BS30_A1S1_I_coil_+-0.3mA_fine_284mK_191103__IVB__T_1p40K[-0.000081750],0,up,2521,0.9992063492063492
D4.2__Fig 2__SQUID_data__IVB_BS30_A1S1_I_coil_+-0.3mA_fine_284mK_191103__IVB__T_1p40K[-0.000081750],1,down,5000,0.9995999199839968
D4.2__Fig 2__SQUID_data__IVB_BS30_A1S1_I_coil_+-0.3mA_fine_284mK_191103__IVB__T_1p40K[-0.000081750],2,up,2479,1.0
D4.2__Fig 2__SQUID_data__IVB_BS30_A1S1_I_coil_+-0.3mA_fine_284mK_191103__IVB__T_1p40K[-0.000082500],0,up,2521,0.9988095238095238
D4.2__Fig 2__SQUID_data__IVB_BS30_A1S1_I_coil_+-0.3mA_fine_284mK_191103__IVB__T_1p40K[-0.000082500],1,down,5000,0.9995999199839968
D4.2__Fig 2__SQUID_data__IVB_BS30_A1S1_I_coil_+-0.3mA_fine_284mK_191103__IVB__T_1p40K[-0.000082500],2,up,2479,1.0
D4.2__Fig 2__SQUID_data__IVB_BS30_A1S1_I_coil_+-0.3mA_fine_284mK_191103__IVB__T_1p40K[-0.000083250],0,up,2521,0.9988095238095238
D4.2__Fig 2__SQUID_data__IVB_BS30_A1S1_I_coil_+-0.3mA_fine_284mK_191103__IVB__T_1p40K[-0.000083250],1,down,5000,0.9997999599919984
D4.2__Fig 2__SQUID_data__IVB_BS30_A1S1_I_coil_+-0.3mA_fine_284mK_191103__IVB__T_1p40K[-0.000083250],2,up,2479,1.0
D4.2__Fig 2__SQUID_data__IVB_BS30_A1S1_I_coil_+-0.3mA_fine_284mK_191103__IVB__T_1p40K[-0.000084000],0,up,2520,0.999206034140532
D4.2__Fig 2__SQUID_data__IVB_BS30_A1S1_I_coil_+-0.3mA_fine_284mK_191103__IVB__T_1p40K[-0.000084000],1,down,5001,0.9994
D4.2__Fig 2__SQUID_data__IVB_BS30_A1S1_I_coil_+-0.3mA_fine_284mK_191103__IVB__T_1p40K[-0.000084000],2,up,2479,1.0
D4.2__Fig 2__SQUID_data__IVB_BS30_A1S1_I_coil_+-0.3mA_fine_284mK_191103__IVB__T_1p40K[-0.000084750],0,up,2521,0.9992063492063492
D4.2__Fig 2__SQUID_data__IVB_BS30_A1S1_I_coil_+-0.3mA_fine_284mK_191103__IVB__T_1p40K[-0.000084750],1,down,5001,0.9998
D4.2__Fig 2__SQUID_data__IVB_BS30_A1S1_I_coil_+-0.3mA_fine_284mK_191103__IVB__T_1p40K[-0.000084750],2,up,2478,1.0
D4.2__Fig 2__SQUID_data__IVB_BS30_A1S1_I_coil_+-0.3mA_fine_284mK_191103__IVB__T_1p40K[-0.000085500],0,up,2520,0.999603017070266
D4.2__Fig 2__SQUID_data__IVB_BS30_A1S1_I_coil_+-0.3mA_fine_284mK_191103__IVB__T_1p40K[-0.000085500],1,down,5001,0.9994
D4.2__Fig 2__SQUID_data__IVB_BS30_A1S1_I_coil_+-0.3mA_fine_284mK_191103__IVB__T_1p40K[-0.000085500],2,up,2479,1.0
D4.2__Fig 2__SQUID_data__IVB_BS30_A1S1_I_coil_+-0.3mA_fine_284mK_191103__IVB__T_1p40K[-0.000086250],0,up,2520,0.999603017070266
D4.2__Fig 2__SQUID_data__IVB_BS30_A1S1_I_coil_+-0.3mA_fine_284mK_191103__IVB__T_1p40K[-0.000086250],1,down,5001,0.9994
D4.2__Fig 2__SQUID_data__IVB_BS30_A1S1_I_coil_+-0.3mA_fine_284mK_191103__IVB__T_1p40K[-0.000086250],2,up,2479,1.0
D4.2__Fig 2__SQUID_data__IVB_BS30_A1S1_I_coil_+-0.3mA_fine_284mK_191103__IVB__T_1p40K[-0.000087000],0,up,2521,0.9992063492063492
D4.2__Fig 2__SQUID_data__IVB_BS30_A1S1_I_coil_+-0.3mA_fine_284mK_191103__IVB__T_1p40K[-0.000087000],1,down,5000,0.9995999199839968
D4.2__Fig 2__SQUID_data__IVB_BS30_A1S1_I_coil_+-0.3mA_fine_284mK_191103__IVB__T_1p40K[-0.000087000],2,up,2479,1.0
D4.2__Fig 2__SQUID_data__IVB_BS30_A1S1_I_coil_+-0.3mA_fine_284mK_191103__IVB__T_1p40K[-0.000087750],0,up,2521,0.9988095238095238
D4.2__Fig 2__SQUID_data__IVB_BS30_A1S1_I_coil_+-0.3mA_fine_284mK_191103__IVB__T_1p40K[-0.000087750],1,down,5001,0.9994
D4.2__Fig 2__SQUID_data__IVB_BS30_A1S1_I_coil_+-0.3mA_fine_284mK_191103__IVB__T_1p40K[-0.000087750],2,up,2478,1.0
D4.2__Fig 2__SQUID_data__IVB_BS30_A1S1_I_coil_+-0.3mA_fine_284mK_191103__IVB__T_1p40K[-0.000088500],0,up,2521,0.9988095238095238
D4.2__Fig 2__SQUID_data__IVB_BS30_A1S1_I_coil_+-0.3mA_fine_284mK_191103__IVB__T_1p40K[-0.000088500],1,down,5000,0.9993998799759952
D4.2__Fig 2__SQUID_data__IVB_BS30_A1S1_I_coil_+-0.3mA_fine_284mK_191103__IVB__T_1p40K[-0.000088500],2,up,2479,1.0
D4.2__Fig 2__SQUID_data__IVB_BS30_A1S1_I_coil_+-0.3mA_fine_284mK_191103__IVB__T_1p40K[-0.000089250],0,up,2520,0.999603017070266
D4.2__Fig 2__SQUID_data__IVB_BS30_A1S1_I_coil_+-0.3mA_fine_284mK_191103__IVB__T_1p40K[-0.000089250],1,down,5001,0.9998
D4.2__Fig 2__SQUID_data__IVB_BS30_A1S1_I_coil_+-0.3mA_fine_284mK_191103__IVB__T_1p40K[-0.000089250],2,up,2479,1.0
D4.2__Fig 2__SQUID_data__IVB_BS30_A1S1_I_coil_+-0.3mA_fine_284mK_191103__IVB__T_1p40K[-0.000090000],0,up,2520,0.999603017070266
D4.2__Fig 2__SQUID_data__IVB_BS30_A1S1_I_coil_+-0.3mA_fine_284mK_191103__IVB__T_1p40K[-0.000090000],1,down,5001,0.9998
D4.2__Fig 2__SQUID_data__IVB_BS30_A1S1_I_coil_+-0.3mA_fine_284mK_191103__IVB__T_1p40K[-0.000090000],2,up,2479,1.0
D4.2__Fig 2__SQUID_data__IVB_BS30_A1S1_I_coil_+-0.3mA_fine_284mK_191103__IVB__T_1p40K[-0.000090750],0,up,2521,0.9992063492063492
D4.2__Fig 2__SQUID_data__IVB_BS30_A1S1_I_coil_+-0.3mA_fine_284mK_191103__IVB__T_1p40K[-0.000090750],1,down,5000,0.9993998799759952
D4.2__Fig 2__SQUID_data__IVB_BS30_A1S1_I_coil_+-0.3mA_fine_284mK_191103__IVB__T_1p40K[-0.000090750],2,up,2479,1.0
D4.2__Fig 2__SQUID_data__IVB_BS30_A1S1_I_coil_+-0.3mA_fine_284mK_191103__IVB__T_1p40K[-0.000091500],0,up,2521,0.9992063492063492
D4.2__Fig 2__SQUID_data__IVB_BS30_A1S1_I_coil_+-0.3mA_fine_284mK_191103__IVB__T_1p40K[-0.000091500],1,down,5000,1.0
D4.2__Fig 2__SQUID_data__IVB_BS30_A1S1_I_coil_+-0.3mA_fine_284mK_191103__IVB__T_1p40K[-0.000091500],2,up,2479,1.0
D4.2__Fig 2__SQUID_data__IVB_BS30_A1S1_I_coil_+-0.3mA_fine_284mK_191103__IVB__T_1p40K[-0.000092250],0,up,2521,0.9984126984126984
D4.2__Fig 2__SQUID_data__IVB_BS30_A1S1_I_coil_+-0.3mA_fine_284mK_191103__IVB__T_1p40K[-0.000092250],1,down,5001,0.9996
D4.2__Fig 2__SQUID_data__IVB_BS30_A1S1_I_coil_+-0.3mA_fine_284mK_191103__IVB__T_1p40K[-0.000092250],2,up,2478,1.0
D4.2__Fig 2__SQUID_data__IVB_BS30_A1S1_I_coil_+-0.3mA_fine_284mK_191103__IVB__T_1p40K[-0.000093000],0,up,2521,0.9992063492063492
D4.2__Fig 2__SQUID_data__IVB_BS30_A1S1_I_coil_+-0.3mA_fine_284mK_191103__IVB__T_1p40K[-0.000093000],1,down,5000,0.9995999199839968
D4.2__Fig 2__SQUID_data__IVB_BS30_A1S1_I_coil_+-0.3mA_fine_284mK_191103__IVB__T_1p40K[-0.000093000],2,up,2479,1.0
D4.2__Fig 2__SQUID_data__IVB_BS30_A1S1_I_coil_+-0.3mA_fine_284mK_191103__IVB__T_1p40K[-0.000093750],0,up,2521,0.9988095238095238
D4.2__Fig 2__SQUID_data__IVB_BS30_A1S1_I_coil_+-0.3mA_fine_284mK_191103__IVB__T_1p40K[-0.000093750],1,down,5000,0.9997999599919984
D4.2__Fig 2__SQUID_data__IVB_BS30_A1S1_I_coil_+-0.3mA_fine_284mK_191103__IVB__T_1p40K[-0.000093750],2,up,2479,1.0
D4.2__Fig 2__SQUID_data__IVB_BS30_A1S1_I_coil_+-0.3mA_fine_284mK_191103__IVB__T_1p40K[-0.000094500],0,up,2521,0.9992063492063492
D4.2__Fig 2__SQUID_data__IVB_BS30_A1S1_I_coil_+-0.3mA_fine_284mK_191103__IVB__T_1p40K[-0.000094500],1,down,5000,0.9995999199839968
D4.2__Fig 2__SQUID_data__IVB_BS30_A1S1_I_coil_+-0.3mA_fine_284mK_191103__IVB__T_1p40K[-0.000094500],2,up,2479,1.0
D4.2__Fig 2__SQUID_data__IVB_BS30_A1S1_I_coil_+-0.3mA_fine_284mK_191103__IVB__T_1p40K[-0.000095250],0,up,2521,0.9992063492063492
D4.2__Fig 2__SQUID_data__IVB_BS30_A1S1_I_coil_+-0.3mA_fine_284mK_191103__IVB__T_1p40K[-0.000095250],1,down,5000,0.9995999199839968
D4.2__Fig 2__SQUID_data__IVB_BS30_A1S1_I_coil_+-0.3mA_fine_284mK_191103__IVB__T_1p40K[-0.000095250],2,up,2479,1.0
D4.2__Fig 2__SQUID_data__IVB_BS30_A1S1_I_coil_+-0.3mA_fine_284mK_191103__IVB__T_1p40K[-0.000096000],0,up,2521,0.9988095238095238
D4.2__Fig 2__SQUID_data__IVB_BS30_A1S1_I_coil_+-0.3mA_fine_284mK_191103__IVB__T_1p40K[-0.000096000],1,down,5000,0.9997999599919984
D4.2__Fig 2__SQUID_data__IVB_BS30_A1S1_I_coil_+-0.3mA_fine_284mK_191103__IVB__T_1p40K[-0.000096000],2,up,2479,1.0
D4.2__Fig 2__SQUID_data__IVB_BS30_A1S1_I_coil_+-0.3mA_fine_284mK_191103__IVB__T_1p40K[-0.000096750],0,up,2521,0.9988095238095238
D4.2__Fig 2__SQUID_data__IVB_BS30_A1S1_I_coil_+-0.3mA_fine_284mK_191103__IVB__T_1p40K[-0.000096750],1,down,5000,0.9995999199839968
D4.2__Fig 2__SQUID_data__IVB_BS30_A1S1_I_coil_+-0.3mA_fine_284mK_191103__IVB__T_1p40K[-0.000096750],2,up,2479,1.0
D4.2__Fig 2__SQUID_data__IVB_BS30_A1S1_I_coil_+-0.3mA_fine_284mK_191103__IVB__T_1p40K[-0.000097500],0,up,2521,0.9988095238095238
D4.2__Fig 2__SQUID_data__IVB_BS30_A1S1_I_coil_+-0.3mA_fine_284mK_191103__IVB__T_1p40K[-0.000097500],1,down,5000,0.9995999199839968
D4.2__Fig 2__SQUID_data__IVB_BS30_A1S1_I_coil_+-0.3mA_fine_284mK_191103__IVB__T_1p40K[-0.000097500],2,up,2479,1.0
D4.2__Fig 2__SQUID_data__IVB_BS30_A1S1_I_coil_+-0.3mA_fine_284mK_191103__IVB__T_1p40K[-0.000098250],0,up,2520,0.999206034140532
D4.2__Fig 2__SQUID_data__IVB_BS30_A1S1_I_coil_+-0.3mA_fine_284mK_191103__IVB__T_1p40K[-0.000098250],1,down,5001,0.9996
D4.2__Fig 2__SQUID_data__IVB_BS30_A1S1_I_coil_+-0.3mA_fine_284mK_191103__IVB__T_1p40K[-0.000098250],2,up,2479,1.0
D4.2__Fig 2__SQUID_data__IVB_BS30_A1S1_I_coil_+-0.3mA_fine_284mK_191103__IVB__T_1p40K[-0.000099000],0,up,2521,0.9988095238095238
D4.2__Fig 2__SQUID_data__IVB_BS30_A1S1_I_coil_+-0.3mA_fine_284mK_191103__IVB__T_1p40K[-0.000099000],1,down,5000,0.9995999199839968
D4.2__Fig 2__SQUID_data__IVB_BS30_A1S1_I_coil_+-0.3mA_fine_284mK_191103__IVB__T_1p40K[-0.000099000],2,up,2479,1.0
D4.2__Fig 2__SQUID_data__IVB_BS30_A1S1_I_coil_+-0.3mA_fine_284mK_191103__IVB__T_1p40K[-0.000099750],0,up,2521,0.9996031746031746
D4.2__Fig 2__SQUID_data__IVB_BS30_A1S1_I_coil_+-0.3mA_fine_284mK_191103__IVB__T_1p40K[-0.000099750],1,down,5000,0.9995999199839968
D4.2__Fig 2__SQUID_data__IVB_BS30_A1S1_I_coil_+-0.3mA_fine_284mK_191103__IVB__T_1p40K[-0.000099750],2,up,2479,1.0
D4.2__Fig 2__SQUID_data__IVB_BS30_A1S1_I_coil_+-0.3mA_fine_284mK_191103__IVB__T_1p40K[-0.000100500],0,up,2521,0.9992063492063492
D4.2__Fig 2__SQUID_data__IVB_BS30_A1S1_I_coil_+-0.3mA_fine_284mK_191103__IVB__T_1p40K[-0.000100500],1,down,5001,0.9996
D4.2__Fig 2__SQUID_data__IVB_BS30_A1S1_I_coil_+-0.3mA_fine_284mK_191103__IVB__T_1p40K[-0.000100500],2,up,2478,1.0
D4.2__Fig 2__SQUID_data__IVB_BS30_A1S1_I_coil_+-0.3mA_fine_284mK_191103__IVB__T_1p40K[-0.000101250],0,up,2520,0.999206034140532
D4.2__Fig 2__SQUID_data__IVB_BS30_A1S1_I_coil_+-0.3mA_fine_284mK_191103__IVB__T_1p40K[-0.000101250],1,down,5001,0.9996
D4.2__Fig 2__SQUID_data__IVB_BS30_A1S1_I_coil_+-0.3mA_fine_284mK_191103__IVB__T_1p40K[-0.000101250],2,up,2479,1.0
D4.2__Fig 2__SQUID_data__IVB_BS30_A1S1_I_coil_+-0.3mA_fine_284mK_191103__IVB__T_1p40K[-0.000102000],0,up,2521,0.9992063492063492
D4.2__Fig 2__SQUID_data__IVB_BS30_A1S1_I_coil_+-0.3mA_fine_284mK_191103__IVB__T_1p40K[-0.000102000],1,down,5000,0.9995999199839968
D4.2__Fig 2__SQUID_data__IVB_BS30_A1S1_I_coil_+-0.3mA_fine_284mK_191103__IVB__T_1p40K[-0.000102000],2,up,2479,1.0
D4.2__Fig 2__SQUID_data__IVB_BS30_A1S1_I_coil_+-0.3mA_fine_284mK_191103__IVB__T_1p40K[-0.000102750],0,up,2521,0.9992063492063492
D4.2__Fig 2__SQUID_data__IVB_BS30_A1S1_I_coil_+-0.3mA_fine_284mK_191103__IVB__T_1p40K[-0.000102750],1,down,5000,0.9995999199839968
D4.2__Fig 2__SQUID_data__IVB_BS30_A1S1_I_coil_+-0.3mA_fine_284mK_191103__IVB__T_1p40K[-0.000102750],2,up,2479,1.0
D4.2__Fig 2__SQUID_data__IVB_BS30_A1S1_I_coil_+-0.3mA_fine_284mK_191103__IVB__T_1p40K[-0.000103500],0,up,2520,0.999603017070266
D4.2__Fig 2__SQUID_data__IVB_BS30_A1S1_I_coil_+-0.3mA_fine_284mK_191103__IVB__T_1p40K[-0.000103500],1,down,5001,0.9996
D4.2__Fig 2__SQUID_data__IVB_BS30_A1S1_I_coil_+-0.3mA_fine_284mK_191103__IVB__T_1p40K[-0.000103500],2,up,2479,1.0
D4.2__Fig 2__SQUID_data__IVB_BS30_A1S1_I_coil_+-0.3mA_fine_284mK_191103__IVB__T_1p40K[-0.000104250],0,up,2521,0.9988095238095238
D4.2__Fig 2__SQUID_data__IVB_BS30_A1S1_I_coil_+-0.3mA_fine_284mK_191103__IVB__T_1p40K[-0.000104250],1,down,5000,0.9995999199839968
D4.2__Fig 2__SQUID_data__IVB_BS30_A1S1_I_coil_+-0.3mA_fine_284mK_191103__IVB__T_1p40K[-0.000104250],2,up,2479,1.0
D4.2__Fig 2__SQUID_data__IVB_BS30_A1S1_I_coil_+-0.3mA_fine_284mK_191103__IVB__T_1p40K[-0.000105000],0,up,2521,0.9992063492063492
D4.2__Fig 2__SQUID_data__IVB_BS30_A1S1_I_coil_+-0.3mA_fine_284mK_191103__IVB__T_1p40K[-0.000105000],1,down,5000,0.9997999599919984
D4.2__Fig 2__SQUID_data__IVB_BS30_A1S1_I_coil_+-0.3mA_fine_284mK_191103__IVB__T_1p40K[-0.000105000],2,up,2479,1.0
D4.2__Fig 2__SQUID_data__IVB_BS30_A1S1_I_coil_+-0.3mA_fine_284mK_191103__IVB__T_1p40K[-0.000105750],0,up,2521,0.9996031746031746
D4.2__Fig 2__SQUID_data__IVB_BS30_A1S1_I_coil_+-0.3mA_fine_284mK_191103__IVB__T_1p40K[-0.000105750],1,down,5000,0.9995999199839968
D4.2__Fig 2__SQUID_data__IVB_BS30_A1S1_I_coil_+-0.3mA_fine_284mK_191103__IVB__T_1p40K[-0.000105750],2,up,2479,1.0
D4.2__Fig 2__SQUID_data__IVB_BS30_A1S1_I_coil_+-0.3mA_fine_284mK_191103__IVB__T_1p40K[-0.000106500],0,up,2521,0.9992063492063492
D4.2__Fig 2__SQUID_data__IVB_BS30_A1S1_I_coil_+-0.3mA_fine_284mK_191103__IVB__T_1p40K[-0.000106500],1,down,5000,0.9997999599919984
D4.2__Fig 2__SQUID_data__IVB_BS30_A1S1_I_coil_+-0.3mA_fine_284mK_191103__IVB__T_1p40K[-0.000106500],2,up,2479,1.0
D4.2__Fig 2__SQUID_data__IVB_BS30_A1S1_I_coil_+-0.3mA_fine_284mK_191103__IVB__T_1p40K[-0.000107250],0,up,2521,0.9988095238095238
D4.2__Fig 2__SQUID_data__IVB_BS30_A1S1_I_coil_+-0.3mA_fine_284mK_191103__IVB__T_1p40K[-0.000107250],1,down,5000,0.9995999199839968
D4.2__Fig 2__SQUID_data__IVB_BS30_A1S1_I_coil_+-0.3mA_fine_284mK_191103__IVB__T_1p40K[-0.000107250],2,up,2479,1.0
D4.2__Fig 2__SQUID_data__IVB_BS30_A1S1_I_coil_+-0.3mA_fine_284mK_191103__IVB__T_1p40K[-0.000108000],0,up,2521,0.9988095238095238
D4.2__Fig 2__SQUID_data__IVB_BS30_A1S1_I_coil_+-0.3mA_fine_284mK_191103__IVB__T_1p40K[-0.000108000],1,down,5000,0.9995999199839968
D4.2__Fig 2__SQUID_data__IVB_BS30_A1S1_I_coil_+-0.3mA_fine_284mK_191103__IVB__T_1p40K[-0.000108000],2,up,2479,1.0
D4.2__Fig 2__SQUID_data__IVB_BS30_A1S1_I_coil_+-0.3mA_fine_284mK_191103__IVB__T_1p40K[-0.000108750],0,up,2520,0.999603017070266
D4.2__Fig 2__SQUID_data__IVB_BS30_A1S1_I_coil_+-0.3mA_fine_284mK_191103__IVB__T_1p40K[-0.000108750],1,down,5001,0.9996
D4.2__Fig 2__SQUID_data__IVB_BS30_A1S1_I_coil_+-0.3mA_fine_284mK_191103__IVB__T_1p40K[-0.000108750],2,up,2479,1.0
D4.2__Fig 2__SQUID_data__IVB_BS30_A1S1_I_coil_+-0.3mA_fine_284mK_191103__IVB__T_1p40K[-0.000109500],0,up,2521,0.9992063492063492
D4.2__Fig 2__SQUID_data__IVB_BS30_A1S1_I_coil_+-0.3mA_fine_284mK_191103__IVB__T_1p40K[-0.000109500],1,down,5001,0.9996
D4.2__Fig 2__SQUID_data__IVB_BS30_A1S1_I_coil_+-0.3mA_fine_284mK_191103__IVB__T_1p40K[-0.000109500],2,up,2478,1.0
D4.2__Fig 2__SQUID_data__IVB_BS30_A1S1_I_coil_+-0.3mA_fine_284mK_191103__IVB__T_1p40K[-0.000110250],0,up,2521,0.9992063492063492
D4.2__Fig 2__SQUID_data__IVB_BS30_A1S1_I_coil_+-0.3mA_fine_284mK_191103__IVB__T_1p40K[-0.000110250],1,down,5001,0.9992
D4.2__Fig 2__SQUID_data__IVB_BS30_A1S1_I_coil_+-0.3mA_fine_284mK_191103__IVB__T_1p40K[-0.000110250],2,up,2478,1.0
D4.2__Fig 2__SQUID_data__IVB_BS30_A1S1_I_coil_+-0.3mA_fine_284mK_191103__IVB__T_1p40K[-0.000111000],0,up,2521,0.9996031746031746
D4.2__Fig 2__SQUID_data__IVB_BS30_A1S1_I_coil_+-0.3mA_fine_284mK_191103__IVB__T_1p40K[-0.000111000],1,down,5001,0.9994
D4.2__Fig 2__SQUID_data__IVB_BS30_A1S1_I_coil_+-0.3mA_fine_284mK_191103__IVB__T_1p40K[-0.000111000],2,up,2478,1.0
D4.2__Fig 2__SQUID_data__IVB_BS30_A1S1_I_coil_+-0.3mA_fine_284mK_191103__IVB__T_1p40K[-0.000111750],0,up,2521,0.9992063492063492
D4.2__Fig 2__SQUID_data__IVB_BS30_A1S1_I_coil_+-0.3mA_fine_284mK_191103__IVB__T_1p40K[-0.000111750],1,down,5000,0.9995999199839968
D4.2__Fig 2__SQUID_data__IVB_BS30_A1S1_I_coil_+-0.3mA_fine_284mK_191103__IVB__T_1p40K[-0.000111750],2,up,2479,1.0
D4.2__Fig 2__SQUID_data__IVB_BS30_A1S1_I_coil_+-0.3mA_fine_284mK_191103__IVB__T_1p40K[-0.000112500],0,up,2521,0.9992063492063492
D4.2__Fig 2__SQUID_data__IVB_BS30_A1S1_I_coil_+-0.3mA_fine_284mK_191103__IVB__T_1p40K[-0.000112500],1,down,5000,0.9997999599919984
D4.2__Fig 2__SQUID_data__IVB_BS30_A1S1_I_coil_+-0.3mA_fine_284mK_191103__IVB__T_1p40K[-0.000112500],2,up,2479,1.0
D4.2__Fig 2__SQUID_data__IVB_BS30_A1S1_I_coil_+-0.3mA_fine_284mK_191103__IVB__T_1p40K[-0.000113250],0,up,2521,0.9992063492063492
D4.2__Fig 2__SQUID_data__IVB_BS30_A1S1_I_coil_+-0.3mA_fine_284mK_191103__IVB__T_1p40K[-0.000113250],1,down,5000,0.9995999199839968
D4.2__Fig 2__SQUID_data__IVB_BS30_A1S1_I_coil_+-0.3mA_fine_284mK_191103__IVB__T_1p40K[-0.000113250],2,up,2479,1.0
D4.2__Fig 2__SQUID_data__IVB_BS30_A1S1_I_coil_+-0.3mA_fine_284mK_191103__IVB__T_1p40K[-0.000114000],0,up,2521,0.9992063492063492
D4.2__Fig 2__SQUID_data__IVB_BS30_A1S1_I_coil_+-0.3mA_fine_284mK_191103__IVB__T_1p40K[-0.000114000],1,down,5001,0.9996
D4.2__Fig 2__SQUID_data__IVB_BS30_A1S1_I_coil_+-0.3mA_fine_284mK_191103__IVB__T_1p40K[-0.000114000],2,up,2478,1.0
D4.2__Fig 2__SQUID_data__IVB_BS30_A1S1_I_coil_+-0.3mA_fine_284mK_191103__IVB__T_1p40K[-0.000114750],0,up,2521,0.9988095238095238
D4.2__Fig 2__SQUID_data__IVB_BS30_A1S1_I_coil_+-0.3mA_fine_284mK_191103__IVB__T_1p40K[-0.000114750],1,down,5000,0.9997999599919984
D4.2__Fig 2__SQUID_data__IVB_BS30_A1S1_I_coil_+-0.3mA_fine_284mK_191103__IVB__T_1p40K[-0.000114750],2,up,2479,1.0
D4.2__Fig 2__SQUID_data__IVB_BS30_A1S1_I_coil_+-0.3mA_fine_284mK_191103__IVB__T_1p40K[-0.000115500],0,up,2520,0.999206034140532
D4.2__Fig 2__SQUID_data__IVB_BS30_A1S1_I_coil_+-0.3mA_fine_284mK_191103__IVB__T_1p40K[-0.000115500],1,down,5001,0.9996
D4.2__Fig 2__SQUID_data__IVB_BS30_A1S1_I_coil_+-0.3mA_fine_284mK_191103__IVB__T_1p40K[-0.000115500],2,up,2479,1.0
D4.2__Fig 2__SQUID_data__IVB_BS30_A1S1_I_coil_+-0.3mA_fine_284mK_191103__IVB__T_1p40K[-0.000116250],0,up,2520,0.999603017070266
D4.2__Fig 2__SQUID_data__IVB_BS30_A1S1_I_coil_+-0.3mA_fine_284mK_191103__IVB__T_1p40K[-0.000116250],1,down,5001,0.9996
D4.2__Fig 2__SQUID_data__IVB_BS30_A1S1_I_coil_+-0.3mA_fine_284mK_191103__IVB__T_1p40K[-0.000116250],2,up,2479,1.0
D4.2__Fig 2__SQUID_data__IVB_BS30_A1S1_I_coil_+-0.3mA_fine_284mK_191103__IVB__T_1p40K[-0.000117000],0,up,2520,0.999603017070266
D4.2__Fig 2__SQUID_data__IVB_BS30_A1S1_I_coil_+-0.3mA_fine_284mK_191103__IVB__T_1p40K[-0.000117000],1,down,5000,1.0
D4.2__Fig 2__SQUID_data__IVB_BS30_A1S1_I_coil_+-0.3mA_fine_284mK_191103__IVB__T_1p40K[-0.000117000],2,up,2480,1.0
D4.2__Fig 2__SQUID_data__IVB_BS30_A1S1_I_coil_+-0.3mA_fine_284mK_191103__IVB__T_1p40K[-0.000117750],0,up,2521,0.9988095238095238
D4.2__Fig 2__SQUID_data__IVB_BS30_A1S1_I_coil_+-0.3mA_fine_284mK_191103__IVB__T_1p40K[-0.000117750],1,down,5000,0.9995999199839968
D4.2__Fig 2__SQUID_data__IVB_BS30_A1S1_I_coil_+-0.3mA_fine_284mK_191103__IVB__T_1p40K[-0.000117750],2,up,2479,1.0
D4.2__Fig 2__SQUID_data__IVB_BS30_A1S1_I_coil_+-0.3mA_fine_284mK_191103__IVB__T_1p40K[-0.000118500],0,up,2521,0.9988095238095238
D4.2__Fig 2__SQUID_data__IVB_BS30_A1S1_I_coil_+-0.3mA_fine_284mK_191103__IVB__T_1p40K[-0.000118500],1,down,5000,0.9993998799759952
D4.2__Fig 2__SQUID_data__IVB_BS30_A1S1_I_coil_+-0.3mA_fine_284mK_191103__IVB__T_1p40K[-0.000118500],2,up,2479,1.0
D4.2__Fig 2__SQUID_data__IVB_BS30_A1S1_I_coil_+-0.3mA_fine_284mK_191103__IVB__T_1p40K[-0.000119250],0,up,2520,0.999603017070266
D4.2__Fig 2__SQUID_data__IVB_BS30_A1S1_I_coil_+-0.3mA_fine_284mK_191103__IVB__T_1p40K[-0.000119250],1,down,5000,0.9997999599919984
D4.2__Fig 2__SQUID_data__IVB_BS30_A1S1_I_coil_+-0.3mA_fine_284mK_191103__IVB__T_1p40K[-0.000119250],2,up,2480,1.0
D4.2__Fig 2__SQUID_data__IVB_BS30_A1S1_I_coil_+-0.3mA_fine_284mK_191103__IVB__T_1p40K[-0.000120000],0,up,2521,0.9992063492063492
D4.2__Fig 2__SQUID_data__IVB_BS30_A1S1_I_coil_+-0.3mA_fine_284mK_191103__IVB__T_1p40K[-0.000120000],1,down,5000,0.9997999599919984
D4.2__Fig 2__SQUID_data__IVB_BS30_A1S1_I_coil_+-0.3mA_fine_284mK_191103__IVB__T_1p40K[-0.000120000],2,up,2479,1.0
D4.2__Fig 2__SQUID_data__IVB_BS30_A1S1_I_coil_+-0.3mA_fine_284mK_191103__IVB__T_1p40K[-0.000120750],0,up,2521,0.9992063492063492
D4.2__Fig 2__SQUID_data__IVB_BS30_A1S1_I_coil_+-0.3mA_fine_284mK_191103__IVB__T_1p40K[-0.000120750],1,down,5001,0.9996
D4.2__Fig 2__SQUID_data__IVB_BS30_A1S1_I_coil_+-0.3mA_fine_284mK_191103__IVB__T_1p40K[-0.000120750],2,up,2478,1.0
D4.2__Fig 2__SQUID_data__IVB_BS30_A1S1_I_coil_+-0.3mA_fine_284mK_191103__IVB__T_1p40K[-0.000121500],0,up,2521,0.9992063492063492
D4.2__Fig 2__SQUID_data__IVB_BS30_A1S1_I_coil_+-0.3mA_fine_284mK_191103__IVB__T_1p40K[-0.000121500],1,down,5000,0.9993998799759952
D4.2__Fig 2__SQUID_data__IVB_BS30_A1S1_I_coil_+-0.3mA_fine_284mK_191103__IVB__T_1p40K[-0.000121500],2,up,2479,0.9995964487489911
D4.2__Fig 2__SQUID_data__IVB_BS30_A1S1_I_coil_+-0.3mA_fine_284mK_191103__IVB__T_1p40K[-0.000122250],0,up,2522,0.9992066640222134
D4.2__Fig 2__SQUID_data__IVB_BS30_A1S1_I_coil_+-0.3mA_fine_284mK_191103__IVB__T_1p40K[-0.000122250],1,down,4999,0.9995998399359743
D4.2__Fig 2__SQUID_data__IVB_BS30_A1S1_I_coil_+-0.3mA_fine_284mK_191103__IVB__T_1p40K[-0.000122250],2,up,2479,1.0
D4.2__Fig 2__SQUID_data__IVB_BS30_A1S1_I_coil_+-0.3mA_fine_284mK_191103__IVB__T_1p40K[-0.000123000],0,up,2520,0.999603017070266
D4.2__Fig 2__SQUID_data__IVB_BS30_A1S1_I_coil_+-0.3mA_fine_284mK_191103__IVB__T_1p40K[-0.000123000],1,down,5001,0.9996
D4.2__Fig 2__SQUID_data__IVB_BS30_A1S1_I_coil_+-0.3mA_fine_284mK_191103__IVB__T_1p40K[-0.000123000],2,up,2479,1.0
D4.2__Fig 2__SQUID_data__IVB_BS30_A1S1_I_coil_+-0.3mA_fine_284mK_191103__IVB__T_1p40K[-0.000123750],0,up,2521,0.9996031746031746
D4.2__Fig 2__SQUID_data__IVB_BS30_A1S1_I_coil_+-0.3mA_fine_284mK_191103__IVB__T_1p40K[-0.000123750],1,down,5000,0.9995999199839968
D4.2__Fig 2__SQUID_data__IVB_BS30_A1S1_I_coil_+-0.3mA_fine_284mK_191103__IVB__T_1p40K[-0.000123750],2,up,2479,1.0
D4.2__Fig 2__SQUID_data__IVB_BS30_A1S1_I_coil_+-0.3mA_fine_284mK_191103__IVB__T_1p40K[-0.000124500],0,up,2521,0.9996031746031746
D4.2__Fig 2__SQUID_data__IVB_BS30_A1S1_I_coil_+-0.3mA_fine_284mK_191103__IVB__T_1p40K[-0.000124500],1,down,5001,0.9994
D4.2__Fig 2__SQUID_data__IVB_BS30_A1S1_I_coil_+-0.3mA_fine_284mK_191103__IVB__T_1p40K[-0.000124500],2,up,2478,1.0
D4.2__Fig 2__SQUID_data__IVB_BS30_A1S1_I_coil_+-0.3mA_fine_284mK_191103__IVB__T_1p40K[-0.000125250],0,up,2521,0.9992063492063492
D4.2__Fig 2__SQUID_data__IVB_BS30_A1S1_I_coil_+-0.3mA_fine_284mK_191103__IVB__T_1p40K[-0.000125250],1,down,5000,0.9997999599919984
D4.2__Fig 2__SQUID_data__IVB_BS30_A1S1_I_coil_+-0.3mA_fine_284mK_191103__IVB__T_1p40K[-0.000125250],2,up,2479,1.0
D4.2__Fig 2__SQUID_data__IVB_BS30_A1S1_I_coil_+-0.3mA_fine_284mK_191103__IVB__T_1p40K[-0.000126000],0,up,2521,0.9988095238095238
D4.2__Fig 2__SQUID_data__IVB_BS30_A1S1_I_coil_+-0.3mA_fine_284mK_191103__IVB__T_1p40K[-0.000126000],1,down,5000,0.9995999199839968
D4.2__Fig 2__SQUID_data__IVB_BS30_A1S1_I_coil_+-0.3mA_fine_284mK_191103__IVB__T_1p40K[-0.000126000],2,up,2479,1.0
D4.2__Fig 2__SQUID_data__IVB_BS30_A1S1_I_coil_+-0.3mA_fine_284mK_191103__IVB__T_1p40K[-0.000126750],0,up,2521,0.9984126984126984
D4.2__Fig 2__SQUID_data__IVB_BS30_A1S1_I_coil_+-0.3mA_fine_284mK_191103__IVB__T_1p40K[-0.000126750],1,down,5001,0.9996
D4.2__Fig 2__SQUID_data__IVB_BS30_A1S1_I_coil_+-0.3mA_fine_284mK_191103__IVB__T_1p40K[-0.000126750],2,up,2478,1.0
D4.2__Fig 2__SQUID_data__IVB_BS30_A1S1_I_coil_+-0.3mA_fine_284mK_191103__IVB__T_1p40K[-0.000127500],0,up,2521,0.9992063492063492
D4.2__Fig 2__SQUID_data__IVB_BS30_A1S1_I_coil_+-0.3mA_fine_284mK_191103__IVB__T_1p40K[-0.000127500],1,down,5000,0.9995999199839968
D4.2__Fig 2__SQUID_data__IVB_BS30_A1S1_I_coil_+-0.3mA_fine_284mK_191103__IVB__T_1p40K[-0.000127500],2,up,2479,1.0
D4.2__Fig 2__SQUID_data__IVB_BS30_A1S1_I_coil_+-0.3mA_fine_284mK_191103__IVB__T_1p40K[-0.000128250],0,up,2521,0.9992063492063492
D4.2__Fig 2__SQUID_data__IVB_BS30_A1S1_I_coil_+-0.3mA_fine_284mK_191103__IVB__T_1p40K[-0.000128250],1,down,5000,0.9995999199839968
D4.2__Fig 2__SQUID_data__IVB_BS30_A1S1_I_coil_+-0.3mA_fine_284mK_191103__IVB__T_1p40K[-0.000128250],2,up,2479,1.0
D4.2__Fig 2__SQUID_data__IVB_BS30_A1S1_I_coil_+-0.3mA_fine_284mK_191103__IVB__T_1p40K[-0.000129000],0,up,2520,0.9988090512107979
D4.2__Fig 2__SQUID_data__IVB_BS30_A1S1_I_coil_+-0.3mA_fine_284mK_191103__IVB__T_1p40K[-0.000129000],1,down,5001,0.9994
D4.2__Fig 2__SQUID_data__IVB_BS30_A1S1_I_coil_+-0.3mA_fine_284mK_191103__IVB__T_1p40K[-0.000129000],2,up,2479,1.0
D4.2__Fig 2__SQUID_data__IVB_BS30_A1S1_I_coil_+-0.3mA_fine_284mK_191103__IVB__T_1p40K[-0.000129750],0,up,2521,0.9992063492063492
D4.2__Fig 2__SQUID_data__IVB_BS30_A1S1_I_coil_+-0.3mA_fine_284mK_191103__IVB__T_1p40K[-0.000129750],1,down,5000,0.9995999199839968
D4.2__Fig 2__SQUID_data__IVB_BS30_A1S1_I_coil_+-0.3mA_fine_284mK_191103__IVB__T_1p40K[-0.000129750],2,up,2479,1.0
D4.2__Fig 2__SQUID_data__IVB_BS30_A1S1_I_coil_+-0.3mA_fine_284mK_191103__IVB__T_1p40K[-0.000130500],0,up,2521,0.9988095238095238
D4.2__Fig 2__SQUID_data__IVB_BS30_A1S1_I_coil_+-0.3mA_fine_284mK_191103__IVB__T_1p40K[-0.000130500],1,down,5000,0.9995999199839968
D4.2__Fig 2__SQUID_data__IVB_BS30_A1S1_I_coil_+-0.3mA_fine_284mK_191103__IVB__T_1p40K[-0.000130500],2,up,2479,1.0
D4.2__Fig 2__SQUID_data__IVB_BS30_A1S1_I_coil_+-0.3mA_fine_284mK_191103__IVB__T_1p40K[-0.000131250],0,up,2521,0.9992063492063492
D4.2__Fig 2__SQUID_data__IVB_BS30_A1S1_I_coil_+-0.3mA_fine_284mK_191103__IVB__T_1p40K[-0.000131250],1,down,5000,0.9995999199839968
D4.2__Fig 2__SQUID_data__IVB_BS30_A1S1_I_coil_+-0.3mA_fine_284mK_191103__IVB__T_1p40K[-0.000131250],2,up,2479,1.0
D4.2__Fig 2__SQUID_data__IVB_BS30_A1S1_I_coil_+-0.3mA_fine_284mK_191103__IVB__T_1p40K[-0.000132000],0,up,2521,0.9992063492063492
D4.2__Fig 2__SQUID_data__IVB_BS30_A1S1_I_coil_+-0.3mA_fine_284mK_191103__IVB__T_1p40K[-0.000132000],1,down,5000,0.9995999199839968
D4.2__Fig 2__SQUID_data__IVB_BS30_A1S1_I_coil_+-0.3mA_fine_284mK_191103__IVB__T_1p40K[-0.000132000],2,up,2479,1.0
D4.2__Fig 2__SQUID_data__IVB_BS30_A1S1_I_coil_+-0.3mA_fine_284mK_191103__IVB__T_1p40K[-0.000132750],0,up,2521,0.9996031746031746
D4.2__Fig 2__SQUID_data__IVB_BS30_A1S1_I_coil_+-0.3mA_fine_284mK_191103__IVB__T_1p40K[-0.000132750],1,down,5001,0.9994
D4.2__Fig 2__SQUID_data__IVB_BS30_A1S1_I_coil_+-0.3mA_fine_284mK_191103__IVB__T_1p40K[-0.000132750],2,up,2478,1.0
D4.2__Fig 2__SQUID_data__IVB_BS30_A1S1_I_coil_+-0.3mA_fine_284mK_191103__IVB__T_1p40K[-0.000133500],0,up,2521,0.9996031746031746
D4.2__Fig 2__SQUID_data__IVB_BS30_A1S1_I_coil_+-0.3mA_fine_284mK_191103__IVB__T_1p40K[-0.000133500],1,down,5000,0.9997999599919984
D4.2__Fig 2__SQUID_data__IVB_BS30_A1S1_I_coil_+-0.3mA_fine_284mK_191103__IVB__T_1p40K[-0.000133500],2,up,2479,1.0
D4.2__Fig 2__SQUID_data__IVB_BS30_A1S1_I_coil_+-0.3mA_fine_284mK_191103__IVB__T_1p40K[-0.000134250],0,up,2521,0.9988095238095238
D4.2__Fig 2__SQUID_data__IVB_BS30_A1S1_I_coil_+-0.3mA_fine_284mK_191103__IVB__T_1p40K[-0.000134250],1,down,5000,0.9995999199839968
D4.2__Fig 2__SQUID_data__IVB_BS30_A1S1_I_coil_+-0.3mA_fine_284mK_191103__IVB__T_1p40K[-0.000134250],2,up,2479,1.0
D4.2__Fig 2__SQUID_data__IVB_BS30_A1S1_I_coil_+-0.3mA_fine_284mK_191103__IVB__T_1p40K[-0.000135000],0,up,2521,0.9992063492063492
D4.2__Fig 2__SQUID_data__IVB_BS30_A1S1_I_coil_+-0.3mA_fine_284mK_191103__IVB__T_1p40K[-0.000135000],1,down,5000,0.9993998799759952
D4.2__Fig 2__SQUID_data__IVB_BS30_A1S1_I_coil_+-0.3mA_fine_284mK_191103__IVB__T_1p40K[-0.000135000],2,up,2479,1.0
D4.2__Fig 2__SQUID_data__IVB_BS30_A1S1_I_coil_+-0.3mA_fine_284mK_191103__IVB__T_1p40K[-0.000135750],0,up,2521,0.9992063492063492
D4.2__Fig 2__SQUID_data__IVB_BS30_A1S1_I_coil_+-0.3mA_fine_284mK_191103__IVB__T_1p40K[-0.000135750],1,down,5000,0.9997999599919984
D4.2__Fig 2__SQUID_data__IVB_BS30_A1S1_I_coil_+-0.3mA_fine_284mK_191103__IVB__T_1p40K[-0.000135750],2,up,2479,1.0
D4.2__Fig 2__SQUID_data__IVB_BS30_A1S1_I_coil_+-0.3mA_fine_284mK_191103__IVB__T_1p40K[-0.000136500],0,up,2521,0.9988095238095238
D4.2__Fig 2__SQUID_data__IVB_BS30_A1S1_I_coil_+-0.3mA_fine_284mK_191103__IVB__T_1p40K[-0.000136500],1,down,5000,0.9997999599919984
D4.2__Fig 2__SQUID_data__IVB_BS30_A1S1_I_coil_+-0.3mA_fine_284mK_191103__IVB__T_1p40K[-0.000136500],2,up,2479,1.0
D4.2__Fig 2__SQUID_data__IVB_BS30_A1S1_I_coil_+-0.3mA_fine_284mK_191103__IVB__T_1p40K[-0.000137250],0,up,2521,0.9992063492063492
D4.2__Fig 2__SQUID_data__IVB_BS30_A1S1_I_coil_+-0.3mA_fine_284mK_191103__IVB__T_1p40K[-0.000137250],1,down,5000,0.9995999199839968
D4.2__Fig 2__SQUID_data__IVB_BS30_A1S1_I_coil_+-0.3mA_fine_284mK_191103__IVB__T_1p40K[-0.000137250],2,up,2479,1.0
D4.2__Fig 2__SQUID_data__IVB_BS30_A1S1_I_coil_+-0.3mA_fine_284mK_191103__IVB__T_1p40K[-0.000138000],0,up,2521,0.9992063492063492
D4.2__Fig 2__SQUID_data__IVB_BS30_A1S1_I_coil_+-0.3mA_fine_284mK_191103__IVB__T_1p40K[-0.000138000],1,down,5000,0.9995999199839968
D4.2__Fig 2__SQUID_data__IVB_BS30_A1S1_I_coil_+-0.3mA_fine_284mK_191103__IVB__T_1p40K[-0.000138000],2,up,2479,1.0
D4.2__Fig 2__SQUID_data__IVB_BS30_A1S1_I_coil_+-0.3mA_fine_284mK_191103__IVB__T_1p40K[-0.000138750],0,up,2520,0.999206034140532
D4.2__Fig 2__SQUID_data__IVB_BS30_A1S1_I_coil_+-0.3mA_fine_284mK_191103__IVB__T_1p40K[-0.000138750],1,down,5001,0.9994
D4.2__Fig 2__SQUID_data__IVB_BS30_A1S1_I_coil_+-0.3mA_fine_284mK_191103__IVB__T_1p40K[-0.000138750],2,up,2479,1.0
D4.2__Fig 2__SQUID_data__IVB_BS30_A1S1_I_coil_+-0.3mA_fine_284mK_191103__IVB__T_1p40K[-0.000139500],0,up,2521,0.9992063492063492
D4.2__Fig 2__SQUID_data__IVB_BS30_A1S1_I_coil_+-0.3mA_fine_284mK_191103__IVB__T_1p40K[-0.000139500],1,down,5001,0.9994
D4.2__Fig 2__SQUID_data__IVB_BS30_A1S1_I_coil_+-0.3mA_fine_284mK_191103__IVB__T_1p40K[-0.000139500],2,up,2478,1.0
D4.2__Fig 2__SQUID_data__IVB_BS30_A1S1_I_coil_+-0.3mA_fine_284mK_191103__IVB__T_1p40K[-0.000140250],0,up,2520,0.999603017070266
D4.2__Fig 2__SQUID_data__IVB_BS30_A1S1_I_coil_+-0.3mA_fine_284mK_191103__IVB__T_1p40K[-0.000140250],1,down,5001,0.9996
D4.2__Fig 2__SQUID_data__IVB_BS30_A1S1_I_coil_+-0.3mA_fine_284mK_191103__IVB__T_1p40K[-0.000140250],2,up,2479,1.0
D4.2__Fig 2__SQUID_data__IVB_BS30_A1S1_I_coil_+-0.3mA_fine_284mK_191103__IVB__T_1p40K[-0.000141000],0,up,2521,0.9992063492063492
D4.2__Fig 2__SQUID_data__IVB_BS30_A1S1_I_coil_+-0.3mA_fine_284mK_191103__IVB__T_1p40K[-0.000141000],1,down,5000,0.9995999199839968
D4.2__Fig 2__SQUID_data__IVB_BS30_A1S1_I_coil_+-0.3mA_fine_284mK_191103__IVB__T_1p40K[-0.000141000],2,up,2479,1.0
D4.2__Fig 2__SQUID_data__IVB_BS30_A1S1_I_coil_+-0.3mA_fine_284mK_191103__IVB__T_1p40K[-0.000141750],0,up,2521,0.9992063492063492
D4.2__Fig 2__SQUID_data__IVB_BS30_A1S1_I_coil_+-0.3mA_fine_284mK_191103__IVB__T_1p40K[-0.000141750],1,down,5000,0.9997999599919984
D4.2__Fig 2__SQUID_data__IVB_BS30_A1S1_I_coil_+-0.3mA_fine_284mK_191103__IVB__T_1p40K[-0.000141750],2,up,2479,1.0
D4.2__Fig 2__SQUID_data__IVB_BS30_A1S1_I_coil_+-0.3mA_fine_284mK_191103__IVB__T_1p40K[-0.000142500],0,up,2521,0.9992063492063492
D4.2__Fig 2__SQUID_data__IVB_BS30_A1S1_I_coil_+-0.3mA_fine_284mK_191103__IVB__T_1p40K[-0.000142500],1,down,5000,0.9995999199839968
D4.2__Fig 2__SQUID_data__IVB_BS30_A1S1_I_coil_+-0.3mA_fine_284mK_191103__IVB__T_1p40K[-0.000142500],2,up,2479,1.0
D4.2__Fig 2__SQUID_data__IVB_BS30_A1S1_I_coil_+-0.3mA_fine_284mK_191103__IVB__T_1p40K[-0.000143250],0,up,2521,0.9988095238095238
D4.2__Fig 2__SQUID_data__IVB_BS30_A1S1_I_coil_+-0.3mA_fine_284mK_191103__IVB__T_1p40K[-0.000143250],1,down,5000,0.9997999599919984
D4.2__Fig 2__SQUID_data__IVB_BS30_A1S1_I_coil_+-0.3mA_fine_284mK_191103__IVB__T_1p40K[-0.000143250],2,up,2479,1.0
D4.2__Fig 2__SQUID_data__IVB_BS30_A1S1_I_coil_+-0.3mA_fine_284mK_191103__IVB__T_1p40K[-0.000144000],0,up,2521,0.9992063492063492
D4.2__Fig 2__SQUID_data__IVB_BS30_A1S1_I_coil_+-0.3mA_fine_284mK_191103__IVB__T_1p40K[-0.000144000],1,down,5000,0.9995999199839968
D4.2__Fig 2__SQUID_data__IVB_BS30_A1S1_I_coil_+-0.3mA_fine_284mK_191103__IVB__T_1p40K[-0.000144000],2,up,2479,1.0
D4.2__Fig 2__SQUID_data__IVB_BS30_A1S1_I_coil_+-0.3mA_fine_284mK_191103__IVB__T_1p40K[-0.000144750],0,up,2521,0.9988095238095238
D4.2__Fig 2__SQUID_data__IVB_BS30_A1S1_I_coil_+-0.3mA_fine_284mK_191103__IVB__T_1p40K[-0.000144750],1,down,5000,0.9995999199839968
D4.2__Fig 2__SQUID_data__IVB_BS30_A1S1_I_coil_+-0.3mA_fine_284mK_191103__IVB__T_1p40K[-0.000144750],2,up,2479,1.0
D4.2__Fig 2__SQUID_data__IVB_BS30_A1S1_I_coil_+-0.3mA_fine_284mK_191103__IVB__T_1p40K[-0.000145500],0,up,2522,0.9992066640222134
D4.2__Fig 2__SQUID_data__IVB_BS30_A1S1_I_coil_+-0.3mA_fine_284mK_191103__IVB__T_1p40K[-0.000145500],1,down,4999,0.9995998399359743
D4.2__Fig 2__SQUID_data__IVB_BS30_A1S1_I_coil_+-0.3mA_fine_284mK_191103__IVB__T_1p40K[-0.000145500],2,up,2479,1.0
D4.2__Fig 2__SQUID_data__IVB_BS30_A1S1_I_coil_+-0.3mA_fine_284mK_191103__IVB__T_1p40K[-0.000146250],0,up,2521,0.9988095238095238
D4.2__Fig 2__SQUID_data__IVB_BS30_A1S1_I_coil_+-0.3mA_fine_284mK_191103__IVB__T_1p40K[-0.000146250],1,down,5000,0.9995999199839968
D4.2__Fig 2__SQUID_data__IVB_BS30_A1S1_I_coil_+-0.3mA_fine_284mK_191103__IVB__T_1p40K[-0.000146250],2,up,2479,1.0
D4.2__Fig 2__SQUID_data__IVB_BS30_A1S1_I_coil_+-0.3mA_fine_284mK_191103__IVB__T_1p40K[-0.000147000],0,up,2521,0.9992063492063492
D4.2__Fig 2__SQUID_data__IVB_BS30_A1S1_I_coil_+-0.3mA_fine_284mK_191103__IVB__T_1p40K[-0.000147000],1,down,5000,0.9995999199839968
D4.2__Fig 2__SQUID_data__IVB_BS30_A1S1_I_coil_+-0.3mA_fine_284mK_191103__IVB__T_1p40K[-0.000147000],2,up,2479,1.0
D4.2__Fig 2__SQUID_data__IVB_BS30_A1S1_I_coil_+-0.3mA_fine_284mK_191103__IVB__T_1p40K[-0.000147750],0,up,2521,0.9992063492063492
D4.2__Fig 2__SQUID_data__IVB_BS30_A1S1_I_coil_+-0.3mA_fine_284mK_191103__IVB__T_1p40K[-0.000147750],1,down,5000,0.9997999599919984
D4.2__Fig 2__SQUID_data__IVB_BS30_A1S1_I_coil_+-0.3mA_fine_284mK_191103__IVB__T_1p40K[-0.000147750],2,up,2479,1.0
D4.2__Fig 2__SQUID_data__IVB_BS30_A1S1_I_coil_+-0.3mA_fine_284mK_191103__IVB__T_1p40K[-0.000148500],0,up,2521,0.9996031746031746
D4.2__Fig 2__SQUID_data__IVB_BS30_A1S1_I_coil_+-0.3mA_fine_284mK_191103__IVB__T_1p40K[-0.000148500],1,down,5000,0.9995999199839968
D4.2__Fig 2__SQUID_data__IVB_BS30_A1S1_I_coil_+-0.3mA_fine_284mK_191103__IVB__T_1p40K[-0.000148500],2,up,2479,1.0
D4.2__Fig 2__SQUID_data__IVB_BS30_A1S1_I_coil_+-0.3mA_fine_284mK_191103__IVB__T_1p40K[-0.000149250],0,up,2521,0.9984126984126984
D4.2__Fig 2__SQUID_data__IVB_BS30_A1S1_I_coil_+-0.3mA_fine_284mK_191103__IVB__T_1p40K[-0.000149250],1,down,5000,0.9995999199839968
D4.2__Fig 2__SQUID_data__IVB_BS30_A1S1_I_coil_+-0.3mA_fine_284mK_191103__IVB__T_1p40K[-0.000149250],2,up,2479,1.0
D4.2__Fig 2__SQUID_data__IVB_BS30_A1S1_I_coil_+-0.3mA_fine_284mK_191103__IVB__T_1p40K[-0.000150000],0,up,2521,0.9992063492063492
D4.2__Fig 2__SQUID_data__IVB_BS30_A1S1_I_coil_+-0.3mA_fine_284mK_191103__IVB__T_1p40K[-0.000150000],1,down,5000,0.9995999199839968
D4.2__Fig 2__SQUID_data__IVB_BS30_A1S1_I_coil_+-0.3mA_fine_284mK_191103__IVB__T_1p40K[-0.000150000],2,up,2479,1.0
D4.2__Fig 2__SQUID_data__IVB_BS30_A1S1_I_coil_+-0.3mA_fine_284mK_191103__IVB__T_1p40K[-0.000150750],0,up,2521,0.9992063492063492
D4.2__Fig 2__SQUID_data__IVB_BS30_A1S1_I_coil_+-0.3mA_fine_284mK_191103__IVB__T_1p40K[-0.000150750],1,down,5000,0.9995999199839968
D4.2__Fig 2__SQUID_data__IVB_BS30_A1S1_I_coil_+-0.3mA_fine_284mK_191103__IVB__T_1p40K[-0.000150750],2,up,2479,1.0
D4.2__Fig 2__SQUID_data__IVB_BS30_A1S1_I_coil_+-0.3mA_fine_284mK_191103__IVB__T_1p40K[-0.000151500],0,up,2521,0.9988095238095238
D4.2__Fig 2__SQUID_data__IVB_BS30_A1S1_I_coil_+-0.3mA_fine_284mK_191103__IVB__T_1p40K[-0.000151500],1,down,5000,0.9995999199839968
D4.2__Fig 2__SQUID_data__IVB_BS30_A1S1_I_coil_+-0.3mA_fine_284mK_191103__IVB__T_1p40K[-0.000151500],2,up,2479,1.0
D4.2__Fig 2__SQUID_data__IVB_BS30_A1S1_I_coil_+-0.3mA_fine_284mK_191103__IVB__T_1p40K[-0.000152250],0,up,2520,0.999603017070266
D4.2__Fig 2__SQUID_data__IVB_BS30_A1S1_I_coil_+-0.3mA_fine_284mK_191103__IVB__T_1p40K[-0.000152250],1,down,5001,0.9996
D4.2__Fig 2__SQUID_data__IVB_BS30_A1S1_I_coil_+-0.3mA_fine_284mK_191103__IVB__T_1p40K[-0.000152250],2,up,2479,0.9995964487489911
D4.2__Fig 2__SQUID_data__IVB_BS30_A1S1_I_coil_+-0.3mA_fine_284mK_191103__IVB__T_1p40K[-0.000153000],0,up,2521,0.9992063492063492
D4.2__Fig 2__SQUID_data__IVB_BS30_A1S1_I_coil_+-0.3mA_fine_284mK_191103__IVB__T_1p40K[-0.000153000],1,down,5000,0.9997999599919984
D4.2__Fig 2__SQUID_data__IVB_BS30_A1S1_I_coil_+-0.3mA_fine_284mK_191103__IVB__T_1p40K[-0.000153000],2,up,2479,1.0
D4.2__Fig 2__SQUID_data__IVB_BS30_A1S1_I_coil_+-0.3mA_fine_284mK_191103__IVB__T_1p40K[-0.000153750],0,up,2521,0.9996031746031746
D4.2__Fig 2__SQUID_data__IVB_BS30_A1S1_I_coil_+-0.3mA_fine_284mK_191103__IVB__T_1p40K[-0.000153750],1,down,5000,0.9993998799759952
D4.2__Fig 2__SQUID_data__IVB_BS30_A1S1_I_coil_+-0.3mA_fine_284mK_191103__IVB__T_1p40K[-0.000153750],2,up,2479,1.0
D4.2__Fig 2__SQUID_data__IVB_BS30_A1S1_I_coil_+-0.3mA_fine_284mK_191103__IVB__T_1p40K[-0.000154500],0,up,2521,0.9996031746031746
D4.2__Fig 2__SQUID_data__IVB_BS30_A1S1_I_coil_+-0.3mA_fine_284mK_191103__IVB__T_1p40K[-0.000154500],1,down,5000,0.9995999199839968
D4.2__Fig 2__SQUID_data__IVB_BS30_A1S1_I_coil_+-0.3mA_fine_284mK_191103__IVB__T_1p40K[-0.000154500],2,up,2479,1.0
D4.2__Fig 2__SQUID_data__IVB_BS30_A1S1_I_coil_+-0.3mA_fine_284mK_191103__IVB__T_1p40K[-0.000155250],0,up,2521,0.9996031746031746
D4.2__Fig 2__SQUID_data__IVB_BS30_A1S1_I_coil_+-0.3mA_fine_284mK_191103__IVB__T_1p40K[-0.000155250],1,down,5000,0.9997999599919984
D4.2__Fig 2__SQUID_data__IVB_BS30_A1S1_I_coil_+-0.3mA_fine_284mK_191103__IVB__T_1p40K[-0.000155250],2,up,2479,1.0
D4.2__Fig 2__SQUID_data__IVB_BS30_A1S1_I_coil_+-0.3mA_fine_284mK_191103__IVB__T_1p40K[-0.000156000],0,up,2521,0.9996031746031746
D4.2__Fig 2__SQUID_data__IVB_BS30_A1S1_I_coil_+-0.3mA_fine_284mK_191103__IVB__T_1p40K[-0.000156000],1,down,5001,0.9994
D4.2__Fig 2__SQUID_data__IVB_BS30_A1S1_I_coil_+-0.3mA_fine_284mK_191103__IVB__T_1p40K[-0.000156000],2,up,2478,1.0
D4.2__Fig 2__SQUID_data__IVB_BS30_A1S1_I_coil_+-0.3mA_fine_284mK_191103__IVB__T_1p40K[-0.000156750],0,up,2521,0.9996031746031746
D4.2__Fig 2__SQUID_data__IVB_BS30_A1S1_I_coil_+-0.3mA_fine_284mK_191103__IVB__T_1p40K[-0.000156750],1,down,5001,0.9992
D4.2__Fig 2__SQUID_data__IVB_BS30_A1S1_I_coil_+-0.3mA_fine_284mK_191103__IVB__T_1p40K[-0.000156750],2,up,2478,1.0
D4.2__Fig 2__SQUID_data__IVB_BS30_A1S1_I_coil_+-0.3mA_fine_284mK_191103__IVB__T_1p40K[-0.000157500],0,up,2521,0.9996031746031746
D4.2__Fig 2__SQUID_data__IVB_BS30_A1S1_I_coil_+-0.3mA_fine_284mK_191103__IVB__T_1p40K[-0.000157500],1,down,5001,0.9996
D4.2__Fig 2__SQUID_data__IVB_BS30_A1S1_I_coil_+-0.3mA_fine_284mK_191103__IVB__T_1p40K[-0.000157500],2,up,2478,1.0
D4.2__Fig 2__SQUID_data__IVB_BS30_A1S1_I_coil_+-0.3mA_fine_284mK_191103__IVB__T_1p40K[-0.000158250],0,up,2521,0.9992063492063492
D4.2__Fig 2__SQUID_data__IVB_BS30_A1S1_I_coil_+-0.3mA_fine_284mK_191103__IVB__T_1p40K[-0.000158250],1,down,5001,0.9992
D4.2__Fig 2__SQUID_data__IVB_BS30_A1S1_I_coil_+-0.3mA_fine_284mK_191103__IVB__T_1p40K[-0.000158250],2,up,2478,1.0
D4.2__Fig 2__SQUID_data__IVB_BS30_A1S1_I_coil_+-0.3mA_fine_284mK_191103__IVB__T_1p40K[-0.000159000],0,up,2520,0.999603017070266
D4.2__Fig 2__SQUID_data__IVB_BS30_A1S1_I_coil_+-0.3mA_fine_284mK_191103__IVB__T_1p40K[-0.000159000],1,down,5002,0.9994001199760048
D4.2__Fig 2__SQUID_data__IVB_BS30_A1S1_I_coil_+-0.3mA_fine_284mK_191103__IVB__T_1p40K[-0.000159000],2,up,2478,1.0
D4.2__Fig 2__SQUID_data__IVB_BS30_A1S1_I_coil_+-0.3mA_fine_284mK_191103__IVB__T_1p40K[-0.000159750],0,up,2521,0.9992063492063492
D4.2__Fig 2__SQUID_data__IVB_BS30_A1S1_I_coil_+-0.3mA_fine_284mK_191103__IVB__T_1p40K[-0.000159750],1,down,5000,0.9995999199839968
D4.2__Fig 2__SQUID_data__IVB_BS30_A1S1_I_coil_+-0.3mA_fine_284mK_191103__IVB__T_1p40K[-0.000159750],2,up,2479,1.0
D4.2__Fig 2__SQUID_data__IVB_BS30_A1S1_I_coil_+-0.3mA_fine_284mK_191103__IVB__T_1p40K[-0.000160500],0,up,2521,0.9996031746031746
D4.2__Fig 2__SQUID_data__IVB_BS30_A1S1_I_coil_+-0.3mA_fine_284mK_191103__IVB__T_1p40K[-0.000160500],1,down,5000,0.9995999199839968
D4.2__Fig 2__SQUID_data__IVB_BS30_A1S1_I_coil_+-0.3mA_fine_284mK_191103__IVB__T_1p40K[-0.000160500],2,up,2479,1.0
D4.2__Fig 2__SQUID_data__IVB_BS30_A1S1_I_coil_+-0.3mA_fine_284mK_191103__IVB__T_1p40K[-0.000161250],0,up,2520,0.999603017070266
D4.2__Fig 2__SQUID_data__IVB_BS30_A1S1_I_coil_+-0.3mA_fine_284mK_191103__IVB__T_1p40K[-0.000161250],1,down,5001,0.9994
D4.2__Fig 2__SQUID_data__IVB_BS30_A1S1_I_coil_+-0.3mA_fine_284mK_191103__IVB__T_1p40K[-0.000161250],2,up,2479,1.0
D4.2__Fig 2__SQUID_data__IVB_BS30_A1S1_I_coil_+-0.3mA_fine_284mK_191103__IVB__T_1p40K[-0.000162000],0,up,2520,0.999603017070266
D4.2__Fig 2__SQUID_data__IVB_BS30_A1S1_I_coil_+-0.3mA_fine_284mK_191103__IVB__T_1p40K[-0.000162000],1,down,5002,0.9994001199760048
D4.2__Fig 2__SQUID_data__IVB_BS30_A1S1_I_coil_+-0.3mA_fine_284mK_191103__IVB__T_1p40K[-0.000162000],2,up,2478,1.0
D4.2__Fig 2__SQUID_data__IVB_BS30_A1S1_I_coil_+-0.3mA_fine_284mK_191103__IVB__T_1p40K[-0.000162750],0,up,2520,0.999206034140532
D4.2__Fig 2__SQUID_data__IVB_BS30_A1S1_I_coil_+-0.3mA_fine_284mK_191103__IVB__T_1p40K[-0.000162750],1,down,5001,0.9996
D4.2__Fig 2__SQUID_data__IVB_BS30_A1S1_I_coil_+-0.3mA_fine_284mK_191103__IVB__T_1p40K[-0.000162750],2,up,2479,1.0
D4.2__Fig 2__SQUID_data__IVB_BS30_A1S1_I_coil_+-0.3mA_fine_284mK_191103__IVB__T_1p40K[-0.000163500],0,up,2521,0.9988095238095238
D4.2__Fig 2__SQUID_data__IVB_BS30_A1S1_I_coil_+-0.3mA_fine_284mK_191103__IVB__T_1p40K[-0.000163500],1,down,5000,0.9995999199839968
D4.2__Fig 2__SQUID_data__IVB_BS30_A1S1_I_coil_+-0.3mA_fine_284mK_191103__IVB__T_1p40K[-0.000163500],2,up,2479,1.0
D4.2__Fig 2__SQUID_data__IVB_BS30_A1S1_I_coil_+-0.3mA_fine_284mK_191103__IVB__T_1p40K[-0.000164250],0,up,2521,0.9992063492063492
D4.2__Fig 2__SQUID_data__IVB_BS30_A1S1_I_coil_+-0.3mA_fine_284mK_191103__IVB__T_1p40K[-0.000164250],1,down,5000,0.9995999199839968
D4.2__Fig 2__SQUID_data__IVB_BS30_A1S1_I_coil_+-0.3mA_fine_284mK_191103__IVB__T_1p40K[-0.000164250],2,up,2479,1.0
D4.2__Fig 2__SQUID_data__IVB_BS30_A1S1_I_coil_+-0.3mA_fine_284mK_191103__IVB__T_1p40K[-0.000165000],0,up,2521,0.9996031746031746
D4.2__Fig 2__SQUID_data__IVB_BS30_A1S1_I_coil_+-0.3mA_fine_284mK_191103__IVB__T_1p40K[-0.000165000],1,down,5000,0.9995999199839968
D4.2__Fig 2__SQUID_data__IVB_BS30_A1S1_I_coil_+-0.3mA_fine_284mK_191103__IVB__T_1p40K[-0.000165000],2,up,2479,1.0
D4.2__Fig 2__SQUID_data__IVB_BS30_A1S1_I_coil_+-0.3mA_fine_284mK_191103__IVB__T_1p40K[-0.000165750],0,up,2521,0.9992063492063492
D4.2__Fig 2__SQUID_data__IVB_BS30_A1S1_I_coil_+-0.3mA_fine_284mK_191103__IVB__T_1p40K[-0.000165750],1,down,5000,0.9993998799759952
D4.2__Fig 2__SQUID_data__IVB_BS30_A1S1_I_coil_+-0.3mA_fine_284mK_191103__IVB__T_1p40K[-0.000165750],2,up,2479,1.0
D4.2__Fig 2__SQUID_data__IVB_BS30_A1S1_I_coil_+-0.3mA_fine_284mK_191103__IVB__T_1p40K[-0.000166500],0,up,2521,0.9996031746031746
D4.2__Fig 2__SQUID_data__IVB_BS30_A1S1_I_coil_+-0.3mA_fine_284mK_191103__IVB__T_1p40K[-0.000166500],1,down,5000,0.9997999599919984
D4.2__Fig 2__SQUID_data__IVB_BS30_A1S1_I_coil_+-0.3mA_fine_284mK_191103__IVB__T_1p40K[-0.000166500],2,up,2479,1.0
D4.2__Fig 2__SQUID_data__IVB_BS30_A1S1_I_coil_+-0.3mA_fine_284mK_191103__IVB__T_1p40K[-0.000167250],0,up,2520,0.999603017070266
D4.2__Fig 2__SQUID_data__IVB_BS30_A1S1_I_coil_+-0.3mA_fine_284mK_191103__IVB__T_1p40K[-0.000167250],1,down,5002,0.9996000799840032
D4.2__Fig 2__SQUID_data__IVB_BS30_A1S1_I_coil_+-0.3mA_fine_284mK_191103__IVB__T_1p40K[-0.000167250],2,up,2478,1.0
D4.2__Fig 2__SQUID_data__IVB_BS30_A1S1_I_coil_+-0.3mA_fine_284mK_191103__IVB__T_1p40K[-0.000168000],0,up,2520,0.999603017070266
D4.2__Fig 2__SQUID_data__IVB_BS30_A1S1_I_coil_+-0.3mA_fine_284mK_191103__IVB__T_1p40K[-0.000168000],1,down,5001,0.9996
D4.2__Fig 2__SQUID_data__IVB_BS30_A1S1_I_coil_+-0.3mA_fine_284mK_191103__IVB__T_1p40K[-0.000168000],2,up,2479,1.0
D4.2__Fig 2__SQUID_data__IVB_BS30_A1S1_I_coil_+-0.3mA_fine_284mK_191103__IVB__T_1p40K[-0.000168750],0,up,2520,0.999206034140532
D4.2__Fig 2__SQUID_data__IVB_BS30_A1S1_I_coil_+-0.3mA_fine_284mK_191103__IVB__T_1p40K[-0.000168750],1,down,5002,0.9994001199760048
D4.2__Fig 2__SQUID_data__IVB_BS30_A1S1_I_coil_+-0.3mA_fine_284mK_191103__IVB__T_1p40K[-0.000168750],2,up,2478,1.0
D4.2__Fig 2__SQUID_data__IVB_BS30_A1S1_I_coil_+-0.3mA_fine_284mK_191103__IVB__T_1p40K[-0.000169500],0,up,2521,0.9992063492063492
D4.2__Fig 2__SQUID_data__IVB_BS30_A1S1_I_coil_+-0.3mA_fine_284mK_191103__IVB__T_1p40K[-0.000169500],1,down,5001,0.9992
D4.2__Fig 2__SQUID_data__IVB_BS30_A1S1_I_coil_+-0.3mA_fine_284mK_191103__IVB__T_1p40K[-0.000169500],2,up,2478,1.0
D4.2__Fig 2__SQUID_data__IVB_BS30_A1S1_I_coil_+-0.3mA_fine_284mK_191103__IVB__T_1p40K[-0.000170250],0,up,2521,0.9996031746031746
D4.2__Fig 2__SQUID_data__IVB_BS30_A1S1_I_coil_+-0.3mA_fine_284mK_191103__IVB__T_1p40K[-0.000170250],1,down,5000,0.9997999599919984
D4.2__Fig 2__SQUID_data__IVB_BS30_A1S1_I_coil_+-0.3mA_fine_284mK_191103__IVB__T_1p40K[-0.000170250],2,up,2479,1.0
D4.2__Fig 2__SQUID_data__IVB_BS30_A1S1_I_coil_+-0.3mA_fine_284mK_191103__IVB__T_1p40K[-0.000171000],0,up,2520,0.999603017070266
D4.2__Fig 2__SQUID_data__IVB_BS30_A1S1_I_coil_+-0.3mA_fine_284mK_191103__IVB__T_1p40K[-0.000171000],1,down,5002,0.9994001199760048
D4.2__Fig 2__SQUID_data__IVB_BS30_A1S1_I_coil_+-0.3mA_fine_284mK_191103__IVB__T_1p40K[-0.000171000],2,up,2478,1.0
D4.2__Fig 2__SQUID_data__IVB_BS30_A1S1_I_coil_+-0.3mA_fine_284mK_191103__IVB__T_1p40K[-0.000171750],0,up,2520,1.0
D4.2__Fig 2__SQUID_data__IVB_BS30_A1S1_I_coil_+-0.3mA_fine_284mK_191103__IVB__T_1p40K[-0.000171750],1,down,5001,0.9998
D4.2__Fig 2__SQUID_data__IVB_BS30_A1S1_I_coil_+-0.3mA_fine_284mK_191103__IVB__T_1p40K[-0.000171750],2,up,2479,1.0
D4.2__Fig 2__SQUID_data__IVB_BS30_A1S1_I_coil_+-0.3mA_fine_284mK_191103__IVB__T_1p40K[-0.000172500],0,up,2521,0.9996031746031746
D4.2__Fig 2__SQUID_data__IVB_BS30_A1S1_I_coil_+-0.3mA_fine_284mK_191103__IVB__T_1p40K[-0.000172500],1,down,5000,0.9993998799759952
D4.2__Fig 2__SQUID_data__IVB_BS30_A1S1_I_coil_+-0.3mA_fine_284mK_191103__IVB__T_1p40K[-0.000172500],2,up,2479,1.0
D4.2__Fig 2__SQUID_data__IVB_BS30_A1S1_I_coil_+-0.3mA_fine_284mK_191103__IVB__T_1p40K[-0.000173250],0,up,2521,0.9988095238095238
D4.2__Fig 2__SQUID_data__IVB_BS30_A1S1_I_coil_+-0.3mA_fine_284mK_191103__IVB__T_1p40K[-0.000173250],1,down,5000,0.9997999599919984
D4.2__Fig 2__SQUID_data__IVB_BS30_A1S1_I_coil_+-0.3mA_fine_284mK_191103__IVB__T_1p40K[-0.000173250],2,up,2479,1.0
D4.2__Fig 2__SQUID_data__IVB_BS30_A1S1_I_coil_+-0.3mA_fine_284mK_191103__IVB__T_1p40K[-0.000174000],0,up,2521,0.9988095238095238
D4.2__Fig 2__SQUID_data__IVB_BS30_A1S1_I_coil_+-0.3mA_fine_284mK_191103__IVB__T_1p40K[-0.000174000],1,down,5000,0.9993998799759952
D4.2__Fig 2__SQUID_data__IVB_BS30_A1S1_I_coil_+-0.3mA_fine_284mK_191103__IVB__T_1p40K[-0.000174000],2,up,2479,1.0
D4.2__Fig 2__SQUID_data__IVB_BS30_A1S1_I_coil_+-0.3mA_fine_284mK_191103__IVB__T_1p40K[-0.000174750],0,up,2520,0.999206034140532
D4.2__Fig 2__SQUID_data__IVB_BS30_A1S1_I_coil_+-0.3mA_fine_284mK_191103__IVB__T_1p40K[-0.000174750],1,down,5001,0.9996
D4.2__Fig 2__SQUID_data__IVB_BS30_A1S1_I_coil_+-0.3mA_fine_284mK_191103__IVB__T_1p40K[-0.000174750],2,up,2479,1.0
D4.2__Fig 2__SQUID_data__IVB_BS30_A1S1_I_coil_+-0.3mA_fine_284mK_191103__IVB__T_1p40K[-0.000175500],0,up,2521,0.9992063492063492
D4.2__Fig 2__SQUID_data__IVB_BS30_A1S1_I_coil_+-0.3mA_fine_284mK_191103__IVB__T_1p40K[-0.000175500],1,down,5000,0.9995999199839968
D4.2__Fig 2__SQUID_data__IVB_BS30_A1S1_I_coil_+-0.3mA_fine_284mK_191103__IVB__T_1p40K[-0.000175500],2,up,2479,1.0
D4.2__Fig 2__SQUID_data__IVB_BS30_A1S1_I_coil_+-0.3mA_fine_284mK_191103__IVB__T_1p40K[-0.000176250],0,up,2521,0.9988095238095238
D4.2__Fig 2__SQUID_data__IVB_BS30_A1S1_I_coil_+-0.3mA_fine_284mK_191103__IVB__T_1p40K[-0.000176250],1,down,5000,0.9995999199839968
D4.2__Fig 2__SQUID_data__IVB_BS30_A1S1_I_coil_+-0.3mA_fine_284mK_191103__IVB__T_1p40K[-0.000176250],2,up,2479,1.0
D4.2__Fig 2__SQUID_data__IVB_BS30_A1S1_I_coil_+-0.3mA_fine_284mK_191103__IVB__T_1p40K[-0.000177000],0,up,2521,0.9992063492063492
D4.2__Fig 2__SQUID_data__IVB_BS30_A1S1_I_coil_+-0.3mA_fine_284mK_191103__IVB__T_1p40K[-0.000177000],1,down,5000,0.9995999199839968
D4.2__Fig 2__SQUID_data__IVB_BS30_A1S1_I_coil_+-0.3mA_fine_284mK_191103__IVB__T_1p40K[-0.000177000],2,up,2479,1.0
D4.2__Fig 2__SQUID_data__IVB_BS30_A1S1_I_coil_+-0.3mA_fine_284mK_191103__IVB__T_1p40K[-0.000177750],0,up,2520,0.999206034140532
D4.2__Fig 2__SQUID_data__IVB_BS30_A1S1_I_coil_+-0.3mA_fine_284mK_191103__IVB__T_1p40K[-0.000177750],1,down,5001,0.9996
D4.2__Fig 2__SQUID_data__IVB_BS30_A1S1_I_coil_+-0.3mA_fine_284mK_191103__IVB__T_1p40K[-0.000177750],2,up,2479,1.0
D4.2__Fig 2__SQUID_data__IVB_BS30_A1S1_I_coil_+-0.3mA_fine_284mK_191103__IVB__T_1p40K[-0.000178500],0,up,2521,0.9992063492063492
D4.2__Fig 2__SQUID_data__IVB_BS30_A1S1_I_coil_+-0.3mA_fine_284mK_191103__IVB__T_1p40K[-0.000178500],1,down,4999,0.9997999199679872
D4.2__Fig 2__SQUID_data__IVB_BS30_A1S1_I_coil_+-0.3mA_fine_284mK_191103__IVB__T_1p40K[-0.000178500],2,up,2480,1.0
D4.2__Fig 2__SQUID_data__IVB_BS30_A1S1_I_coil_+-0.3mA_fine_284mK_191103__IVB__T_1p40K[-0.000179250],0,up,2520,0.999206034140532
D4.2__Fig 2__SQUID_data__IVB_BS30_A1S1_I_coil_+-0.3mA_fine_284mK_191103__IVB__T_1p40K[-0.000179250],1,down,5001,0.9996
D4.2__Fig 2__SQUID_data__IVB_BS30_A1S1_I_coil_+-0.3mA_fine_284mK_191103__IVB__T_1p40K[-0.000179250],2,up,2479,1.0
D4.2__Fig 2__SQUID_data__IVB_BS30_A1S1_I_coil_+-0.3mA_fine_284mK_191103__IVB__T_1p40K[-0.000180000],0,up,2521,0.9996031746031746
D4.2__Fig 2__SQUID_data__IVB_BS30_A1S1_I_coil_+-0.3mA_fine_284mK_191103__IVB__T_1p40K[-0.000180000],1,down,5000,0.9997999599919984
D4.2__Fig 2__SQUID_data__IVB_BS30_A1S1_I_coil_+-0.3mA_fine_284mK_191103__IVB__T_1p40K[-0.000180000],2,up,2479,1.0
D4.2__Fig 2__SQUID_data__IVB_BS30_A1S1_I_coil_+-0.3mA_fine_284mK_191103__IVB__T_1p40K[-0.000180750],0,up,2521,0.9992063492063492
D4.2__Fig 2__SQUID_data__IVB_BS30_A1S1_I_coil_+-0.3mA_fine_284mK_191103__IVB__T_1p40K[-0.000180750],1,down,5000,0.9995999199839968
D4.2__Fig 2__SQUID_data__IVB_BS30_A1S1_I_coil_+-0.3mA_fine_284mK_191103__IVB__T_1p40K[-0.000180750],2,up,2479,1.0
D4.2__Fig 2__SQUID_data__IVB_BS30_A1S1_I_coil_+-0.3mA_fine_284mK_191103__IVB__T_1p40K[-0.000181500],0,up,2521,0.9992063492063492
D4.2__Fig 2__SQUID_data__IVB_BS30_A1S1_I_coil_+-0.3mA_fine_284mK_191103__IVB__T_1p40K[-0.000181500],1,down,5000,0.9993998799759952
D4.2__Fig 2__SQUID_data__IVB_BS30_A1S1_I_coil_+-0.3mA_fine_284mK_191103__IVB__T_1p40K[-0.000181500],2,up,2479,1.0
D4.2__Fig 2__SQUID_data__IVB_BS30_A1S1_I_coil_+-0.3mA_fine_284mK_191103__IVB__T_1p40K[-0.000182250],0,up,2521,0.9992063492063492
D4.2__Fig 2__SQUID_data__IVB_BS30_A1S1_I_coil_+-0.3mA_fine_284mK_191103__IVB__T_1p40K[-0.000182250],1,down,5000,0.9995999199839968
D4.2__Fig 2__SQUID_data__IVB_BS30_A1S1_I_coil_+-0.3mA_fine_284mK_191103__IVB__T_1p40K[-0.000182250],2,up,2479,1.0
D4.2__Fig 2__SQUID_data__IVB_BS30_A1S1_I_coil_+-0.3mA_fine_284mK_191103__IVB__T_1p40K[-0.000183000],0,up,2521,0.9988095238095238
D4.2__Fig 2__SQUID_data__IVB_BS30_A1S1_I_coil_+-0.3mA_fine_284mK_191103__IVB__T_1p40K[-0.000183000],1,down,5000,0.9993998799759952
D4.2__Fig 2__SQUID_data__IVB_BS30_A1S1_I_coil_+-0.3mA_fine_284mK_191103__IVB__T_1p40K[-0.000183000],2,up,2479,1.0
D4.2__Fig 2__SQUID_data__IVB_BS30_A1S1_I_coil_+-0.3mA_fine_284mK_191103__IVB__T_1p40K[-0.000183750],0,up,2521,0.9992063492063492
D4.2__Fig 2__SQUID_data__IVB_BS30_A1S1_I_coil_+-0.3mA_fine_284mK_191103__IVB__T_1p40K[-0.000183750],1,down,5000,0.9993998799759952
D4.2__Fig 2__SQUID_data__IVB_BS30_A1S1_I_coil_+-0.3mA_fine_284mK_191103__IVB__T_1p40K[-0.000183750],2,up,2479,1.0
D4.2__Fig 2__SQUID_data__IVB_BS30_A1S1_I_coil_+-0.3mA_fine_284mK_191103__IVB__T_1p40K[-0.000184500],0,up,2521,0.9992063492063492
D4.2__Fig 2__SQUID_data__IVB_BS30_A1S1_I_coil_+-0.3mA_fine_284mK_191103__IVB__T_1p40K[-0.000184500],1,down,5000,0.9997999599919984
D4.2__Fig 2__SQUID_data__IVB_BS30_A1S1_I_coil_+-0.3mA_fine_284mK_191103__IVB__T_1p40K[-0.000184500],2,up,2479,1.0
D4.2__Fig 2__SQUID_data__IVB_BS30_A1S1_I_coil_+-0.3mA_fine_284mK_191103__IVB__T_1p40K[-0.000185250],0,up,2521,0.9988095238095238
D4.2__Fig 2__SQUID_data__IVB_BS30_A1S1_I_coil_+-0.3mA_fine_284mK_191103__IVB__T_1p40K[-0.000185250],1,down,5000,0.9995999199839968
D4.2__Fig 2__SQUID_data__IVB_BS30_A1S1_I_coil_+-0.3mA_fine_284mK_191103__IVB__T_1p40K[-0.000185250],2,up,2479,1.0
D4.2__Fig 2__SQUID_data__IVB_BS30_A1S1_I_coil_+-0.3mA_fine_284mK_191103__IVB__T_1p40K[-0.000186000],0,up,2521,0.9988095238095238
D4.2__Fig 2__SQUID_data__IVB_BS30_A1S1_I_coil_+-0.3mA_fine_284mK_191103__IVB__T_1p40K[-0.000186000],1,down,4999,1.0
D4.2__Fig 2__SQUID_data__IVB_BS30_A1S1_I_coil_+-0.3mA_fine_284mK_191103__IVB__T_1p40K[-0.000186000],2,up,2480,1.0
D4.2__Fig 2__SQUID_data__IVB_BS30_A1S1_I_coil_+-0.3mA_fine_284mK_191103__IVB__T_1p40K[-0.000186750],0,up,2520,0.999603017070266
D4.2__Fig 2__SQUID_data__IVB_BS30_A1S1_I_coil_+-0.3mA_fine_284mK_191103__IVB__T_1p40K[-0.000186750],1,down,5001,0.9996
D4.2__Fig 2__SQUID_data__IVB_BS30_A1S1_I_coil_+-0.3mA_fine_284mK_191103__IVB__T_1p40K[-0.000186750],2,up,2479,1.0
D4.2__Fig 2__SQUID_data__IVB_BS30_A1S1_I_coil_+-0.3mA_fine_284mK_191103__IVB__T_1p40K[-0.000187500],0,up,2521,0.9996031746031746
D4.2__Fig 2__SQUID_data__IVB_BS30_A1S1_I_coil_+-0.3mA_fine_284mK_191103__IVB__T_1p40K[-0.000187500],1,down,5000,0.9993998799759952
D4.2__Fig 2__SQUID_data__IVB_BS30_A1S1_I_coil_+-0.3mA_fine_284mK_191103__IVB__T_1p40K[-0.000187500],2,up,2479,1.0
D4.2__Fig 2__SQUID_data__IVB_BS30_A1S1_I_coil_+-0.3mA_fine_284mK_191103__IVB__T_1p40K[-0.000188250],0,up,2520,0.999206034140532
D4.2__Fig 2__SQUID_data__IVB_BS30_A1S1_I_coil_+-0.3mA_fine_284mK_191103__IVB__T_1p40K[-0.000188250],1,down,5001,0.9996
D4.2__Fig 2__SQUID_data__IVB_BS30_A1S1_I_coil_+-0.3mA_fine_284mK_191103__IVB__T_1p40K[-0.000188250],2,up,2479,1.0
D4.2__Fig 2__SQUID_data__IVB_BS30_A1S1_I_coil_+-0.3mA_fine_284mK_191103__IVB__T_1p40K[-0.000189000],0,up,2521,0.9996031746031746
D4.2__Fig 2__SQUID_data__IVB_BS30_A1S1_I_coil_+-0.3mA_fine_284mK_191103__IVB__T_1p40K[-0.000189000],1,down,5000,0.9995999199839968
D4.2__Fig 2__SQUID_data__IVB_BS30_A1S1_I_coil_+-0.3mA_fine_284mK_191103__IVB__T_1p40K[-0.000189000],2,up,2479,1.0
D4.2__Fig 2__SQUID_data__IVB_BS30_A1S1_I_coil_+-0.3mA_fine_284mK_191103__IVB__T_1p40K[-0.000189750],0,up,2521,0.9996031746031746
D4.2__Fig 2__SQUID_data__IVB_BS30_A1S1_I_coil_+-0.3mA_fine_284mK_191103__IVB__T_1p40K[-0.000189750],1,down,5000,0.9995999199839968
D4.2__Fig 2__SQUID_data__IVB_BS30_A1S1_I_coil_+-0.3mA_fine_284mK_191103__IVB__T_1p40K[-0.000189750],2,up,2479,0.9995964487489911
D4.2__Fig 2__SQUID_data__IVB_BS30_A1S1_I_coil_+-0.3mA_fine_284mK_191103__IVB__T_1p40K[-0.000190500],0,up,2520,0.999603017070266
D4.2__Fig 2__SQUID_data__IVB_BS30_A1S1_I_coil_+-0.3mA_fine_284mK_191103__IVB__T_1p40K[-0.000190500],1,down,5001,0.9994
D4.2__Fig 2__SQUID_data__IVB_BS30_A1S1_I_coil_+-0.3mA_fine_284mK_191103__IVB__T_1p40K[-0.000190500],2,up,2479,1.0
D4.2__Fig 2__SQUID_data__IVB_BS30_A1S1_I_coil_+-0.3mA_fine_284mK_191103__IVB__T_1p40K[-0.000191250],0,up,2520,0.999206034140532
D4.2__Fig 2__SQUID_data__IVB_BS30_A1S1_I_coil_+-0.3mA_fine_284mK_191103__IVB__T_1p40K[-0.000191250],1,down,5001,0.9996
D4.2__Fig 2__SQUID_data__IVB_BS30_A1S1_I_coil_+-0.3mA_fine_284mK_191103__IVB__T_1p40K[-0.000191250],2,up,2479,1.0
D4.2__Fig 2__SQUID_data__IVB_BS30_A1S1_I_coil_+-0.3mA_fine_284mK_191103__IVB__T_1p40K[-0.000192000],0,up,2521,0.9996031746031746
D4.2__Fig 2__SQUID_data__IVB_BS30_A1S1_I_coil_+-0.3mA_fine_284mK_191103__IVB__T_1p40K[-0.000192000],1,down,5000,0.9993998799759952
D4.2__Fig 2__SQUID_data__IVB_BS30_A1S1_I_coil_+-0.3mA_fine_284mK_191103__IVB__T_1p40K[-0.000192000],2,up,2479,1.0
D4.2__Fig 2__SQUID_data__IVB_BS30_A1S1_I_coil_+-0.3mA_fine_284mK_191103__IVB__T_1p40K[-0.000192750],0,up,2521,0.9988095238095238
D4.2__Fig 2__SQUID_data__IVB_BS30_A1S1_I_coil_+-0.3mA_fine_284mK_191103__IVB__T_1p40K[-0.000192750],1,down,5000,0.9997999599919984
D4.2__Fig 2__SQUID_data__IVB_BS30_A1S1_I_coil_+-0.3mA_fine_284mK_191103__IVB__T_1p40K[-0.000192750],2,up,2479,1.0
D4.2__Fig 2__SQUID_data__IVB_BS30_A1S1_I_coil_+-0.3mA_fine_284mK_191103__IVB__T_1p40K[-0.000193500],0,up,2520,0.999206034140532
D4.2__Fig 2__SQUID_data__IVB_BS30_A1S1_I_coil_+-0.3mA_fine_284mK_191103__IVB__T_1p40K[-0.000193500],1,down,5001,0.9994
D4.2__Fig 2__SQUID_data__IVB_BS30_A1S1_I_coil_+-0.3mA_fine_284mK_191103__IVB__T_1p40K[-0.000193500],2,up,2479,1.0
D4.2__Fig 2__SQUID_data__IVB_BS30_A1S1_I_coil_+-0.3mA_fine_284mK_191103__IVB__T_1p40K[-0.000194250],0,up,2521,0.9988095238095238
D4.2__Fig 2__SQUID_data__IVB_BS30_A1S1_I_coil_+-0.3mA_fine_284mK_191103__IVB__T_1p40K[-0.000194250],1,down,5001,0.9994
D4.2__Fig 2__SQUID_data__IVB_BS30_A1S1_I_coil_+-0.3mA_fine_284mK_191103__IVB__T_1p40K[-0.000194250],2,up,2478,1.0
D4.2__Fig 2__SQUID_data__IVB_BS30_A1S1_I_coil_+-0.3mA_fine_284mK_191103__IVB__T_1p40K[-0.000195000],0,up,2521,0.9988095238095238
D4.2__Fig 2__SQUID_data__IVB_BS30_A1S1_I_coil_+-0.3mA_fine_284mK_191103__IVB__T_1p40K[-0.000195000],1,down,5001,0.9994
D4.2__Fig 2__SQUID_data__IVB_BS30_A1S1_I_coil_+-0.3mA_fine_284mK_191103__IVB__T_1p40K[-0.000195000],2,up,2478,1.0
D4.2__Fig 2__SQUID_data__IVB_BS30_A1S1_I_coil_+-0.3mA_fine_284mK_191103__IVB__T_1p40K[-0.000195750],0,up,2521,0.9992063492063492
D4.2__Fig 2__SQUID_data__IVB_BS30_A1S1_I_coil_+-0.3mA_fine_284mK_191103__IVB__T_1p40K[-0.000195750],1,down,5000,0.9995999199839968
D4.2__Fig 2__SQUID_data__IVB_BS30_A1S1_I_coil_+-0.3mA_fine_284mK_191103__IVB__T_1p40K[-0.000195750],2,up,2479,1.0
D4.2__Fig 2__SQUID_data__IVB_BS30_A1S1_I_coil_+-0.3mA_fine_284mK_191103__IVB__T_1p40K[-0.000196500],0,up,2521,0.9992063492063492
D4.2__Fig 2__SQUID_data__IVB_BS30_A1S1_I_coil_+-0.3mA_fine_284mK_191103__IVB__T_1p40K[-0.000196500],1,down,5000,0.9993998799759952
D4.2__Fig 2__SQUID_data__IVB_BS30_A1S1_I_coil_+-0.3mA_fine_284mK_191103__IVB__T_1p40K[-0.000196500],2,up,2479,1.0
D4.2__Fig 2__SQUID_data__IVB_BS30_A1S1_I_coil_+-0.3mA_fine_284mK_191103__IVB__T_1p40K[-0.000197250],0,up,2520,0.999206034140532
D4.2__Fig 2__SQUID_data__IVB_BS30_A1S1_I_coil_+-0.3mA_fine_284mK_191103__IVB__T_1p40K[-0.000197250],1,down,5001,0.9998
D4.2__Fig 2__SQUID_data__IVB_BS30_A1S1_I_coil_+-0.3mA_fine_284mK_191103__IVB__T_1p40K[-0.000197250],2,up,2479,1.0
D4.2__Fig 2__SQUID_data__IVB_BS30_A1S1_I_coil_+-0.3mA_fine_284mK_191103__IVB__T_1p40K[-0.000198000],0,up,2520,0.999603017070266
D4.2__Fig 2__SQUID_data__IVB_BS30_A1S1_I_coil_+-0.3mA_fine_284mK_191103__IVB__T_1p40K[-0.000198000],1,down,5001,0.9996
D4.2__Fig 2__SQUID_data__IVB_BS30_A1S1_I_coil_+-0.3mA_fine_284mK_191103__IVB__T_1p40K[-0.000198000],2,up,2479,1.0
D4.2__Fig 2__SQUID_data__IVB_BS30_A1S1_I_coil_+-0.3mA_fine_284mK_191103__IVB__T_1p40K[-0.000198750],0,up,2521,0.9996031746031746
D4.2__Fig 2__SQUID_data__IVB_BS30_A1S1_I_coil_+-0.3mA_fine_284mK_191103__IVB__T_1p40K[-0.000198750],1,down,5000,0.9997999599919984
D4.2__Fig 2__SQUID_data__IVB_BS30_A1S1_I_coil_+-0.3mA_fine_284mK_191103__IVB__T_1p40K[-0.000198750],2,up,2479,1.0
D4.2__Fig 2__SQUID_data__IVB_BS30_A1S1_I_coil_+-0.3mA_fine_284mK_191103__IVB__T_1p40K[-0.000199500],0,up,2520,0.999206034140532
D4.2__Fig 2__SQUID_data__IVB_BS30_A1S1_I_coil_+-0.3mA_fine_284mK_191103__IVB__T_1p40K[-0.000199500],1,down,5001,0.9996
D4.2__Fig 2__SQUID_data__IVB_BS30_A1S1_I_coil_+-0.3mA_fine_284mK_191103__IVB__T_1p40K[-0.000199500],2,up,2479,1.0
D4.2__Fig 2__SQUID_data__IVB_BS30_A1S1_I_coil_+-0.3mA_fine_284mK_191103__IVB__T_1p40K[-0.000200250],0,up,2521,0.9992063492063492
D4.2__Fig 2__SQUID_data__IVB_BS30_A1S1_I_coil_+-0.3mA_fine_284mK_191103__IVB__T_1p40K[-0.000200250],1,down,5000,0.9997999599919984
D4.2__Fig 2__SQUID_data__IVB_BS30_A1S1_I_coil_+-0.3mA_fine_284mK_191103__IVB__T_1p40K[-0.000200250],2,up,2479,1.0
D4.2__Fig 2__SQUID_data__IVB_BS30_A1S1_I_coil_+-0.3mA_fine_284mK_191103__IVB__T_1p40K[-0.000201000],0,up,2521,0.9988095238095238
D4.2__Fig 2__SQUID_data__IVB_BS30_A1S1_I_coil_+-0.3mA_fine_284mK_191103__IVB__T_1p40K[-0.000201000],1,down,5000,0.9995999199839968
D4.2__Fig 2__SQUID_data__IVB_BS30_A1S1_I_coil_+-0.3mA_fine_284mK_191103__IVB__T_1p40K[-0.000201000],2,up,2479,1.0
D4.2__Fig 2__SQUID_data__IVB_BS30_A1S1_I_coil_+-0.3mA_fine_284mK_191103__IVB__T_1p40K[-0.000201750],0,up,2521,0.9992063492063492
D4.2__Fig 2__SQUID_data__IVB_BS30_A1S1_I_coil_+-0.3mA_fine_284mK_191103__IVB__T_1p40K[-0.000201750],1,down,5000,0.9995999199839968
D4.2__Fig 2__SQUID_data__IVB_BS30_A1S1_I_coil_+-0.3mA_fine_284mK_191103__IVB__T_1p40K[-0.000201750],2,up,2479,1.0
D4.2__Fig 2__SQUID_data__IVB_BS30_A1S1_I_coil_+-0.3mA_fine_284mK_191103__IVB__T_1p40K[-0.000202500],0,up,2521,0.9996031746031746
D4.2__Fig 2__SQUID_data__IVB_BS30_A1S1_I_coil_+-0.3mA_fine_284mK_191103__IVB__T_1p40K[-0.000202500],1,down,5000,0.9995999199839968
D4.2__Fig 2__SQUID_data__IVB_BS30_A1S1_I_coil_+-0.3mA_fine_284mK_191103__IVB__T_1p40K[-0.000202500],2,up,2479,1.0
D4.2__Fig 2__SQUID_data__IVB_BS30_A1S1_I_coil_+-0.3mA_fine_284mK_191103__IVB__T_1p40K[-0.000203250],0,up,2521,0.9992063492063492
D4.2__Fig 2__SQUID_data__IVB_BS30_A1S1_I_coil_+-0.3mA_fine_284mK_191103__IVB__T_1p40K[-0.000203250],1,down,5000,0.9995999199839968
D4.2__Fig 2__SQUID_data__IVB_BS30_A1S1_I_coil_+-0.3mA_fine_284mK_191103__IVB__T_1p40K[-0.000203250],2,up,2479,1.0
D4.2__Fig 2__SQUID_data__IVB_BS30_A1S1_I_coil_+-0.3mA_fine_284mK_191103__IVB__T_1p40K[-0.000204000],0,up,2521,0.9996031746031746
D4.2__Fig 2__SQUID_data__IVB_BS30_A1S1_I_coil_+-0.3mA_fine_284mK_191103__IVB__T_1p40K[-0.000204000],1,down,5000,0.9997999599919984
D4.2__Fig 2__SQUID_data__IVB_BS30_A1S1_I_coil_+-0.3mA_fine_284mK_191103__IVB__T_1p40K[-0.000204000],2,up,2479,1.0
D4.2__Fig 2__SQUID_data__IVB_BS30_A1S1_I_coil_+-0.3mA_fine_284mK_191103__IVB__T_1p40K[-0.000204750],0,up,2521,0.9992063492063492
D4.2__Fig 2__SQUID_data__IVB_BS30_A1S1_I_coil_+-0.3mA_fine_284mK_191103__IVB__T_1p40K[-0.000204750],1,down,5000,0.9997999599919984
D4.2__Fig 2__SQUID_data__IVB_BS30_A1S1_I_coil_+-0.3mA_fine_284mK_191103__IVB__T_1p40K[-0.000204750],2,up,2479,1.0
D4.2__Fig 2__SQUID_data__IVB_BS30_A1S1_I_coil_+-0.3mA_fine_284mK_191103__IVB__T_1p40K[-0.000205500],0,up,2521,0.9996031746031746
D4.2__Fig 2__SQUID_data__IVB_BS30_A1S1_I_coil_+-0.3mA_fine_284mK_191103__IVB__T_1p40K[-0.000205500],1,down,5001,0.9992
D4.2__Fig 2__SQUID_data__IVB_BS30_A1S1_I_coil_+-0.3mA_fine_284mK_191103__IVB__T_1p40K[-0.000205500],2,up,2478,1.0
D4.2__Fig 2__SQUID_data__IVB_BS30_A1S1_I_coil_+-0.3mA_fine_284mK_191103__IVB__T_1p40K[-0.000206250],0,up,2521,0.9992063492063492
D4.2__Fig 2__SQUID_data__IVB_BS30_A1S1_I_coil_+-0.3mA_fine_284mK_191103__IVB__T_1p40K[-0.000206250],1,down,5001,0.9996
D4.2__Fig 2__SQUID_data__IVB_BS30_A1S1_I_coil_+-0.3mA_fine_284mK_191103__IVB__T_1p40K[-0.000206250],2,up,2478,1.0
D4.2__Fig 2__SQUID_data__IVB_BS30_A1S1_I_coil_+-0.3mA_fine_284mK_191103__IVB__T_1p40K[-0.000207000],0,up,2520,0.999603017070266
D4.2__Fig 2__SQUID_data__IVB_BS30_A1S1_I_coil_+-0.3mA_fine_284mK_191103__IVB__T_1p40K[-0.000207000],1,down,5001,0.9996
D4.2__Fig 2__SQUID_data__IVB_BS30_A1S1_I_coil_+-0.3mA_fine_284mK_191103__IVB__T_1p40K[-0.000207000],2,up,2479,1.0
D4.2__Fig 2__SQUID_data__IVB_BS30_A1S1_I_coil_+-0.3mA_fine_284mK_191103__IVB__T_1p40K[-0.000207750],0,up,2521,0.9984126984126984
D4.2__Fig 2__SQUID_data__IVB_BS30_A1S1_I_coil_+-0.3mA_fine_284mK_191103__IVB__T_1p40K[-0.000207750],1,down,5000,0.9993998799759952
D4.2__Fig 2__SQUID_data__IVB_BS30_A1S1_I_coil_+-0.3mA_fine_284mK_191103__IVB__T_1p40K[-0.000207750],2,up,2479,1.0
D4.2__Fig 2__SQUID_data__IVB_BS30_A1S1_I_coil_+-0.3mA_fine_284mK_191103__IVB__T_1p40K[-0.000208500],0,up,2521,0.9992063492063492
D4.2__Fig 2__SQUID_data__IVB_BS30_A1S1_I_coil_+-0.3mA_fine_284mK_191103__IVB__T_1p40K[-0.000208500],1,down,5000,0.9995999199839968
D4.2__Fig 2__SQUID_data__IVB_BS30_A1S1_I_coil_+-0.3mA_fine_284mK_191103__IVB__T_1p40K[-0.000208500],2,up,2479,1.0
D4.2__Fig 2__SQUID_data__IVB_BS30_A1S1_I_coil_+-0.3mA_fine_284mK_191103__IVB__T_1p40K[-0.000209250],0,up,2521,0.9992063492063492
D4.2__Fig 2__SQUID_data__IVB_BS30_A1S1_I_coil_+-0.3mA_fine_284mK_191103__IVB__T_1p40K[-0.000209250],1,down,5000,0.9995999199839968
D4.2__Fig 2__SQUID_data__IVB_BS30_A1S1_I_coil_+-0.3mA_fine_284mK_191103__IVB__T_1p40K[-0.000209250],2,up,2479,1.0
D4.2__Fig 2__SQUID_data__IVB_BS30_A1S1_I_coil_+-0.3mA_fine_284mK_191103__IVB__T_1p40K[-0.000210000],0,up,2521,0.9988095238095238
D4.2__Fig 2__SQUID_data__IVB_BS30_A1S1_I_coil_+-0.3mA_fine_284mK_191103__IVB__T_1p40K[-0.000210000],1,down,5000,0.9995999199839968
D4.2__Fig 2__SQUID_data__IVB_BS30_A1S1_I_coil_+-0.3mA_fine_284mK_191103__IVB__T_1p40K[-0.000210000],2,up,2479,1.0
D4.2__Fig 2__SQUID_data__IVB_BS30_A1S1_I_coil_+-0.3mA_fine_284mK_191103__IVB__T_1p40K[-0.000210750],0,up,2521,0.9996031746031746
D4.2__Fig 2__SQUID_data__IVB_BS30_A1S1_I_coil_+-0.3mA_fine_284mK_191103__IVB__T_1p40K[-0.000210750],1,down,5000,1.0
D4.2__Fig 2__SQUID_data__IVB_BS30_A1S1_I_coil_+-0.3mA_fine_284mK_191103__IVB__T_1p40K[-0.000210750],2,up,2479,1.0
D4.2__Fig 2__SQUID_data__IVB_BS30_A1S1_I_coil_+-0.3mA_fine_284mK_191103__IVB__T_1p40K[-0.000211500],0,up,2520,0.9988090512107979
D4.2__Fig 2__SQUID_data__IVB_BS30_A1S1_I_coil_+-0.3mA_fine_284mK_191103__IVB__T_1p40K[-0.000211500],1,down,5001,0.9996
D4.2__Fig 2__SQUID_data__IVB_BS30_A1S1_I_coil_+-0.3mA_fine_284mK_191103__IVB__T_1p40K[-0.000211500],2,up,2479,1.0
D4.2__Fig 2__SQUID_data__IVB_BS30_A1S1_I_coil_+-0.3mA_fine_284mK_191103__IVB__T_1p40K[-0.000212250],0,up,2521,0.9988095238095238
D4.2__Fig 2__SQUID_data__IVB_BS30_A1S1_I_coil_+-0.3mA_fine_284mK_191103__IVB__T_1p40K[-0.000212250],1,down,5000,0.9995999199839968
D4.2__Fig 2__SQUID_data__IVB_BS30_A1S1_I_coil_+-0.3mA_fine_284mK_191103__IVB__T_1p40K[-0.000212250],2,up,2479,1.0
D4.2__Fig 2__SQUID_data__IVB_BS30_A1S1_I_coil_+-0.3mA_fine_284mK_191103__IVB__T_1p40K[-0.000213000],0,up,2521,0.9992063492063492
D4.2__Fig 2__SQUID_data__IVB_BS30_A1S1_I_coil_+-0.3mA_fine_284mK_191103__IVB__T_1p40K[-0.000213000],1,down,5000,0.9997999599919984
D4.2__Fig 2__SQUID_data__IVB_BS30_A1S1_I_coil_+-0.3mA_fine_284mK_191103__IVB__T_1p40K[-0.000213000],2,up,2479,1.0
D4.2__Fig 2__SQUID_data__IVB_BS30_A1S1_I_coil_+-0.3mA_fine_284mK_191103__IVB__T_1p40K[-0.000213750],0,up,2521,0.9992063492063492
D4.2__Fig 2__SQUID_data__IVB_BS30_A1S1_I_coil_+-0.3mA_fine_284mK_191103__IVB__T_1p40K[-0.000213750],1,down,5000,0.9995999199839968
D4.2__Fig 2__SQUID_data__IVB_BS30_A1S1_I_coil_+-0.3mA_fine_284mK_191103__IVB__T_1p40K[-0.000213750],2,up,2479,1.0
D4.2__Fig 2__SQUID_data__IVB_BS30_A1S1_I_coil_+-0.3mA_fine_284mK_191103__IVB__T_1p40K[-0.000214500],0,up,2521,0.9988095238095238
D4.2__Fig 2__SQUID_data__IVB_BS30_A1S1_I_coil_+-0.3mA_fine_284mK_191103__IVB__T_1p40K[-0.000214500],1,down,5000,0.9995999199839968
D4.2__Fig 2__SQUID_data__IVB_BS30_A1S1_I_coil_+-0.3mA_fine_284mK_191103__IVB__T_1p40K[-0.000214500],2,up,2479,1.0
D4.2__Fig 2__SQUID_data__IVB_BS30_A1S1_I_coil_+-0.3mA_fine_284mK_191103__IVB__T_1p40K[-0.000215250],0,up,2521,0.9988095238095238
D4.2__Fig 2__SQUID_data__IVB_BS30_A1S1_I_coil_+-0.3mA_fine_284mK_191103__IVB__T_1p40K[-0.000215250],1,down,5000,0.9995999199839968
D4.2__Fig 2__SQUID_data__IVB_BS30_A1S1_I_coil_+-0.3mA_fine_284mK_191103__IVB__T_1p40K[-0.000215250],2,up,2479,1.0
D4.2__Fig 2__SQUID_data__IVB_BS30_A1S1_I_coil_+-0.3mA_fine_284mK_191103__IVB__T_1p40K[-0.000216000],0,up,2521,0.9992063492063492
D4.2__Fig 2__SQUID_data__IVB_BS30_A1S1_I_coil_+-0.3mA_fine_284mK_191103__IVB__T_1p40K[-0.000216000],1,down,5000,0.9997999599919984
D4.2__Fig 2__SQUID_data__IVB_BS30_A1S1_I_coil_+-0.3mA_fine_284mK_191103__IVB__T_1p40K[-0.000216000],2,up,2479,1.0
D4.2__Fig 2__SQUID_data__IVB_BS30_A1S1_I_coil_+-0.3mA_fine_284mK_191103__IVB__T_1p40K[-0.000216750],0,up,2521,0.9992063492063492
D4.2__Fig 2__SQUID_data__IVB_BS30_A1S1_I_coil_+-0.3mA_fine_284mK_191103__IVB__T_1p40K[-0.000216750],1,down,5000,0.9997999599919984
D4.2__Fig 2__SQUID_data__IVB_BS30_A1S1_I_coil_+-0.3mA_fine_284mK_191103__IVB__T_1p40K[-0.000216750],2,up,2479,1.0
D4.2__Fig 2__SQUID_data__IVB_BS30_A1S1_I_coil_+-0.3mA_fine_284mK_191103__IVB__T_1p40K[-0.000217500],0,up,2521,0.9988095238095238
D4.2__Fig 2__SQUID_data__IVB_BS30_A1S1_I_coil_+-0.3mA_fine_284mK_191103__IVB__T_1p40K[-0.000217500],1,down,5000,0.9995999199839968
D4.2__Fig 2__SQUID_data__IVB_BS30_A1S1_I_coil_+-0.3mA_fine_284mK_191103__IVB__T_1p40K[-0.000217500],2,up,2479,1.0
D4.2__Fig 2__SQUID_data__IVB_BS30_A1S1_I_coil_+-0.3mA_fine_284mK_191103__IVB__T_1p40K[-0.000218250],0,up,2521,0.9988095238095238
D4.2__Fig 2__SQUID_data__IVB_BS30_A1S1_I_coil_+-0.3mA_fine_284mK_191103__IVB__T_1p40K[-0.000218250],1,down,5000,0.9995999199839968
D4.2__Fig 2__SQUID_data__IVB_BS30_A1S1_I_coil_+-0.3mA_fine_284mK_191103__IVB__T_1p40K[-0.000218250],2,up,2479,1.0
D4.2__Fig 2__SQUID_data__IVB_BS30_A1S1_I_coil_+-0.3mA_fine_284mK_191103__IVB__T_1p40K[-0.000219000],0,up,2521,0.9992063492063492
D4.2__Fig 2__SQUID_data__IVB_BS30_A1S1_I_coil_+-0.3mA_fine_284mK_191103__IVB__T_1p40K[-0.000219000],1,down,5000,0.9995999199839968
D4.2__Fig 2__SQUID_data__IVB_BS30_A1S1_I_coil_+-0.3mA_fine_284mK_191103__IVB__T_1p40K[-0.000219000],2,up,2479,1.0
D4.2__Fig 2__SQUID_data__IVB_BS30_A1S1_I_coil_+-0.3mA_fine_284mK_191103__IVB__T_1p40K[-0.000219750],0,up,2521,0.9996031746031746
D4.2__Fig 2__SQUID_data__IVB_BS30_A1S1_I_coil_+-0.3mA_fine_284mK_191103__IVB__T_1p40K[-0.000219750],1,down,5000,0.9995999199839968
D4.2__Fig 2__SQUID_data__IVB_BS30_A1S1_I_coil_+-0.3mA_fine_284mK_191103__IVB__T_1p40K[-0.000219750],2,up,2479,1.0
D4.2__Fig 2__SQUID_data__IVB_BS30_A1S1_I_coil_+-0.3mA_fine_284mK_191103__IVB__T_1p40K[-0.000220500],0,up,2521,0.9992063492063492
D4.2__Fig 2__SQUID_data__IVB_BS30_A1S1_I_coil_+-0.3mA_fine_284mK_191103__IVB__T_1p40K[-0.000220500],1,down,5000,0.9997999599919984
D4.2__Fig 2__SQUID_data__IVB_BS30_A1S1_I_coil_+-0.3mA_fine_284mK_191103__IVB__T_1p40K[-0.000220500],2,up,2479,1.0
D4.2__Fig 2__SQUID_data__IVB_BS30_A1S1_I_coil_+-0.3mA_fine_284mK_191103__IVB__T_1p40K[-0.000221250],0,up,2521,0.9992063492063492
D4.2__Fig 2__SQUID_data__IVB_BS30_A1S1_I_coil_+-0.3mA_fine_284mK_191103__IVB__T_1p40K[-0.000221250],1,down,5000,0.9997999599919984
D4.2__Fig 2__SQUID_data__IVB_BS30_A1S1_I_coil_+-0.3mA_fine_284mK_191103__IVB__T_1p40K[-0.000221250],2,up,2479,1.0
D4.2__Fig 2__SQUID_data__IVB_BS30_A1S1_I_coil_+-0.3mA_fine_284mK_191103__IVB__T_1p40K[-0.000222000],0,up,2521,0.9992063492063492
D4.2__Fig 2__SQUID_data__IVB_BS30_A1S1_I_coil_+-0.3mA_fine_284mK_191103__IVB__T_1p40K[-0.000222000],1,down,5000,0.9995999199839968
D4.2__Fig 2__SQUID_data__IVB_BS30_A1S1_I_coil_+-0.3mA_fine_284mK_191103__IVB__T_1p40K[-0.000222000],2,up,2479,1.0
D4.2__Fig 2__SQUID_data__IVB_BS30_A1S1_I_coil_+-0.3mA_fine_284mK_191103__IVB__T_1p40K[-0.000222750],0,up,2522,0.9988099960333201
D4.2__Fig 2__SQUID_data__IVB_BS30_A1S1_I_coil_+-0.3mA_fine_284mK_191103__IVB__T_1p40K[-0.000222750],1,down,5000,0.9993998799759952
D4.2__Fig 2__SQUID_data__IVB_BS30_A1S1_I_coil_+-0.3mA_fine_284mK_191103__IVB__T_1p40K[-0.000222750],2,up,2478,0.9995962858296327
D4.2__Fig 2__SQUID_data__IVB_BS30_A1S1_I_coil_+-0.3mA_fine_284mK_191103__IVB__T_1p40K[-0.000223500],0,up,2521,0.9996031746031746
D4.2__Fig 2__SQUID_data__IVB_BS30_A1S1_I_coil_+-0.3mA_fine_284mK_191103__IVB__T_1p40K[-0.000223500],1,down,5000,0.9995999199839968
D4.2__Fig 2__SQUID_data__IVB_BS30_A1S1_I_coil_+-0.3mA_fine_284mK_191103__IVB__T_1p40K[-0.000223500],2,up,2479,1.0
D4.2__Fig 2__SQUID_data__IVB_BS30_A1S1_I_coil_+-0.3mA_fine_284mK_191103__IVB__T_1p40K[-0.000224250],0,up,2521,0.9988095238095238
D4.2__Fig 2__SQUID_data__IVB_BS30_A1S1_I_coil_+-0.3mA_fine_284mK_191103__IVB__T_1p40K[-0.000224250],1,down,5000,0.9993998799759952
D4.2__Fig 2__SQUID_data__IVB_BS30_A1S1_I_coil_+-0.3mA_fine_284mK_191103__IVB__T_1p40K[-0.000224250],2,up,2479,1.0
D4.2__Fig 2__SQUID_data__IVB_BS30_A1S1_I_coil_+-0.3mA_fine_284mK_191103__IVB__T_1p40K[-0.000225000],0,up,2521,0.9992063492063492
D4.2__Fig 2__SQUID_data__IVB_BS30_A1S1_I_coil_+-0.3mA_fine_284mK_191103__IVB__T_1p40K[-0.000225000],1,down,5000,0.9997999599919984
D4.2__Fig 2__SQUID_data__IVB_BS30_A1S1_I_coil_+-0.3mA_fine_284mK_191103__IVB__T_1p40K[-0.000225000],2,up,2479,1.0
D4.2__Fig 2__SQUID_data__IVB_BS30_A1S1_I_coil_+-0.3mA_fine_284mK_191103__IVB__T_1p40K[-0.000225750],0,up,2521,0.9988095238095238
D4.2__Fig 2__SQUID_data__IVB_BS30_A1S1_I_coil_+-0.3mA_fine_284mK_191103__IVB__T_1p40K[-0.000225750],1,down,5000,0.9993998799759952
D4.2__Fig 2__SQUID_data__IVB_BS30_A1S1_I_coil_+-0.3mA_fine_284mK_191103__IVB__T_1p40K[-0.000225750],2,up,2479,1.0
D4.2__Fig 2__SQUID_data__IVB_BS30_A1S1_I_coil_+-0.3mA_fine_284mK_191103__IVB__T_1p40K[-0.000226500],0,up,2521,0.9992063492063492
D4.2__Fig 2__SQUID_data__IVB_BS30_A1S1_I_coil_+-0.3mA_fine_284mK_191103__IVB__T_1p40K[-0.000226500],1,down,5000,0.9995999199839968
D4.2__Fig 2__SQUID_data__IVB_BS30_A1S1_I_coil_+-0.3mA_fine_284mK_191103__IVB__T_1p40K[-0.000226500],2,up,2479,1.0
D4.2__Fig 2__SQUID_data__IVB_BS30_A1S1_I_coil_+-0.3mA_fine_284mK_191103__IVB__T_1p40K[-0.000227250],0,up,2521,0.9992063492063492
D4.2__Fig 2__SQUID_data__IVB_BS30_A1S1_I_coil_+-0.3mA_fine_284mK_191103__IVB__T_1p40K[-0.000227250],1,down,5000,0.9993998799759952
D4.2__Fig 2__SQUID_data__IVB_BS30_A1S1_I_coil_+-0.3mA_fine_284mK_191103__IVB__T_1p40K[-0.000227250],2,up,2479,1.0
D4.2__Fig 2__SQUID_data__IVB_BS30_A1S1_I_coil_+-0.3mA_fine_284mK_191103__IVB__T_1p40K[-0.000228000],0,up,2521,0.9992063492063492
D4.2__Fig 2__SQUID_data__IVB_BS30_A1S1_I_coil_+-0.3mA_fine_284mK_191103__IVB__T_1p40K[-0.000228000],1,down,5000,0.9995999199839968
D4.2__Fig 2__SQUID_data__IVB_BS30_A1S1_I_coil_+-0.3mA_fine_284mK_191103__IVB__T_1p40K[-0.000228000],2,up,2479,1.0
D4.2__Fig 2__SQUID_data__IVB_BS30_A1S1_I_coil_+-0.3mA_fine_284mK_191103__IVB__T_1p40K[-0.000228750],0,up,2521,0.9988095238095238
D4.2__Fig 2__SQUID_data__IVB_BS30_A1S1_I_coil_+-0.3mA_fine_284mK_191103__IVB__T_1p40K[-0.000228750],1,down,5001,0.9994
D4.2__Fig 2__SQUID_data__IVB_BS30_A1S1_I_coil_+-0.3mA_fine_284mK_191103__IVB__T_1p40K[-0.000228750],2,up,2478,1.0
D4.2__Fig 2__SQUID_data__IVB_BS30_A1S1_I_coil_+-0.3mA_fine_284mK_191103__IVB__T_1p40K[-0.000229500],0,up,2521,0.9992063492063492
D4.2__Fig 2__SQUID_data__IVB_BS30_A1S1_I_coil_+-0.3mA_fine_284mK_191103__IVB__T_1p40K[-0.000229500],1,down,5000,0.9995999199839968
D4.2__Fig 2__SQUID_data__IVB_BS30_A1S1_I_coil_+-0.3mA_fine_284mK_191103__IVB__T_1p40K[-0.000229500],2,up,2479,1.0
D4.2__Fig 2__SQUID_data__IVB_BS30_A1S1_I_coil_+-0.3mA_fine_284mK_191103__IVB__T_1p40K[-0.000230250],0,up,2521,0.9996031746031746
D4.2__Fig 2__SQUID_data__IVB_BS30_A1S1_I_coil_+-0.3mA_fine_284mK_191103__IVB__T_1p40K[-0.000230250],1,down,5000,0.9993998799759952
D4.2__Fig 2__SQUID_data__IVB_BS30_A1S1_I_coil_+-0.3mA_fine_284mK_191103__IVB__T_1p40K[-0.000230250],2,up,2479,1.0
D4.2__Fig 2__SQUID_data__IVB_BS30_A1S1_I_coil_+-0.3mA_fine_284mK_191103__IVB__T_1p40K[-0.000231000],0,up,2521,0.9988095238095238
D4.2__Fig 2__SQUID_data__IVB_BS30_A1S1_I_coil_+-0.3mA_fine_284mK_191103__IVB__T_1p40K[-0.000231000],1,down,5000,0.9995999199839968
D4.2__Fig 2__SQUID_data__IVB_BS30_A1S1_I_coil_+-0.3mA_fine_284mK_191103__IVB__T_1p40K[-0.000231000],2,up,2479,1.0
D4.2__Fig 2__SQUID_data__IVB_BS30_A1S1_I_coil_+-0.3mA_fine_284mK_191103__IVB__T_1p40K[-0.000231750],0,up,2521,0.9992063492063492
D4.2__Fig 2__SQUID_data__IVB_BS30_A1S1_I_coil_+-0.3mA_fine_284mK_191103__IVB__T_1p40K[-0.000231750],1,down,5000,0.9997999599919984
D4.2__Fig 2__SQUID_data__IVB_BS30_A1S1_I_coil_+-0.3mA_fine_284mK_191103__IVB__T_1p40K[-0.000231750],2,up,2479,1.0
D4.2__Fig 2__SQUID_data__IVB_BS30_A1S1_I_coil_+-0.3mA_fine_284mK_191103__IVB__T_1p40K[-0.000232500],0,up,2521,0.9992063492063492
D4.2__Fig 2__SQUID_data__IVB_BS30_A1S1_I_coil_+-0.3mA_fine_284mK_191103__IVB__T_1p40K[-0.000232500],1,down,4999,0.9995998399359743
D4.2__Fig 2__SQUID_data__IVB_BS30_A1S1_I_coil_+-0.3mA_fine_284mK_191103__IVB__T_1p40K[-0.000232500],2,up,2480,1.0
D4.2__Fig 2__SQUID_data__IVB_BS30_A1S1_I_coil_+-0.3mA_fine_284mK_191103__IVB__T_1p40K[-0.000233250],0,up,2521,0.9992063492063492
D4.2__Fig 2__SQUID_data__IVB_BS30_A1S1_I_coil_+-0.3mA_fine_284mK_191103__IVB__T_1p40K[-0.000233250],1,down,5000,0.9995999199839968
D4.2__Fig 2__SQUID_data__IVB_BS30_A1S1_I_coil_+-0.3mA_fine_284mK_191103__IVB__T_1p40K[-0.000233250],2,up,2479,1.0
D4.2__Fig 2__SQUID_data__IVB_BS30_A1S1_I_coil_+-0.3mA_fine_284mK_191103__IVB__T_1p40K[-0.000234000],0,up,2522,0.9988099960333201
D4.2__Fig 2__SQUID_data__IVB_BS30_A1S1_I_coil_+-0.3mA_fine_284mK_191103__IVB__T_1p40K[-0.000234000],1,down,4999,0.9995998399359743
D4.2__Fig 2__SQUID_data__IVB_BS30_A1S1_I_coil_+-0.3mA_fine_284mK_191103__IVB__T_1p40K[-0.000234000],2,up,2479,1.0
D4.2__Fig 2__SQUID_data__IVB_BS30_A1S1_I_coil_+-0.3mA_fine_284mK_191103__IVB__T_1p40K[-0.000234750],0,up,2521,0.9992063492063492
D4.2__Fig 2__SQUID_data__IVB_BS30_A1S1_I_coil_+-0.3mA_fine_284mK_191103__IVB__T_1p40K[-0.000234750],1,down,5000,0.9995999199839968
D4.2__Fig 2__SQUID_data__IVB_BS30_A1S1_I_coil_+-0.3mA_fine_284mK_191103__IVB__T_1p40K[-0.000234750],2,up,2479,1.0
D4.2__Fig 2__SQUID_data__IVB_BS30_A1S1_I_coil_+-0.3mA_fine_284mK_191103__IVB__T_1p40K[-0.000235500],0,up,2521,0.9984126984126984
D4.2__Fig 2__SQUID_data__IVB_BS30_A1S1_I_coil_+-0.3mA_fine_284mK_191103__IVB__T_1p40K[-0.000235500],1,down,5000,0.9993998799759952
D4.2__Fig 2__SQUID_data__IVB_BS30_A1S1_I_coil_+-0.3mA_fine_284mK_191103__IVB__T_1p40K[-0.000235500],2,up,2479,1.0
D4.2__Fig 2__SQUID_data__IVB_BS30_A1S1_I_coil_+-0.3mA_fine_284mK_191103__IVB__T_1p40K[-0.000236250],0,up,2521,0.9988095238095238
D4.2__Fig 2__SQUID_data__IVB_BS30_A1S1_I_coil_+-0.3mA_fine_284mK_191103__IVB__T_1p40K[-0.000236250],1,down,5001,0.9994
D4.2__Fig 2__SQUID_data__IVB_BS30_A1S1_I_coil_+-0.3mA_fine_284mK_191103__IVB__T_1p40K[-0.000236250],2,up,2478,1.0
D4.2__Fig 2__SQUID_data__IVB_BS30_A1S1_I_coil_+-0.3mA_fine_284mK_191103__IVB__T_1p40K[-0.000237000],0,up,2521,0.9996031746031746
D4.2__Fig 2__SQUID_data__IVB_BS30_A1S1_I_coil_+-0.3mA_fine_284mK_191103__IVB__T_1p40K[-0.000237000],1,down,5000,0.9995999199839968
D4.2__Fig 2__SQUID_data__IVB_BS30_A1S1_I_coil_+-0.3mA_fine_284mK_191103__IVB__T_1p40K[-0.000237000],2,up,2479,1.0
D4.2__Fig 2__SQUID_data__IVB_BS30_A1S1_I_coil_+-0.3mA_fine_284mK_191103__IVB__T_1p40K[-0.000237750],0,up,2521,0.9992063492063492
D4.2__Fig 2__SQUID_data__IVB_BS30_A1S1_I_coil_+-0.3mA_fine_284mK_191103__IVB__T_1p40K[-0.000237750],1,down,5000,0.9995999199839968
D4.2__Fig 2__SQUID_data__IVB_BS30_A1S1_I_coil_+-0.3mA_fine_284mK_191103__IVB__T_1p40K[-0.000237750],2,up,2479,1.0
D4.2__Fig 2__SQUID_data__IVB_BS30_A1S1_I_coil_+-0.3mA_fine_284mK_191103__IVB__T_1p40K[-0.000238500],0,up,2521,0.9988095238095238
D4.2__Fig 2__SQUID_data__IVB_BS30_A1S1_I_coil_+-0.3mA_fine_284mK_191103__IVB__T_1p40K[-0.000238500],1,down,5000,0.9995999199839968
D4.2__Fig 2__SQUID_data__IVB_BS30_A1S1_I_coil_+-0.3mA_fine_284mK_191103__IVB__T_1p40K[-0.000238500],2,up,2479,1.0
D4.2__Fig 2__SQUID_data__IVB_BS30_A1S1_I_coil_+-0.3mA_fine_284mK_191103__IVB__T_1p40K[-0.000239250],0,up,2521,0.9992063492063492
D4.2__Fig 2__SQUID_data__IVB_BS30_A1S1_I_coil_+-0.3mA_fine_284mK_191103__IVB__T_1p40K[-0.000239250],1,down,5000,0.9995999199839968
D4.2__Fig 2__SQUID_data__IVB_BS30_A1S1_I_coil_+-0.3mA_fine_284mK_191103__IVB__T_1p40K[-0.000239250],2,up,2479,1.0
D4.2__Fig 2__SQUID_data__IVB_BS30_A1S1_I_coil_+-0.3mA_fine_284mK_191103__IVB__T_1p40K[-0.000240000],0,up,2521,0.9992063492063492
D4.2__Fig 2__SQUID_data__IVB_BS30_A1S1_I_coil_+-0.3mA_fine_284mK_191103__IVB__T_1p40K[-0.000240000],1,down,5001,0.9994
D4.2__Fig 2__SQUID_data__IVB_BS30_A1S1_I_coil_+-0.3mA_fine_284mK_191103__IVB__T_1p40K[-0.000240000],2,up,2478,1.0
D4.2__Fig 2__SQUID_data__IVB_BS30_A1S1_I_coil_+-0.3mA_fine_284mK_191103__IVB__T_1p40K[-0.000240750],0,up,2521,0.9988095238095238
D4.2__Fig 2__SQUID_data__IVB_BS30_A1S1_I_coil_+-0.3mA_fine_284mK_191103__IVB__T_1p40K[-0.000240750],1,down,5000,0.9995999199839968
D4.2__Fig 2__SQUID_data__IVB_BS30_A1S1_I_coil_+-0.3mA_fine_284mK_191103__IVB__T_1p40K[-0.000240750],2,up,2479,1.0
D4.2__Fig 2__SQUID_data__IVB_BS30_A1S1_I_coil_+-0.3mA_fine_284mK_191103__IVB__T_1p40K[-0.000241500],0,up,2521,0.9988095238095238
D4.2__Fig 2__SQUID_data__IVB_BS30_A1S1_I_coil_+-0.3mA_fine_284mK_191103__IVB__T_1p40K[-0.000241500],1,down,5000,0.9997999599919984
D4.2__Fig 2__SQUID_data__IVB_BS30_A1S1_I_coil_+-0.3mA_fine_284mK_191103__IVB__T_1p40K[-0.000241500],2,up,2479,1.0
D4.2__Fig 2__SQUID_data__IVB_BS30_A1S1_I_coil_+-0.3mA_fine_284mK_191103__IVB__T_1p40K[-0.000242250],0,up,2521,0.9996031746031746
D4.2__Fig 2__SQUID_data__IVB_BS30_A1S1_I_coil_+-0.3mA_fine_284mK_191103__IVB__T_1p40K[-0.000242250],1,down,5000,0.9997999599919984
D4.2__Fig 2__SQUID_data__IVB_BS30_A1S1_I_coil_+-0.3mA_fine_284mK_191103__IVB__T_1p40K[-0.000242250],2,up,2479,1.0
D4.2__Fig 2__SQUID_data__IVB_BS30_A1S1_I_coil_+-0.3mA_fine_284mK_191103__IVB__T_1p40K[-0.000243000],0,up,2521,0.9988095238095238
D4.2__Fig 2__SQUID_data__IVB_BS30_A1S1_I_coil_+-0.3mA_fine_284mK_191103__IVB__T_1p40K[-0.000243000],1,down,5000,0.9997999599919984
D4.2__Fig 2__SQUID_data__IVB_BS30_A1S1_I_coil_+-0.3mA_fine_284mK_191103__IVB__T_1p40K[-0.000243000],2,up,2479,1.0
D4.2__Fig 2__SQUID_data__IVB_BS30_A1S1_I_coil_+-0.3mA_fine_284mK_191103__IVB__T_1p40K[-0.000243750],0,up,2521,0.9992063492063492
D4.2__Fig 2__SQUID_data__IVB_BS30_A1S1_I_coil_+-0.3mA_fine_284mK_191103__IVB__T_1p40K[-0.000243750],1,down,5000,0.9995999199839968
D4.2__Fig 2__SQUID_data__IVB_BS30_A1S1_I_coil_+-0.3mA_fine_284mK_191103__IVB__T_1p40K[-0.000243750],2,up,2479,1.0
D4.2__Fig 2__SQUID_data__IVB_BS30_A1S1_I_coil_+-0.3mA_fine_284mK_191103__IVB__T_1p40K[-0.000244500],0,up,2521,0.9992063492063492
D4.2__Fig 2__SQUID_data__IVB_BS30_A1S1_I_coil_+-0.3mA_fine_284mK_191103__IVB__T_1p40K[-0.000244500],1,down,5000,0.9997999599919984
D4.2__Fig 2__SQUID_data__IVB_BS30_A1S1_I_coil_+-0.3mA_fine_284mK_191103__IVB__T_1p40K[-0.000244500],2,up,2479,1.0
D4.2__Fig 2__SQUID_data__IVB_BS30_A1S1_I_coil_+-0.3mA_fine_284mK_191103__IVB__T_1p40K[-0.000245250],0,up,2520,0.999206034140532
D4.2__Fig 2__SQUID_data__IVB_BS30_A1S1_I_coil_+-0.3mA_fine_284mK_191103__IVB__T_1p40K[-0.000245250],1,down,5001,0.9994
D4.2__Fig 2__SQUID_data__IVB_BS30_A1S1_I_coil_+-0.3mA_fine_284mK_191103__IVB__T_1p40K[-0.000245250],2,up,2479,1.0
D4.2__Fig 2__SQUID_data__IVB_BS30_A1S1_I_coil_+-0.3mA_fine_284mK_191103__IVB__T_1p40K[-0.000246000],0,up,2520,0.999206034140532
D4.2__Fig 2__SQUID_data__IVB_BS30_A1S1_I_coil_+-0.3mA_fine_284mK_191103__IVB__T_1p40K[-0.000246000],1,down,5002,0.9992001599680064
D4.2__Fig 2__SQUID_data__IVB_BS30_A1S1_I_coil_+-0.3mA_fine_284mK_191103__IVB__T_1p40K[-0.000246000],2,up,2478,1.0
D4.2__Fig 2__SQUID_data__IVB_BS30_A1S1_I_coil_+-0.3mA_fine_284mK_191103__IVB__T_1p40K[-0.000246750],0,up,2521,0.9992063492063492
D4.2__Fig 2__SQUID_data__IVB_BS30_A1S1_I_coil_+-0.3mA_fine_284mK_191103__IVB__T_1p40K[-0.000246750],1,down,5001,0.9994
D4.2__Fig 2__SQUID_data__IVB_BS30_A1S1_I_coil_+-0.3mA_fine_284mK_191103__IVB__T_1p40K[-0.000246750],2,up,2478,1.0
D4.2__Fig 2__SQUID_data__IVB_BS30_A1S1_I_coil_+-0.3mA_fine_284mK_191103__IVB__T_1p40K[-0.000247500],0,up,2521,0.9996031746031746
D4.2__Fig 2__SQUID_data__IVB_BS30_A1S1_I_coil_+-0.3mA_fine_284mK_191103__IVB__T_1p40K[-0.000247500],1,down,5000,0.9995999199839968
D4.2__Fig 2__SQUID_data__IVB_BS30_A1S1_I_coil_+-0.3mA_fine_284mK_191103__IVB__T_1p40K[-0.000247500],2,up,2479,1.0
D4.2__Fig 2__SQUID_data__IVB_BS30_A1S1_I_coil_+-0.3mA_fine_284mK_191103__IVB__T_1p40K[-0.000248250],0,up,2521,0.9992063492063492
D4.2__Fig 2__SQUID_data__IVB_BS30_A1S1_I_coil_+-0.3mA_fine_284mK_191103__IVB__T_1p40K[-0.000248250],1,down,5000,0.9993998799759952
D4.2__Fig 2__SQUID_data__IVB_BS30_A1S1_I_coil_+-0.3mA_fine_284mK_191103__IVB__T_1p40K[-0.000248250],2,up,2479,1.0
D4.2__Fig 2__SQUID_data__IVB_BS30_A1S1_I_coil_+-0.3mA_fine_284mK_191103__IVB__T_1p40K[-0.000249000],0,up,2521,0.9996031746031746
D4.2__Fig 2__SQUID_data__IVB_BS30_A1S1_I_coil_+-0.3mA_fine_284mK_191103__IVB__T_1p40K[-0.000249000],1,down,5000,0.9997999599919984
D4.2__Fig 2__SQUID_data__IVB_BS30_A1S1_I_coil_+-0.3mA_fine_284mK_191103__IVB__T_1p40K[-0.000249000],2,up,2479,1.0
D4.2__Fig 2__SQUID_data__IVB_BS30_A1S1_I_coil_+-0.3mA_fine_284mK_191103__IVB__T_1p40K[-0.000249750],0,up,2521,0.9996031746031746
D4.2__Fig 2__SQUID_data__IVB_BS30_A1S1_I_coil_+-0.3mA_fine_284mK_191103__IVB__T_1p40K[-0.000249750],1,down,5000,0.9997999599919984
D4.2__Fig 2__SQUID_data__IVB_BS30_A1S1_I_coil_+-0.3mA_fine_284mK_191103__IVB__T_1p40K[-0.000249750],2,up,2479,1.0
D4.2__Fig 2__SQUID_data__IVB_BS30_A1S1_I_coil_+-0.3mA_fine_284mK_191103__IVB__T_1p40K[-0.000250500],0,up,2520,0.999206034140532
D4.2__Fig 2__SQUID_data__IVB_BS30_A1S1_I_coil_+-0.3mA_fine_284mK_191103__IVB__T_1p40K[-0.000250500],1,down,5001,0.9998
D4.2__Fig 2__SQUID_data__IVB_BS30_A1S1_I_coil_+-0.3mA_fine_284mK_191103__IVB__T_1p40K[-0.000250500],2,up,2479,1.0
D4.2__Fig 2__SQUID_data__IVB_BS30_A1S1_I_coil_+-0.3mA_fine_284mK_191103__IVB__T_1p40K[-0.000251250],0,up,2521,0.9988095238095238
D4.2__Fig 2__SQUID_data__IVB_BS30_A1S1_I_coil_+-0.3mA_fine_284mK_191103__IVB__T_1p40K[-0.000251250],1,down,5000,0.9995999199839968
D4.2__Fig 2__SQUID_data__IVB_BS30_A1S1_I_coil_+-0.3mA_fine_284mK_191103__IVB__T_1p40K[-0.000251250],2,up,2479,1.0
D4.2__Fig 2__SQUID_data__IVB_BS30_A1S1_I_coil_+-0.3mA_fine_284mK_191103__IVB__T_1p40K[-0.000252000],0,up,2521,0.9996031746031746
D4.2__Fig 2__SQUID_data__IVB_BS30_A1S1_I_coil_+-0.3mA_fine_284mK_191103__IVB__T_1p40K[-0.000252000],1,down,5000,0.9995999199839968
D4.2__Fig 2__SQUID_data__IVB_BS30_A1S1_I_coil_+-0.3mA_fine_284mK_191103__IVB__T_1p40K[-0.000252000],2,up,2479,1.0
D4.2__Fig 2__SQUID_data__IVB_BS30_A1S1_I_coil_+-0.3mA_fine_284mK_191103__IVB__T_1p40K[-0.000252750],0,up,2521,0.9992063492063492
D4.2__Fig 2__SQUID_data__IVB_BS30_A1S1_I_coil_+-0.3mA_fine_284mK_191103__IVB__T_1p40K[-0.000252750],1,down,5000,0.9995999199839968
D4.2__Fig 2__SQUID_data__IVB_BS30_A1S1_I_coil_+-0.3mA_fine_284mK_191103__IVB__T_1p40K[-0.000252750],2,up,2479,1.0
D4.2__Fig 2__SQUID_data__IVB_BS30_A1S1_I_coil_+-0.3mA_fine_284mK_191103__IVB__T_1p40K[-0.000253500],0,up,2521,0.9988095238095238
D4.2__Fig 2__SQUID_data__IVB_BS30_A1S1_I_coil_+-0.3mA_fine_284mK_191103__IVB__T_1p40K[-0.000253500],1,down,5000,0.9995999199839968
D4.2__Fig 2__SQUID_data__IVB_BS30_A1S1_I_coil_+-0.3mA_fine_284mK_191103__IVB__T_1p40K[-0.000253500],2,up,2479,1.0
D4.2__Fig 2__SQUID_data__IVB_BS30_A1S1_I_coil_+-0.3mA_fine_284mK_191103__IVB__T_1p40K[-0.000254250],0,up,2521,0.9988095238095238
D4.2__Fig 2__SQUID_data__IVB_BS30_A1S1_I_coil_+-0.3mA_fine_284mK_191103__IVB__T_1p40K[-0.000254250],1,down,5001,0.9994
D4.2__Fig 2__SQUID_data__IVB_BS30_A1S1_I_coil_+-0.3mA_fine_284mK_191103__IVB__T_1p40K[-0.000254250],2,up,2478,1.0
D4.2__Fig 2__SQUID_data__IVB_BS30_A1S1_I_coil_+-0.3mA_fine_284mK_191103__IVB__T_1p40K[-0.000255000],0,up,2521,0.9988095238095238
D4.2__Fig 2__SQUID_data__IVB_BS30_A1S1_I_coil_+-0.3mA_fine_284mK_191103__IVB__T_1p40K[-0.000255000],1,down,5000,0.9997999599919984
D4.2__Fig 2__SQUID_data__IVB_BS30_A1S1_I_coil_+-0.3mA_fine_284mK_191103__IVB__T_1p40K[-0.000255000],2,up,2479,1.0
D4.2__Fig 2__SQUID_data__IVB_BS30_A1S1_I_coil_+-0.3mA_fine_284mK_191103__IVB__T_1p40K[-0.000255750],0,up,2521,0.9992063492063492
D4.2__Fig 2__SQUID_data__IVB_BS30_A1S1_I_coil_+-0.3mA_fine_284mK_191103__IVB__T_1p40K[-0.000255750],1,down,5000,0.9997999599919984
D4.2__Fig 2__SQUID_data__IVB_BS30_A1S1_I_coil_+-0.3mA_fine_284mK_191103__IVB__T_1p40K[-0.000255750],2,up,2479,1.0
D4.2__Fig 2__SQUID_data__IVB_BS30_A1S1_I_coil_+-0.3mA_fine_284mK_191103__IVB__T_1p40K[-0.000256500],0,up,2521,0.9988095238095238
D4.2__Fig 2__SQUID_data__IVB_BS30_A1S1_I_coil_+-0.3mA_fine_284mK_191103__IVB__T_1p40K[-0.000256500],1,down,5000,0.9997999599919984
D4.2__Fig 2__SQUID_data__IVB_BS30_A1S1_I_coil_+-0.3mA_fine_284mK_191103__IVB__T_1p40K[-0.000256500],2,up,2479,1.0
D4.2__Fig 2__SQUID_data__IVB_BS30_A1S1_I_coil_+-0.3mA_fine_284mK_191103__IVB__T_1p40K[-0.000257250],0,up,2521,0.9996031746031746
D4.2__Fig 2__SQUID_data__IVB_BS30_A1S1_I_coil_+-0.3mA_fine_284mK_191103__IVB__T_1p40K[-0.000257250],1,down,5000,0.9993998799759952
D4.2__Fig 2__SQUID_data__IVB_BS30_A1S1_I_coil_+-0.3mA_fine_284mK_191103__IVB__T_1p40K[-0.000257250],2,up,2479,1.0
D4.2__Fig 2__SQUID_data__IVB_BS30_A1S1_I_coil_+-0.3mA_fine_284mK_191103__IVB__T_1p40K[-0.000258000],0,up,2520,0.999603017070266
D4.2__Fig 2__SQUID_data__IVB_BS30_A1S1_I_coil_+-0.3mA_fine_284mK_191103__IVB__T_1p40K[-0.000258000],1,down,5001,0.9994
D4.2__Fig 2__SQUID_data__IVB_BS30_A1S1_I_coil_+-0.3mA_fine_284mK_191103__IVB__T_1p40K[-0.000258000],2,up,2479,1.0
D4.2__Fig 2__SQUID_data__IVB_BS30_A1S1_I_coil_+-0.3mA_fine_284mK_191103__IVB__T_1p40K[-0.000258750],0,up,2521,0.9988095238095238
D4.2__Fig 2__SQUID_data__IVB_BS30_A1S1_I_coil_+-0.3mA_fine_284mK_191103__IVB__T_1p40K[-0.000258750],1,down,5000,0.9995999199839968
D4.2__Fig 2__SQUID_data__IVB_BS30_A1S1_I_coil_+-0.3mA_fine_284mK_191103__IVB__T_1p40K[-0.000258750],2,up,2479,1.0
D4.2__Fig 2__SQUID_data__IVB_BS30_A1S1_I_coil_+-0.3mA_fine_284mK_191103__IVB__T_1p40K[-0.000259500],0,up,2522,0.9988099960333201
D4.2__Fig 2__SQUID_data__IVB_BS30_A1S1_I_coil_+-0.3mA_fine_284mK_191103__IVB__T_1p40K[-0.000259500],1,down,4999,0.9993997599039616
D4.2__Fig 2__SQUID_data__IVB_BS30_A1S1_I_coil_+-0.3mA_fine_284mK_191103__IVB__T_1p40K[-0.000259500],2,up,2479,1.0
D4.2__Fig 2__SQUID_data__IVB_BS30_A1S1_I_coil_+-0.3mA_fine_284mK_191103__IVB__T_1p40K[-0.000260250],0,up,2521,0.9996031746031746
D4.2__Fig 2__SQUID_data__IVB_BS30_A1S1_I_coil_+-0.3mA_fine_284mK_191103__IVB__T_1p40K[-0.000260250],1,down,5000,0.9995999199839968
D4.2__Fig 2__SQUID_data__IVB_BS30_A1S1_I_coil_+-0.3mA_fine_284mK_191103__IVB__T_1p40K[-0.000260250],2,up,2479,1.0
D4.2__Fig 2__SQUID_data__IVB_BS30_A1S1_I_coil_+-0.3mA_fine_284mK_191103__IVB__T_1p40K[-0.000261000],0,up,2521,0.9992063492063492
D4.2__Fig 2__SQUID_data__IVB_BS30_A1S1_I_coil_+-0.3mA_fine_284mK_191103__IVB__T_1p40K[-0.000261000],1,down,5000,0.9997999599919984
D4.2__Fig 2__SQUID_data__IVB_BS30_A1S1_I_coil_+-0.3mA_fine_284mK_191103__IVB__T_1p40K[-0.000261000],2,up,2479,1.0
D4.2__Fig 2__SQUID_data__IVB_BS30_A1S1_I_coil_+-0.3mA_fine_284mK_191103__IVB__T_1p40K[-0.000261750],0,up,2521,0.9992063492063492
D4.2__Fig 2__SQUID_data__IVB_BS30_A1S1_I_coil_+-0.3mA_fine_284mK_191103__IVB__T_1p40K[-0.000261750],1,down,5000,0.9997999599919984
D4.2__Fig 2__SQUID_data__IVB_BS30_A1S1_I_coil_+-0.3mA_fine_284mK_191103__IVB__T_1p40K[-0.000261750],2,up,2479,1.0
D4.2__Fig 2__SQUID_data__IVB_BS30_A1S1_I_coil_+-0.3mA_fine_284mK_191103__IVB__T_1p40K[-0.000262500],0,up,2521,0.9992063492063492
D4.2__Fig 2__SQUID_data__IVB_BS30_A1S1_I_coil_+-0.3mA_fine_284mK_191103__IVB__T_1p40K[-0.000262500],1,down,5000,0.9997999599919984
D4.2__Fig 2__SQUID_data__IVB_BS30_A1S1_I_coil_+-0.3mA_fine_284mK_191103__IVB__T_1p40K[-0.000262500],2,up,2479,1.0
D4.2__Fig 2__SQUID_data__IVB_BS30_A1S1_I_coil_+-0.3mA_fine_284mK_191103__IVB__T_1p40K[-0.000263250],0,up,2520,0.999206034140532
D4.2__Fig 2__SQUID_data__IVB_BS30_A1S1_I_coil_+-0.3mA_fine_284mK_191103__IVB__T_1p40K[-0.000263250],1,down,5001,0.9996
D4.2__Fig 2__SQUID_data__IVB_BS30_A1S1_I_coil_+-0.3mA_fine_284mK_191103__IVB__T_1p40K[-0.000263250],2,up,2479,1.0
D4.2__Fig 2__SQUID_data__IVB_BS30_A1S1_I_coil_+-0.3mA_fine_284mK_191103__IVB__T_1p40K[-0.000264000],0,up,2521,0.9992063492063492
D4.2__Fig 2__SQUID_data__IVB_BS30_A1S1_I_coil_+-0.3mA_fine_284mK_191103__IVB__T_1p40K[-0.000264000],1,down,5000,0.9997999599919984
D4.2__Fig 2__SQUID_data__IVB_BS30_A1S1_I_coil_+-0.3mA_fine_284mK_191103__IVB__T_1p40K[-0.000264000],2,up,2479,1.0
D4.2__Fig 2__SQUID_data__IVB_BS30_A1S1_I_coil_+-0.3mA_fine_284mK_191103__IVB__T_1p40K[-0.000264750],0,up,2521,0.9992063492063492
D4.2__Fig 2__SQUID_data__IVB_BS30_A1S1_I_coil_+-0.3mA_fine_284mK_191103__IVB__T_1p40K[-0.000264750],1,down,5000,0.9995999199839968
D4.2__Fig 2__SQUID_data__IVB_BS30_A1S1_I_coil_+-0.3mA_fine_284mK_191103__IVB__T_1p40K[-0.000264750],2,up,2479,1.0
D4.2__Fig 2__SQUID_data__IVB_BS30_A1S1_I_coil_+-0.3mA_fine_284mK_191103__IVB__T_1p40K[-0.000265500],0,up,2521,0.9996031746031746
D4.2__Fig 2__SQUID_data__IVB_BS30_A1S1_I_coil_+-0.3mA_fine_284mK_191103__IVB__T_1p40K[-0.000265500],1,down,5000,0.9997999599919984
D4.2__Fig 2__SQUID_data__IVB_BS30_A1S1_I_coil_+-0.3mA_fine_284mK_191103__IVB__T_1p40K[-0.000265500],2,up,2479,1.0
D4.2__Fig 2__SQUID_data__IVB_BS30_A1S1_I_coil_+-0.3mA_fine_284mK_191103__IVB__T_1p40K[-0.000266250],0,up,2520,0.999603017070266
D4.2__Fig 2__SQUID_data__IVB_BS30_A1S1_I_coil_+-0.3mA_fine_284mK_191103__IVB__T_1p40K[-0.000266250],1,down,5001,0.9996
D4.2__Fig 2__SQUID_data__IVB_BS30_A1S1_I_coil_+-0.3mA_fine_284mK_191103__IVB__T_1p40K[-0.000266250],2,up,2479,1.0
D4.2__Fig 2__SQUID_data__IVB_BS30_A1S1_I_coil_+-0.3mA_fine_284mK_191103__IVB__T_1p40K[-0.000267000],0,up,2521,0.9992063492063492
D4.2__Fig 2__SQUID_data__IVB_BS30_A1S1_I_coil_+-0.3mA_fine_284mK_191103__IVB__T_1p40K[-0.000267000],1,down,5000,0.9993998799759952
D4.2__Fig 2__SQUID_data__IVB_BS30_A1S1_I_coil_+-0.3mA_fine_284mK_191103__IVB__T_1p40K[-0.000267000],2,up,2479,1.0
D4.2__Fig 2__SQUID_data__IVB_BS30_A1S1_I_coil_+-0.3mA_fine_284mK_191103__IVB__T_1p40K[-0.000267750],0,up,2522,0.9992066640222134
D4.2__Fig 2__SQUID_data__IVB_BS30_A1S1_I_coil_+-0.3mA_fine_284mK_191103__IVB__T_1p40K[-0.000267750],1,down,4999,0.9997999199679872
D4.2__Fig 2__SQUID_data__IVB_BS30_A1S1_I_coil_+-0.3mA_fine_284mK_191103__IVB__T_1p40K[-0.000267750],2,up,2479,1.0
D4.2__Fig 2__SQUID_data__IVB_BS30_A1S1_I_coil_+-0.3mA_fine_284mK_191103__IVB__T_1p40K[-0.000268500],0,up,2521,0.9992063492063492
D4.2__Fig 2__SQUID_data__IVB_BS30_A1S1_I_coil_+-0.3mA_fine_284mK_191103__IVB__T_1p40K[-0.000268500],1,down,5000,0.9997999599919984
D4.2__Fig 2__SQUID_data__IVB_BS30_A1S1_I_coil_+-0.3mA_fine_284mK_191103__IVB__T_1p40K[-0.000268500],2,up,2479,1.0
D4.2__Fig 2__SQUID_data__IVB_BS30_A1S1_I_coil_+-0.3mA_fine_284mK_191103__IVB__T_1p40K[-0.000269250],0,up,2521,0.9988095238095238
D4.2__Fig 2__SQUID_data__IVB_BS30_A1S1_I_coil_+-0.3mA_fine_284mK_191103__IVB__T_1p40K[-0.000269250],1,down,5000,0.9993998799759952
D4.2__Fig 2__SQUID_data__IVB_BS30_A1S1_I_coil_+-0.3mA_fine_284mK_191103__IVB__T_1p40K[-0.000269250],2,up,2479,1.0
D4.2__Fig 2__SQUID_data__IVB_BS30_A1S1_I_coil_+-0.3mA_fine_284mK_191103__IVB__T_1p40K[-0.000270000],0,up,2521,0.9988095238095238
D4.2__Fig 2__SQUID_data__IVB_BS30_A1S1_I_coil_+-0.3mA_fine_284mK_191103__IVB__T_1p40K[-0.000270000],1,down,5000,0.9993998799759952
D4.2__Fig 2__SQUID_data__IVB_BS30_A1S1_I_coil_+-0.3mA_fine_284mK_191103__IVB__T_1p40K[-0.000270000],2,up,2479,1.0
D4.2__Fig 2__SQUID_data__IVB_BS30_A1S1_I_coil_+-0.3mA_fine_284mK_191103__IVB__T_1p40K[-0.000270750],0,up,2520,0.999206034140532
D4.2__Fig 2__SQUID_data__IVB_BS30_A1S1_I_coil_+-0.3mA_fine_284mK_191103__IVB__T_1p40K[-0.000270750],1,down,5001,0.9994
D4.2__Fig 2__SQUID_data__IVB_BS30_A1S1_I_coil_+-0.3mA_fine_284mK_191103__IVB__T_1p40K[-0.000270750],2,up,2479,1.0
D4.2__Fig 2__SQUID_data__IVB_BS30_A1S1_I_coil_+-0.3mA_fine_284mK_191103__IVB__T_1p40K[-0.000271500],0,up,2521,0.9992063492063492
D4.2__Fig 2__SQUID_data__IVB_BS30_A1S1_I_coil_+-0.3mA_fine_284mK_191103__IVB__T_1p40K[-0.000271500],1,down,5000,0.9997999599919984
D4.2__Fig 2__SQUID_data__IVB_BS30_A1S1_I_coil_+-0.3mA_fine_284mK_191103__IVB__T_1p40K[-0.000271500],2,up,2479,1.0
D4.2__Fig 2__SQUID_data__IVB_BS30_A1S1_I_coil_+-0.3mA_fine_284mK_191103__IVB__T_1p40K[-0.000272250],0,up,2520,0.999206034140532
D4.2__Fig 2__SQUID_data__IVB_BS30_A1S1_I_coil_+-0.3mA_fine_284mK_191103__IVB__T_1p40K[-0.000272250],1,down,5001,0.9994
D4.2__Fig 2__SQUID_data__IVB_BS30_A1S1_I_coil_+-0.3mA_fine_284mK_191103__IVB__T_1p40K[-0.000272250],2,up,2479,1.0
D4.2__Fig 2__SQUID_data__IVB_BS30_A1S1_I_coil_+-0.3mA_fine_284mK_191103__IVB__T_1p40K[-0.000273000],0,up,2521,0.9988095238095238
D4.2__Fig 2__SQUID_data__IVB_BS30_A1S1_I_coil_+-0.3mA_fine_284mK_191103__IVB__T_1p40K[-0.000273000],1,down,5000,0.9995999199839968
D4.2__Fig 2__SQUID_data__IVB_BS30_A1S1_I_coil_+-0.3mA_fine_284mK_191103__IVB__T_1p40K[-0.000273000],2,up,2479,1.0
D4.2__Fig 2__SQUID_data__IVB_BS30_A1S1_I_coil_+-0.3mA_fine_284mK_191103__IVB__T_1p40K[-0.000273750],0,up,2521,0.9992063492063492
D4.2__Fig 2__SQUID_data__IVB_BS30_A1S1_I_coil_+-0.3mA_fine_284mK_191103__IVB__T_1p40K[-0.000273750],1,down,5000,0.9997999599919984
D4.2__Fig 2__SQUID_data__IVB_BS30_A1S1_I_coil_+-0.3mA_fine_284mK_191103__IVB__T_1p40K[-0.000273750],2,up,2479,1.0
D4.2__Fig 2__SQUID_data__IVB_BS30_A1S1_I_coil_+-0.3mA_fine_284mK_191103__IVB__T_1p40K[-0.000274500],0,up,2521,0.9992063492063492
D4.2__Fig 2__SQUID_data__IVB_BS30_A1S1_I_coil_+-0.3mA_fine_284mK_191103__IVB__T_1p40K[-0.000274500],1,down,5001,0.9994
D4.2__Fig 2__SQUID_data__IVB_BS30_A1S1_I_coil_+-0.3mA_fine_284mK_191103__IVB__T_1p40K[-0.000274500],2,up,2478,1.0
D4.2__Fig 2__SQUID_data__IVB_BS30_A1S1_I_coil_+-0.3mA_fine_284mK_191103__IVB__T_1p40K[-0.000275250],0,up,2521,0.9992063492063492
D4.2__Fig 2__SQUID_data__IVB_BS30_A1S1_I_coil_+-0.3mA_fine_284mK_191103__IVB__T_1p40K[-0.000275250],1,down,5000,0.9995999199839968
D4.2__Fig 2__SQUID_data__IVB_BS30_A1S1_I_coil_+-0.3mA_fine_284mK_191103__IVB__T_1p40K[-0.000275250],2,up,2479,1.0
D4.2__Fig 2__SQUID_data__IVB_BS30_A1S1_I_coil_+-0.3mA_fine_284mK_191103__IVB__T_1p40K[-0.000276000],0,up,2521,0.9992063492063492
D4.2__Fig 2__SQUID_data__IVB_BS30_A1S1_I_coil_+-0.3mA_fine_284mK_191103__IVB__T_1p40K[-0.000276000],1,down,5001,0.9996
D4.2__Fig 2__SQUID_data__IVB_BS30_A1S1_I_coil_+-0.3mA_fine_284mK_191103__IVB__T_1p40K[-0.000276000],2,up,2478,1.0
D4.2__Fig 2__SQUID_data__IVB_BS30_A1S1_I_coil_+-0.3mA_fine_284mK_191103__IVB__T_1p40K[-0.000276750],0,up,2521,0.9988095238095238
D4.2__Fig 2__SQUID_data__IVB_BS30_A1S1_I_coil_+-0.3mA_fine_284mK_191103__IVB__T_1p40K[-0.000276750],1,down,5000,0.9997999599919984
D4.2__Fig 2__SQUID_data__IVB_BS30_A1S1_I_coil_+-0.3mA_fine_284mK_191103__IVB__T_1p40K[-0.000276750],2,up,2479,1.0
D4.2__Fig 2__SQUID_data__IVB_BS30_A1S1_I_coil_+-0.3mA_fine_284mK_191103__IVB__T_1p40K[-0.000277500],0,up,2521,0.9992063492063492
D4.2__Fig 2__SQUID_data__IVB_BS30_A1S1_I_coil_+-0.3mA_fine_284mK_191103__IVB__T_1p40K[-0.000277500],1,down,5001,0.9994
D4.2__Fig 2__SQUID_data__IVB_BS30_A1S1_I_coil_+-0.3mA_fine_284mK_191103__IVB__T_1p40K[-0.000277500],2,up,2478,1.0
D4.2__Fig 2__SQUID_data__IVB_BS30_A1S1_I_coil_+-0.3mA_fine_284mK_191103__IVB__T_1p40K[-0.000278250],0,up,2520,0.999603017070266
D4.2__Fig 2__SQUID_data__IVB_BS30_A1S1_I_coil_+-0.3mA_fine_284mK_191103__IVB__T_1p40K[-0.000278250],1,down,5001,0.9994
D4.2__Fig 2__SQUID_data__IVB_BS30_A1S1_I_coil_+-0.3mA_fine_284mK_191103__IVB__T_1p40K[-0.000278250],2,up,2479,1.0
D4.2__Fig 2__SQUID_data__IVB_BS30_A1S1_I_coil_+-0.3mA_fine_284mK_191103__IVB__T_1p40K[-0.000279000],0,up,2521,0.9992063492063492
D4.2__Fig 2__SQUID_data__IVB_BS30_A1S1_I_coil_+-0.3mA_fine_284mK_191103__IVB__T_1p40K[-0.000279000],1,down,5001,0.9994
D4.2__Fig 2__SQUID_data__IVB_BS30_A1S1_I_coil_+-0.3mA_fine_284mK_191103__IVB__T_1p40K[-0.000279000],2,up,2478,1.0
D4.2__Fig 2__SQUID_data__IVB_BS30_A1S1_I_coil_+-0.3mA_fine_284mK_191103__IVB__T_1p40K[-0.000279750],0,up,2521,0.9992063492063492
D4.2__Fig 2__SQUID_data__IVB_BS30_A1S1_I_coil_+-0.3mA_fine_284mK_191103__IVB__T_1p40K[-0.000279750],1,down,5000,0.9997999599919984
D4.2__Fig 2__SQUID_data__IVB_BS30_A1S1_I_coil_+-0.3mA_fine_284mK_191103__IVB__T_1p40K[-0.000279750],2,up,2479,1.0
D4.2__Fig 2__SQUID_data__IVB_BS30_A1S1_I_coil_+-0.3mA_fine_284mK_191103__IVB__T_1p40K[-0.000280500],0,up,2521,0.9992063492063492
D4.2__Fig 2__SQUID_data__IVB_BS30_A1S1_I_coil_+-0.3mA_fine_284mK_191103__IVB__T_1p40K[-0.000280500],1,down,5000,0.9995999199839968
D4.2__Fig 2__SQUID_data__IVB_BS30_A1S1_I_coil_+-0.3mA_fine_284mK_191103__IVB__T_1p40K[-0.000280500],2,up,2479,1.0
D4.2__Fig 2__SQUID_data__IVB_BS30_A1S1_I_coil_+-0.3mA_fine_284mK_191103__IVB__T_1p40K[-0.000281250],0,up,2520,0.999603017070266
D4.2__Fig 2__SQUID_data__IVB_BS30_A1S1_I_coil_+-0.3mA_fine_284mK_191103__IVB__T_1p40K[-0.000281250],1,down,5001,0.9996
D4.2__Fig 2__SQUID_data__IVB_BS30_A1S1_I_coil_+-0.3mA_fine_284mK_191103__IVB__T_1p40K[-0.000281250],2,up,2479,1.0
D4.2__Fig 2__SQUID_data__IVB_BS30_A1S1_I_coil_+-0.3mA_fine_284mK_191103__IVB__T_1p40K[-0.000282000],0,up,2521,0.9992063492063492
D4.2__Fig 2__SQUID_data__IVB_BS30_A1S1_I_coil_+-0.3mA_fine_284mK_191103__IVB__T_1p40K[-0.000282000],1,down,5000,0.9995999199839968
D4.2__Fig 2__SQUID_data__IVB_BS30_A1S1_I_coil_+-0.3mA_fine_284mK_191103__IVB__T_1p40K[-0.000282000],2,up,2479,1.0
D4.2__Fig 2__SQUID_data__IVB_BS30_A1S1_I_coil_+-0.3mA_fine_284mK_191103__IVB__T_1p40K[-0.000282750],0,up,2520,0.999603017070266
D4.2__Fig 2__SQUID_data__IVB_BS30_A1S1_I_coil_+-0.3mA_fine_284mK_191103__IVB__T_1p40K[-0.000282750],1,down,5001,0.9996
D4.2__Fig 2__SQUID_data__IVB_BS30_A1S1_I_coil_+-0.3mA_fine_284mK_191103__IVB__T_1p40K[-0.000282750],2,up,2479,1.0
D4.2__Fig 2__SQUID_data__IVB_BS30_A1S1_I_coil_+-0.3mA_fine_284mK_191103__IVB__T_1p40K[-0.000283500],0,up,2521,0.9992063492063492
D4.2__Fig 2__SQUID_data__IVB_BS30_A1S1_I_coil_+-0.3mA_fine_284mK_191103__IVB__T_1p40K[-0.000283500],1,down,5001,0.9994
D4.2__Fig 2__SQUID_data__IVB_BS30_A1S1_I_coil_+-0.3mA_fine_284mK_191103__IVB__T_1p40K[-0.000283500],2,up,2478,1.0
D4.2__Fig 2__SQUID_data__IVB_BS30_A1S1_I_coil_+-0.3mA_fine_284mK_191103__IVB__T_1p40K[-0.000284250],0,up,2521,0.9992063492063492
D4.2__Fig 2__SQUID_data__IVB_BS30_A1S1_I_coil_+-0.3mA_fine_284mK_191103__IVB__T_1p40K[-0.000284250],1,down,5000,0.9995999199839968
D4.2__Fig 2__SQUID_data__IVB_BS30_A1S1_I_coil_+-0.3mA_fine_284mK_191103__IVB__T_1p40K[-0.000284250],2,up,2479,1.0
D4.2__Fig 2__SQUID_data__IVB_BS30_A1S1_I_coil_+-0.3mA_fine_284mK_191103__IVB__T_1p40K[-0.000285000],0,up,2521,0.9992063492063492
D4.2__Fig 2__SQUID_data__IVB_BS30_A1S1_I_coil_+-0.3mA_fine_284mK_191103__IVB__T_1p40K[-0.000285000],1,down,5000,0.9995999199839968
D4.2__Fig 2__SQUID_data__IVB_BS30_A1S1_I_coil_+-0.3mA_fine_284mK_191103__IVB__T_1p40K[-0.000285000],2,up,2479,1.0
D4.2__Fig 2__SQUID_data__IVB_BS30_A1S1_I_coil_+-0.3mA_fine_284mK_191103__IVB__T_1p40K[-0.000285750],0,up,2521,0.9992063492063492
D4.2__Fig 2__SQUID_data__IVB_BS30_A1S1_I_coil_+-0.3mA_fine_284mK_191103__IVB__T_1p40K[-0.000285750],1,down,5000,0.9997999599919984
D4.2__Fig 2__SQUID_data__IVB_BS30_A1S1_I_coil_+-0.3mA_fine_284mK_191103__IVB__T_1p40K[-0.000285750],2,up,2479,1.0
D4.2__Fig 2__SQUID_data__IVB_BS30_A1S1_I_coil_+-0.3mA_fine_284mK_191103__IVB__T_1p40K[-0.000286500],0,up,2521,0.9988095238095238
D4.2__Fig 2__SQUID_data__IVB_BS30_A1S1_I_coil_+-0.3mA_fine_284mK_191103__IVB__T_1p40K[-0.000286500],1,down,5000,0.9993998799759952
D4.2__Fig 2__SQUID_data__IVB_BS30_A1S1_I_coil_+-0.3mA_fine_284mK_191103__IVB__T_1p40K[-0.000286500],2,up,2479,1.0
D4.2__Fig 2__SQUID_data__IVB_BS30_A1S1_I_coil_+-0.3mA_fine_284mK_191103__IVB__T_1p40K[-0.000287250],0,up,2521,0.9992063492063492
D4.2__Fig 2__SQUID_data__IVB_BS30_A1S1_I_coil_+-0.3mA_fine_284mK_191103__IVB__T_1p40K[-0.000287250],1,down,5000,0.9997999599919984
D4.2__Fig 2__SQUID_data__IVB_BS30_A1S1_I_coil_+-0.3mA_fine_284mK_191103__IVB__T_1p40K[-0.000287250],2,up,2479,1.0
D4.2__Fig 2__SQUID_data__IVB_BS30_A1S1_I_coil_+-0.3mA_fine_284mK_191103__IVB__T_1p40K[-0.000288000],0,up,2521,0.9996031746031746
D4.2__Fig 2__SQUID_data__IVB_BS30_A1S1_I_coil_+-0.3mA_fine_284mK_191103__IVB__T_1p40K[-0.000288000],1,down,5001,0.9992
D4.2__Fig 2__SQUID_data__IVB_BS30_A1S1_I_coil_+-0.3mA_fine_284mK_191103__IVB__T_1p40K[-0.000288000],2,up,2478,1.0
D4.2__Fig 2__SQUID_data__IVB_BS30_A1S1_I_coil_+-0.3mA_fine_284mK_191103__IVB__T_1p40K[-0.000288750],0,up,2521,0.9992063492063492
D4.2__Fig 2__SQUID_data__IVB_BS30_A1S1_I_coil_+-0.3mA_fine_284mK_191103__IVB__T_1p40K[-0.000288750],1,down,5000,0.9993998799759952
D4.2__Fig 2__SQUID_data__IVB_BS30_A1S1_I_coil_+-0.3mA_fine_284mK_191103__IVB__T_1p40K[-0.000288750],2,up,2479,1.0
D4.2__Fig 2__SQUID_data__IVB_BS30_A1S1_I_coil_+-0.3mA_fine_284mK_191103__IVB__T_1p40K[-0.000289500],0,up,2521,0.9988095238095238
D4.2__Fig 2__SQUID_data__IVB_BS30_A1S1_I_coil_+-0.3mA_fine_284mK_191103__IVB__T_1p40K[-0.000289500],1,down,5000,0.9995999199839968
D4.2__Fig 2__SQUID_data__IVB_BS30_A1S1_I_coil_+-0.3mA_fine_284mK_191103__IVB__T_1p40K[-0.000289500],2,up,2479,1.0
D4.2__Fig 2__SQUID_data__IVB_BS30_A1S1_I_coil_+-0.3mA_fine_284mK_191103__IVB__T_1p40K[-0.000290250],0,up,2521,0.9992063492063492
D4.2__Fig 2__SQUID_data__IVB_BS30_A1S1_I_coil_+-0.3mA_fine_284mK_191103__IVB__T_1p40K[-0.000290250],1,down,5001,0.9996
D4.2__Fig 2__SQUID_data__IVB_BS30_A1S1_I_coil_+-0.3mA_fine_284mK_191103__IVB__T_1p40K[-0.000290250],2,up,2478,1.0
D4.2__Fig 2__SQUID_data__IVB_BS30_A1S1_I_coil_+-0.3mA_fine_284mK_191103__IVB__T_1p40K[-0.000291000],0,up,2521,0.9992063492063492
D4.2__Fig 2__SQUID_data__IVB_BS30_A1S1_I_coil_+-0.3mA_fine_284mK_191103__IVB__T_1p40K[-0.000291000],1,down,5000,0.9995999199839968
D4.2__Fig 2__SQUID_data__IVB_BS30_A1S1_I_coil_+-0.3mA_fine_284mK_191103__IVB__T_1p40K[-0.000291000],2,up,2479,1.0
D4.2__Fig 2__SQUID_data__IVB_BS30_A1S1_I_coil_+-0.3mA_fine_284mK_191103__IVB__T_1p40K[-0.000291750],0,up,2521,0.9992063492063492
D4.2__Fig 2__SQUID_data__IVB_BS30_A1S1_I_coil_+-0.3mA_fine_284mK_191103__IVB__T_1p40K[-0.000291750],1,down,5000,0.9997999599919984
D4.2__Fig 2__SQUID_data__IVB_BS30_A1S1_I_coil_+-0.3mA_fine_284mK_191103__IVB__T_1p40K[-0.000291750],2,up,2479,1.0
D4.2__Fig 2__SQUID_data__IVB_BS30_A1S1_I_coil_+-0.3mA_fine_284mK_191103__IVB__T_1p40K[-0.000292500],0,up,2521,0.9996031746031746
D4.2__Fig 2__SQUID_data__IVB_BS30_A1S1_I_coil_+-0.3mA_fine_284mK_191103__IVB__T_1p40K[-0.000292500],1,down,5000,0.9997999599919984
D4.2__Fig 2__SQUID_data__IVB_BS30_A1S1_I_coil_+-0.3mA_fine_284mK_191103__IVB__T_1p40K[-0.000292500],2,up,2479,1.0
D4.2__Fig 2__SQUID_data__IVB_BS30_A1S1_I_coil_+-0.3mA_fine_284mK_191103__IVB__T_1p40K[-0.000293250],0,up,2521,0.9992063492063492
D4.2__Fig 2__SQUID_data__IVB_BS30_A1S1_I_coil_+-0.3mA_fine_284mK_191103__IVB__T_1p40K[-0.000293250],1,down,5000,0.9997999599919984
D4.2__Fig 2__SQUID_data__IVB_BS30_A1S1_I_coil_+-0.3mA_fine_284mK_191103__IVB__T_1p40K[-0.000293250],2,up,2479,1.0
D4.2__Fig 2__SQUID_data__IVB_BS30_A1S1_I_coil_+-0.3mA_fine_284mK_191103__IVB__T_1p40K[-0.000294000],0,up,2520,0.999206034140532
D4.2__Fig 2__SQUID_data__IVB_BS30_A1S1_I_coil_+-0.3mA_fine_284mK_191103__IVB__T_1p40K[-0.000294000],1,down,5001,0.9996
D4.2__Fig 2__SQUID_data__IVB_BS30_A1S1_I_coil_+-0.3mA_fine_284mK_191103__IVB__T_1p40K[-0.000294000],2,up,2479,1.0
D4.2__Fig 2__SQUID_data__IVB_BS30_A1S1_I_coil_+-0.3mA_fine_284mK_191103__IVB__T_1p40K[-0.000294750],0,up,2521,0.9992063492063492
D4.2__Fig 2__SQUID_data__IVB_BS30_A1S1_I_coil_+-0.3mA_fine_284mK_191103__IVB__T_1p40K[-0.000294750],1,down,5000,0.9997999599919984
D4.2__Fig 2__SQUID_data__IVB_BS30_A1S1_I_coil_+-0.3mA_fine_284mK_191103__IVB__T_1p40K[-0.000294750],2,up,2479,1.0
D4.2__Fig 2__SQUID_data__IVB_BS30_A1S1_I_coil_+-0.3mA_fine_284mK_191103__IVB__T_1p40K[-0.000295500],0,up,2521,0.9992063492063492
D4.2__Fig 2__SQUID_data__IVB_BS30_A1S1_I_coil_+-0.3mA_fine_284mK_191103__IVB__T_1p40K[-0.000295500],1,down,5000,0.9993998799759952
D4.2__Fig 2__SQUID_data__IVB_BS30_A1S1_I_coil_+-0.3mA_fine_284mK_191103__IVB__T_1p40K[-0.000295500],2,up,2479,1.0
D4.2__Fig 2__SQUID_data__IVB_BS30_A1S1_I_coil_+-0.3mA_fine_284mK_191103__IVB__T_1p40K[-0.000296250],0,up,2521,0.9992063492063492
D4.2__Fig 2__SQUID_data__IVB_BS30_A1S1_I_coil_+-0.3mA_fine_284mK_191103__IVB__T_1p40K[-0.000296250],1,down,5000,0.9995999199839968
D4.2__Fig 2__SQUID_data__IVB_BS30_A1S1_I_coil_+-0.3mA_fine_284mK_191103__IVB__T_1p40K[-0.000296250],2,up,2479,1.0
D4.2__Fig 2__SQUID_data__IVB_BS30_A1S1_I_coil_+-0.3mA_fine_284mK_191103__IVB__T_1p40K[-0.000297000],0,up,2521,0.9992063492063492
D4.2__Fig 2__SQUID_data__IVB_BS30_A1S1_I_coil_+-0.3mA_fine_284mK_191103__IVB__T_1p40K[-0.000297000],1,down,5000,0.9995999199839968
D4.2__Fig 2__SQUID_data__IVB_BS30_A1S1_I_coil_+-0.3mA_fine_284mK_191103__IVB__T_1p40K[-0.000297000],2,up,2479,1.0
D4.2__Fig 2__SQUID_data__IVB_BS30_A1S1_I_coil_+-0.3mA_fine_284mK_191103__IVB__T_1p40K[-0.000297750],0,up,2521,0.9988095238095238
D4.2__Fig 2__SQUID_data__IVB_BS30_A1S1_I_coil_+-0.3mA_fine_284mK_191103__IVB__T_1p40K[-0.000297750],1,down,5000,0.9995999199839968
D4.2__Fig 2__SQUID_data__IVB_BS30_A1S1_I_coil_+-0.3mA_fine_284mK_191103__IVB__T_1p40K[-0.000297750],2,up,2479,1.0
D4.2__Fig 2__SQUID_data__IVB_BS30_A1S1_I_coil_+-0.3mA_fine_284mK_191103__IVB__T_1p40K[-0.000298500],0,up,2521,0.9996031746031746
D4.2__Fig 2__SQUID_data__IVB_BS30_A1S1_I_coil_+-0.3mA_fine_284mK_191103__IVB__T_1p40K[-0.000298500],1,down,5001,0.9996
D4.2__Fig 2__SQUID_data__IVB_BS30_A1S1_I_coil_+-0.3mA_fine_284mK_191103__IVB__T_1p40K[-0.000298500],2,up,2478,1.0
D4.2__Fig 2__SQUID_data__IVB_BS30_A1S1_I_coil_+-0.3mA_fine_284mK_191103__IVB__T_1p40K[-0.000299250],0,up,2521,0.9988095238095238
D4.2__Fig 2__SQUID_data__IVB_BS30_A1S1_I_coil_+-0.3mA_fine_284mK_191103__IVB__T_1p40K[-0.000299250],1,down,5000,0.9995999199839968
D4.2__Fig 2__SQUID_data__IVB_BS30_A1S1_I_coil_+-0.3mA_fine_284mK_191103__IVB__T_1p40K[-0.000299250],2,up,2479,1.0
D4.2__Fig 2__SQUID_data__IVB_BS30_A1S1_I_coil_+-0.3mA_fine_284mK_191103__IVB__T_1p40K[-0.000300000],0,up,2521,0.9992063492063492
D4.2__Fig 2__SQUID_data__IVB_BS30_A1S1_I_coil_+-0.3mA_fine_284mK_191103__IVB__T_1p40K[-0.000300000],1,down,5000,0.9993998799759952
D4.2__Fig 2__SQUID_data__IVB_BS30_A1S1_I_coil_+-0.3mA_fine_284mK_191103__IVB__T_1p40K[-0.000300000],2,up,2479,1.0
D4.2__Fig 2__SQUID_data__IVB_BS30_A1S1_I_coil_+-0.3mA_fine_284mK_191103__IVB__T_1p40K[0.000000000],0,up,2520,0.999603017070266
D4.2__Fig 2__SQUID_data__IVB_BS30_A1S1_I_coil_+-0.3mA_fine_284mK_191103__IVB__T_1p40K[0.000000000],1,down,5001,0.9996
D4.2__Fig 2__SQUID_data__IVB_BS30_A1S1_I_coil_+-0.3mA_fine_284mK_191103__IVB__T_1p40K[0.000000000],2,up,2479,1.0
D4.2__Fig 2__SQUID_data__IVB_BS30_A1S1_I_coil_+-0.3mA_fine_284mK_191103__IVB__T_1p40K[0.000000750],0,up,2521,0.9996031746031746
D4.2__Fig 2__SQUID_data__IVB_BS30_A1S1_I_coil_+-0.3mA_fine_284mK_191103__IVB__T_1p40K[0.000000750],1,down,5001,0.9994
D4.2__Fig 2__SQUID_data__IVB_BS30_A1S1_I_coil_+-0.3mA_fine_284mK_191103__IVB__T_1p40K[0.000000750],2,up,2478,1.0
D4.2__Fig 2__SQUID_data__IVB_BS30_A1S1_I_coil_+-0.3mA_fine_284mK_191103__IVB__T_1p40K[0.000001500],0,up,2520,0.999603017070266
D4.2__Fig 2__SQUID_data__IVB_BS30_A1S1_I_coil_+-0.3mA_fine_284mK_191103__IVB__T_1p40K[0.000001500],1,down,5001,0.9994
D4.2__Fig 2__SQUID_data__IVB_BS30_A1S1_I_coil_+-0.3mA_fine_284mK_191103__IVB__T_1p40K[0.000001500],2,up,2479,1.0
D4.2__Fig 2__SQUID_data__IVB_BS30_A1S1_I_coil_+-0.3mA_fine_284mK_191103__IVB__T_1p40K[0.000002250],0,up,2520,0.999603017070266
D4.2__Fig 2__SQUID_data__IVB_BS30_A1S1_I_coil_+-0.3mA_fine_284mK_191103__IVB__T_1p40K[0.000002250],1,down,5002,0.999000199960008
D4.2__Fig 2__SQUID_data__IVB_BS30_A1S1_I_coil_+-0.3mA_fine_284mK_191103__IVB__T_1p40K[0.000002250],2,up,2478,1.0
D4.2__Fig 2__SQUID_data__IVB_BS30_A1S1_I_coil_+-0.3mA_fine_284mK_191103__IVB__T_1p40K[0.000003000],0,up,2521,0.9992063492063492
D4.2__Fig 2__SQUID_data__IVB_BS30_A1S1_I_coil_+-0.3mA_fine_284mK_191103__IVB__T_1p40K[0.000003000],1,down,5000,0.9995999199839968
D4.2__Fig 2__SQUID_data__IVB_BS30_A1S1_I_coil_+-0.3mA_fine_284mK_191103__IVB__T_1p40K[0.000003000],2,up,2479,1.0
D4.2__Fig 2__SQUID_data__IVB_BS30_A1S1_I_coil_+-0.3mA_fine_284mK_191103__IVB__T_1p40K[0.000003750],0,up,2521,0.9992063492063492
D4.2__Fig 2__SQUID_data__IVB_BS30_A1S1_I_coil_+-0.3mA_fine_284mK_191103__IVB__T_1p40K[0.000003750],1,down,5000,0.9997999599919984
D4.2__Fig 2__SQUID_data__IVB_BS30_A1S1_I_coil_+-0.3mA_fine_284mK_191103__IVB__T_1p40K[0.000003750],2,up,2479,1.0
D4.2__Fig 2__SQUID_data__IVB_BS30_A1S1_I_coil_+-0.3mA_fine_284mK_191103__IVB__T_1p40K[0.000004500],0,up,2521,0.9988095238095238
D4.2__Fig 2__SQUID_data__IVB_BS30_A1S1_I_coil_+-0.3mA_fine_284mK_191103__IVB__T_1p40K[0.000004500],1,down,5000,0.9997999599919984
D4.2__Fig 2__SQUID_data__IVB_BS30_A1S1_I_coil_+-0.3mA_fine_284mK_191103__IVB__T_1p40K[0.000004500],2,up,2479,1.0
D4.2__Fig 2__SQUID_data__IVB_BS30_A1S1_I_coil_+-0.3mA_fine_284mK_191103__IVB__T_1p40K[0.000005250],0,up,2521,0.9992063492063492
D4.2__Fig 2__SQUID_data__IVB_BS30_A1S1_I_coil_+-0.3mA_fine_284mK_191103__IVB__T_1p40K[0.000005250],1,down,5000,0.9995999199839968
D4.2__Fig 2__SQUID_data__IVB_BS30_A1S1_I_coil_+-0.3mA_fine_284mK_191103__IVB__T_1p40K[0.000005250],2,up,2479,1.0
D4.2__Fig 2__SQUID_data__IVB_BS30_A1S1_I_coil_+-0.3mA_fine_284mK_191103__IVB__T_1p40K[0.000006000],0,up,2521,0.9988095238095238
D4.2__Fig 2__SQUID_data__IVB_BS30_A1S1_I_coil_+-0.3mA_fine_284mK_191103__IVB__T_1p40K[0.000006000],1,down,5000,0.9997999599919984
D4.2__Fig 2__SQUID_data__IVB_BS30_A1S1_I_coil_+-0.3mA_fine_284mK_191103__IVB__T_1p40K[0.000006000],2,up,2479,1.0
D4.2__Fig 2__SQUID_data__IVB_BS30_A1S1_I_coil_+-0.3mA_fine_284mK_191103__IVB__T_1p40K[0.000006750],0,up,2521,0.9988095238095238
D4.2__Fig 2__SQUID_data__IVB_BS30_A1S1_I_coil_+-0.3mA_fine_284mK_191103__IVB__T_1p40K[0.000006750],1,down,5000,0.9997999599919984
D4.2__Fig 2__SQUID_data__IVB_BS30_A1S1_I_coil_+-0.3mA_fine_284mK_191103__IVB__T_1p40K[0.000006750],2,up,2479,1.0
D4.2__Fig 2__SQUID_data__IVB_BS30_A1S1_I_coil_+-0.3mA_fine_284mK_191103__IVB__T_1p40K[0.000007500],0,up,2521,0.9988095238095238
D4.2__Fig 2__SQUID_data__IVB_BS30_A1S1_I_coil_+-0.3mA_fine_284mK_191103__IVB__T_1p40K[0.000007500],1,down,5000,0.9995999199839968
D4.2__Fig 2__SQUID_data__IVB_BS30_A1S1_I_coil_+-0.3mA_fine_284mK_191103__IVB__T_1p40K[0.000007500],2,up,2479,1.0
D4.2__Fig 2__SQUID_data__IVB_BS30_A1S1_I_coil_+-0.3mA_fine_284mK_191103__IVB__T_1p40K[0.000008250],0,up,2521,0.9992063492063492
D4.2__Fig 2__SQUID_data__IVB_BS30_A1S1_I_coil_+-0.3mA_fine_284mK_191103__IVB__T_1p40K[0.000008250],1,down,5000,0.9997999599919984
D4.2__Fig 2__SQUID_data__IVB_BS30_A1S1_I_coil_+-0.3mA_fine_284mK_191103__IVB__T_1p40K[0.000008250],2,up,2479,1.0
D4.2__Fig 2__SQUID_data__IVB_BS30_A1S1_I_coil_+-0.3mA_fine_284mK_191103__IVB__T_1p40K[0.000009000],0,up,2521,0.9988095238095238
D4.2__Fig 2__SQUID_data__IVB_BS30_A1S1_I_coil_+-0.3mA_fine_284mK_191103__IVB__T_1p40K[0.000009000],1,down,5000,0.9993998799759952
D4.2__Fig 2__SQUID_data__IVB_BS30_A1S1_I_coil_+-0.3mA_fine_284mK_191103__IVB__T_1p40K[0.000009000],2,up,2479,1.0
D4.2__Fig 2__SQUID_data__IVB_BS30_A1S1_I_coil_+-0.3mA_fine_284mK_191103__IVB__T_1p40K[0.000009750],0,up,2521,0.9988095238095238
D4.2__Fig 2__SQUID_data__IVB_BS30_A1S1_I_coil_+-0.3mA_fine_284mK_191103__IVB__T_1p40K[0.000009750],1,down,5000,0.9993998799759952
D4.2__Fig 2__SQUID_data__IVB_BS30_A1S1_I_coil_+-0.3mA_fine_284mK_191103__IVB__T_1p40K[0.000009750],2,up,2479,1.0
D4.2__Fig 2__SQUID_data__IVB_BS30_A1S1_I_coil_+-0.3mA_fine_284mK_191103__IVB__T_1p40K[0.000010500],0,up,2521,0.9996031746031746
D4.2__Fig 2__SQUID_data__IVB_BS30_A1S1_I_coil_+-0.3mA_fine_284mK_191103__IVB__T_1p40K[0.000010500],1,down,5000,0.9995999199839968
D4.2__Fig 2__SQUID_data__IVB_BS30_A1S1_I_coil_+-0.3mA_fine_284mK_191103__IVB__T_1p40K[0.000010500],2,up,2479,0.9995964487489911
D4.2__Fig 2__SQUID_data__IVB_BS30_A1S1_I_coil_+-0.3mA_fine_284mK_191103__IVB__T_1p40K[0.000011250],0,up,2520,0.999603017070266
D4.2__Fig 2__SQUID_data__IVB_BS30_A1S1_I_coil_+-0.3mA_fine_284mK_191103__IVB__T_1p40K[0.000011250],1,down,5001,0.9996
D4.2__Fig 2__SQUID_data__IVB_BS30_A1S1_I_coil_+-0.3mA_fine_284mK_191103__IVB__T_1p40K[0.000011250],2,up,2479,1.0
D4.2__Fig 2__SQUID_data__IVB_BS30_A1S1_I_coil_+-0.3mA_fine_284mK_191103__IVB__T_1p40K[0.000012000],0,up,2521,0.9992063492063492
D4.2__Fig 2__SQUID_data__IVB_BS30_A1S1_I_coil_+-0.3mA_fine_284mK_191103__IVB__T_1p40K[0.000012000],1,down,5000,0.9995999199839968
D4.2__Fig 2__SQUID_data__IVB_BS30_A1S1_I_coil_+-0.3mA_fine_284mK_191103__IVB__T_1p40K[0.000012000],2,up,2479,1.0
D4.2__Fig 2__SQUID_data__IVB_BS30_A1S1_I_coil_+-0.3mA_fine_284mK_191103__IVB__T_1p40K[0.000012750],0,up,2521,0.9992063492063492
D4.2__Fig 2__SQUID_data__IVB_BS30_A1S1_I_coil_+-0.3mA_fine_284mK_191103__IVB__T_1p40K[0.000012750],1,down,5000,0.9995999199839968
D4.2__Fig 2__SQUID_data__IVB_BS30_A1S1_I_coil_+-0.3mA_fine_284mK_191103__IVB__T_1p40K[0.000012750],2,up,2479,1.0
D4.2__Fig 2__SQUID_data__IVB_BS30_A1S1_I_coil_+-0.3mA_fine_284mK_191103__IVB__T_1p40K[0.000013500],0,up,2521,0.9996031746031746
D4.2__Fig 2__SQUID_data__IVB_BS30_A1S1_I_coil_+-0.3mA_fine_284mK_191103__IVB__T_1p40K[0.000013500],1,down,5000,0.9995999199839968
D4.2__Fig 2__SQUID_data__IVB_BS30_A1S1_I_coil_+-0.3mA_fine_284mK_191103__IVB__T_1p40K[0.000013500],2,up,2479,1.0
D4.2__Fig 2__SQUID_data__IVB_BS30_A1S1_I_coil_+-0.3mA_fine_284mK_191103__IVB__T_1p40K[0.000014250],0,up,2521,0.9992063492063492
D4.2__Fig 2__SQUID_data__IVB_BS30_A1S1_I_coil_+-0.3mA_fine_284mK_191103__IVB__T_1p40K[0.000014250],1,down,5001,0.9992
D4.2__Fig 2__SQUID_data__IVB_BS30_A1S1_I_coil_+-0.3mA_fine_284mK_191103__IVB__T_1p40K[0.000014250],2,up,2478,1.0
D4.2__Fig 2__SQUID_data__IVB_BS30_A1S1_I_coil_+-0.3mA_fine_284mK_191103__IVB__T_1p40K[0.000015000],0,up,2521,0.9988095238095238
D4.2__Fig 2__SQUID_data__IVB_BS30_A1S1_I_coil_+-0.3mA_fine_284mK_191103__IVB__T_1p40K[0.000015000],1,down,5000,0.9995999199839968
D4.2__Fig 2__SQUID_data__IVB_BS30_A1S1_I_coil_+-0.3mA_fine_284mK_191103__IVB__T_1p40K[0.000015000],2,up,2479,1.0
D4.2__Fig 2__SQUID_data__IVB_BS30_A1S1_I_coil_+-0.3mA_fine_284mK_191103__IVB__T_1p40K[0.000015750],0,up,2521,0.9992063492063492
D4.2__Fig 2__SQUID_data__IVB_BS30_A1S1_I_coil_+-0.3mA_fine_284mK_191103__IVB__T_1p40K[0.000015750],1,down,5000,0.9995999199839968
D4.2__Fig 2__SQUID_data__IVB_BS30_A1S1_I_coil_+-0.3mA_fine_284mK_191103__IVB__T_1p40K[0.000015750],2,up,2479,1.0
D4.2__Fig 2__SQUID_data__IVB_BS30_A1S1_I_coil_+-0.3mA_fine_284mK_191103__IVB__T_1p40K[0.000016500],0,up,2521,0.9992063492063492
D4.2__Fig 2__SQUID_data__IVB_BS30_A1S1_I_coil_+-0.3mA_fine_284mK_191103__IVB__T_1p40K[0.000016500],1,down,5001,0.9994
D4.2__Fig 2__SQUID_data__IVB_BS30_A1S1_I_coil_+-0.3mA_fine_284mK_191103__IVB__T_1p40K[0.000016500],2,up,2478,1.0
D4.2__Fig 2__SQUID_data__IVB_BS30_A1S1_I_coil_+-0.3mA_fine_284mK_191103__IVB__T_1p40K[0.000017250],0,up,2520,0.999603017070266
D4.2__Fig 2__SQUID_data__IVB_BS30_A1S1_I_coil_+-0.3mA_fine_284mK_191103__IVB__T_1p40K[0.000017250],1,down,5001,0.9994
D4.2__Fig 2__SQUID_data__IVB_BS30_A1S1_I_coil_+-0.3mA_fine_284mK_191103__IVB__T_1p40K[0.000017250],2,up,2479,1.0
D4.2__Fig 2__SQUID_data__IVB_BS30_A1S1_I_coil_+-0.3mA_fine_284mK_191103__IVB__T_1p40K[0.000018000],0,up,2521,0.9988095238095238
D4.2__Fig 2__SQUID_data__IVB_BS30_A1S1_I_coil_+-0.3mA_fine_284mK_191103__IVB__T_1p40K[0.000018000],1,down,5000,0.9997999599919984
D4.2__Fig 2__SQUID_data__IVB_BS30_A1S1_I_coil_+-0.3mA_fine_284mK_191103__IVB__T_1p40K[0.000018000],2,up,2479,1.0
D4.2__Fig 2__SQUID_data__IVB_BS30_A1S1_I_coil_+-0.3mA_fine_284mK_191103__IVB__T_1p40K[0.000018750],0,up,2521,0.9992063492063492
D4.2__Fig 2__SQUID_data__IVB_BS30_A1S1_I_coil_+-0.3mA_fine_284mK_191103__IVB__T_1p40K[0.000018750],1,down,5000,0.9995999199839968
D4.2__Fig 2__SQUID_data__IVB_BS30_A1S1_I_coil_+-0.3mA_fine_284mK_191103__IVB__T_1p40K[0.000018750],2,up,2479,1.0
D4.2__Fig 2__SQUID_data__IVB_BS30_A1S1_I_coil_+-0.3mA_fine_284mK_191103__IVB__T_1p40K[0.000019500],0,up,2520,0.999206034140532
D4.2__Fig 2__SQUID_data__IVB_BS30_A1S1_I_coil_+-0.3mA_fine_284mK_191103__IVB__T_1p40K[0.000019500],1,down,5001,0.9994
D4.2__Fig 2__SQUID_data__IVB_BS30_A1S1_I_coil_+-0.3mA_fine_284mK_191103__IVB__T_1p40K[0.000019500],2,up,2479,1.0
D4.2__Fig 2__SQUID_data__IVB_BS30_A1S1_I_coil_+-0.3mA_fine_284mK_191103__IVB__T_1p40K[0.000020250],0,up,2520,0.999206034140532
D4.2__Fig 2__SQUID_data__IVB_BS30_A1S1_I_coil_+-0.3mA_fine_284mK_191103__IVB__T_1p40K[0.000020250],1,down,5002,0.9996000799840032
D4.2__Fig 2__SQUID_data__IVB_BS30_A1S1_I_coil_+-0.3mA_fine_284mK_191103__IVB__T_1p40K[0.000020250],2,up,2478,1.0
D4.2__Fig 2__SQUID_data__IVB_BS30_A1S1_I_coil_+-0.3mA_fine_284mK_191103__IVB__T_1p40K[0.000021000],0,up,2521,0.9992063492063492
D4.2__Fig 2__SQUID_data__IVB_BS30_A1S1_I_coil_+-0.3mA_fine_284mK_191103__IVB__T_1p40K[0.000021000],1,down,5000,0.9995999199839968
D4.2__Fig 2__SQUID_data__IVB_BS30_A1S1_I_coil_+-0.3mA_fine_284mK_191103__IVB__T_1p40K[0.000021000],2,up,2479,1.0
D4.2__Fig 2__SQUID_data__IVB_BS30_A1S1_I_coil_+-0.3mA_fine_284mK_191103__IVB__T_1p40K[0.000021750],0,up,2521,0.9992063492063492
D4.2__Fig 2__SQUID_data__IVB_BS30_A1S1_I_coil_+-0.3mA_fine_284mK_191103__IVB__T_1p40K[0.000021750],1,down,5000,0.9995999199839968
D4.2__Fig 2__SQUID_data__IVB_BS30_A1S1_I_coil_+-0.3mA_fine_284mK_191103__IVB__T_1p40K[0.000021750],2,up,2479,1.0
D4.2__Fig 2__SQUID_data__IVB_BS30_A1S1_I_coil_+-0.3mA_fine_284mK_191103__IVB__T_1p40K[0.000022500],0,up,2521,0.9996031746031746
D4.2__Fig 2__SQUID_data__IVB_BS30_A1S1_I_coil_+-0.3mA_fine_284mK_191103__IVB__T_1p40K[0.000022500],1,down,5000,0.9995999199839968
D4.2__Fig 2__SQUID_data__IVB_BS30_A1S1_I_coil_+-0.3mA_fine_284mK_191103__IVB__T_1p40K[0.000022500],2,up,2479,1.0
D4.2__Fig 2__SQUID_data__IVB_BS30_A1S1_I_coil_+-0.3mA_fine_284mK_191103__IVB__T_1p40K[0.000023250],0,up,2521,0.9992063492063492
D4.2__Fig 2__SQUID_data__IVB_BS30_A1S1_I_coil_+-0.3mA_fine_284mK_191103__IVB__T_1p40K[0.000023250],1,down,5000,0.9995999199839968
D4.2__Fig 2__SQUID_data__IVB_BS30_A1S1_I_coil_+-0.3mA_fine_284mK_191103__IVB__T_1p40K[0.000023250],2,up,2479,1.0
D4.2__Fig 2__SQUID_data__IVB_BS30_A1S1_I_coil_+-0.3mA_fine_284mK_191103__IVB__T_1p40K[0.000024000],0,up,2521,0.9988095238095238
D4.2__Fig 2__SQUID_data__IVB_BS30_A1S1_I_coil_+-0.3mA_fine_284mK_191103__IVB__T_1p40K[0.000024000],1,down,5000,0.9997999599919984
D4.2__Fig 2__SQUID_data__IVB_BS30_A1S1_I_coil_+-0.3mA_fine_284mK_191103__IVB__T_1p40K[0.000024000],2,up,2479,1.0
D4.2__Fig 2__SQUID_data__IVB_BS30_A1S1_I_coil_+-0.3mA_fine_284mK_191103__IVB__T_1p40K[0.000024750],0,up,2521,0.9992063492063492
D4.2__Fig 2__SQUID_data__IVB_BS30_A1S1_I_coil_+-0.3mA_fine_284mK_191103__IVB__T_1p40K[0.000024750],1,down,5000,0.9995999199839968
D4.2__Fig 2__SQUID_data__IVB_BS30_A1S1_I_coil_+-0.3mA_fine_284mK_191103__IVB__T_1p40K[0.000024750],2,up,2479,1.0
D4.2__Fig 2__SQUID_data__IVB_BS30_A1S1_I_coil_+-0.3mA_fine_284mK_191103__IVB__T_1p40K[0.000025500],0,up,2521,0.9992063492063492
D4.2__Fig 2__SQUID_data__IVB_BS30_A1S1_I_coil_+-0.3mA_fine_284mK_191103__IVB__T_1p40K[0.000025500],1,down,5000,0.9995999199839968
D4.2__Fig 2__SQUID_data__IVB_BS30_A1S1_I_coil_+-0.3mA_fine_284mK_191103__IVB__T_1p40K[0.000025500],2,up,2479,1.0
D4.2__Fig 2__SQUID_data__IVB_BS30_A1S1_I_coil_+-0.3mA_fine_284mK_191103__IVB__T_1p40K[0.000026250],0,up,2521,0.9992063492063492
D4.2__Fig 2__SQUID_data__IVB_BS30_A1S1_I_coil_+-0.3mA_fine_284mK_191103__IVB__T_1p40K[0.000026250],1,down,5000,0.9997999599919984
D4.2__Fig 2__SQUID_data__IVB_BS30_A1S1_I_coil_+-0.3mA_fine_284mK_191103__IVB__T_1p40K[0.000026250],2,up,2479,1.0
D4.2__Fig 2__SQUID_data__IVB_BS30_A1S1_I_coil_+-0.3mA_fine_284mK_191103__IVB__T_1p40K[0.000027000],0,up,2521,0.9988095238095238
D4.2__Fig 2__SQUID_data__IVB_BS30_A1S1_I_coil_+-0.3mA_fine_284mK_191103__IVB__T_1p40K[0.000027000],1,down,5000,0.9995999199839968
D4.2__Fig 2__SQUID_data__IVB_BS30_A1S1_I_coil_+-0.3mA_fine_284mK_191103__IVB__T_1p40K[0.000027000],2,up,2479,1.0
D4.2__Fig 2__SQUID_data__IVB_BS30_A1S1_I_coil_+-0.3mA_fine_284mK_191103__IVB__T_1p40K[0.000027750],0,up,2521,0.9992063492063492
D4.2__Fig 2__SQUID_data__IVB_BS30_A1S1_I_coil_+-0.3mA_fine_284mK_191103__IVB__T_1p40K[0.000027750],1,down,5000,0.9995999199839968
D4.2__Fig 2__SQUID_data__IVB_BS30_A1S1_I_coil_+-0.3mA_fine_284mK_191103__IVB__T_1p40K[0.000027750],2,up,2479,1.0
D4.2__Fig 2__SQUID_data__IVB_BS30_A1S1_I_coil_+-0.3mA_fine_284mK_191103__IVB__T_1p40K[0.000028500],0,up,2521,0.9992063492063492
D4.2__Fig 2__SQUID_data__IVB_BS30_A1S1_I_coil_+-0.3mA_fine_284mK_191103__IVB__T_1p40K[0.000028500],1,down,5000,0.9997999599919984
D4.2__Fig 2__SQUID_data__IVB_BS30_A1S1_I_coil_+-0.3mA_fine_284mK_191103__IVB__T_1p40K[0.000028500],2,up,2479,1.0
D4.2__Fig 2__SQUID_data__IVB_BS30_A1S1_I_coil_+-0.3mA_fine_284mK_191103__IVB__T_1p40K[0.000029250],0,up,2521,0.9992063492063492
D4.2__Fig 2__SQUID_data__IVB_BS30_A1S1_I_coil_+-0.3mA_fine_284mK_191103__IVB__T_1p40K[0.000029250],1,down,5000,0.9997999599919984
D4.2__Fig 2__SQUID_data__IVB_BS30_A1S1_I_coil_+-0.3mA_fine_284mK_191103__IVB__T_1p40K[0.000029250],2,up,2479,1.0
D4.2__Fig 2__SQUID_data__IVB_BS30_A1S1_I_coil_+-0.3mA_fine_284mK_191103__IVB__T_1p40K[0.000030000],0,up,2521,0.9992063492063492
D4.2__Fig 2__SQUID_data__IVB_BS30_A1S1_I_coil_+-0.3mA_fine_284mK_191103__IVB__T_1p40K[0.000030000],1,down,5000,0.9997999599919984
D4.2__Fig 2__SQUID_data__IVB_BS30_A1S1_I_coil_+-0.3mA_fine_284mK_191103__IVB__T_1p40K[0.000030000],2,up,2479,1.0
D4.2__Fig 2__SQUID_data__IVB_BS30_A1S1_I_coil_+-0.3mA_fine_284mK_191103__IVB__T_1p40K[0.000030750],0,up,2521,0.9992063492063492
D4.2__Fig 2__SQUID_data__IVB_BS30_A1S1_I_coil_+-0.3mA_fine_284mK_191103__IVB__T_1p40K[0.000030750],1,down,5001,0.9994
D4.2__Fig 2__SQUID_data__IVB_BS30_A1S1_I_coil_+-0.3mA_fine_284mK_191103__IVB__T_1p40K[0.000030750],2,up,2478,1.0
D4.2__Fig 2__SQUID_data__IVB_BS30_A1S1_I_coil_+-0.3mA_fine_284mK_191103__IVB__T_1p40K[0.000031500],0,up,2521,0.9992063492063492
D4.2__Fig 2__SQUID_data__IVB_BS30_A1S1_I_coil_+-0.3mA_fine_284mK_191103__IVB__T_1p40K[0.000031500],1,down,5000,0.9995999199839968
D4.2__Fig 2__SQUID_data__IVB_BS30_A1S1_I_coil_+-0.3mA_fine_284mK_191103__IVB__T_1p40K[0.000031500],2,up,2479,1.0
D4.2__Fig 2__SQUID_data__IVB_BS30_A1S1_I_coil_+-0.3mA_fine_284mK_191103__IVB__T_1p40K[0.000032250],0,up,2521,0.9992063492063492
D4.2__Fig 2__SQUID_data__IVB_BS30_A1S1_I_coil_+-0.3mA_fine_284mK_191103__IVB__T_1p40K[0.000032250],1,down,5000,0.9995999199839968
D4.2__Fig 2__SQUID_data__IVB_BS30_A1S1_I_coil_+-0.3mA_fine_284mK_191103__IVB__T_1p40K[0.000032250],2,up,2479,1.0
D4.2__Fig 2__SQUID_data__IVB_BS30_A1S1_I_coil_+-0.3mA_fine_284mK_191103__IVB__T_1p40K[0.000033000],0,up,2521,0.9988095238095238
D4.2__Fig 2__SQUID_data__IVB_BS30_A1S1_I_coil_+-0.3mA_fine_284mK_191103__IVB__T_1p40K[0.000033000],1,down,5000,0.9997999599919984
D4.2__Fig 2__SQUID_data__IVB_BS30_A1S1_I_coil_+-0.3mA_fine_284mK_191103__IVB__T_1p40K[0.000033000],2,up,2479,1.0
D4.2__Fig 2__SQUID_data__IVB_BS30_A1S1_I_coil_+-0.3mA_fine_284mK_191103__IVB__T_1p40K[0.000033750],0,up,2520,0.999603017070266
D4.2__Fig 2__SQUID_data__IVB_BS30_A1S1_I_coil_+-0.3mA_fine_284mK_191103__IVB__T_1p40K[0.000033750],1,down,5001,0.9998
D4.2__Fig 2__SQUID_data__IVB_BS30_A1S1_I_coil_+-0.3mA_fine_284mK_191103__IVB__T_1p40K[0.000033750],2,up,2479,1.0
D4.2__Fig 2__SQUID_data__IVB_BS30_A1S1_I_coil_+-0.3mA_fine_284mK_191103__IVB__T_1p40K[0.000034500],0,up,2521,0.9992063492063492
D4.2__Fig 2__SQUID_data__IVB_BS30_A1S1_I_coil_+-0.3mA_fine_284mK_191103__IVB__T_1p40K[0.000034500],1,down,5000,0.9997999599919984
D4.2__Fig 2__SQUID_data__IVB_BS30_A1S1_I_coil_+-0.3mA_fine_284mK_191103__IVB__T_1p40K[0.000034500],2,up,2479,1.0
D4.2__Fig 2__SQUID_data__IVB_BS30_A1S1_I_coil_+-0.3mA_fine_284mK_191103__IVB__T_1p40K[0.000035250],0,up,2521,0.9988095238095238
D4.2__Fig 2__SQUID_data__IVB_BS30_A1S1_I_coil_+-0.3mA_fine_284mK_191103__IVB__T_1p40K[0.000035250],1,down,5000,0.9993998799759952
D4.2__Fig 2__SQUID_data__IVB_BS30_A1S1_I_coil_+-0.3mA_fine_284mK_191103__IVB__T_1p40K[0.000035250],2,up,2479,1.0
D4.2__Fig 2__SQUID_data__IVB_BS30_A1S1_I_coil_+-0.3mA_fine_284mK_191103__IVB__T_1p40K[0.000036000],0,up,2521,0.9996031746031746
D4.2__Fig 2__SQUID_data__IVB_BS30_A1S1_I_coil_+-0.3mA_fine_284mK_191103__IVB__T_1p40K[0.000036000],1,down,5000,0.9995999199839968
D4.2__Fig 2__SQUID_data__IVB_BS30_A1S1_I_coil_+-0.3mA_fine_284mK_191103__IVB__T_1p40K[0.000036000],2,up,2479,1.0
D4.2__Fig 2__SQUID_data__IVB_BS30_A1S1_I_coil_+-0.3mA_fine_284mK_191103__IVB__T_1p40K[0.000036750],0,up,2521,0.9988095238095238
D4.2__Fig 2__SQUID_data__IVB_BS30_A1S1_I_coil_+-0.3mA_fine_284mK_191103__IVB__T_1p40K[0.000036750],1,down,5000,0.9995999199839968
D4.2__Fig 2__SQUID_data__IVB_BS30_A1S1_I_coil_+-0.3mA_fine_284mK_191103__IVB__T_1p40K[0.000036750],2,up,2479,1.0
D4.2__Fig 2__SQUID_data__IVB_BS30_A1S1_I_coil_+-0.3mA_fine_284mK_191103__IVB__T_1p40K[0.000037500],0,up,2520,0.999206034140532
D4.2__Fig 2__SQUID_data__IVB_BS30_A1S1_I_coil_+-0.3mA_fine_284mK_191103__IVB__T_1p40K[0.000037500],1,down,5001,0.9998
D4.2__Fig 2__SQUID_data__IVB_BS30_A1S1_I_coil_+-0.3mA_fine_284mK_191103__IVB__T_1p40K[0.000037500],2,up,2479,1.0
D4.2__Fig 2__SQUID_data__IVB_BS30_A1S1_I_coil_+-0.3mA_fine_284mK_191103__IVB__T_1p40K[0.000038250],0,up,2522,0.9984133280444268
D4.2__Fig 2__SQUID_data__IVB_BS30_A1S1_I_coil_+-0.3mA_fine_284mK_191103__IVB__T_1p40K[0.000038250],1,down,4999,0.9993997599039616
D4.2__Fig 2__SQUID_data__IVB_BS30_A1S1_I_coil_+-0.3mA_fine_284mK_191103__IVB__T_1p40K[0.000038250],2,up,2479,1.0
D4.2__Fig 2__SQUID_data__IVB_BS30_A1S1_I_coil_+-0.3mA_fine_284mK_191103__IVB__T_1p40K[0.000039000],0,up,2520,0.999206034140532
D4.2__Fig 2__SQUID_data__IVB_BS30_A1S1_I_coil_+-0.3mA_fine_284mK_191103__IVB__T_1p40K[0.000039000],1,down,5001,0.9998
D4.2__Fig 2__SQUID_data__IVB_BS30_A1S1_I_coil_+-0.3mA_fine_284mK_191103__IVB__T_1p40K[0.000039000],2,up,2479,1.0
D4.2__Fig 2__SQUID_data__IVB_BS30_A1S1_I_coil_+-0.3mA_fine_284mK_191103__IVB__T_1p40K[0.000039750],0,up,2521,0.9992063492063492
D4.2__Fig 2__SQUID_data__IVB_BS30_A1S1_I_coil_+-0.3mA_fine_284mK_191103__IVB__T_1p40K[0.000039750],1,down,5000,0.9997999599919984
D4.2__Fig 2__SQUID_data__IVB_BS30_A1S1_I_coil_+-0.3mA_fine_284mK_191103__IVB__T_1p40K[0.000039750],2,up,2479,1.0
D4.2__Fig 2__SQUID_data__IVB_BS30_A1S1_I_coil_+-0.3mA_fine_284mK_191103__IVB__T_1p40K[0.000040500],0,up,2521,0.9992063492063492
D4.2__Fig 2__SQUID_data__IVB_BS30_A1S1_I_coil_+-0.3mA_fine_284mK_191103__IVB__T_1p40K[0.000040500],1,down,5001,0.9994
D4.2__Fig 2__SQUID_data__IVB_BS30_A1S1_I_coil_+-0.3mA_fine_284mK_191103__IVB__T_1p40K[0.000040500],2,up,2478,1.0
D4.2__Fig 2__SQUID_data__IVB_BS30_A1S1_I_coil_+-0.3mA_fine_284mK_191103__IVB__T_1p40K[0.000041250],0,up,2521,0.9988095238095238
D4.2__Fig 2__SQUID_data__IVB_BS30_A1S1_I_coil_+-0.3mA_fine_284mK_191103__IVB__T_1p40K[0.000041250],1,down,5000,0.9997999599919984
D4.2__Fig 2__SQUID_data__IVB_BS30_A1S1_I_coil_+-0.3mA_fine_284mK_191103__IVB__T_1p40K[0.000041250],2,up,2479,1.0
D4.2__Fig 2__SQUID_data__IVB_BS30_A1S1_I_coil_+-0.3mA_fine_284mK_191103__IVB__T_1p40K[0.000042000],0,up,2521,0.9992063492063492
D4.2__Fig 2__SQUID_data__IVB_BS30_A1S1_I_coil_+-0.3mA_fine_284mK_191103__IVB__T_1p40K[0.000042000],1,down,5000,0.9995999199839968
D4.2__Fig 2__SQUID_data__IVB_BS30_A1S1_I_coil_+-0.3mA_fine_284mK_191103__IVB__T_1p40K[0.000042000],2,up,2479,1.0
D4.2__Fig 2__SQUID_data__IVB_BS30_A1S1_I_coil_+-0.3mA_fine_284mK_191103__IVB__T_1p40K[0.000042750],0,up,2521,0.9996031746031746
D4.2__Fig 2__SQUID_data__IVB_BS30_A1S1_I_coil_+-0.3mA_fine_284mK_191103__IVB__T_1p40K[0.000042750],1,down,5000,0.9995999199839968
D4.2__Fig 2__SQUID_data__IVB_BS30_A1S1_I_coil_+-0.3mA_fine_284mK_191103__IVB__T_1p40K[0.000042750],2,up,2479,1.0
D4.2__Fig 2__SQUID_data__IVB_BS30_A1S1_I_coil_+-0.3mA_fine_284mK_191103__IVB__T_1p40K[0.000043500],0,up,2521,0.9992063492063492
D4.2__Fig 2__SQUID_data__IVB_BS30_A1S1_I_coil_+-0.3mA_fine_284mK_191103__IVB__T_1p40K[0.000043500],1,down,5001,0.9994
D4.2__Fig 2__SQUID_data__IVB_BS30_A1S1_I_coil_+-0.3mA_fine_284mK_191103__IVB__T_1p40K[0.000043500],2,up,2478,1.0
D4.2__Fig 2__SQUID_data__IVB_BS30_A1S1_I_coil_+-0.3mA_fine_284mK_191103__IVB__T_1p40K[0.000044250],0,up,2520,0.999206034140532
D4.2__Fig 2__SQUID_data__IVB_BS30_A1S1_I_coil_+-0.3mA_fine_284mK_191103__IVB__T_1p40K[0.000044250],1,down,5002,0.999000199960008
D4.2__Fig 2__SQUID_data__IVB_BS30_A1S1_I_coil_+-0.3mA_fine_284mK_191103__IVB__T_1p40K[0.000044250],2,up,2478,1.0
D4.2__Fig 2__SQUID_data__IVB_BS30_A1S1_I_coil_+-0.3mA_fine_284mK_191103__IVB__T_1p40K[0.000045000],0,up,2521,0.9992063492063492
D4.2__Fig 2__SQUID_data__IVB_BS30_A1S1_I_coil_+-0.3mA_fine_284mK_191103__IVB__T_1p40K[0.000045000],1,down,5000,0.9993998799759952
D4.2__Fig 2__SQUID_data__IVB_BS30_A1S1_I_coil_+-0.3mA_fine_284mK_191103__IVB__T_1p40K[0.000045000],2,up,2479,1.0
D4.2__Fig 2__SQUID_data__IVB_BS30_A1S1_I_coil_+-0.3mA_fine_284mK_191103__IVB__T_1p40K[0.000045750],0,up,2521,0.9984126984126984
D4.2__Fig 2__SQUID_data__IVB_BS30_A1S1_I_coil_+-0.3mA_fine_284mK_191103__IVB__T_1p40K[0.000045750],1,down,5001,0.9994
D4.2__Fig 2__SQUID_data__IVB_BS30_A1S1_I_coil_+-0.3mA_fine_284mK_191103__IVB__T_1p40K[0.000045750],2,up,2478,1.0
D4.2__Fig 2__SQUID_data__IVB_BS30_A1S1_I_coil_+-0.3mA_fine_284mK_191103__IVB__T_1p40K[0.000046500],0,up,2521,0.9988095238095238
D4.2__Fig 2__SQUID_data__IVB_BS30_A1S1_I_coil_+-0.3mA_fine_284mK_191103__IVB__T_1p40K[0.000046500],1,down,5000,0.9995999199839968
D4.2__Fig 2__SQUID_data__IVB_BS30_A1S1_I_coil_+-0.3mA_fine_284mK_191103__IVB__T_1p40K[0.000046500],2,up,2479,1.0
D4.2__Fig 2__SQUID_data__IVB_BS30_A1S1_I_coil_+-0.3mA_fine_284mK_191103__IVB__T_1p40K[0.000047250],0,up,2521,0.9992063492063492
D4.2__Fig 2__SQUID_data__IVB_BS30_A1S1_I_coil_+-0.3mA_fine_284mK_191103__IVB__T_1p40K[0.000047250],1,down,5000,0.9995999199839968
D4.2__Fig 2__SQUID_data__IVB_BS30_A1S1_I_coil_+-0.3mA_fine_284mK_191103__IVB__T_1p40K[0.000047250],2,up,2479,1.0
D4.2__Fig 2__SQUID_data__IVB_BS30_A1S1_I_coil_+-0.3mA_fine_284mK_191103__IVB__T_1p40K[0.000048000],0,up,2521,0.9992063492063492
D4.2__Fig 2__SQUID_data__IVB_BS30_A1S1_I_coil_+-0.3mA_fine_284mK_191103__IVB__T_1p40K[0.000048000],1,down,5000,0.9995999199839968
D4.2__Fig 2__SQUID_data__IVB_BS30_A1S1_I_coil_+-0.3mA_fine_284mK_191103__IVB__T_1p40K[0.000048000],2,up,2479,1.0
D4.2__Fig 2__SQUID_data__IVB_BS30_A1S1_I_coil_+-0.3mA_fine_284mK_191103__IVB__T_1p40K[0.000048750],0,up,2521,0.9992063492063492
D4.2__Fig 2__SQUID_data__IVB_BS30_A1S1_I_coil_+-0.3mA_fine_284mK_191103__IVB__T_1p40K[0.000048750],1,down,5001,0.9996
D4.2__Fig 2__SQUID_data__IVB_BS30_A1S1_I_coil_+-0.3mA_fine_284mK_191103__IVB__T_1p40K[0.000048750],2,up,2478,1.0
D4.2__Fig 2__SQUID_data__IVB_BS30_A1S1_I_coil_+-0.3mA_fine_284mK_191103__IVB__T_1p40K[0.000049500],0,up,2521,0.9992063492063492
D4.2__Fig 2__SQUID_data__IVB_BS30_A1S1_I_coil_+-0.3mA_fine_284mK_191103__IVB__T_1p40K[0.000049500],1,down,5000,0.9995999199839968
D4.2__Fig 2__SQUID_data__IVB_BS30_A1S1_I_coil_+-0.3mA_fine_284mK_191103__IVB__T_1p40K[0.000049500],2,up,2479,1.0
D4.2__Fig 2__SQUID_data__IVB_BS30_A1S1_I_coil_+-0.3mA_fine_284mK_191103__IVB__T_1p40K[0.000050250],0,up,2521,0.9992063492063492
D4.2__Fig 2__SQUID_data__IVB_BS30_A1S1_I_coil_+-0.3mA_fine_284mK_191103__IVB__T_1p40K[0.000050250],1,down,5000,0.9995999199839968
D4.2__Fig 2__SQUID_data__IVB_BS30_A1S1_I_coil_+-0.3mA_fine_284mK_191103__IVB__T_1p40K[0.000050250],2,up,2479,1.0
D4.2__Fig 2__SQUID_data__IVB_BS30_A1S1_I_coil_+-0.3mA_fine_284mK_191103__IVB__T_1p40K[0.000051000],0,up,2521,0.9992063492063492
D4.2__Fig 2__SQUID_data__IVB_BS30_A1S1_I_coil_+-0.3mA_fine_284mK_191103__IVB__T_1p40K[0.000051000],1,down,5000,0.9997999599919984
D4.2__Fig 2__SQUID_data__IVB_BS30_A1S1_I_coil_+-0.3mA_fine_284mK_191103__IVB__T_1p40K[0.000051000],2,up,2479,1.0
D4.2__Fig 2__SQUID_data__IVB_BS30_A1S1_I_coil_+-0.3mA_fine_284mK_191103__IVB__T_1p40K[0.000051750],0,up,2521,0.9996031746031746
D4.2__Fig 2__SQUID_data__IVB_BS30_A1S1_I_coil_+-0.3mA_fine_284mK_191103__IVB__T_1p40K[0.000051750],1,down,5000,0.9995999199839968
D4.2__Fig 2__SQUID_data__IVB_BS30_A1S1_I_coil_+-0.3mA_fine_284mK_191103__IVB__T_1p40K[0.000051750],2,up,2479,1.0
D4.2__Fig 2__SQUID_data__IVB_BS30_A1S1_I_coil_+-0.3mA_fine_284mK_191103__IVB__T_1p40K[0.000052500],0,up,2521,0.9996031746031746
D4.2__Fig 2__SQUID_data__IVB_BS30_A1S1_I_coil_+-0.3mA_fine_284mK_191103__IVB__T_1p40K[0.000052500],1,down,5000,0.9995999199839968
D4.2__Fig 2__SQUID_data__IVB_BS30_A1S1_I_coil_+-0.3mA_fine_284mK_191103__IVB__T_1p40K[0.000052500],2,up,2479,1.0
D4.2__Fig 2__SQUID_data__IVB_BS30_A1S1_I_coil_+-0.3mA_fine_284mK_191103__IVB__T_1p40K[0.000053250],0,up,2521,0.9988095238095238
D4.2__Fig 2__SQUID_data__IVB_BS30_A1S1_I_coil_+-0.3mA_fine_284mK_191103__IVB__T_1p40K[0.000053250],1,down,5000,0.9993998799759952
D4.2__Fig 2__SQUID_data__IVB_BS30_A1S1_I_coil_+-0.3mA_fine_284mK_191103__IVB__T_1p40K[0.000053250],2,up,2479,1.0
D4.2__Fig 2__SQUID_data__IVB_BS30_A1S1_I_coil_+-0.3mA_fine_284mK_191103__IVB__T_1p40K[0.000054000],0,up,2521,0.9992063492063492
D4.2__Fig 2__SQUID_data__IVB_BS30_A1S1_I_coil_+-0.3mA_fine_284mK_191103__IVB__T_1p40K[0.000054000],1,down,5000,0.9995999199839968
D4.2__Fig 2__SQUID_data__IVB_BS30_A1S1_I_coil_+-0.3mA_fine_284mK_191103__IVB__T_1p40K[0.000054000],2,up,2479,1.0
D4.2__Fig 2__SQUID_data__IVB_BS30_A1S1_I_coil_+-0.3mA_fine_284mK_191103__IVB__T_1p40K[0.000054750],0,up,2521,0.9992063492063492
D4.2__Fig 2__SQUID_data__IVB_BS30_A1S1_I_coil_+-0.3mA_fine_284mK_191103__IVB__T_1p40K[0.000054750],1,down,5001,0.9994
D4.2__Fig 2__SQUID_data__IVB_BS30_A1S1_I_coil_+-0.3mA_fine_284mK_191103__IVB__T_1p40K[0.000054750],2,up,2478,1.0
D4.2__Fig 2__SQUID_data__IVB_BS30_A1S1_I_coil_+-0.3mA_fine_284mK_191103__IVB__T_1p40K[0.000055500],0,up,2521,0.9988095238095238
D4.2__Fig 2__SQUID_data__IVB_BS30_A1S1_I_coil_+-0.3mA_fine_284mK_191103__IVB__T_1p40K[0.000055500],1,down,5000,0.9997999599919984
D4.2__Fig 2__SQUID_data__IVB_BS30_A1S1_I_coil_+-0.3mA_fine_284mK_191103__IVB__T_1p40K[0.000055500],2,up,2479,1.0
D4.2__Fig 2__SQUID_data__IVB_BS30_A1S1_I_coil_+-0.3mA_fine_284mK_191103__IVB__T_1p40K[0.000056250],0,up,2521,0.9996031746031746
D4.2__Fig 2__SQUID_data__IVB_BS30_A1S1_I_coil_+-0.3mA_fine_284mK_191103__IVB__T_1p40K[0.000056250],1,down,5000,0.9997999599919984
D4.2__Fig 2__SQUID_data__IVB_BS30_A1S1_I_coil_+-0.3mA_fine_284mK_191103__IVB__T_1p40K[0.000056250],2,up,2479,1.0
D4.2__Fig 2__SQUID_data__IVB_BS30_A1S1_I_coil_+-0.3mA_fine_284mK_191103__IVB__T_1p40K[0.000057000],0,up,2521,0.9992063492063492
D4.2__Fig 2__SQUID_data__IVB_BS30_A1S1_I_coil_+-0.3mA_fine_284mK_191103__IVB__T_1p40K[0.000057000],1,down,5000,0.9997999599919984
D4.2__Fig 2__SQUID_data__IVB_BS30_A1S1_I_coil_+-0.3mA_fine_284mK_191103__IVB__T_1p40K[0.000057000],2,up,2479,1.0
D4.2__Fig 2__SQUID_data__IVB_BS30_A1S1_I_coil_+-0.3mA_fine_284mK_191103__IVB__T_1p40K[0.000057750],0,up,2521,0.9988095238095238
D4.2__Fig 2__SQUID_data__IVB_BS30_A1S1_I_coil_+-0.3mA_fine_284mK_191103__IVB__T_1p40K[0.000057750],1,down,5001,0.9994
D4.2__Fig 2__SQUID_data__IVB_BS30_A1S1_I_coil_+-0.3mA_fine_284mK_191103__IVB__T_1p40K[0.000057750],2,up,2478,1.0
D4.2__Fig 2__SQUID_data__IVB_BS30_A1S1_I_coil_+-0.3mA_fine_284mK_191103__IVB__T_1p40K[0.000058500],0,up,2521,0.9992063492063492
D4.2__Fig 2__SQUID_data__IVB_BS30_A1S1_I_coil_+-0.3mA_fine_284mK_191103__IVB__T_1p40K[0.000058500],1,down,5000,0.9997999599919984
D4.2__Fig 2__SQUID_data__IVB_BS30_A1S1_I_coil_+-0.3mA_fine_284mK_191103__IVB__T_1p40K[0.000058500],2,up,2479,1.0
D4.2__Fig 2__SQUID_data__IVB_BS30_A1S1_I_coil_+-0.3mA_fine_284mK_191103__IVB__T_1p40K[0.000059250],0,up,2521,0.9992063492063492
D4.2__Fig 2__SQUID_data__IVB_BS30_A1S1_I_coil_+-0.3mA_fine_284mK_191103__IVB__T_1p40K[0.000059250],1,down,5000,0.9995999199839968
D4.2__Fig 2__SQUID_data__IVB_BS30_A1S1_I_coil_+-0.3mA_fine_284mK_191103__IVB__T_1p40K[0.000059250],2,up,2479,1.0
D4.2__Fig 2__SQUID_data__IVB_BS30_A1S1_I_coil_+-0.3mA_fine_284mK_191103__IVB__T_1p40K[0.000060000],0,up,2521,0.9992063492063492
D4.2__Fig 2__SQUID_data__IVB_BS30_A1S1_I_coil_+-0.3mA_fine_284mK_191103__IVB__T_1p40K[0.000060000],1,down,5000,0.9993998799759952
D4.2__Fig 2__SQUID_data__IVB_BS30_A1S1_I_coil_+-0.3mA_fine_284mK_191103__IVB__T_1p40K[0.000060000],2,up,2479,1.0
D4.2__Fig 2__SQUID_data__IVB_BS30_A1S1_I_coil_+-0.3mA_fine_284mK_191103__IVB__T_1p40K[0.000060750],0,up,2521,0.9988095238095238
D4.2__Fig 2__SQUID_data__IVB_BS30_A1S1_I_coil_+-0.3mA_fine_284mK_191103__IVB__T_1p40K[0.000060750],1,down,5000,0.9995999199839968
D4.2__Fig 2__SQUID_data__IVB_BS30_A1S1_I_coil_+-0.3mA_fine_284mK_191103__IVB__T_1p40K[0.000060750],2,up,2479,1.0
D4.2__Fig 2__SQUID_data__IVB_BS30_A1S1_I_coil_+-0.3mA_fine_284mK_191103__IVB__T_1p40K[0.000061500],0,up,2520,0.999206034140532
D4.2__Fig 2__SQUID_data__IVB_BS30_A1S1_I_coil_+-0.3mA_fine_284mK_191103__IVB__T_1p40K[0.000061500],1,down,5001,0.9996
D4.2__Fig 2__SQUID_data__IVB_BS30_A1S1_I_coil_+-0.3mA_fine_284mK_191103__IVB__T_1p40K[0.000061500],2,up,2479,1.0
D4.2__Fig 2__SQUID_data__IVB_BS30_A1S1_I_coil_+-0.3mA_fine_284mK_191103__IVB__T_1p40K[0.000062250],0,up,2521,0.9992063492063492
D4.2__Fig 2__SQUID_data__IVB_BS30_A1S1_I_coil_+-0.3mA_fine_284mK_191103__IVB__T_1p40K[0.000062250],1,down,5000,0.9995999199839968
D4.2__Fig 2__SQUID_data__IVB_BS30_A1S1_I_coil_+-0.3mA_fine_284mK_191103__IVB__T_1p40K[0.000062250],2,up,2479,1.0
D4.2__Fig 2__SQUID_data__IVB_BS30_A1S1_I_coil_+-0.3mA_fine_284mK_191103__IVB__T_1p40K[0.000063000],0,up,2521,0.9992063492063492
D4.2__Fig 2__SQUID_data__IVB_BS30_A1S1_I_coil_+-0.3mA_fine_284mK_191103__IVB__T_1p40K[0.000063000],1,down,5000,0.9993998799759952
D4.2__Fig 2__SQUID_data__IVB_BS30_A1S1_I_coil_+-0.3mA_fine_284mK_191103__IVB__T_1p40K[0.000063000],2,up,2479,1.0
D4.2__Fig 2__SQUID_data__IVB_BS30_A1S1_I_coil_+-0.3mA_fine_284mK_191103__IVB__T_1p40K[0.000063750],0,up,2521,0.9988095238095238
D4.2__Fig 2__SQUID_data__IVB_BS30_A1S1_I_coil_+-0.3mA_fine_284mK_191103__IVB__T_1p40K[0.000063750],1,down,5000,0.9993998799759952
D4.2__Fig 2__SQUID_data__IVB_BS30_A1S1_I_coil_+-0.3mA_fine_284mK_191103__IVB__T_1p40K[0.000063750],2,up,2479,1.0
D4.2__Fig 2__SQUID_data__IVB_BS30_A1S1_I_coil_+-0.3mA_fine_284mK_191103__IVB__T_1p40K[0.000064500],0,up,2521,0.9992063492063492
D4.2__Fig 2__SQUID_data__IVB_BS30_A1S1_I_coil_+-0.3mA_fine_284mK_191103__IVB__T_1p40K[0.000064500],1,down,5000,0.9997999599919984
D4.2__Fig 2__SQUID_data__IVB_BS30_A1S1_I_coil_+-0.3mA_fine_284mK_191103__IVB__T_1p40K[0.000064500],2,up,2479,1.0
D4.2__Fig 2__SQUID_data__IVB_BS30_A1S1_I_coil_+-0.3mA_fine_284mK_191103__IVB__T_1p40K[0.000065250],0,up,2521,0.9996031746031746
D4.2__Fig 2__SQUID_data__IVB_BS30_A1S1_I_coil_+-0.3mA_fine_284mK_191103__IVB__T_1p40K[0.000065250],1,down,5000,0.9995999199839968
D4.2__Fig 2__SQUID_data__IVB_BS30_A1S1_I_coil_+-0.3mA_fine_284mK_191103__IVB__T_1p40K[0.000065250],2,up,2479,1.0
D4.2__Fig 2__SQUID_data__IVB_BS30_A1S1_I_coil_+-0.3mA_fine_284mK_191103__IVB__T_1p40K[0.000066000],0,up,2521,0.9992063492063492
D4.2__Fig 2__SQUID_data__IVB_BS30_A1S1_I_coil_+-0.3mA_fine_284mK_191103__IVB__T_1p40K[0.000066000],1,down,5000,0.9997999599919984
D4.2__Fig 2__SQUID_data__IVB_BS30_A1S1_I_coil_+-0.3mA_fine_284mK_191103__IVB__T_1p40K[0.000066000],2,up,2479,1.0
D4.2__Fig 2__SQUID_data__IVB_BS30_A1S1_I_coil_+-0.3mA_fine_284mK_191103__IVB__T_1p40K[0.000066750],0,up,2521,0.9996031746031746
D4.2__Fig 2__SQUID_data__IVB_BS30_A1S1_I_coil_+-0.3mA_fine_284mK_191103__IVB__T_1p40K[0.000066750],1,down,5000,0.9997999599919984
D4.2__Fig 2__SQUID_data__IVB_BS30_A1S1_I_coil_+-0.3mA_fine_284mK_191103__IVB__T_1p40K[0.000066750],2,up,2479,1.0
D4.2__Fig 2__SQUID_data__IVB_BS30_A1S1_I_coil_+-0.3mA_fine_284mK_191103__IVB__T_1p40K[0.000067500],0,up,2520,0.999603017070266
D4.2__Fig 2__SQUID_data__IVB_BS30_A1S1_I_coil_+-0.3mA_fine_284mK_191103__IVB__T_1p40K[0.000067500],1,down,5001,0.9994
D4.2__Fig 2__SQUID_data__IVB_BS30_A1S1_I_coil_+-0.3mA_fine_284mK_191103__IVB__T_1p40K[0.000067500],2,up,2479,1.0
D4.2__Fig 2__SQUID_data__IVB_BS30_A1S1_I_coil_+-0.3mA_fine_284mK_191103__IVB__T_1p40K[0.000068250],0,up,2521,0.9992063492063492
D4.2__Fig 2__SQUID_data__IVB_BS30_A1S1_I_coil_+-0.3mA_fine_284mK_191103__IVB__T_1p40K[0.000068250],1,down,5000,0.9997999599919984
D4.2__Fig 2__SQUID_data__IVB_BS30_A1S1_I_coil_+-0.3mA_fine_284mK_191103__IVB__T_1p40K[0.000068250],2,up,2479,1.0
D4.2__Fig 2__SQUID_data__IVB_BS30_A1S1_I_coil_+-0.3mA_fine_284mK_191103__IVB__T_1p40K[0.000069000],0,up,2521,0.9992063492063492
D4.2__Fig 2__SQUID_data__IVB_BS30_A1S1_I_coil_+-0.3mA_fine_284mK_191103__IVB__T_1p40K[0.000069000],1,down,5001,0.9994
D4.2__Fig 2__SQUID_data__IVB_BS30_A1S1_I_coil_+-0.3mA_fine_284mK_191103__IVB__T_1p40K[0.000069000],2,up,2478,1.0
D4.2__Fig 2__SQUID_data__IVB_BS30_A1S1_I_coil_+-0.3mA_fine_284mK_191103__IVB__T_1p40K[0.000069750],0,up,2521,0.9996031746031746
D4.2__Fig 2__SQUID_data__IVB_BS30_A1S1_I_coil_+-0.3mA_fine_284mK_191103__IVB__T_1p40K[0.000069750],1,down,5000,0.9995999199839968
D4.2__Fig 2__SQUID_data__IVB_BS30_A1S1_I_coil_+-0.3mA_fine_284mK_191103__IVB__T_1p40K[0.000069750],2,up,2479,1.0
D4.2__Fig 2__SQUID_data__IVB_BS30_A1S1_I_coil_+-0.3mA_fine_284mK_191103__IVB__T_1p40K[0.000070500],0,up,2520,0.999206034140532
D4.2__Fig 2__SQUID_data__IVB_BS30_A1S1_I_coil_+-0.3mA_fine_284mK_191103__IVB__T_1p40K[0.000070500],1,down,5000,0.9993998799759952
D4.2__Fig 2__SQUID_data__IVB_BS30_A1S1_I_coil_+-0.3mA_fine_284mK_191103__IVB__T_1p40K[0.000070500],2,up,2480,1.0
D4.2__Fig 2__SQUID_data__IVB_BS30_A1S1_I_coil_+-0.3mA_fine_284mK_191103__IVB__T_1p40K[0.000071250],0,up,2521,0.9996031746031746
D4.2__Fig 2__SQUID_data__IVB_BS30_A1S1_I_coil_+-0.3mA_fine_284mK_191103__IVB__T_1p40K[0.000071250],1,down,5000,0.9995999199839968
D4.2__Fig 2__SQUID_data__IVB_BS30_A1S1_I_coil_+-0.3mA_fine_284mK_191103__IVB__T_1p40K[0.000071250],2,up,2479,1.0
D4.2__Fig 2__SQUID_data__IVB_BS30_A1S1_I_coil_+-0.3mA_fine_284mK_191103__IVB__T_1p40K[0.000072000],0,up,2520,0.999206034140532
D4.2__Fig 2__SQUID_data__IVB_BS30_A1S1_I_coil_+-0.3mA_fine_284mK_191103__IVB__T_1p40K[0.000072000],1,down,5001,0.9994
D4.2__Fig 2__SQUID_data__IVB_BS30_A1S1_I_coil_+-0.3mA_fine_284mK_191103__IVB__T_1p40K[0.000072000],2,up,2479,1.0
D4.2__Fig 2__SQUID_data__IVB_BS30_A1S1_I_coil_+-0.3mA_fine_284mK_191103__IVB__T_1p40K[0.000072750],0,up,2521,0.9992063492063492
D4.2__Fig 2__SQUID_data__IVB_BS30_A1S1_I_coil_+-0.3mA_fine_284mK_191103__IVB__T_1p40K[0.000072750],1,down,5000,0.9997999599919984
D4.2__Fig 2__SQUID_data__IVB_BS30_A1S1_I_coil_+-0.3mA_fine_284mK_191103__IVB__T_1p40K[0.000072750],2,up,2479,1.0
D4.2__Fig 2__SQUID_data__IVB_BS30_A1S1_I_coil_+-0.3mA_fine_284mK_191103__IVB__T_1p40K[0.000073500],0,up,2521,0.9996031746031746
D4.2__Fig 2__SQUID_data__IVB_BS30_A1S1_I_coil_+-0.3mA_fine_284mK_191103__IVB__T_1p40K[0.000073500],1,down,5000,0.9995999199839968
D4.2__Fig 2__SQUID_data__IVB_BS30_A1S1_I_coil_+-0.3mA_fine_284mK_191103__IVB__T_1p40K[0.000073500],2,up,2479,1.0
D4.2__Fig 2__SQUID_data__IVB_BS30_A1S1_I_coil_+-0.3mA_fine_284mK_191103__IVB__T_1p40K[0.000074250],0,up,2521,0.9992063492063492
D4.2__Fig 2__SQUID_data__IVB_BS30_A1S1_I_coil_+-0.3mA_fine_284mK_191103__IVB__T_1p40K[0.000074250],1,down,5000,0.9995999199839968
D4.2__Fig 2__SQUID_data__IVB_BS30_A1S1_I_coil_+-0.3mA_fine_284mK_191103__IVB__T_1p40K[0.000074250],2,up,2479,1.0
D4.2__Fig 2__SQUID_data__IVB_BS30_A1S1_I_coil_+-0.3mA_fine_284mK_191103__IVB__T_1p40K[0.000075000],0,up,2521,0.9992063492063492
D4.2__Fig 2__SQUID_data__IVB_BS30_A1S1_I_coil_+-0.3mA_fine_284mK_191103__IVB__T_1p40K[0.000075000],1,down,5000,0.9995999199839968
D4.2__Fig 2__SQUID_data__IVB_BS30_A1S1_I_coil_+-0.3mA_fine_284mK_191103__IVB__T_1p40K[0.000075000],2,up,2479,1.0
D4.2__Fig 2__SQUID_data__IVB_BS30_A1S1_I_coil_+-0.3mA_fine_284mK_191103__IVB__T_1p40K[0.000075750],0,up,2521,0.9996031746031746
D4.2__Fig 2__SQUID_data__IVB_BS30_A1S1_I_coil_+-0.3mA_fine_284mK_191103__IVB__T_1p40K[0.000075750],1,down,5000,0.9995999199839968
D4.2__Fig 2__SQUID_data__IVB_BS30_A1S1_I_coil_+-0.3mA_fine_284mK_191103__IVB__T_1p40K[0.000075750],2,up,2479,1.0
D4.2__Fig 2__SQUID_data__IVB_BS30_A1S1_I_coil_+-0.3mA_fine_284mK_191103__IVB__T_1p40K[0.000076500],0,up,2521,0.9992063492063492
D4.2__Fig 2__SQUID_data__IVB_BS30_A1S1_I_coil_+-0.3mA_fine_284mK_191103__IVB__T_1p40K[0.000076500],1,down,5000,0.9995999199839968
D4.2__Fig 2__SQUID_data__IVB_BS30_A1S1_I_coil_+-0.3mA_fine_284mK_191103__IVB__T_1p40K[0.000076500],2,up,2479,1.0
D4.2__Fig 2__SQUID_data__IVB_BS30_A1S1_I_coil_+-0.3mA_fine_284mK_191103__IVB__T_1p40K[0.000077250],0,up,2521,0.9992063492063492
D4.2__Fig 2__SQUID_data__IVB_BS30_A1S1_I_coil_+-0.3mA_fine_284mK_191103__IVB__T_1p40K[0.000077250],1,down,4999,0.9997999199679872
D4.2__Fig 2__SQUID_data__IVB_BS30_A1S1_I_coil_+-0.3mA_fine_284mK_191103__IVB__T_1p40K[0.000077250],2,up,2480,1.0
D4.2__Fig 2__SQUID_data__IVB_BS30_A1S1_I_coil_+-0.3mA_fine_284mK_191103__IVB__T_1p40K[0.000078000],0,up,2521,0.9992063492063492
D4.2__Fig 2__SQUID_data__IVB_BS30_A1S1_I_coil_+-0.3mA_fine_284mK_191103__IVB__T_1p40K[0.000078000],1,down,5000,0.9995999199839968
D4.2__Fig 2__SQUID_data__IVB_BS30_A1S1_I_coil_+-0.3mA_fine_284mK_191103__IVB__T_1p40K[0.000078000],2,up,2479,1.0
D4.2__Fig 2__SQUID_data__IVB_BS30_A1S1_I_coil_+-0.3mA_fine_284mK_191103__IVB__T_1p40K[0.000078750],0,up,2521,0.9992063492063492
D4.2__Fig 2__SQUID_data__IVB_BS30_A1S1_I_coil_+-0.3mA_fine_284mK_191103__IVB__T_1p40K[0.000078750],1,down,5000,0.9995999199839968
D4.2__Fig 2__SQUID_data__IVB_BS30_A1S1_I_coil_+-0.3mA_fine_284mK_191103__IVB__T_1p40K[0.000078750],2,up,2479,1.0
D4.2__Fig 2__SQUID_data__IVB_BS30_A1S1_I_coil_+-0.3mA_fine_284mK_191103__IVB__T_1p40K[0.000079500],0,up,2521,0.9992063492063492
D4.2__Fig 2__SQUID_data__IVB_BS30_A1S1_I_coil_+-0.3mA_fine_284mK_191103__IVB__T_1p40K[0.000079500],1,down,5000,0.9995999199839968
D4.2__Fig 2__SQUID_data__IVB_BS30_A1S1_I_coil_+-0.3mA_fine_284mK_191103__IVB__T_1p40K[0.000079500],2,up,2479,1.0
D4.2__Fig 2__SQUID_data__IVB_BS30_A1S1_I_coil_+-0.3mA_fine_284mK_191103__IVB__T_1p40K[0.000080250],0,up,2521,0.9996031746031746
D4.2__Fig 2__SQUID_data__IVB_BS30_A1S1_I_coil_+-0.3mA_fine_284mK_191103__IVB__T_1p40K[0.000080250],1,down,5000,0.9997999599919984
D4.2__Fig 2__SQUID_data__IVB_BS30_A1S1_I_coil_+-0.3mA_fine_284mK_191103__IVB__T_1p40K[0.000080250],2,up,2479,1.0
D4.2__Fig 2__SQUID_data__IVB_BS30_A1S1_I_coil_+-0.3mA_fine_284mK_191103__IVB__T_1p40K[0.000081000],0,up,2520,0.999206034140532
D4.2__Fig 2__SQUID_data__IVB_BS30_A1S1_I_coil_+-0.3mA_fine_284mK_191103__IVB__T_1p40K[0.000081000],1,down,5001,0.9996
D4.2__Fig 2__SQUID_data__IVB_BS30_A1S1_I_coil_+-0.3mA_fine_284mK_191103__IVB__T_1p40K[0.000081000],2,up,2479,1.0
D4.2__Fig 2__SQUID_data__IVB_BS30_A1S1_I_coil_+-0.3mA_fine_284mK_191103__IVB__T_1p40K[0.000081750],0,up,2521,0.9992063492063492
D4.2__Fig 2__SQUID_data__IVB_BS30_A1S1_I_coil_+-0.3mA_fine_284mK_191103__IVB__T_1p40K[0.000081750],1,down,5000,0.9995999199839968
D4.2__Fig 2__SQUID_data__IVB_BS30_A1S1_I_coil_+-0.3mA_fine_284mK_191103__IVB__T_1p40K[0.000081750],2,up,2479,1.0
D4.2__Fig 2__SQUID_data__IVB_BS30_A1S1_I_coil_+-0.3mA_fine_284mK_191103__IVB__T_1p40K[0.000082500],0,up,2521,0.9992063492063492
D4.2__Fig 2__SQUID_data__IVB_BS30_A1S1_I_coil_+-0.3mA_fine_284mK_191103__IVB__T_1p40K[0.000082500],1,down,5000,0.9995999199839968
D4.2__Fig 2__SQUID_data__IVB_BS30_A1S1_I_coil_+-0.3mA_fine_284mK_191103__IVB__T_1p40K[0.000082500],2,up,2479,1.0
D4.2__Fig 2__SQUID_data__IVB_BS30_A1S1_I_coil_+-0.3mA_fine_284mK_191103__IVB__T_1p40K[0.000083250],0,up,2521,0.9988095238095238
D4.2__Fig 2__SQUID_data__IVB_BS30_A1S1_I_coil_+-0.3mA_fine_284mK_191103__IVB__T_1p40K[0.000083250],1,down,5000,0.9995999199839968
D4.2__Fig 2__SQUID_data__IVB_BS30_A1S1_I_coil_+-0.3mA_fine_284mK_191103__IVB__T_1p40K[0.000083250],2,up,2479,1.0
D4.2__Fig 2__SQUID_data__IVB_BS30_A1S1_I_coil_+-0.3mA_fine_284mK_191103__IVB__T_1p40K[0.000084000],0,up,2522,0.9988099960333201
D4.2__Fig 2__SQUID_data__IVB_BS30_A1S1_I_coil_+-0.3mA_fine_284mK_191103__IVB__T_1p40K[0.000084000],1,down,4999,0.9995998399359743
D4.2__Fig 2__SQUID_data__IVB_BS30_A1S1_I_coil_+-0.3mA_fine_284mK_191103__IVB__T_1p40K[0.000084000],2,up,2479,1.0
D4.2__Fig 2__SQUID_data__IVB_BS30_A1S1_I_coil_+-0.3mA_fine_284mK_191103__IVB__T_1p40K[0.000084750],0,up,2520,0.999603017070266
D4.2__Fig 2__SQUID_data__IVB_BS30_A1S1_I_coil_+-0.3mA_fine_284mK_191103__IVB__T_1p40K[0.000084750],1,down,5001,0.9996
D4.2__Fig 2__SQUID_data__IVB_BS30_A1S1_I_coil_+-0.3mA_fine_284mK_191103__IVB__T_1p40K[0.000084750],2,up,2479,1.0
D4.2__Fig 2__SQUID_data__IVB_BS30_A1S1_I_coil_+-0.3mA_fine_284mK_191103__IVB__T_1p40K[0.000085500],0,up,2521,0.9992063492063492
D4.2__Fig 2__SQUID_data__IVB_BS30_A1S1_I_coil_+-0.3mA_fine_284mK_191103__IVB__T_1p40K[0.000085500],1,down,5000,0.9995999199839968
D4.2__Fig 2__SQUID_data__IVB_BS30_A1S1_I_coil_+-0.3mA_fine_284mK_191103__IVB__T_1p40K[0.000085500],2,up,2479,1.0
D4.2__Fig 2__SQUID_data__IVB_BS30_A1S1_I_coil_+-0.3mA_fine_284mK_191103__IVB__T_1p40K[0.000086250],0,up,2521,0.9992063492063492
D4.2__Fig 2__SQUID_data__IVB_BS30_A1S1_I_coil_+-0.3mA_fine_284mK_191103__IVB__T_1p40K[0.000086250],1,down,5000,0.9995999199839968
D4.2__Fig 2__SQUID_data__IVB_BS30_A1S1_I_coil_+-0.3mA_fine_284mK_191103__IVB__T_1p40K[0.000086250],2,up,2479,1.0
D4.2__Fig 2__SQUID_data__IVB_BS30_A1S1_I_coil_+-0.3mA_fine_284mK_191103__IVB__T_1p40K[0.000087000],0,up,2521,0.9988095238095238
D4.2__Fig 2__SQUID_data__IVB_BS30_A1S1_I_coil_+-0.3mA_fine_284mK_191103__IVB__T_1p40K[0.000087000],1,down,5000,0.9997999599919984
D4.2__Fig 2__SQUID_data__IVB_BS30_A1S1_I_coil_+-0.3mA_fine_284mK_191103__IVB__T_1p40K[0.000087000],2,up,2479,1.0
D4.2__Fig 2__SQUID_data__IVB_BS30_A1S1_I_coil_+-0.3mA_fine_284mK_191103__IVB__T_1p40K[0.000087750],0,up,2521,0.9988095238095238
D4.2__Fig 2__SQUID_data__IVB_BS30_A1S1_I_coil_+-0.3mA_fine_284mK_191103__IVB__T_1p40K[0.000087750],1,down,5000,0.9995999199839968
D4.2__Fig 2__SQUID_data__IVB_BS30_A1S1_I_coil_+-0.3mA_fine_284mK_191103__IVB__T_1p40K[0.000087750],2,up,2479,1.0
D4.2__Fig 2__SQUID_data__IVB_BS30_A1S1_I_coil_+-0.3mA_fine_284mK_191103__IVB__T_1p40K[0.000088500],0,up,2521,0.9988095238095238
D4.2__Fig 2__SQUID_data__IVB_BS30_A1S1_I_coil_+-0.3mA_fine_284mK_191103__IVB__T_1p40K[0.000088500],1,down,5000,0.9993998799759952
D4.2__Fig 2__SQUID_data__IVB_BS30_A1S1_I_coil_+-0.3mA_fine_284mK_191103__IVB__T_1p40K[0.000088500],2,up,2479,0.9995964487489911
D4.2__Fig 2__SQUID_data__IVB_BS30_A1S1_I_coil_+-0.3mA_fine_284mK_191103__IVB__T_1p40K[0.000089250],0,up,2521,0.9992063492063492
D4.2__Fig 2__SQUID_data__IVB_BS30_A1S1_I_coil_+-0.3mA_fine_284mK_191103__IVB__T_1p40K[0.000089250],1,down,5000,0.9995999199839968
D4.2__Fig 2__SQUID_data__IVB_BS30_A1S1_I_coil_+-0.3mA_fine_284mK_191103__IVB__T_1p40K[0.000089250],2,up,2479,1.0
D4.2__Fig 2__SQUID_data__IVB_BS30_A1S1_I_coil_+-0.3mA_fine_284mK_191103__IVB__T_1p40K[0.000090000],0,up,2521,0.9984126984126984
D4.2__Fig 2__SQUID_data__IVB_BS30_A1S1_I_coil_+-0.3mA_fine_284mK_191103__IVB__T_1p40K[0.000090000],1,down,5000,0.9995999199839968
D4.2__Fig 2__SQUID_data__IVB_BS30_A1S1_I_coil_+-0.3mA_fine_284mK_191103__IVB__T_1p40K[0.000090000],2,up,2479,1.0
D4.2__Fig 2__SQUID_data__IVB_BS30_A1S1_I_coil_+-0.3mA_fine_284mK_191103__IVB__T_1p40K[0.000090750],0,up,2521,0.9992063492063492
D4.2__Fig 2__SQUID_data__IVB_BS30_A1S1_I_coil_+-0.3mA_fine_284mK_191103__IVB__T_1p40K[0.000090750],1,down,5000,0.9995999199839968
D4.2__Fig 2__SQUID_data__IVB_BS30_A1S1_I_coil_+-0.3mA_fine_284mK_191103__IVB__T_1p40K[0.000090750],2,up,2479,1.0
D4.2__Fig 2__SQUID_data__IVB_BS30_A1S1_I_coil_+-0.3mA_fine_284mK_191103__IVB__T_1p40K[0.000091500],0,up,2521,0.9992063492063492
D4.2__Fig 2__SQUID_data__IVB_BS30_A1S1_I_coil_+-0.3mA_fine_284mK_191103__IVB__T_1p40K[0.000091500],1,down,5000,0.9995999199839968
D4.2__Fig 2__SQUID_data__IVB_BS30_A1S1_I_coil_+-0.3mA_fine_284mK_191103__IVB__T_1p40K[0.000091500],2,up,2479,1.0
D4.2__Fig 2__SQUID_data__IVB_BS30_A1S1_I_coil_+-0.3mA_fine_284mK_191103__IVB__T_1p40K[0.000092250],0,up,2522,0.9988099960333201
D4.2__Fig 2__SQUID_data__IVB_BS30_A1S1_I_coil_+-0.3mA_fine_284mK_191103__IVB__T_1p40K[0.000092250],1,down,4999,0.9995998399359743
D4.2__Fig 2__SQUID_data__IVB_BS30_A1S1_I_coil_+-0.3mA_fine_284mK_191103__IVB__T_1p40K[0.000092250],2,up,2479,1.0
D4.2__Fig 2__SQUID_data__IVB_BS30_A1S1_I_coil_+-0.3mA_fine_284mK_191103__IVB__T_1p40K[0.000093000],0,up,2521,0.9988095238095238
D4.2__Fig 2__SQUID_data__IVB_BS30_A1S1_I_coil_+-0.3mA_fine_284mK_191103__IVB__T_1p40K[0.000093000],1,down,5000,0.9997999599919984
D4.2__Fig 2__SQUID_data__IVB_BS30_A1S1_I_coil_+-0.3mA_fine_284mK_191103__IVB__T_1p40K[0.000093000],2,up,2479,1.0
D4.2__Fig 2__SQUID_data__IVB_BS30_A1S1_I_coil_+-0.3mA_fine_284mK_191103__IVB__T_1p40K[0.000093750],0,up,2521,0.9988095238095238
D4.2__Fig 2__SQUID_data__IVB_BS30_A1S1_I_coil_+-0.3mA_fine_284mK_191103__IVB__T_1p40K[0.000093750],1,down,5000,0.9993998799759952
D4.2__Fig 2__SQUID_data__IVB_BS30_A1S1_I_coil_+-0.3mA_fine_284mK_191103__IVB__T_1p40K[0.000093750],2,up,2479,1.0
D4.2__Fig 2__SQUID_data__IVB_BS30_A1S1_I_coil_+-0.3mA_fine_284mK_191103__IVB__T_1p40K[0.000094500],0,up,2521,0.9996031746031746
D4.2__Fig 2__SQUID_data__IVB_BS30_A1S1_I_coil_+-0.3mA_fine_284mK_191103__IVB__T_1p40K[0.000094500],1,down,5000,0.9995999199839968
D4.2__Fig 2__SQUID_data__IVB_BS30_A1S1_I_coil_+-0.3mA_fine_284mK_191103__IVB__T_1p40K[0.000094500],2,up,2479,1.0
D4.2__Fig 2__SQUID_data__IVB_BS30_A1S1_I_coil_+-0.3mA_fine_284mK_191103__IVB__T_1p40K[0.000095250],0,up,2521,0.9992063492063492
D4.2__Fig 2__SQUID_data__IVB_BS30_A1S1_I_coil_+-0.3mA_fine_284mK_191103__IVB__T_1p40K[0.000095250],1,down,5000,0.9995999199839968
D4.2__Fig 2__SQUID_data__IVB_BS30_A1S1_I_coil_+-0.3mA_fine_284mK_191103__IVB__T_1p40K[0.000095250],2,up,2479,1.0
D4.2__Fig 2__SQUID_data__IVB_BS30_A1S1_I_coil_+-0.3mA_fine_284mK_191103__IVB__T_1p40K[0.000096000],0,up,2521,0.9996031746031746
D4.2__Fig 2__SQUID_data__IVB_BS30_A1S1_I_coil_+-0.3mA_fine_284mK_191103__IVB__T_1p40K[0.000096000],1,down,5001,0.9994
D4.2__Fig 2__SQUID_data__IVB_BS30_A1S1_I_coil_+-0.3mA_fine_284mK_191103__IVB__T_1p40K[0.000096000],2,up,2478,1.0
D4.2__Fig 2__SQUID_data__IVB_BS30_A1S1_I_coil_+-0.3mA_fine_284mK_191103__IVB__T_1p40K[0.000096750],0,up,2521,0.9992063492063492
D4.2__Fig 2__SQUID_data__IVB_BS30_A1S1_I_coil_+-0.3mA_fine_284mK_191103__IVB__T_1p40K[0.000096750],1,down,5000,0.9993998799759952
D4.2__Fig 2__SQUID_data__IVB_BS30_A1S1_I_coil_+-0.3mA_fine_284mK_191103__IVB__T_1p40K[0.000096750],2,up,2479,1.0
D4.2__Fig 2__SQUID_data__IVB_BS30_A1S1_I_coil_+-0.3mA_fine_284mK_191103__IVB__T_1p40K[0.000097500],0,up,2521,0.9988095238095238
D4.2__Fig 2__SQUID_data__IVB_BS30_A1S1_I_coil_+-0.3mA_fine_284mK_191103__IVB__T_1p40K[0.000097500],1,down,5000,0.9995999199839968
D4.2__Fig 2__SQUID_data__IVB_BS30_A1S1_I_coil_+-0.3mA_fine_284mK_191103__IVB__T_1p40K[0.000097500],2,up,2479,1.0
D4.2__Fig 2__SQUID_data__IVB_BS30_A1S1_I_coil_+-0.3mA_fine_284mK_191103__IVB__T_1p40K[0.000098250],0,up,2521,0.9984126984126984
D4.2__Fig 2__SQUID_data__IVB_BS30_A1S1_I_coil_+-0.3mA_fine_284mK_191103__IVB__T_1p40K[0.000098250],1,down,5000,0.9997999599919984
D4.2__Fig 2__SQUID_data__IVB_BS30_A1S1_I_coil_+-0.3mA_fine_284mK_191103__IVB__T_1p40K[0.000098250],2,up,2479,1.0
D4.2__Fig 2__SQUID_data__IVB_BS30_A1S1_I_coil_+-0.3mA_fine_284mK_191103__IVB__T_1p40K[0.000099000],0,up,2521,0.9988095238095238
D4.2__Fig 2__SQUID_data__IVB_BS30_A1S1_I_coil_+-0.3mA_fine_284mK_191103__IVB__T_1p40K[0.000099000],1,down,5000,0.9995999199839968
D4.2__Fig 2__SQUID_data__IVB_BS30_A1S1_I_coil_+-0.3mA_fine_284mK_191103__IVB__T_1p40K[0.000099000],2,up,2479,1.0
D4.2__Fig 2__SQUID_data__IVB_BS30_A1S1_I_coil_+-0.3mA_fine_284mK_191103__IVB__T_1p40K[0.000099750],0,up,2521,0.9992063492063492
D4.2__Fig 2__SQUID_data__IVB_BS30_A1S1_I_coil_+-0.3mA_fine_284mK_191103__IVB__T_1p40K[0.000099750],1,down,5000,0.9995999199839968
D4.2__Fig 2__SQUID_data__IVB_BS30_A1S1_I_coil_+-0.3mA_fine_284mK_191103__IVB__T_1p40K[0.000099750],2,up,2479,1.0
D4.2__Fig 2__SQUID_data__IVB_BS30_A1S1_I_coil_+-0.3mA_fine_284mK_191103__IVB__T_1p40K[0.000100500],0,up,2521,0.9992063492063492
D4.2__Fig 2__SQUID_data__IVB_BS30_A1S1_I_coil_+-0.3mA_fine_284mK_191103__IVB__T_1p40K[0.000100500],1,down,5000,0.9997999599919984
D4.2__Fig 2__SQUID_data__IVB_BS30_A1S1_I_coil_+-0.3mA_fine_284mK_191103__IVB__T_1p40K[0.000100500],2,up,2479,1.0
D4.2__Fig 2__SQUID_data__IVB_BS30_A1S1_I_coil_+-0.3mA_fine_284mK_191103__IVB__T_1p40K[0.000101250],0,up,2521,0.9988095238095238
D4.2__Fig 2__SQUID_data__IVB_BS30_A1S1_I_coil_+-0.3mA_fine_284mK_191103__IVB__T_1p40K[0.000101250],1,down,5000,0.9997999599919984
D4.2__Fig 2__SQUID_data__IVB_BS30_A1S1_I_coil_+-0.3mA_fine_284mK_191103__IVB__T_1p40K[0.000101250],2,up,2479,1.0
D4.2__Fig 2__SQUID_data__IVB_BS30_A1S1_I_coil_+-0.3mA_fine_284mK_191103__IVB__T_1p40K[0.000102000],0,up,2521,0.9992063492063492
D4.2__Fig 2__SQUID_data__IVB_BS30_A1S1_I_coil_+-0.3mA_fine_284mK_191103__IVB__T_1p40K[0.000102000],1,down,5000,0.9997999599919984
D4.2__Fig 2__SQUID_data__IVB_BS30_A1S1_I_coil_+-0.3mA_fine_284mK_191103__IVB__T_1p40K[0.000102000],2,up,2479,1.0
D4.2__Fig 2__SQUID_data__IVB_BS30_A1S1_I_coil_+-0.3mA_fine_284mK_191103__IVB__T_1p40K[0.000102750],0,up,2521,0.9988095238095238
D4.2__Fig 2__SQUID_data__IVB_BS30_A1S1_I_coil_+-0.3mA_fine_284mK_191103__IVB__T_1p40K[0.000102750],1,down,5000,0.9995999199839968
D4.2__Fig 2__SQUID_data__IVB_BS30_A1S1_I_coil_+-0.3mA_fine_284mK_191103__IVB__T_1p40K[0.000102750],2,up,2479,1.0
D4.2__Fig 2__SQUID_data__IVB_BS30_A1S1_I_coil_+-0.3mA_fine_284mK_191103__IVB__T_1p40K[0.000103500],0,up,2520,0.999603017070266
D4.2__Fig 2__SQUID_data__IVB_BS30_A1S1_I_coil_+-0.3mA_fine_284mK_191103__IVB__T_1p40K[0.000103500],1,down,5001,0.9998
D4.2__Fig 2__SQUID_data__IVB_BS30_A1S1_I_coil_+-0.3mA_fine_284mK_191103__IVB__T_1p40K[0.000103500],2,up,2479,1.0
D4.2__Fig 2__SQUID_data__IVB_BS30_A1S1_I_coil_+-0.3mA_fine_284mK_191103__IVB__T_1p40K[0.000104250],0,up,2521,0.9988095238095238
D4.2__Fig 2__SQUID_data__IVB_BS30_A1S1_I_coil_+-0.3mA_fine_284mK_191103__IVB__T_1p40K[0.000104250],1,down,5000,0.9995999199839968
D4.2__Fig 2__SQUID_data__IVB_BS30_A1S1_I_coil_+-0.3mA_fine_284mK_191103__IVB__T_1p40K[0.000104250],2,up,2479,1.0
D4.2__Fig 2__SQUID_data__IVB_BS30_A1S1_I_coil_+-0.3mA_fine_284mK_191103__IVB__T_1p40K[0.000105000],0,up,2521,0.9992063492063492
D4.2__Fig 2__SQUID_data__IVB_BS30_A1S1_I_coil_+-0.3mA_fine_284mK_191103__IVB__T_1p40K[0.000105000],1,down,5000,0.9995999199839968
D4.2__Fig 2__SQUID_data__IVB_BS30_A1S1_I_coil_+-0.3mA_fine_284mK_191103__IVB__T_1p40K[0.000105000],2,up,2479,1.0
D4.2__Fig 2__SQUID_data__IVB_BS30_A1S1_I_coil_+-0.3mA_fine_284mK_191103__IVB__T_1p40K[0.000105750],0,up,2521,0.9992063492063492
D4.2__Fig 2__SQUID_data__IVB_BS30_A1S1_I_coil_+-0.3mA_fine_284mK_191103__IVB__T_1p40K[0.000105750],1,down,5000,0.9993998799759952
D4.2__Fig 2__SQUID_data__IVB_BS30_A1S1_I_coil_+-0.3mA_fine_284mK_191103__IVB__T_1p40K[0.000105750],2,up,2479,1.0
D4.2__Fig 2__SQUID_data__IVB_BS30_A1S1_I_coil_+-0.3mA_fine_284mK_191103__IVB__T_1p40K[0.000106500],0,up,2521,0.9992063492063492
D4.2__Fig 2__SQUID_data__IVB_BS30_A1S1_I_coil_+-0.3mA_fine_284mK_191103__IVB__T_1p40K[0.000106500],1,down,5000,0.9995999199839968
D4.2__Fig 2__SQUID_data__IVB_BS30_A1S1_I_coil_+-0.3mA_fine_284mK_191103__IVB__T_1p40K[0.000106500],2,up,2479,1.0
D4.2__Fig 2__SQUID_data__IVB_BS30_A1S1_I_coil_+-0.3mA_fine_284mK_191103__IVB__T_1p40K[0.000107250],0,up,2521,0.9992063492063492
D4.2__Fig 2__SQUID_data__IVB_BS30_A1S1_I_coil_+-0.3mA_fine_284mK_191103__IVB__T_1p40K[0.000107250],1,down,5001,0.9992
D4.2__Fig 2__SQUID_data__IVB_BS30_A1S1_I_coil_+-0.3mA_fine_284mK_191103__IVB__T_1p40K[0.000107250],2,up,2478,1.0
D4.2__Fig 2__SQUID_data__IVB_BS30_A1S1_I_coil_+-0.3mA_fine_284mK_191103__IVB__T_1p40K[0.000108000],0,up,2521,0.9992063492063492
D4.2__Fig 2__SQUID_data__IVB_BS30_A1S1_I_coil_+-0.3mA_fine_284mK_191103__IVB__T_1p40K[0.000108000],1,down,5000,0.9995999199839968
D4.2__Fig 2__SQUID_data__IVB_BS30_A1S1_I_coil_+-0.3mA_fine_284mK_191103__IVB__T_1p40K[0.000108000],2,up,2479,1.0
D4.2__Fig 2__SQUID_data__IVB_BS30_A1S1_I_coil_+-0.3mA_fine_284mK_191103__IVB__T_1p40K[0.000108750],0,up,2521,0.9992063492063492
D4.2__Fig 2__SQUID_data__IVB_BS30_A1S1_I_coil_+-0.3mA_fine_284mK_191103__IVB__T_1p40K[0.000108750],1,down,5000,0.9993998799759952
D4.2__Fig 2__SQUID_data__IVB_BS30_A1S1_I_coil_+-0.3mA_fine_284mK_191103__IVB__T_1p40K[0.000108750],2,up,2479,1.0
D4.2__Fig 2__SQUID_data__IVB_BS30_A1S1_I_coil_+-0.3mA_fine_284mK_191103__IVB__T_1p40K[0.000109500],0,up,2521,0.9988095238095238
D4.2__Fig 2__SQUID_data__IVB_BS30_A1S1_I_coil_+-0.3mA_fine_284mK_191103__IVB__T_1p40K[0.000109500],1,down,5000,0.9995999199839968
D4.2__Fig 2__SQUID_data__IVB_BS30_A1S1_I_coil_+-0.3mA_fine_284mK_191103__IVB__T_1p40K[0.000109500],2,up,2479,1.0
D4.2__Fig 2__SQUID_data__IVB_BS30_A1S1_I_coil_+-0.3mA_fine_284mK_191103__IVB__T_1p40K[0.000110250],0,up,2521,0.9988095238095238
D4.2__Fig 2__SQUID_data__IVB_BS30_A1S1_I_coil_+-0.3mA_fine_284mK_191103__IVB__T_1p40K[0.000110250],1,down,4999,0.9997999199679872
D4.2__Fig 2__SQUID_data__IVB_BS30_A1S1_I_coil_+-0.3mA_fine_284mK_191103__IVB__T_1p40K[0.000110250],2,up,2480,1.0
D4.2__Fig 2__SQUID_data__IVB_BS30_A1S1_I_coil_+-0.3mA_fine_284mK_191103__IVB__T_1p40K[0.000111000],0,up,2521,0.9992063492063492
D4.2__Fig 2__SQUID_data__IVB_BS30_A1S1_I_coil_+-0.3mA_fine_284mK_191103__IVB__T_1p40K[0.000111000],1,down,5000,0.9995999199839968
D4.2__Fig 2__SQUID_data__IVB_BS30_A1S1_I_coil_+-0.3mA_fine_284mK_191103__IVB__T_1p40K[0.000111000],2,up,2479,1.0
D4.2__Fig 2__SQUID_data__IVB_BS30_A1S1_I_coil_+-0.3mA_fine_284mK_191103__IVB__T_1p40K[0.000111750],0,up,2521,0.9992063492063492
D4.2__Fig 2__SQUID_data__IVB_BS30_A1S1_I_coil_+-0.3mA_fine_284mK_191103__IVB__T_1p40K[0.000111750],1,down,5000,0.9997999599919984
D4.2__Fig 2__SQUID_data__IVB_BS30_A1S1_I_coil_+-0.3mA_fine_284mK_191103__IVB__T_1p40K[0.000111750],2,up,2479,1.0
D4.2__Fig 2__SQUID_data__IVB_BS30_A1S1_I_coil_+-0.3mA_fine_284mK_191103__IVB__T_1p40K[0.000112500],0,up,2521,0.9992063492063492
D4.2__Fig 2__SQUID_data__IVB_BS30_A1S1_I_coil_+-0.3mA_fine_284mK_191103__IVB__T_1p40K[0.000112500],1,down,5001,0.9994
D4.2__Fig 2__SQUID_data__IVB_BS30_A1S1_I_coil_+-0.3mA_fine_284mK_191103__IVB__T_1p40K[0.000112500],2,up,2478,1.0
D4.2__Fig 2__SQUID_data__IVB_BS30_A1S1_I_coil_+-0.3mA_fine_284mK_191103__IVB__T_1p40K[0.000113250],0,up,2520,0.999603017070266
D4.2__Fig 2__SQUID_data__IVB_BS30_A1S1_I_coil_+-0.3mA_fine_284mK_191103__IVB__T_1p40K[0.000113250],1,down,5001,0.9998
D4.2__Fig 2__SQUID_data__IVB_BS30_A1S1_I_coil_+-0.3mA_fine_284mK_191103__IVB__T_1p40K[0.000113250],2,up,2479,1.0
D4.2__Fig 2__SQUID_data__IVB_BS30_A1S1_I_coil_+-0.3mA_fine_284mK_191103__IVB__T_1p40K[0.000114000],0,up,2521,0.9996031746031746
D4.2__Fig 2__SQUID_data__IVB_BS30_A1S1_I_coil_+-0.3mA_fine_284mK_191103__IVB__T_1p40K[0.000114000],1,down,5000,0.9997999599919984
D4.2__Fig 2__SQUID_data__IVB_BS30_A1S1_I_coil_+-0.3mA_fine_284mK_191103__IVB__T_1p40K[0.000114000],2,up,2479,1.0
D4.2__Fig 2__SQUID_data__IVB_BS30_A1S1_I_coil_+-0.3mA_fine_284mK_191103__IVB__T_1p40K[0.000114750],0,up,2521,0.9992063492063492
D4.2__Fig 2__SQUID_data__IVB_BS30_A1S1_I_coil_+-0.3mA_fine_284mK_191103__IVB__T_1p40K[0.000114750],1,down,5001,0.9996
D4.2__Fig 2__SQUID_data__IVB_BS30_A1S1_I_coil_+-0.3mA_fine_284mK_191103__IVB__T_1p40K[0.000114750],2,up,2478,1.0
D4.2__Fig 2__SQUID_data__IVB_BS30_A1S1_I_coil_+-0.3mA_fine_284mK_191103__IVB__T_1p40K[0.000115500],0,up,2521,0.9992063492063492
D4.2__Fig 2__SQUID_data__IVB_BS30_A1S1_I_coil_+-0.3mA_fine_284mK_191103__IVB__T_1p40K[0.000115500],1,down,5000,0.9995999199839968
D4.2__Fig 2__SQUID_data__IVB_BS30_A1S1_I_coil_+-0.3mA_fine_284mK_191103__IVB__T_1p40K[0.000115500],2,up,2479,1.0
D4.2__Fig 2__SQUID_data__IVB_BS30_A1S1_I_coil_+-0.3mA_fine_284mK_191103__IVB__T_1p40K[0.000116250],0,up,2521,0.9988095238095238
D4.2__Fig 2__SQUID_data__IVB_BS30_A1S1_I_coil_+-0.3mA_fine_284mK_191103__IVB__T_1p40K[0.000116250],1,down,5000,0.9995999199839968
D4.2__Fig 2__SQUID_data__IVB_BS30_A1S1_I_coil_+-0.3mA_fine_284mK_191103__IVB__T_1p40K[0.000116250],2,up,2479,1.0
D4.2__Fig 2__SQUID_data__IVB_BS30_A1S1_I_coil_+-0.3mA_fine_284mK_191103__IVB__T_1p40K[0.000117000],0,up,2521,0.9996031746031746
D4.2__Fig 2__SQUID_data__IVB_BS30_A1S1_I_coil_+-0.3mA_fine_284mK_191103__IVB__T_1p40K[0.000117000],1,down,5000,0.9997999599919984
D4.2__Fig 2__SQUID_data__IVB_BS30_A1S1_I_coil_+-0.3mA_fine_284mK_191103__IVB__T_1p40K[0.000117000],2,up,2479,1.0
D4.2__Fig 2__SQUID_data__IVB_BS30_A1S1_I_coil_+-0.3mA_fine_284mK_191103__IVB__T_1p40K[0.000117750],0,up,2521,0.9996031746031746
D4.2__Fig 2__SQUID_data__IVB_BS30_A1S1_I_coil_+-0.3mA_fine_284mK_191103__IVB__T_1p40K[0.000117750],1,down,5001,0.9996
D4.2__Fig 2__SQUID_data__IVB_BS30_A1S1_I_coil_+-0.3mA_fine_284mK_191103__IVB__T_1p40K[0.000117750],2,up,2478,1.0
D4.2__Fig 2__SQUID_data__IVB_BS30_A1S1_I_coil_+-0.3mA_fine_284mK_191103__IVB__T_1p40K[0.000118500],0,up,2521,0.9992063492063492
D4.2__Fig 2__SQUID_data__IVB_BS30_A1S1_I_coil_+-0.3mA_fine_284mK_191103__IVB__T_1p40K[0.000118500],1,down,5001,0.9992
D4.2__Fig 2__SQUID_data__IVB_BS30_A1S1_I_coil_+-0.3mA_fine_284mK_191103__IVB__T_1p40K[0.000118500],2,up,2478,1.0
D4.2__Fig 2__SQUID_data__IVB_BS30_A1S1_I_coil_+-0.3mA_fine_284mK_191103__IVB__T_1p40K[0.000119250],0,up,2521,0.9992063492063492
D4.2__Fig 2__SQUID_data__IVB_BS30_A1S1_I_coil_+-0.3mA_fine_284mK_191103__IVB__T_1p40K[0.000119250],1,down,5000,0.9995999199839968
D4.2__Fig 2__SQUID_data__IVB_BS30_A1S1_I_coil_+-0.3mA_fine_284mK_191103__IVB__T_1p40K[0.000119250],2,up,2479,1.0
D4.2__Fig 2__SQUID_data__IVB_BS30_A1S1_I_coil_+-0.3mA_fine_284mK_191103__IVB__T_1p40K[0.000120000],0,up,2521,1.0
D4.2__Fig 2__SQUID_data__IVB_BS30_A1S1_I_coil_+-0.3mA_fine_284mK_191103__IVB__T_1p40K[0.000120000],1,down,4999,0.9995998399359743
D4.2__Fig 2__SQUID_data__IVB_BS30_A1S1_I_coil_+-0.3mA_fine_284mK_191103__IVB__T_1p40K[0.000120000],2,up,2480,1.0
D4.2__Fig 2__SQUID_data__IVB_BS30_A1S1_I_coil_+-0.3mA_fine_284mK_191103__IVB__T_1p40K[0.000120750],0,up,2520,0.999603017070266
D4.2__Fig 2__SQUID_data__IVB_BS30_A1S1_I_coil_+-0.3mA_fine_284mK_191103__IVB__T_1p40K[0.000120750],1,down,5001,0.9996
D4.2__Fig 2__SQUID_data__IVB_BS30_A1S1_I_coil_+-0.3mA_fine_284mK_191103__IVB__T_1p40K[0.000120750],2,up,2479,1.0
D4.2__Fig 2__SQUID_data__IVB_BS30_A1S1_I_coil_+-0.3mA_fine_284mK_191103__IVB__T_1p40K[0.000121500],0,up,2521,0.9992063492063492
D4.2__Fig 2__SQUID_data__IVB_BS30_A1S1_I_coil_+-0.3mA_fine_284mK_191103__IVB__T_1p40K[0.000121500],1,down,5000,0.9997999599919984
D4.2__Fig 2__SQUID_data__IVB_BS30_A1S1_I_coil_+-0.3mA_fine_284mK_191103__IVB__T_1p40K[0.000121500],2,up,2479,1.0
D4.2__Fig 2__SQUID_data__IVB_BS30_A1S1_I_coil_+-0.3mA_fine_284mK_191103__IVB__T_1p40K[0.000122250],0,up,2521,0.9992063492063492
D4.2__Fig 2__SQUID_data__IVB_BS30_A1S1_I_coil_+-0.3mA_fine_284mK_191103__IVB__T_1p40K[0.000122250],1,down,5000,0.9995999199839968
D4.2__Fig 2__SQUID_data__IVB_BS30_A1S1_I_coil_+-0.3mA_fine_284mK_191103__IVB__T_1p40K[0.000122250],2,up,2479,1.0
D4.2__Fig 2__SQUID_data__IVB_BS30_A1S1_I_coil_+-0.3mA_fine_284mK_191103__IVB__T_1p40K[0.000123000],0,up,2521,0.9996031746031746
D4.2__Fig 2__SQUID_data__IVB_BS30_A1S1_I_coil_+-0.3mA_fine_284mK_191103__IVB__T_1p40K[0.000123000],1,down,5001,0.9994
D4.2__Fig 2__SQUID_data__IVB_BS30_A1S1_I_coil_+-0.3mA_fine_284mK_191103__IVB__T_1p40K[0.000123000],2,up,2478,1.0
D4.2__Fig 2__SQUID_data__IVB_BS30_A1S1_I_coil_+-0.3mA_fine_284mK_191103__IVB__T_1p40K[0.000123750],0,up,2521,0.9988095238095238
D4.2__Fig 2__SQUID_data__IVB_BS30_A1S1_I_coil_+-0.3mA_fine_284mK_191103__IVB__T_1p40K[0.000123750],1,down,5000,0.9997999599919984
D4.2__Fig 2__SQUID_data__IVB_BS30_A1S1_I_coil_+-0.3mA_fine_284mK_191103__IVB__T_1p40K[0.000123750],2,up,2479,1.0
D4.2__Fig 2__SQUID_data__IVB_BS30_A1S1_I_coil_+-0.3mA_fine_284mK_191103__IVB__T_1p40K[0.000124500],0,up,2521,0.9988095238095238
D4.2__Fig 2__SQUID_data__IVB_BS30_A1S1_I_coil_+-0.3mA_fine_284mK_191103__IVB__T_1p40K[0.000124500],1,down,5000,0.9995999199839968
D4.2__Fig 2__SQUID_data__IVB_BS30_A1S1_I_coil_+-0.3mA_fine_284mK_191103__IVB__T_1p40K[0.000124500],2,up,2479,1.0
D4.2__Fig 2__SQUID_data__IVB_BS30_A1S1_I_coil_+-0.3mA_fine_284mK_191103__IVB__T_1p40K[0.000125250],0,up,2521,0.9988095238095238
D4.2__Fig 2__SQUID_data__IVB_BS30_A1S1_I_coil_+-0.3mA_fine_284mK_191103__IVB__T_1p40K[0.000125250],1,down,5000,0.9995999199839968
D4.2__Fig 2__SQUID_data__IVB_BS30_A1S1_I_coil_+-0.3mA_fine_284mK_191103__IVB__T_1p40K[0.000125250],2,up,2479,1.0
D4.2__Fig 2__SQUID_data__IVB_BS30_A1S1_I_coil_+-0.3mA_fine_284mK_191103__IVB__T_1p40K[0.000126000],0,up,2521,0.9988095238095238
D4.2__Fig 2__SQUID_data__IVB_BS30_A1S1_I_coil_+-0.3mA_fine_284mK_191103__IVB__T_1p40K[0.000126000],1,down,5000,0.9997999599919984
D4.2__Fig 2__SQUID_data__IVB_BS30_A1S1_I_coil_+-0.3mA_fine_284mK_191103__IVB__T_1p40K[0.000126000],2,up,2479,1.0
D4.2__Fig 2__SQUID_data__IVB_BS30_A1S1_I_coil_+-0.3mA_fine_284mK_191103__IVB__T_1p40K[0.000126750],0,up,2520,0.999603017070266
D4.2__Fig 2__SQUID_data__IVB_BS30_A1S1_I_coil_+-0.3mA_fine_284mK_191103__IVB__T_1p40K[0.000126750],1,down,5001,0.9996
D4.2__Fig 2__SQUID_data__IVB_BS30_A1S1_I_coil_+-0.3mA_fine_284mK_191103__IVB__T_1p40K[0.000126750],2,up,2479,1.0
D4.2__Fig 2__SQUID_data__IVB_BS30_A1S1_I_coil_+-0.3mA_fine_284mK_191103__IVB__T_1p40K[0.000127500],0,up,2521,0.9992063492063492
D4.2__Fig 2__SQUID_data__IVB_BS30_A1S1_I_coil_+-0.3mA_fine_284mK_191103__IVB__T_1p40K[0.000127500],1,down,5000,0.9995999199839968
D4.2__Fig 2__SQUID_data__IVB_BS30_A1S1_I_coil_+-0.3mA_fine_284mK_191103__IVB__T_1p40K[0.000127500],2,up,2479,1.0
D4.2__Fig 2__SQUID_data__IVB_BS30_A1S1_I_coil_+-0.3mA_fine_284mK_191103__IVB__T_1p40K[0.000128250],0,up,2521,0.9992063492063492
D4.2__Fig 2__SQUID_data__IVB_BS30_A1S1_I_coil_+-0.3mA_fine_284mK_191103__IVB__T_1p40K[0.000128250],1,down,5001,0.9996
D4.2__Fig 2__SQUID_data__IVB_BS30_A1S1_I_coil_+-0.3mA_fine_284mK_191103__IVB__T_1p40K[0.000128250],2,up,2478,1.0
D4.2__Fig 2__SQUID_data__IVB_BS30_A1S1_I_coil_+-0.3mA_fine_284mK_191103__IVB__T_1p40K[0.000129000],0,up,2521,0.9992063492063492
D4.2__Fig 2__SQUID_data__IVB_BS30_A1S1_I_coil_+-0.3mA_fine_284mK_191103__IVB__T_1p40K[0.000129000],1,down,5000,0.9997999599919984
D4.2__Fig 2__SQUID_data__IVB_BS30_A1S1_I_coil_+-0.3mA_fine_284mK_191103__IVB__T_1p40K[0.000129000],2,up,2479,1.0
D4.2__Fig 2__SQUID_data__IVB_BS30_A1S1_I_coil_+-0.3mA_fine_284mK_191103__IVB__T_1p40K[0.000129750],0,up,2520,0.999206034140532
D4.2__Fig 2__SQUID_data__IVB_BS30_A1S1_I_coil_+-0.3mA_fine_284mK_191103__IVB__T_1p40K[0.000129750],1,down,5001,0.9994
D4.2__Fig 2__SQUID_data__IVB_BS30_A1S1_I_coil_+-0.3mA_fine_284mK_191103__IVB__T_1p40K[0.000129750],2,up,2479,1.0
D4.2__Fig 2__SQUID_data__IVB_BS30_A1S1_I_coil_+-0.3mA_fine_284mK_191103__IVB__T_1p40K[0.000130500],0,up,2521,0.9992063492063492
D4.2__Fig 2__SQUID_data__IVB_BS30_A1S1_I_coil_+-0.3mA_fine_284mK_191103__IVB__T_1p40K[0.000130500],1,down,5000,0.9993998799759952
D4.2__Fig 2__SQUID_data__IVB_BS30_A1S1_I_coil_+-0.3mA_fine_284mK_191103__IVB__T_1p40K[0.000130500],2,up,2479,1.0
D4.2__Fig 2__SQUID_data__IVB_BS30_A1S1_I_coil_+-0.3mA_fine_284mK_191103__IVB__T_1p40K[0.000131250],0,up,2521,0.9992063492063492
D4.2__Fig 2__SQUID_data__IVB_BS30_A1S1_I_coil_+-0.3mA_fine_284mK_191103__IVB__T_1p40K[0.000131250],1,down,5000,0.9997999599919984
D4.2__Fig 2__SQUID_data__IVB_BS30_A1S1_I_coil_+-0.3mA_fine_284mK_191103__IVB__T_1p40K[0.000131250],2,up,2479,1.0
D4.2__Fig 2__SQUID_data__IVB_BS30_A1S1_I_coil_+-0.3mA_fine_284mK_191103__IVB__T_1p40K[0.000132000],0,up,2521,0.9992063492063492
D4.2__Fig 2__SQUID_data__IVB_BS30_A1S1_I_coil_+-0.3mA_fine_284mK_191103__IVB__T_1p40K[0.000132000],1,down,5000,0.9995999199839968
D4.2__Fig 2__SQUID_data__IVB_BS30_A1S1_I_coil_+-0.3mA_fine_284mK_191103__IVB__T_1p40K[0.000132000],2,up,2479,1.0
D4.2__Fig 2__SQUID_data__IVB_BS30_A1S1_I_coil_+-0.3mA_fine_284mK_191103__IVB__T_1p40K[0.000132750],0,up,2521,0.9992063492063492
D4.2__Fig 2__SQUID_data__IVB_BS30_A1S1_I_coil_+-0.3mA_fine_284mK_191103__IVB__T_1p40K[0.000132750],1,down,5000,0.9995999199839968
D4.2__Fig 2__SQUID_data__IVB_BS30_A1S1_I_coil_+-0.3mA_fine_284mK_191103__IVB__T_1p40K[0.000132750],2,up,2479,1.0
D4.2__Fig 2__SQUID_data__IVB_BS30_A1S1_I_coil_+-0.3mA_fine_284mK_191103__IVB__T_1p40K[0.000133500],0,up,2521,0.9992063492063492
D4.2__Fig 2__SQUID_data__IVB_BS30_A1S1_I_coil_+-0.3mA_fine_284mK_191103__IVB__T_1p40K[0.000133500],1,down,5001,0.9996
D4.2__Fig 2__SQUID_data__IVB_BS30_A1S1_I_coil_+-0.3mA_fine_284mK_191103__IVB__T_1p40K[0.000133500],2,up,2478,1.0
D4.2__Fig 2__SQUID_data__IVB_BS30_A1S1_I_coil_+-0.3mA_fine_284mK_191103__IVB__T_1p40K[0.000134250],0,up,2521,0.9992063492063492
D4.2__Fig 2__SQUID_data__IVB_BS30_A1S1_I_coil_+-0.3mA_fine_284mK_191103__IVB__T_1p40K[0.000134250],1,down,5000,0.9995999199839968
D4.2__Fig 2__SQUID_data__IVB_BS30_A1S1_I_coil_+-0.3mA_fine_284mK_191103__IVB__T_1p40K[0.000134250],2,up,2479,1.0
D4.2__Fig 2__SQUID_data__IVB_BS30_A1S1_I_coil_+-0.3mA_fine_284mK_191103__IVB__T_1p40K[0.000135000],0,up,2520,0.999206034140532
D4.2__Fig 2__SQUID_data__IVB_BS30_A1S1_I_coil_+-0.3mA_fine_284mK_191103__IVB__T_1p40K[0.000135000],1,down,5000,0.9997999599919984
D4.2__Fig 2__SQUID_data__IVB_BS30_A1S1_I_coil_+-0.3mA_fine_284mK_191103__IVB__T_1p40K[0.000135000],2,up,2480,1.0
D4.2__Fig 2__SQUID_data__IVB_BS30_A1S1_I_coil_+-0.3mA_fine_284mK_191103__IVB__T_1p40K[0.000135750],0,up,2521,0.9992063492063492
D4.2__Fig 2__SQUID_data__IVB_BS30_A1S1_I_coil_+-0.3mA_fine_284mK_191103__IVB__T_1p40K[0.000135750],1,down,5000,0.9995999199839968
D4.2__Fig 2__SQUID_data__IVB_BS30_A1S1_I_coil_+-0.3mA_fine_284mK_191103__IVB__T_1p40K[0.000135750],2,up,2479,1.0
D4.2__Fig 2__SQUID_data__IVB_BS30_A1S1_I_coil_+-0.3mA_fine_284mK_191103__IVB__T_1p40K[0.000136500],0,up,2520,0.999603017070266
D4.2__Fig 2__SQUID_data__IVB_BS30_A1S1_I_coil_+-0.3mA_fine_284mK_191103__IVB__T_1p40K[0.000136500],1,down,5001,0.9996
D4.2__Fig 2__SQUID_data__IVB_BS30_A1S1_I_coil_+-0.3mA_fine_284mK_191103__IVB__T_1p40K[0.000136500],2,up,2479,1.0
D4.2__Fig 2__SQUID_data__IVB_BS30_A1S1_I_coil_+-0.3mA_fine_284mK_191103__IVB__T_1p40K[0.000137250],0,up,2521,0.9992063492063492
D4.2__Fig 2__SQUID_data__IVB_BS30_A1S1_I_coil_+-0.3mA_fine_284mK_191103__IVB__T_1p40K[0.000137250],1,down,5000,1.0
D4.2__Fig 2__SQUID_data__IVB_BS30_A1S1_I_coil_+-0.3mA_fine_284mK_191103__IVB__T_1p40K[0.000137250],2,up,2479,1.0
D4.2__Fig 2__SQUID_data__IVB_BS30_A1S1_I_coil_+-0.3mA_fine_284mK_191103__IVB__T_1p40K[0.000138000],0,up,2521,0.9988095238095238
D4.2__Fig 2__SQUID_data__IVB_BS30_A1S1_I_coil_+-0.3mA_fine_284mK_191103__IVB__T_1p40K[0.000138000],1,down,5000,0.9995999199839968
D4.2__Fig 2__SQUID_data__IVB_BS30_A1S1_I_coil_+-0.3mA_fine_284mK_191103__IVB__T_1p40K[0.000138000],2,up,2479,1.0
D4.2__Fig 2__SQUID_data__IVB_BS30_A1S1_I_coil_+-0.3mA_fine_284mK_191103__IVB__T_1p40K[0.000138750],0,up,2521,0.9988095238095238
D4.2__Fig 2__SQUID_data__IVB_BS30_A1S1_I_coil_+-0.3mA_fine_284mK_191103__IVB__T_1p40K[0.000138750],1,down,5000,0.9997999599919984
D4.2__Fig 2__SQUID_data__IVB_BS30_A1S1_I_coil_+-0.3mA_fine_284mK_191103__IVB__T_1p40K[0.000138750],2,up,2479,1.0
D4.2__Fig 2__SQUID_data__IVB_BS30_A1S1_I_coil_+-0.3mA_fine_284mK_191103__IVB__T_1p40K[0.000139500],0,up,2522,0.9988099960333201
D4.2__Fig 2__SQUID_data__IVB_BS30_A1S1_I_coil_+-0.3mA_fine_284mK_191103__IVB__T_1p40K[0.000139500],1,down,5000,0.9993998799759952
D4.2__Fig 2__SQUID_data__IVB_BS30_A1S1_I_coil_+-0.3mA_fine_284mK_191103__IVB__T_1p40K[0.000139500],2,up,2478,1.0
D4.2__Fig 2__SQUID_data__IVB_BS30_A1S1_I_coil_+-0.3mA_fine_284mK_191103__IVB__T_1p40K[0.000140250],0,up,2521,0.9988095238095238
D4.2__Fig 2__SQUID_data__IVB_BS30_A1S1_I_coil_+-0.3mA_fine_284mK_191103__IVB__T_1p40K[0.000140250],1,down,5000,0.9993998799759952
D4.2__Fig 2__SQUID_data__IVB_BS30_A1S1_I_coil_+-0.3mA_fine_284mK_191103__IVB__T_1p40K[0.000140250],2,up,2479,1.0
D4.2__Fig 2__SQUID_data__IVB_BS30_A1S1_I_coil_+-0.3mA_fine_284mK_191103__IVB__T_1p40K[0.000141000],0,up,2521,0.9988095238095238
D4.2__Fig 2__SQUID_data__IVB_BS30_A1S1_I_coil_+-0.3mA_fine_284mK_191103__IVB__T_1p40K[0.000141000],1,down,5000,0.9995999199839968
D4.2__Fig 2__SQUID_data__IVB_BS30_A1S1_I_coil_+-0.3mA_fine_284mK_191103__IVB__T_1p40K[0.000141000],2,up,2479,1.0
D4.2__Fig 2__SQUID_data__IVB_BS30_A1S1_I_coil_+-0.3mA_fine_284mK_191103__IVB__T_1p40K[0.000141750],0,up,2520,0.999206034140532
D4.2__Fig 2__SQUID_data__IVB_BS30_A1S1_I_coil_+-0.3mA_fine_284mK_191103__IVB__T_1p40K[0.000141750],1,down,5001,0.9996
D4.2__Fig 2__SQUID_data__IVB_BS30_A1S1_I_coil_+-0.3mA_fine_284mK_191103__IVB__T_1p40K[0.000141750],2,up,2479,1.0
D4.2__Fig 2__SQUID_data__IVB_BS30_A1S1_I_coil_+-0.3mA_fine_284mK_191103__IVB__T_1p40K[0.000142500],0,up,2521,0.9996031746031746
D4.2__Fig 2__SQUID_data__IVB_BS30_A1S1_I_coil_+-0.3mA_fine_284mK_191103__IVB__T_1p40K[0.000142500],1,down,5000,0.9995999199839968
D4.2__Fig 2__SQUID_data__IVB_BS30_A1S1_I_coil_+-0.3mA_fine_284mK_191103__IVB__T_1p40K[0.000142500],2,up,2479,1.0
D4.2__Fig 2__SQUID_data__IVB_BS30_A1S1_I_coil_+-0.3mA_fine_284mK_191103__IVB__T_1p40K[0.000143250],0,up,2521,0.9996031746031746
D4.2__Fig 2__SQUID_data__IVB_BS30_A1S1_I_coil_+-0.3mA_fine_284mK_191103__IVB__T_1p40K[0.000143250],1,down,5000,0.9997999599919984
D4.2__Fig 2__SQUID_data__IVB_BS30_A1S1_I_coil_+-0.3mA_fine_284mK_191103__IVB__T_1p40K[0.000143250],2,up,2479,1.0
D4.2__Fig 2__SQUID_data__IVB_BS30_A1S1_I_coil_+-0.3mA_fine_284mK_191103__IVB__T_1p40K[0.000144000],0,up,2521,0.9992063492063492
D4.2__Fig 2__SQUID_data__IVB_BS30_A1S1_I_coil_+-0.3mA_fine_284mK_191103__IVB__T_1p40K[0.000144000],1,down,5000,0.9995999199839968
D4.2__Fig 2__SQUID_data__IVB_BS30_A1S1_I_coil_+-0.3mA_fine_284mK_191103__IVB__T_1p40K[0.000144000],2,up,2479,1.0
D4.2__Fig 2__SQUID_data__IVB_BS30_A1S1_I_coil_+-0.3mA_fine_284mK_191103__IVB__T_1p40K[0.000144750],0,up,2521,0.9992063492063492
D4.2__Fig 2__SQUID_data__IVB_BS30_A1S1_I_coil_+-0.3mA_fine_284mK_191103__IVB__T_1p40K[0.000144750],1,down,5000,0.9995999199839968
D4.2__Fig 2__SQUID_data__IVB_BS30_A1S1_I_coil_+-0.3mA_fine_284mK_191103__IVB__T_1p40K[0.000144750],2,up,2479,1.0
D4.2__Fig 2__SQUID_data__IVB_BS30_A1S1_I_coil_+-0.3mA_fine_284mK_191103__IVB__T_1p40K[0.000145500],0,up,2521,0.9992063492063492
D4.2__Fig 2__SQUID_data__IVB_BS30_A1S1_I_coil_+-0.3mA_fine_284mK_191103__IVB__T_1p40K[0.000145500],1,down,5000,0.9995999199839968
D4.2__Fig 2__SQUID_data__IVB_BS30_A1S1_I_coil_+-0.3mA_fine_284mK_191103__IVB__T_1p40K[0.000145500],2,up,2479,1.0
D4.2__Fig 2__SQUID_data__IVB_BS30_A1S1_I_coil_+-0.3mA_fine_284mK_191103__IVB__T_1p40K[0.000146250],0,up,2521,0.9992063492063492
D4.2__Fig 2__SQUID_data__IVB_BS30_A1S1_I_coil_+-0.3mA_fine_284mK_191103__IVB__T_1p40K[0.000146250],1,down,5001,0.9992
D4.2__Fig 2__SQUID_data__IVB_BS30_A1S1_I_coil_+-0.3mA_fine_284mK_191103__IVB__T_1p40K[0.000146250],2,up,2478,1.0
D4.2__Fig 2__SQUID_data__IVB_BS30_A1S1_I_coil_+-0.3mA_fine_284mK_191103__IVB__T_1p40K[0.000147000],0,up,2521,0.9988095238095238
D4.2__Fig 2__SQUID_data__IVB_BS30_A1S1_I_coil_+-0.3mA_fine_284mK_191103__IVB__T_1p40K[0.000147000],1,down,5000,0.9995999199839968
D4.2__Fig 2__SQUID_data__IVB_BS30_A1S1_I_coil_+-0.3mA_fine_284mK_191103__IVB__T_1p40K[0.000147000],2,up,2479,1.0
D4.2__Fig 2__SQUID_data__IVB_BS30_A1S1_I_coil_+-0.3mA_fine_284mK_191103__IVB__T_1p40K[0.000147750],0,up,2521,0.9988095238095238
D4.2__Fig 2__SQUID_data__IVB_BS30_A1S1_I_coil_+-0.3mA_fine_284mK_191103__IVB__T_1p40K[0.000147750],1,down,5001,0.9994
D4.2__Fig 2__SQUID_data__IVB_BS30_A1S1_I_coil_+-0.3mA_fine_284mK_191103__IVB__T_1p40K[0.000147750],2,up,2478,1.0
D4.2__Fig 2__SQUID_data__IVB_BS30_A1S1_I_coil_+-0.3mA_fine_284mK_191103__IVB__T_1p40K[0.000148500],0,up,2520,0.999603017070266
D4.2__Fig 2__SQUID_data__IVB_BS30_A1S1_I_coil_+-0.3mA_fine_284mK_191103__IVB__T_1p40K[0.000148500],1,down,5001,0.9998
D4.2__Fig 2__SQUID_data__IVB_BS30_A1S1_I_coil_+-0.3mA_fine_284mK_191103__IVB__T_1p40K[0.000148500],2,up,2479,1.0
D4.2__Fig 2__SQUID_data__IVB_BS30_A1S1_I_coil_+-0.3mA_fine_284mK_191103__IVB__T_1p40K[0.000149250],0,up,2521,0.9988095238095238
D4.2__Fig 2__SQUID_data__IVB_BS30_A1S1_I_coil_+-0.3mA_fine_284mK_191103__IVB__T_1p40K[0.000149250],1,down,5000,0.9997999599919984
D4.2__Fig 2__SQUID_data__IVB_BS30_A1S1_I_coil_+-0.3mA_fine_284mK_191103__IVB__T_1p40K[0.000149250],2,up,2479,1.0
D4.2__Fig 2__SQUID_data__IVB_BS30_A1S1_I_coil_+-0.3mA_fine_284mK_191103__IVB__T_1p40K[0.000150000],0,up,2521,0.9988095238095238
D4.2__Fig 2__SQUID_data__IVB_BS30_A1S1_I_coil_+-0.3mA_fine_284mK_191103__IVB__T_1p40K[0.000150000],1,down,5000,0.9997999599919984
D4.2__Fig 2__SQUID_data__IVB_BS30_A1S1_I_coil_+-0.3mA_fine_284mK_191103__IVB__T_1p40K[0.000150000],2,up,2479,1.0
D4.2__Fig 2__SQUID_data__IVB_BS30_A1S1_I_coil_+-0.3mA_fine_284mK_191103__IVB__T_1p40K[0.000150750],0,up,2521,0.9992063492063492
D4.2__Fig 2__SQUID_data__IVB_BS30_A1S1_I_coil_+-0.3mA_fine_284mK_191103__IVB__T_1p40K[0.000150750],1,down,5000,0.9993998799759952
D4.2__Fig 2__SQUID_data__IVB_BS30_A1S1_I_coil_+-0.3mA_fine_284mK_191103__IVB__T_1p40K[0.000150750],2,up,2479,1.0
D4.2__Fig 2__SQUID_data__IVB_BS30_A1S1_I_coil_+-0.3mA_fine_284mK_191103__IVB__T_1p40K[0.000151500],0,up,2521,0.9992063492063492
D4.2__Fig 2__SQUID_data__IVB_BS30_A1S1_I_coil_+-0.3mA_fine_284mK_191103__IVB__T_1p40K[0.000151500],1,down,5001,0.9992
D4.2__Fig 2__SQUID_data__IVB_BS30_A1S1_I_coil_+-0.3mA_fine_284mK_191103__IVB__T_1p40K[0.000151500],2,up,2478,1.0
D4.2__Fig 2__SQUID_data__IVB_BS30_A1S1_I_coil_+-0.3mA_fine_284mK_191103__IVB__T_1p40K[0.000152250],0,up,2520,0.999603017070266
D4.2__Fig 2__SQUID_data__IVB_BS30_A1S1_I_coil_+-0.3mA_fine_284mK_191103__IVB__T_1p40K[0.000152250],1,down,5001,0.9994
D4.2__Fig 2__SQUID_data__IVB_BS30_A1S1_I_coil_+-0.3mA_fine_284mK_191103__IVB__T_1p40K[0.000152250],2,up,2479,1.0
D4.2__Fig 2__SQUID_data__IVB_BS30_A1S1_I_coil_+-0.3mA_fine_284mK_191103__IVB__T_1p40K[0.000153000],0,up,2521,0.9988095238095238
D4.2__Fig 2__SQUID_data__IVB_BS30_A1S1_I_coil_+-0.3mA_fine_284mK_191103__IVB__T_1p40K[0.000153000],1,down,5000,0.9995999199839968
D4.2__Fig 2__SQUID_data__IVB_BS30_A1S1_I_coil_+-0.3mA_fine_284mK_191103__IVB__T_1p40K[0.000153000],2,up,2479,1.0
D4.2__Fig 2__SQUID_data__IVB_BS30_A1S1_I_coil_+-0.3mA_fine_284mK_191103__IVB__T_1p40K[0.000153750],0,up,2521,0.9992063492063492
D4.2__Fig 2__SQUID_data__IVB_BS30_A1S1_I_coil_+-0.3mA_fine_284mK_191103__IVB__T_1p40K[0.000153750],1,down,5000,0.9995999199839968
D4.2__Fig 2__SQUID_data__IVB_BS30_A1S1_I_coil_+-0.3mA_fine_284mK_191103__IVB__T_1p40K[0.000153750],2,up,2479,1.0
D4.2__Fig 2__SQUID_data__IVB_BS30_A1S1_I_coil_+-0.3mA_fine_284mK_191103__IVB__T_1p40K[0.000154500],0,up,2521,0.9992063492063492
D4.2__Fig 2__SQUID_data__IVB_BS30_A1S1_I_coil_+-0.3mA_fine_284mK_191103__IVB__T_1p40K[0.000154500],1,down,5000,0.9995999199839968
D4.2__Fig 2__SQUID_data__IVB_BS30_A1S1_I_coil_+-0.3mA_fine_284mK_191103__IVB__T_1p40K[0.000154500],2,up,2479,1.0
D4.2__Fig 2__SQUID_data__IVB_BS30_A1S1_I_coil_+-0.3mA_fine_284mK_191103__IVB__T_1p40K[0.000155250],0,up,2521,0.9992063492063492
D4.2__Fig 2__SQUID_data__IVB_BS30_A1S1_I_coil_+-0.3mA_fine_284mK_191103__IVB__T_1p40K[0.000155250],1,down,5000,0.9995999199839968
D4.2__Fig 2__SQUID_data__IVB_BS30_A1S1_I_coil_+-0.3mA_fine_284mK_191103__IVB__T_1p40K[0.000155250],2,up,2479,1.0
D4.2__Fig 2__SQUID_data__IVB_BS30_A1S1_I_coil_+-0.3mA_fine_284mK_191103__IVB__T_1p40K[0.000156000],0,up,2521,0.9992063492063492
D4.2__Fig 2__SQUID_data__IVB_BS30_A1S1_I_coil_+-0.3mA_fine_284mK_191103__IVB__T_1p40K[0.000156000],1,down,5000,0.9993998799759952
D4.2__Fig 2__SQUID_data__IVB_BS30_A1S1_I_coil_+-0.3mA_fine_284mK_191103__IVB__T_1p40K[0.000156000],2,up,2479,1.0
D4.2__Fig 2__SQUID_data__IVB_BS30_A1S1_I_coil_+-0.3mA_fine_284mK_191103__IVB__T_1p40K[0.000156750],0,up,2521,0.9992063492063492
D4.2__Fig 2__SQUID_data__IVB_BS30_A1S1_I_coil_+-0.3mA_fine_284mK_191103__IVB__T_1p40K[0.000156750],1,down,5000,0.9993998799759952
D4.2__Fig 2__SQUID_data__IVB_BS30_A1S1_I_coil_+-0.3mA_fine_284mK_191103__IVB__T_1p40K[0.000156750],2,up,2479,1.0
D4.2__Fig 2__SQUID_data__IVB_BS30_A1S1_I_coil_+-0.3mA_fine_284mK_191103__IVB__T_1p40K[0.000157500],0,up,2520,0.999603017070266
D4.2__Fig 2__SQUID_data__IVB_BS30_A1S1_I_coil_+-0.3mA_fine_284mK_191103__IVB__T_1p40K[0.000157500],1,down,5001,0.9998
D4.2__Fig 2__SQUID_data__IVB_BS30_A1S1_I_coil_+-0.3mA_fine_284mK_191103__IVB__T_1p40K[0.000157500],2,up,2479,1.0
D4.2__Fig 2__SQUID_data__IVB_BS30_A1S1_I_coil_+-0.3mA_fine_284mK_191103__IVB__T_1p40K[0.000158250],0,up,2521,0.9992063492063492
D4.2__Fig 2__SQUID_data__IVB_BS30_A1S1_I_coil_+-0.3mA_fine_284mK_191103__IVB__T_1p40K[0.000158250],1,down,5000,0.9997999599919984
D4.2__Fig 2__SQUID_data__IVB_BS30_A1S1_I_coil_+-0.3mA_fine_284mK_191103__IVB__T_1p40K[0.000158250],2,up,2479,1.0
D4.2__Fig 2__SQUID_data__IVB_BS30_A1S1_I_coil_+-0.3mA_fine_284mK_191103__IVB__T_1p40K[0.000159000],0,up,2521,0.9992063492063492
D4.2__Fig 2__SQUID_data__IVB_BS30_A1S1_I_coil_+-0.3mA_fine_284mK_191103__IVB__T_1p40K[0.000159000],1,down,5000,0.9997999599919984
D4.2__Fig 2__SQUID_data__IVB_BS30_A1S1_I_coil_+-0.3mA_fine_284mK_191103__IVB__T_1p40K[0.000159000],2,up,2479,1.0
D4.2__Fig 2__SQUID_data__IVB_BS30_A1S1_I_coil_+-0.3mA_fine_284mK_191103__IVB__T_1p40K[0.000159750],0,up,2521,0.9996031746031746
D4.2__Fig 2__SQUID_data__IVB_BS30_A1S1_I_coil_+-0.3mA_fine_284mK_191103__IVB__T_1p40K[0.000159750],1,down,5000,0.9995999199839968
D4.2__Fig 2__SQUID_data__IVB_BS30_A1S1_I_coil_+-0.3mA_fine_284mK_191103__IVB__T_1p40K[0.000159750],2,up,2479,1.0
D4.2__Fig 2__SQUID_data__IVB_BS30_A1S1_I_coil_+-0.3mA_fine_284mK_191103__IVB__T_1p40K[0.000160500],0,up,2521,0.9992063492063492
D4.2__Fig 2__SQUID_data__IVB_BS30_A1S1_I_coil_+-0.3mA_fine_284mK_191103__IVB__T_1p40K[0.000160500],1,down,5001,0.9994
D4.2__Fig 2__SQUID_data__IVB_BS30_A1S1_I_coil_+-0.3mA_fine_284mK_191103__IVB__T_1p40K[0.000160500],2,up,2478,1.0
D4.2__Fig 2__SQUID_data__IVB_BS30_A1S1_I_coil_+-0.3mA_fine_284mK_191103__IVB__T_1p40K[0.000161250],0,up,2520,0.999603017070266
D4.2__Fig 2__SQUID_data__IVB_BS30_A1S1_I_coil_+-0.3mA_fine_284mK_191103__IVB__T_1p40K[0.000161250],1,down,5001,0.9994
D4.2__Fig 2__SQUID_data__IVB_BS30_A1S1_I_coil_+-0.3mA_fine_284mK_191103__IVB__T_1p40K[0.000161250],2,up,2479,1.0
D4.2__Fig 2__SQUID_data__IVB_BS30_A1S1_I_coil_+-0.3mA_fine_284mK_191103__IVB__T_1p40K[0.000162000],0,up,2521,0.9988095238095238
D4.2__Fig 2__SQUID_data__IVB_BS30_A1S1_I_coil_+-0.3mA_fine_284mK_191103__IVB__T_1p40K[0.000162000],1,down,5000,0.9997999599919984
D4.2__Fig 2__SQUID_data__IVB_BS30_A1S1_I_coil_+-0.3mA_fine_284mK_191103__IVB__T_1p40K[0.000162000],2,up,2479,1.0
D4.2__Fig 2__SQUID_data__IVB_BS30_A1S1_I_coil_+-0.3mA_fine_284mK_191103__IVB__T_1p40K[0.000162750],0,up,2521,0.9996031746031746
D4.2__Fig 2__SQUID_data__IVB_BS30_A1S1_I_coil_+-0.3mA_fine_284mK_191103__IVB__T_1p40K[0.000162750],1,down,5000,0.9995999199839968
D4.2__Fig 2__SQUID_data__IVB_BS30_A1S1_I_coil_+-0.3mA_fine_284mK_191103__IVB__T_1p40K[0.000162750],2,up,2479,1.0
D4.2__Fig 2__SQUID_data__IVB_BS30_A1S1_I_coil_+-0.3mA_fine_284mK_191103__IVB__T_1p40K[0.000163500],0,up,2521,0.9992063492063492
D4.2__Fig 2__SQUID_data__IVB_BS30_A1S1_I_coil_+-0.3mA_fine_284mK_191103__IVB__T_1p40K[0.000163500],1,down,5000,0.9997999599919984
D4.2__Fig 2__SQUID_data__IVB_BS30_A1S1_I_coil_+-0.3mA_fine_284mK_191103__IVB__T_1p40K[0.000163500],2,up,2479,1.0
D4.2__Fig 2__SQUID_data__IVB_BS30_A1S1_I_coil_+-0.3mA_fine_284mK_191103__IVB__T_1p40K[0.000164250],0,up,2521,0.9992063492063492
D4.2__Fig 2__SQUID_data__IVB_BS30_A1S1_I_coil_+-0.3mA_fine_284mK_191103__IVB__T_1p40K[0.000164250],1,down,5001,0.9992
D4.2__Fig 2__SQUID_data__IVB_BS30_A1S1_I_coil_+-0.3mA_fine_284mK_191103__IVB__T_1p40K[0.000164250],2,up,2478,1.0
D4.2__Fig 2__SQUID_data__IVB_BS30_A1S1_I_coil_+-0.3mA_fine_284mK_191103__IVB__T_1p40K[0.000165000],0,up,2521,0.9992063492063492
D4.2__Fig 2__SQUID_data__IVB_BS30_A1S1_I_coil_+-0.3mA_fine_284mK_191103__IVB__T_1p40K[0.000165000],1,down,5000,0.9995999199839968
D4.2__Fig 2__SQUID_data__IVB_BS30_A1S1_I_coil_+-0.3mA_fine_284mK_191103__IVB__T_1p40K[0.000165000],2,up,2479,1.0
D4.2__Fig 2__SQUID_data__IVB_BS30_A1S1_I_coil_+-0.3mA_fine_284mK_191103__IVB__T_1p40K[0.000165750],0,up,2521,0.9988095238095238
D4.2__Fig 2__SQUID_data__IVB_BS30_A1S1_I_coil_+-0.3mA_fine_284mK_191103__IVB__T_1p40K[0.000165750],1,down,5000,0.9997999599919984
D4.2__Fig 2__SQUID_data__IVB_BS30_A1S1_I_coil_+-0.3mA_fine_284mK_191103__IVB__T_1p40K[0.000165750],2,up,2479,1.0
D4.2__Fig 2__SQUID_data__IVB_BS30_A1S1_I_coil_+-0.3mA_fine_284mK_191103__IVB__T_1p40K[0.000166500],0,up,2521,0.9992063492063492
D4.2__Fig 2__SQUID_data__IVB_BS30_A1S1_I_coil_+-0.3mA_fine_284mK_191103__IVB__T_1p40K[0.000166500],1,down,5000,0.9995999199839968
D4.2__Fig 2__SQUID_data__IVB_BS30_A1S1_I_coil_+-0.3mA_fine_284mK_191103__IVB__T_1p40K[0.000166500],2,up,2479,1.0
D4.2__Fig 2__SQUID_data__IVB_BS30_A1S1_I_coil_+-0.3mA_fine_284mK_191103__IVB__T_1p40K[0.000167250],0,up,2521,0.9988095238095238
D4.2__Fig 2__SQUID_data__IVB_BS30_A1S1_I_coil_+-0.3mA_fine_284mK_191103__IVB__T_1p40K[0.000167250],1,down,5000,0.9995999199839968
D4.2__Fig 2__SQUID_data__IVB_BS30_A1S1_I_coil_+-0.3mA_fine_284mK_191103__IVB__T_1p40K[0.000167250],2,up,2479,1.0
D4.2__Fig 2__SQUID_data__IVB_BS30_A1S1_I_coil_+-0.3mA_fine_284mK_191103__IVB__T_1p40K[0.000168000],0,up,2521,0.9992063492063492
D4.2__Fig 2__SQUID_data__IVB_BS30_A1S1_I_coil_+-0.3mA_fine_284mK_191103__IVB__T_1p40K[0.000168000],1,down,5000,0.9997999599919984
D4.2__Fig 2__SQUID_data__IVB_BS30_A1S1_I_coil_+-0.3mA_fine_284mK_191103__IVB__T_1p40K[0.000168000],2,up,2479,1.0
D4.2__Fig 2__SQUID_data__IVB_BS30_A1S1_I_coil_+-0.3mA_fine_284mK_191103__IVB__T_1p40K[0.000168750],0,up,2521,0.9992063492063492
D4.2__Fig 2__SQUID_data__IVB_BS30_A1S1_I_coil_+-0.3mA_fine_284mK_191103__IVB__T_1p40K[0.000168750],1,down,5000,0.9997999599919984
D4.2__Fig 2__SQUID_data__IVB_BS30_A1S1_I_coil_+-0.3mA_fine_284mK_191103__IVB__T_1p40K[0.000168750],2,up,2479,1.0
D4.2__Fig 2__SQUID_data__IVB_BS30_A1S1_I_coil_+-0.3mA_fine_284mK_191103__IVB__T_1p40K[0.000169500],0,up,2521,0.9996031746031746
D4.2__Fig 2__SQUID_data__IVB_BS30_A1S1_I_coil_+-0.3mA_fine_284mK_191103__IVB__T_1p40K[0.000169500],1,down,5001,0.9994
D4.2__Fig 2__SQUID_data__IVB_BS30_A1S1_I_coil_+-0.3mA_fine_284mK_191103__IVB__T_1p40K[0.000169500],2,up,2478,1.0
D4.2__Fig 2__SQUID_data__IVB_BS30_A1S1_I_coil_+-0.3mA_fine_284mK_191103__IVB__T_1p40K[0.000170250],0,up,2521,0.9988095238095238
D4.2__Fig 2__SQUID_data__IVB_BS30_A1S1_I_coil_+-0.3mA_fine_284mK_191103__IVB__T_1p40K[0.000170250],1,down,5000,0.9995999199839968
D4.2__Fig 2__SQUID_data__IVB_BS30_A1S1_I_coil_+-0.3mA_fine_284mK_191103__IVB__T_1p40K[0.000170250],2,up,2479,1.0
D4.2__Fig 2__SQUID_data__IVB_BS30_A1S1_I_coil_+-0.3mA_fine_284mK_191103__IVB__T_1p40K[0.000171000],0,up,2520,0.999206034140532
D4.2__Fig 2__SQUID_data__IVB_BS30_A1S1_I_coil_+-0.3mA_fine_284mK_191103__IVB__T_1p40K[0.000171000],1,down,5001,0.9996
D4.2__Fig 2__SQUID_data__IVB_BS30_A1S1_I_coil_+-0.3mA_fine_284mK_191103__IVB__T_1p40K[0.000171000],2,up,2479,1.0
D4.2__Fig 2__SQUID_data__IVB_BS30_A1S1_I_coil_+-0.3mA_fine_284mK_191103__IVB__T_1p40K[0.000171750],0,up,2521,0.9992063492063492
D4.2__Fig 2__SQUID_data__IVB_BS30_A1S1_I_coil_+-0.3mA_fine_284mK_191103__IVB__T_1p40K[0.000171750],1,down,5000,0.9997999599919984
D4.2__Fig 2__SQUID_data__IVB_BS30_A1S1_I_coil_+-0.3mA_fine_284mK_191103__IVB__T_1p40K[0.000171750],2,up,2479,1.0
D4.2__Fig 2__SQUID_data__IVB_BS30_A1S1_I_coil_+-0.3mA_fine_284mK_191103__IVB__T_1p40K[0.000172500],0,up,2521,0.9992063492063492
D4.2__Fig 2__SQUID_data__IVB_BS30_A1S1_I_coil_+-0.3mA_fine_284mK_191103__IVB__T_1p40K[0.000172500],1,down,5000,0.9995999199839968
D4.2__Fig 2__SQUID_data__IVB_BS30_A1S1_I_coil_+-0.3mA_fine_284mK_191103__IVB__T_1p40K[0.000172500],2,up,2479,1.0
D4.2__Fig 2__SQUID_data__IVB_BS30_A1S1_I_coil_+-0.3mA_fine_284mK_191103__IVB__T_1p40K[0.000173250],0,up,2521,0.9988095238095238
D4.2__Fig 2__SQUID_data__IVB_BS30_A1S1_I_coil_+-0.3mA_fine_284mK_191103__IVB__T_1p40K[0.000173250],1,down,5000,0.9995999199839968
D4.2__Fig 2__SQUID_data__IVB_BS30_A1S1_I_coil_+-0.3mA_fine_284mK_191103__IVB__T_1p40K[0.000173250],2,up,2479,1.0
D4.2__Fig 2__SQUID_data__IVB_BS30_A1S1_I_coil_+-0.3mA_fine_284mK_191103__IVB__T_1p40K[0.000174000],0,up,2521,0.9992063492063492
D4.2__Fig 2__SQUID_data__IVB_BS30_A1S1_I_coil_+-0.3mA_fine_284mK_191103__IVB__T_1p40K[0.000174000],1,down,5000,0.9997999599919984
D4.2__Fig 2__SQUID_data__IVB_BS30_A1S1_I_coil_+-0.3mA_fine_284mK_191103__IVB__T_1p40K[0.000174000],2,up,2479,1.0
D4.2__Fig 2__SQUID_data__IVB_BS30_A1S1_I_coil_+-0.3mA_fine_284mK_191103__IVB__T_1p40K[0.000174750],0,up,2521,0.9996031746031746
D4.2__Fig 2__SQUID_data__IVB_BS30_A1S1_I_coil_+-0.3mA_fine_284mK_191103__IVB__T_1p40K[0.000174750],1,down,5000,0.9997999599919984
D4.2__Fig 2__SQUID_data__IVB_BS30_A1S1_I_coil_+-0.3mA_fine_284mK_191103__IVB__T_1p40K[0.000174750],2,up,2479,1.0
D4.2__Fig 2__SQUID_data__IVB_BS30_A1S1_I_coil_+-0.3mA_fine_284mK_191103__IVB__T_1p40K[0.000175500],0,up,2521,0.9996031746031746
D4.2__Fig 2__SQUID_data__IVB_BS30_A1S1_I_coil_+-0.3mA_fine_284mK_191103__IVB__T_1p40K[0.000175500],1,down,5000,0.9993998799759952
D4.2__Fig 2__SQUID_data__IVB_BS30_A1S1_I_coil_+-0.3mA_fine_284mK_191103__IVB__T_1p40K[0.000175500],2,up,2479,1.0
D4.2__Fig 2__SQUID_data__IVB_BS30_A1S1_I_coil_+-0.3mA_fine_284mK_191103__IVB__T_1p40K[0.000176250],0,up,2521,0.9988095238095238
D4.2__Fig 2__SQUID_data__IVB_BS30_A1S1_I_coil_+-0.3mA_fine_284mK_191103__IVB__T_1p40K[0.000176250],1,down,5000,0.9997999599919984
D4.2__Fig 2__SQUID_data__IVB_BS30_A1S1_I_coil_+-0.3mA_fine_284mK_191103__IVB__T_1p40K[0.000176250],2,up,2479,1.0
D4.2__Fig 2__SQUID_data__IVB_BS30_A1S1_I_coil_+-0.3mA_fine_284mK_191103__IVB__T_1p40K[0.000177000],0,up,2521,0.9988095238095238
D4.2__Fig 2__SQUID_data__IVB_BS30_A1S1_I_coil_+-0.3mA_fine_284mK_191103__IVB__T_1p40K[0.000177000],1,down,5000,0.9995999199839968
D4.2__Fig 2__SQUID_data__IVB_BS30_A1S1_I_coil_+-0.3mA_fine_284mK_191103__IVB__T_1p40K[0.000177000],2,up,2479,1.0
D4.2__Fig 2__SQUID_data__IVB_BS30_A1S1_I_coil_+-0.3mA_fine_284mK_191103__IVB__T_1p40K[0.000177750],0,up,2521,0.9992063492063492
D4.2__Fig 2__SQUID_data__IVB_BS30_A1S1_I_coil_+-0.3mA_fine_284mK_191103__IVB__T_1p40K[0.000177750],1,down,5000,0.9993998799759952
D4.2__Fig 2__SQUID_data__IVB_BS30_A1S1_I_coil_+-0.3mA_fine_284mK_191103__IVB__T_1p40K[0.000177750],2,up,2479,1.0
D4.2__Fig 2__SQUID_data__IVB_BS30_A1S1_I_coil_+-0.3mA_fine_284mK_191103__IVB__T_1p40K[0.000178500],0,up,2521,0.9992063492063492
D4.2__Fig 2__SQUID_data__IVB_BS30_A1S1_I_coil_+-0.3mA_fine_284mK_191103__IVB__T_1p40K[0.000178500],1,down,5000,0.9995999199839968
D4.2__Fig 2__SQUID_data__IVB_BS30_A1S1_I_coil_+-0.3mA_fine_284mK_191103__IVB__T_1p40K[0.000178500],2,up,2479,1.0
D4.2__Fig 2__SQUID_data__IVB_BS30_A1S1_I_coil_+-0.3mA_fine_284mK_191103__IVB__T_1p40K[0.000179250],0,up,2521,0.9992063492063492
D4.2__Fig 2__SQUID_data__IVB_BS30_A1S1_I_coil_+-0.3mA_fine_284mK_191103__IVB__T_1p40K[0.000179250],1,down,5000,0.9995999199839968
D4.2__Fig 2__SQUID_data__IVB_BS30_A1S1_I_coil_+-0.3mA_fine_284mK_191103__IVB__T_1p40K[0.000179250],2,up,2479,1.0
D4.2__Fig 2__SQUID_data__IVB_BS30_A1S1_I_coil_+-0.3mA_fine_284mK_191103__IVB__T_1p40K[0.000180000],0,up,2521,0.9992063492063492
D4.2__Fig 2__SQUID_data__IVB_BS30_A1S1_I_coil_+-0.3mA_fine_284mK_191103__IVB__T_1p40K[0.000180000],1,down,5000,0.9997999599919984
D4.2__Fig 2__SQUID_data__IVB_BS30_A1S1_I_coil_+-0.3mA_fine_284mK_191103__IVB__T_1p40K[0.000180000],2,up,2479,1.0
D4.2__Fig 2__SQUID_data__IVB_BS30_A1S1_I_coil_+-0.3mA_fine_284mK_191103__IVB__T_1p40K[0.000180750],0,up,2521,0.9996031746031746
D4.2__Fig 2__SQUID_data__IVB_BS30_A1S1_I_coil_+-0.3mA_fine_284mK_191103__IVB__T_1p40K[0.000180750],1,down,5000,0.9995999199839968
D4.2__Fig 2__SQUID_data__IVB_BS30_A1S1_I_coil_+-0.3mA_fine_284mK_191103__IVB__T_1p40K[0.000180750],2,up,2479,1.0
D4.2__Fig 2__SQUID_data__IVB_BS30_A1S1_I_coil_+-0.3mA_fine_284mK_191103__IVB__T_1p40K[0.000181500],0,up,2521,0.9996031746031746
D4.2__Fig 2__SQUID_data__IVB_BS30_A1S1_I_coil_+-0.3mA_fine_284mK_191103__IVB__T_1p40K[0.000181500],1,down,5000,0.9993998799759952
D4.2__Fig 2__SQUID_data__IVB_BS30_A1S1_I_coil_+-0.3mA_fine_284mK_191103__IVB__T_1p40K[0.000181500],2,up,2479,1.0
D4.2__Fig 2__SQUID_data__IVB_BS30_A1S1_I_coil_+-0.3mA_fine_284mK_191103__IVB__T_1p40K[0.000182250],0,up,2520,0.999603017070266
D4.2__Fig 2__SQUID_data__IVB_BS30_A1S1_I_coil_+-0.3mA_fine_284mK_191103__IVB__T_1p40K[0.000182250],1,down,5001,0.9996
D4.2__Fig 2__SQUID_data__IVB_BS30_A1S1_I_coil_+-0.3mA_fine_284mK_191103__IVB__T_1p40K[0.000182250],2,up,2479,1.0
D4.2__Fig 2__SQUID_data__IVB_BS30_A1S1_I_coil_+-0.3mA_fine_284mK_191103__IVB__T_1p40K[0.000183000],0,up,2521,0.9996031746031746
D4.2__Fig 2__SQUID_data__IVB_BS30_A1S1_I_coil_+-0.3mA_fine_284mK_191103__IVB__T_1p40K[0.000183000],1,down,5000,0.9995999199839968
D4.2__Fig 2__SQUID_data__IVB_BS30_A1S1_I_coil_+-0.3mA_fine_284mK_191103__IVB__T_1p40K[0.000183000],2,up,2479,1.0
D4.2__Fig 2__SQUID_data__IVB_BS30_A1S1_I_coil_+-0.3mA_fine_284mK_191103__IVB__T_1p40K[0.000183750],0,up,2521,0.9992063492063492
D4.2__Fig 2__SQUID_data__IVB_BS30_A1S1_I_coil_+-0.3mA_fine_284mK_191103__IVB__T_1p40K[0.000183750],1,down,5000,0.9995999199839968
D4.2__Fig 2__SQUID_data__IVB_BS30_A1S1_I_coil_+-0.3mA_fine_284mK_191103__IVB__T_1p40K[0.000183750],2,up,2479,1.0
D4.2__Fig 2__SQUID_data__IVB_BS30_A1S1_I_coil_+-0.3mA_fine_284mK_191103__IVB__T_1p40K[0.000184500],0,up,2521,0.9992063492063492
D4.2__Fig 2__SQUID_data__IVB_BS30_A1S1_I_coil_+-0.3mA_fine_284mK_191103__IVB__T_1p40K[0.000184500],1,down,5000,0.9997999599919984
D4.2__Fig 2__SQUID_data__IVB_BS30_A1S1_I_coil_+-0.3mA_fine_284mK_191103__IVB__T_1p40K[0.000184500],2,up,2479,1.0
D4.2__Fig 2__SQUID_data__IVB_BS30_A1S1_I_coil_+-0.3mA_fine_284mK_191103__IVB__T_1p40K[0.000185250],0,up,2521,0.9988095238095238
D4.2__Fig 2__SQUID_data__IVB_BS30_A1S1_I_coil_+-0.3mA_fine_284mK_191103__IVB__T_1p40K[0.000185250],1,down,5000,0.9993998799759952
D4.2__Fig 2__SQUID_data__IVB_BS30_A1S1_I_coil_+-0.3mA_fine_284mK_191103__IVB__T_1p40K[0.000185250],2,up,2479,1.0
D4.2__Fig 2__SQUID_data__IVB_BS30_A1S1_I_coil_+-0.3mA_fine_284mK_191103__IVB__T_1p40K[0.000186000],0,up,2520,0.999603017070266
D4.2__Fig 2__SQUID_data__IVB_BS30_A1S1_I_coil_+-0.3mA_fine_284mK_191103__IVB__T_1p40K[0.000186000],1,down,5001,0.9998
D4.2__Fig 2__SQUID_data__IVB_BS30_A1S1_I_coil_+-0.3mA_fine_284mK_191103__IVB__T_1p40K[0.000186000],2,up,2479,1.0
D4.2__Fig 2__SQUID_data__IVB_BS30_A1S1_I_coil_+-0.3mA_fine_284mK_191103__IVB__T_1p40K[0.000186750],0,up,2521,0.9996031746031746
D4.2__Fig 2__SQUID_data__IVB_BS30_A1S1_I_coil_+-0.3mA_fine_284mK_191103__IVB__T_1p40K[0.000186750],1,down,5001,0.9994
D4.2__Fig 2__SQUID_data__IVB_BS30_A1S1_I_coil_+-0.3mA_fine_284mK_191103__IVB__T_1p40K[0.000186750],2,up,2478,1.0
D4.2__Fig 2__SQUID_data__IVB_BS30_A1S1_I_coil_+-0.3mA_fine_284mK_191103__IVB__T_1p40K[0.000187500],0,up,2521,0.9988095238095238
D4.2__Fig 2__SQUID_data__IVB_BS30_A1S1_I_coil_+-0.3mA_fine_284mK_191103__IVB__T_1p40K[0.000187500],1,down,5000,0.9993998799759952
D4.2__Fig 2__SQUID_data__IVB_BS30_A1S1_I_coil_+-0.3mA_fine_284mK_191103__IVB__T_1p40K[0.000187500],2,up,2479,1.0
D4.2__Fig 2__SQUID_data__IVB_BS30_A1S1_I_coil_+-0.3mA_fine_284mK_191103__IVB__T_1p40K[0.000188250],0,up,2521,0.9992063492063492
D4.2__Fig 2__SQUID_data__IVB_BS30_A1S1_I_coil_+-0.3mA_fine_284mK_191103__IVB__T_1p40K[0.000188250],1,down,5000,0.9995999199839968
D4.2__Fig 2__SQUID_data__IVB_BS30_A1S1_I_coil_+-0.3mA_fine_284mK_191103__IVB__T_1p40K[0.000188250],2,up,2479,1.0
D4.2__Fig 2__SQUID_data__IVB_BS30_A1S1_I_coil_+-0.3mA_fine_284mK_191103__IVB__T_1p40K[0.000189000],0,up,2521,0.9988095238095238
D4.2__Fig 2__SQUID_data__IVB_BS30_A1S1_I_coil_+-0.3mA_fine_284mK_191103__IVB__T_1p40K[0.000189000],1,down,5000,0.9993998799759952
D4.2__Fig 2__SQUID_data__IVB_BS30_A1S1_I_coil_+-0.3mA_fine_284mK_191103__IVB__T_1p40K[0.000189000],2,up,2479,1.0
D4.2__Fig 2__SQUID_data__IVB_BS30_A1S1_I_coil_+-0.3mA_fine_284mK_191103__IVB__T_1p40K[0.000189750],0,up,2521,0.9992063492063492
D4.2__Fig 2__SQUID_data__IVB_BS30_A1S1_I_coil_+-0.3mA_fine_284mK_191103__IVB__T_1p40K[0.000189750],1,down,5000,0.9993998799759952
D4.2__Fig 2__SQUID_data__IVB_BS30_A1S1_I_coil_+-0.3mA_fine_284mK_191103__IVB__T_1p40K[0.000189750],2,up,2479,1.0
D4.2__Fig 2__SQUID_data__IVB_BS30_A1S1_I_coil_+-0.3mA_fine_284mK_191103__IVB__T_1p40K[0.000190500],0,up,2521,0.9988095238095238
D4.2__Fig 2__SQUID_data__IVB_BS30_A1S1_I_coil_+-0.3mA_fine_284mK_191103__IVB__T_1p40K[0.000190500],1,down,5000,0.9995999199839968
D4.2__Fig 2__SQUID_data__IVB_BS30_A1S1_I_coil_+-0.3mA_fine_284mK_191103__IVB__T_1p40K[0.000190500],2,up,2479,1.0
D4.2__Fig 2__SQUID_data__IVB_BS30_A1S1_I_coil_+-0.3mA_fine_284mK_191103__IVB__T_1p40K[0.000191250],0,up,2521,0.9988095238095238
D4.2__Fig 2__SQUID_data__IVB_BS30_A1S1_I_coil_+-0.3mA_fine_284mK_191103__IVB__T_1p40K[0.000191250],1,down,5000,0.9995999199839968
D4.2__Fig 2__SQUID_data__IVB_BS30_A1S1_I_coil_+-0.3mA_fine_284mK_191103__IVB__T_1p40K[0.000191250],2,up,2479,1.0
D4.2__Fig 2__SQUID_data__IVB_BS30_A1S1_I_coil_+-0.3mA_fine_284mK_191103__IVB__T_1p40K[0.000192000],0,up,2521,0.9992063492063492
D4.2__Fig 2__SQUID_data__IVB_BS30_A1S1_I_coil_+-0.3mA_fine_284mK_191103__IVB__T_1p40K[0.000192000],1,down,5000,0.9995999199839968
D4.2__Fig 2__SQUID_data__IVB_BS30_A1S1_I_coil_+-0.3mA_fine_284mK_191103__IVB__T_1p40K[0.000192000],2,up,2479,1.0
D4.2__Fig 2__SQUID_data__IVB_BS30_A1S1_I_coil_+-0.3mA_fine_284mK_191103__IVB__T_1p40K[0.000192750],0,up,2522,0.9988099960333201
D4.2__Fig 2__SQUID_data__IVB_BS30_A1S1_I_coil_+-0.3mA_fine_284mK_191103__IVB__T_1p40K[0.000192750],1,down,4999,0.9995998399359743
D4.2__Fig 2__SQUID_data__IVB_BS30_A1S1_I_coil_+-0.3mA_fine_284mK_191103__IVB__T_1p40K[0.000192750],2,up,2479,1.0
D4.2__Fig 2__SQUID_data__IVB_BS30_A1S1_I_coil_+-0.3mA_fine_284mK_191103__IVB__T_1p40K[0.000193500],0,up,2521,0.9992063492063492
D4.2__Fig 2__SQUID_data__IVB_BS30_A1S1_I_coil_+-0.3mA_fine_284mK_191103__IVB__T_1p40K[0.000193500],1,down,5000,0.9997999599919984
D4.2__Fig 2__SQUID_data__IVB_BS30_A1S1_I_coil_+-0.3mA_fine_284mK_191103__IVB__T_1p40K[0.000193500],2,up,2479,1.0
D4.2__Fig 2__SQUID_data__IVB_BS30_A1S1_I_coil_+-0.3mA_fine_284mK_191103__IVB__T_1p40K[0.000194250],0,up,2521,0.9984126984126984
D4.2__Fig 2__SQUID_data__IVB_BS30_A1S1_I_coil_+-0.3mA_fine_284mK_191103__IVB__T_1p40K[0.000194250],1,down,5000,1.0
D4.2__Fig 2__SQUID_data__IVB_BS30_A1S1_I_coil_+-0.3mA_fine_284mK_191103__IVB__T_1p40K[0.000194250],2,up,2479,1.0
D4.2__Fig 2__SQUID_data__IVB_BS30_A1S1_I_coil_+-0.3mA_fine_284mK_191103__IVB__T_1p40K[0.000195000],0,up,2520,0.999603017070266
D4.2__Fig 2__SQUID_data__IVB_BS30_A1S1_I_coil_+-0.3mA_fine_284mK_191103__IVB__T_1p40K[0.000195000],1,down,5001,0.9996
D4.2__Fig 2__SQUID_data__IVB_BS30_A1S1_I_coil_+-0.3mA_fine_284mK_191103__IVB__T_1p40K[0.000195000],2,up,2479,1.0
D4.2__Fig 2__SQUID_data__IVB_BS30_A1S1_I_coil_+-0.3mA_fine_284mK_191103__IVB__T_1p40K[0.000195750],0,up,2521,0.9992063492063492
D4.2__Fig 2__SQUID_data__IVB_BS30_A1S1_I_coil_+-0.3mA_fine_284mK_191103__IVB__T_1p40K[0.000195750],1,down,5000,0.9995999199839968
D4.2__Fig 2__SQUID_data__IVB_BS30_A1S1_I_coil_+-0.3mA_fine_284mK_191103__IVB__T_1p40K[0.000195750],2,up,2479,1.0
D4.2__Fig 2__SQUID_data__IVB_BS30_A1S1_I_coil_+-0.3mA_fine_284mK_191103__IVB__T_1p40K[0.000196500],0,up,2521,0.9996031746031746
D4.2__Fig 2__SQUID_data__IVB_BS30_A1S1_I_coil_+-0.3mA_fine_284mK_191103__IVB__T_1p40K[0.000196500],1,down,5000,0.9993998799759952
D4.2__Fig 2__SQUID_data__IVB_BS30_A1S1_I_coil_+-0.3mA_fine_284mK_191103__IVB__T_1p40K[0.000196500],2,up,2479,1.0
D4.2__Fig 2__SQUID_data__IVB_BS30_A1S1_I_coil_+-0.3mA_fine_284mK_191103__IVB__T_1p40K[0.000197250],0,up,2521,0.9988095238095238
D4.2__Fig 2__SQUID_data__IVB_BS30_A1S1_I_coil_+-0.3mA_fine_284mK_191103__IVB__T_1p40K[0.000197250],1,down,5000,0.9995999199839968
D4.2__Fig 2__SQUID_data__IVB_BS30_A1S1_I_coil_+-0.3mA_fine_284mK_191103__IVB__T_1p40K[0.000197250],2,up,2479,1.0
D4.2__Fig 2__SQUID_data__IVB_BS30_A1S1_I_coil_+-0.3mA_fine_284mK_191103__IVB__T_1p40K[0.000198000],0,up,2521,0.9988095238095238
D4.2__Fig 2__SQUID_data__IVB_BS30_A1S1_I_coil_+-0.3mA_fine_284mK_191103__IVB__T_1p40K[0.000198000],1,down,5000,0.9993998799759952
D4.2__Fig 2__SQUID_data__IVB_BS30_A1S1_I_coil_+-0.3mA_fine_284mK_191103__IVB__T_1p40K[0.000198000],2,up,2479,1.0
D4.2__Fig 2__SQUID_data__IVB_BS30_A1S1_I_coil_+-0.3mA_fine_284mK_191103__IVB__T_1p40K[0.000198750],0,up,2521,0.9992063492063492
D4.2__Fig 2__SQUID_data__IVB_BS30_A1S1_I_coil_+-0.3mA_fine_284mK_191103__IVB__T_1p40K[0.000198750],1,down,5000,0.9995999199839968
D4.2__Fig 2__SQUID_data__IVB_BS30_A1S1_I_coil_+-0.3mA_fine_284mK_191103__IVB__T_1p40K[0.000198750],2,up,2479,1.0
D4.2__Fig 2__SQUID_data__IVB_BS30_A1S1_I_coil_+-0.3mA_fine_284mK_191103__IVB__T_1p40K[0.000199500],0,up,2520,0.999603017070266
D4.2__Fig 2__SQUID_data__IVB_BS30_A1S1_I_coil_+-0.3mA_fine_284mK_191103__IVB__T_1p40K[0.000199500],1,down,5001,0.9996
D4.2__Fig 2__SQUID_data__IVB_BS30_A1S1_I_coil_+-0.3mA_fine_284mK_191103__IVB__T_1p40K[0.000199500],2,up,2479,1.0
D4.2__Fig 2__SQUID_data__IVB_BS30_A1S1_I_coil_+-0.3mA_fine_284mK_191103__IVB__T_1p40K[0.000200250],0,up,2521,0.9992063492063492
D4.2__Fig 2__SQUID_data__IVB_BS30_A1S1_I_coil_+-0.3mA_fine_284mK_191103__IVB__T_1p40K[0.000200250],1,down,5000,0.9997999599919984
D4.2__Fig 2__SQUID_data__IVB_BS30_A1S1_I_coil_+-0.3mA_fine_284mK_191103__IVB__T_1p40K[0.000200250],2,up,2479,1.0
D4.2__Fig 2__SQUID_data__IVB_BS30_A1S1_I_coil_+-0.3mA_fine_284mK_191103__IVB__T_1p40K[0.000201000],0,up,2521,0.9996031746031746
D4.2__Fig 2__SQUID_data__IVB_BS30_A1S1_I_coil_+-0.3mA_fine_284mK_191103__IVB__T_1p40K[0.000201000],1,down,5000,0.9997999599919984
D4.2__Fig 2__SQUID_data__IVB_BS30_A1S1_I_coil_+-0.3mA_fine_284mK_191103__IVB__T_1p40K[0.000201000],2,up,2479,1.0
D4.2__Fig 2__SQUID_data__IVB_BS30_A1S1_I_coil_+-0.3mA_fine_284mK_191103__IVB__T_1p40K[0.000201750],0,up,2521,0.9992063492063492
D4.2__Fig 2__SQUID_data__IVB_BS30_A1S1_I_coil_+-0.3mA_fine_284mK_191103__IVB__T_1p40K[0.000201750],1,down,5000,0.9995999199839968
D4.2__Fig 2__SQUID_data__IVB_BS30_A1S1_I_coil_+-0.3mA_fine_284mK_191103__IVB__T_1p40K[0.000201750],2,up,2479,1.0
D4.2__Fig 2__SQUID_data__IVB_BS30_A1S1_I_coil_+-0.3mA_fine_284mK_191103__IVB__T_1p40K[0.000202500],0,up,2521,0.9996031746031746
D4.2__Fig 2__SQUID_data__IVB_BS30_A1S1_I_coil_+-0.3mA_fine_284mK_191103__IVB__T_1p40K[0.000202500],1,down,5000,0.9997999599919984
D4.2__Fig 2__SQUID_data__IVB_BS30_A1S1_I_coil_+-0.3mA_fine_284mK_191103__IVB__T_1p40K[0.000202500],2,up,2479,1.0
D4.2__Fig 2__SQUID_data__IVB_BS30_A1S1_I_coil_+-0.3mA_fine_284mK_191103__IVB__T_1p40K[0.000203250],0,up,2520,0.999603017070266
D4.2__Fig 2__SQUID_data__IVB_BS30_A1S1_I_coil_+-0.3mA_fine_284mK_191103__IVB__T_1p40K[0.000203250],1,down,5002,0.9994001199760048
D4.2__Fig 2__SQUID_data__IVB_BS30_A1S1_I_coil_+-0.3mA_fine_284mK_191103__IVB__T_1p40K[0.000203250],2,up,2478,1.0
D4.2__Fig 2__SQUID_data__IVB_BS30_A1S1_I_coil_+-0.3mA_fine_284mK_191103__IVB__T_1p40K[0.000204000],0,up,2521,0.9988095238095238
D4.2__Fig 2__SQUID_data__IVB_BS30_A1S1_I_coil_+-0.3mA_fine_284mK_191103__IVB__T_1p40K[0.000204000],1,down,5000,0.9995999199839968
D4.2__Fig 2__SQUID_data__IVB_BS30_A1S1_I_coil_+-0.3mA_fine_284mK_191103__IVB__T_1p40K[0.000204000],2,up,2479,1.0
D4.2__Fig 2__SQUID_data__IVB_BS30_A1S1_I_coil_+-0.3mA_fine_284mK_191103__IVB__T_1p40K[0.000204750],0,up,2521,0.9992063492063492
D4.2__Fig 2__SQUID_data__IVB_BS30_A1S1_I_coil_+-0.3mA_fine_284mK_191103__IVB__T_1p40K[0.000204750],1,down,5000,0.9995999199839968
D4.2__Fig 2__SQUID_data__IVB_BS30_A1S1_I_coil_+-0.3mA_fine_284mK_191103__IVB__T_1p40K[0.000204750],2,up,2479,1.0
D4.2__Fig 2__SQUID_data__IVB_BS30_A1S1_I_coil_+-0.3mA_fine_284mK_191103__IVB__T_1p40K[0.000205500],0,up,2521,0.9988095238095238
D4.2__Fig 2__SQUID_data__IVB_BS30_A1S1_I_coil_+-0.3mA_fine_284mK_191103__IVB__T_1p40K[0.000205500],1,down,5000,0.9995999199839968
D4.2__Fig 2__SQUID_data__IVB_BS30_A1S1_I_coil_+-0.3mA_fine_284mK_191103__IVB__T_1p40K[0.000205500],2,up,2479,1.0
D4.2__Fig 2__SQUID_data__IVB_BS30_A1S1_I_coil_+-0.3mA_fine_284mK_191103__IVB__T_1p40K[0.000206250],0,up,2521,0.9992063492063492
D4.2__Fig 2__SQUID_data__IVB_BS30_A1S1_I_coil_+-0.3mA_fine_284mK_191103__IVB__T_1p40K[0.000206250],1,down,5000,0.9995999199839968
D4.2__Fig 2__SQUID_data__IVB_BS30_A1S1_I_coil_+-0.3mA_fine_284mK_191103__IVB__T_1p40K[0.000206250],2,up,2479,1.0
D4.2__Fig 2__SQUID_data__IVB_BS30_A1S1_I_coil_+-0.3mA_fine_284mK_191103__IVB__T_1p40K[0.000207000],0,up,2520,0.999206034140532
D4.2__Fig 2__SQUID_data__IVB_BS30_A1S1_I_coil_+-0.3mA_fine_284mK_191103__IVB__T_1p40K[0.000207000],1,down,5001,0.9996
D4.2__Fig 2__SQUID_data__IVB_BS30_A1S1_I_coil_+-0.3mA_fine_284mK_191103__IVB__T_1p40K[0.000207000],2,up,2479,1.0
D4.2__Fig 2__SQUID_data__IVB_BS30_A1S1_I_coil_+-0.3mA_fine_284mK_191103__IVB__T_1p40K[0.000207750],0,up,2521,0.9988095238095238
D4.2__Fig 2__SQUID_data__IVB_BS30_A1S1_I_coil_+-0.3mA_fine_284mK_191103__IVB__T_1p40K[0.000207750],1,down,5000,0.9995999199839968
D4.2__Fig 2__SQUID_data__IVB_BS30_A1S1_I_coil_+-0.3mA_fine_284mK_191103__IVB__T_1p40K[0.000207750],2,up,2479,1.0
D4.2__Fig 2__SQUID_data__IVB_BS30_A1S1_I_coil_+-0.3mA_fine_284mK_191103__IVB__T_1p40K[0.000208500],0,up,2520,0.999206034140532
D4.2__Fig 2__SQUID_data__IVB_BS30_A1S1_I_coil_+-0.3mA_fine_284mK_191103__IVB__T_1p40K[0.000208500],1,down,5001,0.9998
D4.2__Fig 2__SQUID_data__IVB_BS30_A1S1_I_coil_+-0.3mA_fine_284mK_191103__IVB__T_1p40K[0.000208500],2,up,2479,1.0
D4.2__Fig 2__SQUID_data__IVB_BS30_A1S1_I_coil_+-0.3mA_fine_284mK_191103__IVB__T_1p40K[0.000209250],0,up,2521,0.9988095238095238
D4.2__Fig 2__SQUID_data__IVB_BS30_A1S1_I_coil_+-0.3mA_fine_284mK_191103__IVB__T_1p40K[0.000209250],1,down,5000,0.9995999199839968
D4.2__Fig 2__SQUID_data__IVB_BS30_A1S1_I_coil_+-0.3mA_fine_284mK_191103__IVB__T_1p40K[0.000209250],2,up,2479,1.0
D4.2__Fig 2__SQUID_data__IVB_BS30_A1S1_I_coil_+-0.3mA_fine_284mK_191103__IVB__T_1p40K[0.000210000],0,up,2521,0.9988095238095238
D4.2__Fig 2__SQUID_data__IVB_BS30_A1S1_I_coil_+-0.3mA_fine_284mK_191103__IVB__T_1p40K[0.000210000],1,down,4999,0.9995998399359743
D4.2__Fig 2__SQUID_data__IVB_BS30_A1S1_I_coil_+-0.3mA_fine_284mK_191103__IVB__T_1p40K[0.000210000],2,up,2480,1.0
D4.2__Fig 2__SQUID_data__IVB_BS30_A1S1_I_coil_+-0.3mA_fine_284mK_191103__IVB__T_1p40K[0.000210750],0,up,2521,0.9992063492063492
D4.2__Fig 2__SQUID_data__IVB_BS30_A1S1_I_coil_+-0.3mA_fine_284mK_191103__IVB__T_1p40K[0.000210750],1,down,5001,0.9996
D4.2__Fig 2__SQUID_data__IVB_BS30_A1S1_I_coil_+-0.3mA_fine_284mK_191103__IVB__T_1p40K[0.000210750],2,up,2478,1.0
D4.2__Fig 2__SQUID_data__IVB_BS30_A1S1_I_coil_+-0.3mA_fine_284mK_191103__IVB__T_1p40K[0.000211500],0,up,2520,0.999206034140532
D4.2__Fig 2__SQUID_data__IVB_BS30_A1S1_I_coil_+-0.3mA_fine_284mK_191103__IVB__T_1p40K[0.000211500],1,down,5001,0.9996
D4.2__Fig 2__SQUID_data__IVB_BS30_A1S1_I_coil_+-0.3mA_fine_284mK_191103__IVB__T_1p40K[0.000211500],2,up,2479,1.0
D4.2__Fig 2__SQUID_data__IVB_BS30_A1S1_I_coil_+-0.3mA_fine_284mK_191103__IVB__T_1p40K[0.000212250],0,up,2521,0.9992063492063492
D4.2__Fig 2__SQUID_data__IVB_BS30_A1S1_I_coil_+-0.3mA_fine_284mK_191103__IVB__T_1p40K[0.000212250],1,down,5000,0.9997999599919984
D4.2__Fig 2__SQUID_data__IVB_BS30_A1S1_I_coil_+-0.3mA_fine_284mK_191103__IVB__T_1p40K[0.000212250],2,up,2479,1.0
D4.2__Fig 2__SQUID_data__IVB_BS30_A1S1_I_coil_+-0.3mA_fine_284mK_191103__IVB__T_1p40K[0.000213000],0,up,2521,0.9992063492063492
D4.2__Fig 2__SQUID_data__IVB_BS30_A1S1_I_coil_+-0.3mA_fine_284mK_191103__IVB__T_1p40K[0.000213000],1,down,5000,0.9995999199839968
D4.2__Fig 2__SQUID_data__IVB_BS30_A1S1_I_coil_+-0.3mA_fine_284mK_191103__IVB__T_1p40K[0.000213000],2,up,2479,0.9995964487489911
D4.2__Fig 2__SQUID_data__IVB_BS30_A1S1_I_coil_+-0.3mA_fine_284mK_191103__IVB__T_1p40K[0.000213750],0,up,2520,0.999206034140532
D4.2__Fig 2__SQUID_data__IVB_BS30_A1S1_I_coil_+-0.3mA_fine_284mK_191103__IVB__T_1p40K[0.000213750],1,down,5001,0.9996
D4.2__Fig 2__SQUID_data__IVB_BS30_A1S1_I_coil_+-0.3mA_fine_284mK_191103__IVB__T_1p40K[0.000213750],2,up,2479,1.0
D4.2__Fig 2__SQUID_data__IVB_BS30_A1S1_I_coil_+-0.3mA_fine_284mK_191103__IVB__T_1p40K[0.000214500],0,up,2521,0.9992063492063492
D4.2__Fig 2__SQUID_data__IVB_BS30_A1S1_I_coil_+-0.3mA_fine_284mK_191103__IVB__T_1p40K[0.000214500],1,down,5000,0.9995999199839968
D4.2__Fig 2__SQUID_data__IVB_BS30_A1S1_I_coil_+-0.3mA_fine_284mK_191103__IVB__T_1p40K[0.000214500],2,up,2479,1.0
D4.2__Fig 2__SQUID_data__IVB_BS30_A1S1_I_coil_+-0.3mA_fine_284mK_191103__IVB__T_1p40K[0.000215250],0,up,2521,0.9992063492063492
D4.2__Fig 2__SQUID_data__IVB_BS30_A1S1_I_coil_+-0.3mA_fine_284mK_191103__IVB__T_1p40K[0.000215250],1,down,5000,0.9995999199839968
D4.2__Fig 2__SQUID_data__IVB_BS30_A1S1_I_coil_+-0.3mA_fine_284mK_191103__IVB__T_1p40K[0.000215250],2,up,2479,1.0
D4.2__Fig 2__SQUID_data__IVB_BS30_A1S1_I_coil_+-0.3mA_fine_284mK_191103__IVB__T_1p40K[0.000216000],0,up,2521,0.9992063492063492
D4.2__Fig 2__SQUID_data__IVB_BS30_A1S1_I_coil_+-0.3mA_fine_284mK_191103__IVB__T_1p40K[0.000216000],1,down,5000,0.9997999599919984
D4.2__Fig 2__SQUID_data__IVB_BS30_A1S1_I_coil_+-0.3mA_fine_284mK_191103__IVB__T_1p40K[0.000216000],2,up,2479,1.0
D4.2__Fig 2__SQUID_data__IVB_BS30_A1S1_I_coil_+-0.3mA_fine_284mK_191103__IVB__T_1p40K[0.000216750],0,up,2521,0.9996031746031746
D4.2__Fig 2__SQUID_data__IVB_BS30_A1S1_I_coil_+-0.3mA_fine_284mK_191103__IVB__T_1p40K[0.000216750],1,down,5000,0.9995999199839968
D4.2__Fig 2__SQUID_data__IVB_BS30_A1S1_I_coil_+-0.3mA_fine_284mK_191103__IVB__T_1p40K[0.000216750],2,up,2479,1.0
D4.2__Fig 2__SQUID_data__IVB_BS30_A1S1_I_coil_+-0.3mA_fine_284mK_191103__IVB__T_1p40K[0.000217500],0,up,2521,0.9992063492063492
D4.2__Fig 2__SQUID_data__IVB_BS30_A1S1_I_coil_+-0.3mA_fine_284mK_191103__IVB__T_1p40K[0.000217500],1,down,4999,0.9995998399359743
D4.2__Fig 2__SQUID_data__IVB_BS30_A1S1_I_coil_+-0.3mA_fine_284mK_191103__IVB__T_1p40K[0.000217500],2,up,2480,1.0
D4.2__Fig 2__SQUID_data__IVB_BS30_A1S1_I_coil_+-0.3mA_fine_284mK_191103__IVB__T_1p40K[0.000218250],0,up,2521,0.9992063492063492
D4.2__Fig 2__SQUID_data__IVB_BS30_A1S1_I_coil_+-0.3mA_fine_284mK_191103__IVB__T_1p40K[0.000218250],1,down,5000,0.9995999199839968
D4.2__Fig 2__SQUID_data__IVB_BS30_A1S1_I_coil_+-0.3mA_fine_284mK_191103__IVB__T_1p40K[0.000218250],2,up,2479,1.0
D4.2__Fig 2__SQUID_data__IVB_BS30_A1S1_I_coil_+-0.3mA_fine_284mK_191103__IVB__T_1p40K[0.000219000],0,up,2520,0.999603017070266
D4.2__Fig 2__SQUID_data__IVB_BS30_A1S1_I_coil_+-0.3mA_fine_284mK_191103__IVB__T_1p40K[0.000219000],1,down,5001,0.9996
D4.2__Fig 2__SQUID_data__IVB_BS30_A1S1_I_coil_+-0.3mA_fine_284mK_191103__IVB__T_1p40K[0.000219000],2,up,2479,1.0
D4.2__Fig 2__SQUID_data__IVB_BS30_A1S1_I_coil_+-0.3mA_fine_284mK_191103__IVB__T_1p40K[0.000219750],0,up,2521,0.9992063492063492
D4.2__Fig 2__SQUID_data__IVB_BS30_A1S1_I_coil_+-0.3mA_fine_284mK_191103__IVB__T_1p40K[0.000219750],1,down,5000,0.9995999199839968
D4.2__Fig 2__SQUID_data__IVB_BS30_A1S1_I_coil_+-0.3mA_fine_284mK_191103__IVB__T_1p40K[0.000219750],2,up,2479,1.0
D4.2__Fig 2__SQUID_data__IVB_BS30_A1S1_I_coil_+-0.3mA_fine_284mK_191103__IVB__T_1p40K[0.000220500],0,up,2521,0.9996031746031746
D4.2__Fig 2__SQUID_data__IVB_BS30_A1S1_I_coil_+-0.3mA_fine_284mK_191103__IVB__T_1p40K[0.000220500],1,down,5000,0.9995999199839968
D4.2__Fig 2__SQUID_data__IVB_BS30_A1S1_I_coil_+-0.3mA_fine_284mK_191103__IVB__T_1p40K[0.000220500],2,up,2479,1.0
D4.2__Fig 2__SQUID_data__IVB_BS30_A1S1_I_coil_+-0.3mA_fine_284mK_191103__IVB__T_1p40K[0.000221250],0,up,2520,0.999603017070266
D4.2__Fig 2__SQUID_data__IVB_BS30_A1S1_I_coil_+-0.3mA_fine_284mK_191103__IVB__T_1p40K[0.000221250],1,down,5001,0.9996
D4.2__Fig 2__SQUID_data__IVB_BS30_A1S1_I_coil_+-0.3mA_fine_284mK_191103__IVB__T_1p40K[0.000221250],2,up,2479,1.0
D4.2__Fig 2__SQUID_data__IVB_BS30_A1S1_I_coil_+-0.3mA_fine_284mK_191103__IVB__T_1p40K[0.000222000],0,up,2520,0.999603017070266
D4.2__Fig 2__SQUID_data__IVB_BS30_A1S1_I_coil_+-0.3mA_fine_284mK_191103__IVB__T_1p40K[0.000222000],1,down,5001,0.9998
D4.2__Fig 2__SQUID_data__IVB_BS30_A1S1_I_coil_+-0.3mA_fine_284mK_191103__IVB__T_1p40K[0.000222000],2,up,2479,1.0
D4.2__Fig 2__SQUID_data__IVB_BS30_A1S1_I_coil_+-0.3mA_fine_284mK_191103__IVB__T_1p40K[0.000222750],0,up,2521,0.9992063492063492
D4.2__Fig 2__SQUID_data__IVB_BS30_A1S1_I_coil_+-0.3mA_fine_284mK_191103__IVB__T_1p40K[0.000222750],1,down,5000,0.9997999599919984
D4.2__Fig 2__SQUID_data__IVB_BS30_A1S1_I_coil_+-0.3mA_fine_284mK_191103__IVB__T_1p40K[0.000222750],2,up,2479,1.0
D4.2__Fig 2__SQUID_data__IVB_BS30_A1S1_I_coil_+-0.3mA_fine_284mK_191103__IVB__T_1p40K[0.000223500],0,up,2521,0.9988095238095238
D4.2__Fig 2__SQUID_data__IVB_BS30_A1S1_I_coil_+-0.3mA_fine_284mK_191103__IVB__T_1p40K[0.000223500],1,down,5000,0.9995999199839968
D4.2__Fig 2__SQUID_data__IVB_BS30_A1S1_I_coil_+-0.3mA_fine_284mK_191103__IVB__T_1p40K[0.000223500],2,up,2479,1.0
D4.2__Fig 2__SQUID_data__IVB_BS30_A1S1_I_coil_+-0.3mA_fine_284mK_191103__IVB__T_1p40K[0.000224250],0,up,2521,0.9992063492063492
D4.2__Fig 2__SQUID_data__IVB_BS30_A1S1_I_coil_+-0.3mA_fine_284mK_191103__IVB__T_1p40K[0.000224250],1,down,5000,0.9995999199839968
D4.2__Fig 2__SQUID_data__IVB_BS30_A1S1_I_coil_+-0.3mA_fine_284mK_191103__IVB__T_1p40K[0.000224250],2,up,2479,1.0
D4.2__Fig 2__SQUID_data__IVB_BS30_A1S1_I_coil_+-0.3mA_fine_284mK_191103__IVB__T_1p40K[0.000225000],0,up,2521,0.9992063492063492
D4.2__Fig 2__SQUID_data__IVB_BS30_A1S1_I_coil_+-0.3mA_fine_284mK_191103__IVB__T_1p40K[0.000225000],1,down,5000,0.9995999199839968
D4.2__Fig 2__SQUID_data__IVB_BS30_A1S1_I_coil_+-0.3mA_fine_284mK_191103__IVB__T_1p40K[0.000225000],2,up,2479,1.0
D4.2__Fig 2__SQUID_data__IVB_BS30_A1S1_I_coil_+-0.3mA_fine_284mK_191103__IVB__T_1p40K[0.000225750],0,up,2521,0.9992063492063492
D4.2__Fig 2__SQUID_data__IVB_BS30_A1S1_I_coil_+-0.3mA_fine_284mK_191103__IVB__T_1p40K[0.000225750],1,down,5000,0.9995999199839968
D4.2__Fig 2__SQUID_data__IVB_BS30_A1S1_I_coil_+-0.3mA_fine_284mK_191103__IVB__T_1p40K[0.000225750],2,up,2479,1.0
D4.2__Fig 2__SQUID_data__IVB_BS30_A1S1_I_coil_+-0.3mA_fine_284mK_191103__IVB__T_1p40K[0.000226500],0,up,2521,0.9988095238095238
D4.2__Fig 2__SQUID_data__IVB_BS30_A1S1_I_coil_+-0.3mA_fine_284mK_191103__IVB__T_1p40K[0.000226500],1,down,5000,0.9997999599919984
D4.2__Fig 2__SQUID_data__IVB_BS30_A1S1_I_coil_+-0.3mA_fine_284mK_191103__IVB__T_1p40K[0.000226500],2,up,2479,1.0
D4.2__Fig 2__SQUID_data__IVB_BS30_A1S1_I_coil_+-0.3mA_fine_284mK_191103__IVB__T_1p40K[0.000227250],0,up,2520,0.999603017070266
D4.2__Fig 2__SQUID_data__IVB_BS30_A1S1_I_coil_+-0.3mA_fine_284mK_191103__IVB__T_1p40K[0.000227250],1,down,5001,0.9994
D4.2__Fig 2__SQUID_data__IVB_BS30_A1S1_I_coil_+-0.3mA_fine_284mK_191103__IVB__T_1p40K[0.000227250],2,up,2479,1.0
D4.2__Fig 2__SQUID_data__IVB_BS30_A1S1_I_coil_+-0.3mA_fine_284mK_191103__IVB__T_1p40K[0.000228000],0,up,2521,0.9992063492063492
D4.2__Fig 2__SQUID_data__IVB_BS30_A1S1_I_coil_+-0.3mA_fine_284mK_191103__IVB__T_1p40K[0.000228000],1,down,5000,0.9995999199839968
D4.2__Fig 2__SQUID_data__IVB_BS30_A1S1_I_coil_+-0.3mA_fine_284mK_191103__IVB__T_1p40K[0.000228000],2,up,2479,1.0
D4.2__Fig 2__SQUID_data__IVB_BS30_A1S1_I_coil_+-0.3mA_fine_284mK_191103__IVB__T_1p40K[0.000228750],0,up,2521,0.9992063492063492
D4.2__Fig 2__SQUID_data__IVB_BS30_A1S1_I_coil_+-0.3mA_fine_284mK_191103__IVB__T_1p40K[0.000228750],1,down,5000,0.9995999199839968
D4.2__Fig 2__SQUID_data__IVB_BS30_A1S1_I_coil_+-0.3mA_fine_284mK_191103__IVB__T_1p40K[0.000228750],2,up,2479,1.0
D4.2__Fig 2__SQUID_data__IVB_BS30_A1S1_I_coil_+-0.3mA_fine_284mK_191103__IVB__T_1p40K[0.000229500],0,up,2521,0.9996031746031746
D4.2__Fig 2__SQUID_data__IVB_BS30_A1S1_I_coil_+-0.3mA_fine_284mK_191103__IVB__T_1p40K[0.000229500],1,down,5000,0.9995999199839968
D4.2__Fig 2__SQUID_data__IVB_BS30_A1S1_I_coil_+-0.3mA_fine_284mK_191103__IVB__T_1p40K[0.000229500],2,up,2479,1.0
D4.2__Fig 2__SQUID_data__IVB_BS30_A1S1_I_coil_+-0.3mA_fine_284mK_191103__IVB__T_1p40K[0.000230250],0,up,2521,0.9996031746031746
D4.2__Fig 2__SQUID_data__IVB_BS30_A1S1_I_coil_+-0.3mA_fine_284mK_191103__IVB__T_1p40K[0.000230250],1,down,5000,0.9993998799759952
D4.2__Fig 2__SQUID_data__IVB_BS30_A1S1_I_coil_+-0.3mA_fine_284mK_191103__IVB__T_1p40K[0.000230250],2,up,2479,1.0
D4.2__Fig 2__SQUID_data__IVB_BS30_A1S1_I_coil_+-0.3mA_fine_284mK_191103__IVB__T_1p40K[0.000231000],0,up,2521,0.9988095238095238
D4.2__Fig 2__SQUID_data__IVB_BS30_A1S1_I_coil_+-0.3mA_fine_284mK_191103__IVB__T_1p40K[0.000231000],1,down,5000,0.9997999599919984
D4.2__Fig 2__SQUID_data__IVB_BS30_A1S1_I_coil_+-0.3mA_fine_284mK_191103__IVB__T_1p40K[0.000231000],2,up,2479,1.0
D4.2__Fig 2__SQUID_data__IVB_BS30_A1S1_I_coil_+-0.3mA_fine_284mK_191103__IVB__T_1p40K[0.000231750],0,up,2521,0.9988095238095238
D4.2__Fig 2__SQUID_data__IVB_BS30_A1S1_I_coil_+-0.3mA_fine_284mK_191103__IVB__T_1p40K[0.000231750],1,down,5000,1.0
D4.2__Fig 2__SQUID_data__IVB_BS30_A1S1_I_coil_+-0.3mA_fine_284mK_191103__IVB__T_1p40K[0.000231750],2,up,2479,1.0
D4.2__Fig 2__SQUID_data__IVB_BS30_A1S1_I_coil_+-0.3mA_fine_284mK_191103__IVB__T_1p40K[0.000232500],0,up,2521,0.9996031746031746
D4.2__Fig 2__SQUID_data__IVB_BS30_A1S1_I_coil_+-0.3mA_fine_284mK_191103__IVB__T_1p40K[0.000232500],1,down,5000,0.9995999199839968
D4.2__Fig 2__SQUID_data__IVB_BS30_A1S1_I_coil_+-0.3mA_fine_284mK_191103__IVB__T_1p40K[0.000232500],2,up,2479,1.0
D4.2__Fig 2__SQUID_data__IVB_BS30_A1S1_I_coil_+-0.3mA_fine_284mK_191103__IVB__T_1p40K[0.000233250],0,up,2521,0.9988095238095238
D4.2__Fig 2__SQUID_data__IVB_BS30_A1S1_I_coil_+-0.3mA_fine_284mK_191103__IVB__T_1p40K[0.000233250],1,down,5000,0.9995999199839968
D4.2__Fig 2__SQUID_data__IVB_BS30_A1S1_I_coil_+-0.3mA_fine_284mK_191103__IVB__T_1p40K[0.000233250],2,up,2479,1.0
D4.2__Fig 2__SQUID_data__IVB_BS30_A1S1_I_coil_+-0.3mA_fine_284mK_191103__IVB__T_1p40K[0.000234000],0,up,2521,0.9996031746031746
D4.2__Fig 2__SQUID_data__IVB_BS30_A1S1_I_coil_+-0.3mA_fine_284mK_191103__IVB__T_1p40K[0.000234000],1,down,5000,0.9997999599919984
D4.2__Fig 2__SQUID_data__IVB_BS30_A1S1_I_coil_+-0.3mA_fine_284mK_191103__IVB__T_1p40K[0.000234000],2,up,2479,1.0
D4.2__Fig 2__SQUID_data__IVB_BS30_A1S1_I_coil_+-0.3mA_fine_284mK_191103__IVB__T_1p40K[0.000234750],0,up,2520,0.999603017070266
D4.2__Fig 2__SQUID_data__IVB_BS30_A1S1_I_coil_+-0.3mA_fine_284mK_191103__IVB__T_1p40K[0.000234750],1,down,5001,0.9994
D4.2__Fig 2__SQUID_data__IVB_BS30_A1S1_I_coil_+-0.3mA_fine_284mK_191103__IVB__T_1p40K[0.000234750],2,up,2479,1.0
D4.2__Fig 2__SQUID_data__IVB_BS30_A1S1_I_coil_+-0.3mA_fine_284mK_191103__IVB__T_1p40K[0.000235500],0,up,2521,0.9992063492063492
D4.2__Fig 2__SQUID_data__IVB_BS30_A1S1_I_coil_+-0.3mA_fine_284mK_191103__IVB__T_1p40K[0.000235500],1,down,5000,0.9995999199839968
D4.2__Fig 2__SQUID_data__IVB_BS30_A1S1_I_coil_+-0.3mA_fine_284mK_191103__IVB__T_1p40K[0.000235500],2,up,2479,1.0
D4.2__Fig 2__SQUID_data__IVB_BS30_A1S1_I_coil_+-0.3mA_fine_284mK_191103__IVB__T_1p40K[0.000236250],0,up,2521,0.9996031746031746
D4.2__Fig 2__SQUID_data__IVB_BS30_A1S1_I_coil_+-0.3mA_fine_284mK_191103__IVB__T_1p40K[0.000236250],1,down,5000,0.9995999199839968
D4.2__Fig 2__SQUID_data__IVB_BS30_A1S1_I_coil_+-0.3mA_fine_284mK_191103__IVB__T_1p40K[0.000236250],2,up,2479,1.0
D4.2__Fig 2__SQUID_data__IVB_BS30_A1S1_I_coil_+-0.3mA_fine_284mK_191103__IVB__T_1p40K[0.000237000],0,up,2521,0.9992063492063492
D4.2__Fig 2__SQUID_data__IVB_BS30_A1S1_I_coil_+-0.3mA_fine_284mK_191103__IVB__T_1p40K[0.000237000],1,down,5000,0.9995999199839968
D4.2__Fig 2__SQUID_data__IVB_BS30_A1S1_I_coil_+-0.3mA_fine_284mK_191103__IVB__T_1p40K[0.000237000],2,up,2479,1.0
D4.2__Fig 2__SQUID_data__IVB_BS30_A1S1_I_coil_+-0.3mA_fine_284mK_191103__IVB__T_1p40K[0.000237750],0,up,2521,0.9996031746031746
D4.2__Fig 2__SQUID_data__IVB_BS30_A1S1_I_coil_+-0.3mA_fine_284mK_191103__IVB__T_1p40K[0.000237750],1,down,5000,0.9995999199839968
D4.2__Fig 2__SQUID_data__IVB_BS30_A1S1_I_coil_+-0.3mA_fine_284mK_191103__IVB__T_1p40K[0.000237750],2,up,2479,1.0
D4.2__Fig 2__SQUID_data__IVB_BS30_A1S1_I_coil_+-0.3mA_fine_284mK_191103__IVB__T_1p40K[0.000238500],0,up,2521,0.9992063492063492
D4.2__Fig 2__SQUID_data__IVB_BS30_A1S1_I_coil_+-0.3mA_fine_284mK_191103__IVB__T_1p40K[0.000238500],1,down,5000,0.9993998799759952
D4.2__Fig 2__SQUID_data__IVB_BS30_A1S1_I_coil_+-0.3mA_fine_284mK_191103__IVB__T_1p40K[0.000238500],2,up,2479,1.0
D4.2__Fig 2__SQUID_data__IVB_BS30_A1S1_I_coil_+-0.3mA_fine_284mK_191103__IVB__T_1p40K[0.000239250],0,up,2522,0.9992066640222134
D4.2__Fig 2__SQUID_data__IVB_BS30_A1S1_I_coil_+-0.3mA_fine_284mK_191103__IVB__T_1p40K[0.000239250],1,down,4999,0.9993997599039616
D4.2__Fig 2__SQUID_data__IVB_BS30_A1S1_I_coil_+-0.3mA_fine_284mK_191103__IVB__T_1p40K[0.000239250],2,up,2479,1.0
D4.2__Fig 2__SQUID_data__IVB_BS30_A1S1_I_coil_+-0.3mA_fine_284mK_191103__IVB__T_1p40K[0.000240000],0,up,2521,0.9992063492063492
D4.2__Fig 2__SQUID_data__IVB_BS30_A1S1_I_coil_+-0.3mA_fine_284mK_191103__IVB__T_1p40K[0.000240000],1,down,5000,0.9995999199839968
D4.2__Fig 2__SQUID_data__IVB_BS30_A1S1_I_coil_+-0.3mA_fine_284mK_191103__IVB__T_1p40K[0.000240000],2,up,2479,1.0
D4.2__Fig 2__SQUID_data__IVB_BS30_A1S1_I_coil_+-0.3mA_fine_284mK_191103__IVB__T_1p40K[0.000240750],0,up,2521,0.9988095238095238
D4.2__Fig 2__SQUID_data__IVB_BS30_A1S1_I_coil_+-0.3mA_fine_284mK_191103__IVB__T_1p40K[0.000240750],1,down,5000,0.9995999199839968
D4.2__Fig 2__SQUID_data__IVB_BS30_A1S1_I_coil_+-0.3mA_fine_284mK_191103__IVB__T_1p40K[0.000240750],2,up,2479,1.0
D4.2__Fig 2__SQUID_data__IVB_BS30_A1S1_I_coil_+-0.3mA_fine_284mK_191103__IVB__T_1p40K[0.000241500],0,up,2521,0.9992063492063492
D4.2__Fig 2__SQUID_data__IVB_BS30_A1S1_I_coil_+-0.3mA_fine_284mK_191103__IVB__T_1p40K[0.000241500],1,down,5000,0.9993998799759952
D4.2__Fig 2__SQUID_data__IVB_BS30_A1S1_I_coil_+-0.3mA_fine_284mK_191103__IVB__T_1p40K[0.000241500],2,up,2479,1.0
D4.2__Fig 2__SQUID_data__IVB_BS30_A1S1_I_coil_+-0.3mA_fine_284mK_191103__IVB__T_1p40K[0.000242250],0,up,2521,0.9992063492063492
D4.2__Fig 2__SQUID_data__IVB_BS30_A1S1_I_coil_+-0.3mA_fine_284mK_191103__IVB__T_1p40K[0.000242250],1,down,5000,0.9995999199839968
D4.2__Fig 2__SQUID_data__IVB_BS30_A1S1_I_coil_+-0.3mA_fine_284mK_191103__IVB__T_1p40K[0.000242250],2,up,2479,1.0
D4.2__Fig 2__SQUID_data__IVB_BS30_A1S1_I_coil_+-0.3mA_fine_284mK_191103__IVB__T_1p40K[0.000243000],0,up,2521,0.9992063492063492
D4.2__Fig 2__SQUID_data__IVB_BS30_A1S1_I_coil_+-0.3mA_fine_284mK_191103__IVB__T_1p40K[0.000243000],1,down,5000,0.9995999199839968
D4.2__Fig 2__SQUID_data__IVB_BS30_A1S1_I_coil_+-0.3mA_fine_284mK_191103__IVB__T_1p40K[0.000243000],2,up,2479,1.0
D4.2__Fig 2__SQUID_data__IVB_BS30_A1S1_I_coil_+-0.3mA_fine_284mK_191103__IVB__T_1p40K[0.000243750],0,up,2521,0.9992063492063492
D4.2__Fig 2__SQUID_data__IVB_BS30_A1S1_I_coil_+-0.3mA_fine_284mK_191103__IVB__T_1p40K[0.000243750],1,down,5000,0.9997999599919984
D4.2__Fig 2__SQUID_data__IVB_BS30_A1S1_I_coil_+-0.3mA_fine_284mK_191103__IVB__T_1p40K[0.000243750],2,up,2479,1.0
D4.2__Fig 2__SQUID_data__IVB_BS30_A1S1_I_coil_+-0.3mA_fine_284mK_191103__IVB__T_1p40K[0.000244500],0,up,2521,0.9992063492063492
D4.2__Fig 2__SQUID_data__IVB_BS30_A1S1_I_coil_+-0.3mA_fine_284mK_191103__IVB__T_1p40K[0.000244500],1,down,5000,0.9995999199839968
D4.2__Fig 2__SQUID_data__IVB_BS30_A1S1_I_coil_+-0.3mA_fine_284mK_191103__IVB__T_1p40K[0.000244500],2,up,2479,1.0
D4.2__Fig 2__SQUID_data__IVB_BS30_A1S1_I_coil_+-0.3mA_fine_284mK_191103__IVB__T_1p40K[0.000245250],0,up,2521,0.9992063492063492
D4.2__Fig 2__SQUID_data__IVB_BS30_A1S1_I_coil_+-0.3mA_fine_284mK_191103__IVB__T_1p40K[0.000245250],1,down,5000,0.9995999199839968
D4.2__Fig 2__SQUID_data__IVB_BS30_A1S1_I_coil_+-0.3mA_fine_284mK_191103__IVB__T_1p40K[0.000245250],2,up,2479,1.0
D4.2__Fig 2__SQUID_data__IVB_BS30_A1S1_I_coil_+-0.3mA_fine_284mK_191103__IVB__T_1p40K[0.000246000],0,up,2521,0.9992063492063492
D4.2__Fig 2__SQUID_data__IVB_BS30_A1S1_I_coil_+-0.3mA_fine_284mK_191103__IVB__T_1p40K[0.000246000],1,down,5000,0.9995999199839968
D4.2__Fig 2__SQUID_data__IVB_BS30_A1S1_I_coil_+-0.3mA_fine_284mK_191103__IVB__T_1p40K[0.000246000],2,up,2479,1.0
D4.2__Fig 2__SQUID_data__IVB_BS30_A1S1_I_coil_+-0.3mA_fine_284mK_191103__IVB__T_1p40K[0.000246750],0,up,2520,0.999603017070266
D4.2__Fig 2__SQUID_data__IVB_BS30_A1S1_I_coil_+-0.3mA_fine_284mK_191103__IVB__T_1p40K[0.000246750],1,down,5001,0.9994
D4.2__Fig 2__SQUID_data__IVB_BS30_A1S1_I_coil_+-0.3mA_fine_284mK_191103__IVB__T_1p40K[0.000246750],2,up,2479,1.0
D4.2__Fig 2__SQUID_data__IVB_BS30_A1S1_I_coil_+-0.3mA_fine_284mK_191103__IVB__T_1p40K[0.000247500],0,up,2521,0.9992063492063492
D4.2__Fig 2__SQUID_data__IVB_BS30_A1S1_I_coil_+-0.3mA_fine_284mK_191103__IVB__T_1p40K[0.000247500],1,down,5000,0.9995999199839968
D4.2__Fig 2__SQUID_data__IVB_BS30_A1S1_I_coil_+-0.3mA_fine_284mK_191103__IVB__T_1p40K[0.000247500],2,up,2479,1.0
D4.2__Fig 2__SQUID_data__IVB_BS30_A1S1_I_coil_+-0.3mA_fine_284mK_191103__IVB__T_1p40K[0.000248250],0,up,2521,0.9988095238095238
D4.2__Fig 2__SQUID_data__IVB_BS30_A1S1_I_coil_+-0.3mA_fine_284mK_191103__IVB__T_1p40K[0.000248250],1,down,5000,0.9995999199839968
D4.2__Fig 2__SQUID_data__IVB_BS30_A1S1_I_coil_+-0.3mA_fine_284mK_191103__IVB__T_1p40K[0.000248250],2,up,2479,1.0
D4.2__Fig 2__SQUID_data__IVB_BS30_A1S1_I_coil_+-0.3mA_fine_284mK_191103__IVB__T_1p40K[0.000249000],0,up,2521,0.9992063492063492
D4.2__Fig 2__SQUID_data__IVB_BS30_A1S1_I_coil_+-0.3mA_fine_284mK_191103__IVB__T_1p40K[0.000249000],1,down,5000,0.9995999199839968
D4.2__Fig 2__SQUID_data__IVB_BS30_A1S1_I_coil_+-0.3mA_fine_284mK_191103__IVB__T_1p40K[0.000249000],2,up,2479,1.0
D4.2__Fig 2__SQUID_data__IVB_BS30_A1S1_I_coil_+-0.3mA_fine_284mK_191103__IVB__T_1p40K[0.000249750],0,up,2521,0.9992063492063492
D4.2__Fig 2__SQUID_data__IVB_BS30_A1S1_I_coil_+-0.3mA_fine_284mK_191103__IVB__T_1p40K[0.000249750],1,down,5000,0.9993998799759952
D4.2__Fig 2__SQUID_data__IVB_BS30_A1S1_I_coil_+-0.3mA_fine_284mK_191103__IVB__T_1p40K[0.000249750],2,up,2479,1.0
D4.2__Fig 2__SQUID_data__IVB_BS30_A1S1_I_coil_+-0.3mA_fine_284mK_191103__IVB__T_1p40K[0.000250500],0,up,2521,0.9988095238095238
D4.2__Fig 2__SQUID_data__IVB_BS30_A1S1_I_coil_+-0.3mA_fine_284mK_191103__IVB__T_1p40K[0.000250500],1,down,5000,0.9997999599919984
D4.2__Fig 2__SQUID_data__IVB_BS30_A1S1_I_coil_+-0.3mA_fine_284mK_191103__IVB__T_1p40K[0.000250500],2,up,2479,1.0
D4.2__Fig 2__SQUID_data__IVB_BS30_A1S1_I_coil_+-0.3mA_fine_284mK_191103__IVB__T_1p40K[0.000251250],0,up,2521,0.9988095238095238
D4.2__Fig 2__SQUID_data__IVB_BS30_A1S1_I_coil_+-0.3mA_fine_284mK_191103__IVB__T_1p40K[0.000251250],1,down,5001,0.9996
D4.2__Fig 2__SQUID_data__IVB_BS30_A1S1_I_coil_+-0.3mA_fine_284mK_191103__IVB__T_1p40K[0.000251250],2,up,2478,1.0
D4.2__Fig 2__SQUID_data__IVB_BS30_A1S1_I_coil_+-0.3mA_fine_284mK_191103__IVB__T_1p40K[0.000252000],0,up,2520,0.999206034140532
D4.2__Fig 2__SQUID_data__IVB_BS30_A1S1_I_coil_+-0.3mA_fine_284mK_191103__IVB__T_1p40K[0.000252000],1,down,5001,0.9994
D4.2__Fig 2__SQUID_data__IVB_BS30_A1S1_I_coil_+-0.3mA_fine_284mK_191103__IVB__T_1p40K[0.000252000],2,up,2479,1.0
D4.2__Fig 2__SQUID_data__IVB_BS30_A1S1_I_coil_+-0.3mA_fine_284mK_191103__IVB__T_1p40K[0.000252750],0,up,2521,0.9992063492063492
D4.2__Fig 2__SQUID_data__IVB_BS30_A1S1_I_coil_+-0.3mA_fine_284mK_191103__IVB__T_1p40K[0.000252750],1,down,5000,0.9997999599919984
D4.2__Fig 2__SQUID_data__IVB_BS30_A1S1_I_coil_+-0.3mA_fine_284mK_191103__IVB__T_1p40K[0.000252750],2,up,2479,1.0
D4.2__Fig 2__SQUID_data__IVB_BS30_A1S1_I_coil_+-0.3mA_fine_284mK_191103__IVB__T_1p40K[0.000253500],0,up,2520,0.9988090512107979
D4.2__Fig 2__SQUID_data__IVB_BS30_A1S1_I_coil_+-0.3mA_fine_284mK_191103__IVB__T_1p40K[0.000253500],1,down,5001,0.9994
D4.2__Fig 2__SQUID_data__IVB_BS30_A1S1_I_coil_+-0.3mA_fine_284mK_191103__IVB__T_1p40K[0.000253500],2,up,2479,1.0
D4.2__Fig 2__SQUID_data__IVB_BS30_A1S1_I_coil_+-0.3mA_fine_284mK_191103__IVB__T_1p40K[0.000254250],0,up,2521,0.9988095238095238
D4.2__Fig 2__SQUID_data__IVB_BS30_A1S1_I_coil_+-0.3mA_fine_284mK_191103__IVB__T_1p40K[0.000254250],1,down,5000,0.9993998799759952
D4.2__Fig 2__SQUID_data__IVB_BS30_A1S1_I_coil_+-0.3mA_fine_284mK_191103__IVB__T_1p40K[0.000254250],2,up,2479,1.0
D4.2__Fig 2__SQUID_data__IVB_BS30_A1S1_I_coil_+-0.3mA_fine_284mK_191103__IVB__T_1p40K[0.000255000],0,up,2522,0.9988099960333201
D4.2__Fig 2__SQUID_data__IVB_BS30_A1S1_I_coil_+-0.3mA_fine_284mK_191103__IVB__T_1p40K[0.000255000],1,down,5000,0.9993998799759952
D4.2__Fig 2__SQUID_data__IVB_BS30_A1S1_I_coil_+-0.3mA_fine_284mK_191103__IVB__T_1p40K[0.000255000],2,up,2478,1.0
D4.2__Fig 2__SQUID_data__IVB_BS30_A1S1_I_coil_+-0.3mA_fine_284mK_191103__IVB__T_1p40K[0.000255750],0,up,2521,0.9988095238095238
D4.2__Fig 2__SQUID_data__IVB_BS30_A1S1_I_coil_+-0.3mA_fine_284mK_191103__IVB__T_1p40K[0.000255750],1,down,5000,0.9997999599919984
D4.2__Fig 2__SQUID_data__IVB_BS30_A1S1_I_coil_+-0.3mA_fine_284mK_191103__IVB__T_1p40K[0.000255750],2,up,2479,1.0
D4.2__Fig 2__SQUID_data__IVB_BS30_A1S1_I_coil_+-0.3mA_fine_284mK_191103__IVB__T_1p40K[0.000256500],0,up,2521,0.9992063492063492
D4.2__Fig 2__SQUID_data__IVB_BS30_A1S1_I_coil_+-0.3mA_fine_284mK_191103__IVB__T_1p40K[0.000256500],1,down,5000,0.9995999199839968
D4.2__Fig 2__SQUID_data__IVB_BS30_A1S1_I_coil_+-0.3mA_fine_284mK_191103__IVB__T_1p40K[0.000256500],2,up,2479,1.0
D4.2__Fig 2__SQUID_data__IVB_BS30_A1S1_I_coil_+-0.3mA_fine_284mK_191103__IVB__T_1p40K[0.000257250],0,up,2521,0.9992063492063492
D4.2__Fig 2__SQUID_data__IVB_BS30_A1S1_I_coil_+-0.3mA_fine_284mK_191103__IVB__T_1p40K[0.000257250],1,down,5000,0.9997999599919984
D4.2__Fig 2__SQUID_data__IVB_BS30_A1S1_I_coil_+-0.3mA_fine_284mK_191103__IVB__T_1p40K[0.000257250],2,up,2479,1.0
D4.2__Fig 2__SQUID_data__IVB_BS30_A1S1_I_coil_+-0.3mA_fine_284mK_191103__IVB__T_1p40K[0.000258000],0,up,2521,0.9988095238095238
D4.2__Fig 2__SQUID_data__IVB_BS30_A1S1_I_coil_+-0.3mA_fine_284mK_191103__IVB__T_1p40K[0.000258000],1,down,5000,0.9995999199839968
D4.2__Fig 2__SQUID_data__IVB_BS30_A1S1_I_coil_+-0.3mA_fine_284mK_191103__IVB__T_1p40K[0.000258000],2,up,2479,1.0
D4.2__Fig 2__SQUID_data__IVB_BS30_A1S1_I_coil_+-0.3mA_fine_284mK_191103__IVB__T_1p40K[0.000258750],0,up,2521,0.9988095238095238
D4.2__Fig 2__SQUID_data__IVB_BS30_A1S1_I_coil_+-0.3mA_fine_284mK_191103__IVB__T_1p40K[0.000258750],1,down,5001,0.9994
D4.2__Fig 2__SQUID_data__IVB_BS30_A1S1_I_coil_+-0.3mA_fine_284mK_191103__IVB__T_1p40K[0.000258750],2,up,2478,1.0
D4.2__Fig 2__SQUID_data__IVB_BS30_A1S1_I_coil_+-0.3mA_fine_284mK_191103__IVB__T_1p40K[0.000259500],0,up,2521,0.9992063492063492
D4.2__Fig 2__SQUID_data__IVB_BS30_A1S1_I_coil_+-0.3mA_fine_284mK_191103__IVB__T_1p40K[0.000259500],1,down,5001,0.9998
D4.2__Fig 2__SQUID_data__IVB_BS30_A1S1_I_coil_+-0.3mA_fine_284mK_191103__IVB__T_1p40K[0.000259500],2,up,2478,1.0
D4.2__Fig 2__SQUID_data__IVB_BS30_A1S1_I_coil_+-0.3mA_fine_284mK_191103__IVB__T_1p40K[0.000260250],0,up,2521,0.9988095238095238
D4.2__Fig 2__SQUID_data__IVB_BS30_A1S1_I_coil_+-0.3mA_fine_284mK_191103__IVB__T_1p40K[0.000260250],1,down,5001,0.9994
D4.2__Fig 2__SQUID_data__IVB_BS30_A1S1_I_coil_+-0.3mA_fine_284mK_191103__IVB__T_1p40K[0.000260250],2,up,2478,1.0
D4.2__Fig 2__SQUID_data__IVB_BS30_A1S1_I_coil_+-0.3mA_fine_284mK_191103__IVB__T_1p40K[0.000261000],0,up,2521,0.9992063492063492
D4.2__Fig 2__SQUID_data__IVB_BS30_A1S1_I_coil_+-0.3mA_fine_284mK_191103__IVB__T_1p40K[0.000261000],1,down,5001,0.9994
D4.2__Fig 2__SQUID_data__IVB_BS30_A1S1_I_coil_+-0.3mA_fine_284mK_191103__IVB__T_1p40K[0.000261000],2,up,2478,1.0
D4.2__Fig 2__SQUID_data__IVB_BS30_A1S1_I_coil_+-0.3mA_fine_284mK_191103__IVB__T_1p40K[0.000261750],0,up,2521,0.9992063492063492
D4.2__Fig 2__SQUID_data__IVB_BS30_A1S1_I_coil_+-0.3mA_fine_284mK_191103__IVB__T_1p40K[0.000261750],1,down,5000,0.9995999199839968
D4.2__Fig 2__SQUID_data__IVB_BS30_A1S1_I_coil_+-0.3mA_fine_284mK_191103__IVB__T_1p40K[0.000261750],2,up,2479,1.0
D4.2__Fig 2__SQUID_data__IVB_BS30_A1S1_I_coil_+-0.3mA_fine_284mK_191103__IVB__T_1p40K[0.000262500],0,up,2521,0.9988095238095238
D4.2__Fig 2__SQUID_data__IVB_BS30_A1S1_I_coil_+-0.3mA_fine_284mK_191103__IVB__T_1p40K[0.000262500],1,down,5000,0.9995999199839968
D4.2__Fig 2__SQUID_data__IVB_BS30_A1S1_I_coil_+-0.3mA_fine_284mK_191103__IVB__T_1p40K[0.000262500],2,up,2479,1.0
D4.2__Fig 2__SQUID_data__IVB_BS30_A1S1_I_coil_+-0.3mA_fine_284mK_191103__IVB__T_1p40K[0.000263250],0,up,2521,0.9992063492063492
D4.2__Fig 2__SQUID_data__IVB_BS30_A1S1_I_coil_+-0.3mA_fine_284mK_191103__IVB__T_1p40K[0.000263250],1,down,5000,0.9995999199839968
D4.2__Fig 2__SQUID_data__IVB_BS30_A1S1_I_coil_+-0.3mA_fine_284mK_191103__IVB__T_1p40K[0.000263250],2,up,2479,1.0
D4.2__Fig 2__SQUID_data__IVB_BS30_A1S1_I_coil_+-0.3mA_fine_284mK_191103__IVB__T_1p40K[0.000264000],0,up,2521,0.9988095238095238
D4.2__Fig 2__SQUID_data__IVB_BS30_A1S1_I_coil_+-0.3mA_fine_284mK_191103__IVB__T_1p40K[0.000264000],1,down,5000,0.9995999199839968
D4.2__Fig 2__SQUID_data__IVB_BS30_A1S1_I_coil_+-0.3mA_fine_284mK_191103__IVB__T_1p40K[0.000264000],2,up,2479,1.0
D4.2__Fig 2__SQUID_data__IVB_BS30_A1S1_I_coil_+-0.3mA_fine_284mK_191103__IVB__T_1p40K[0.000264750],0,up,2521,0.9988095238095238
D4.2__Fig 2__SQUID_data__IVB_BS30_A1S1_I_coil_+-0.3mA_fine_284mK_191103__IVB__T_1p40K[0.000264750],1,down,5000,0.9997999599919984
D4.2__Fig 2__SQUID_data__IVB_BS30_A1S1_I_coil_+-0.3mA_fine_284mK_191103__IVB__T_1p40K[0.000264750],2,up,2479,1.0
D4.2__Fig 2__SQUID_data__IVB_BS30_A1S1_I_coil_+-0.3mA_fine_284mK_191103__IVB__T_1p40K[0.000265500],0,up,2521,0.9992063492063492
D4.2__Fig 2__SQUID_data__IVB_BS30_A1S1_I_coil_+-0.3mA_fine_284mK_191103__IVB__T_1p40K[0.000265500],1,down,5000,0.9997999599919984
D4.2__Fig 2__SQUID_data__IVB_BS30_A1S1_I_coil_+-0.3mA_fine_284mK_191103__IVB__T_1p40K[0.000265500],2,up,2479,1.0
D4.2__Fig 2__SQUID_data__IVB_BS30_A1S1_I_coil_+-0.3mA_fine_284mK_191103__IVB__T_1p40K[0.000266250],0,up,2521,0.9988095238095238
D4.2__Fig 2__SQUID_data__IVB_BS30_A1S1_I_coil_+-0.3mA_fine_284mK_191103__IVB__T_1p40K[0.000266250],1,down,5000,0.9995999199839968
D4.2__Fig 2__SQUID_data__IVB_BS30_A1S1_I_coil_+-0.3mA_fine_284mK_191103__IVB__T_1p40K[0.000266250],2,up,2479,1.0
D4.2__Fig 2__SQUID_data__IVB_BS30_A1S1_I_coil_+-0.3mA_fine_284mK_191103__IVB__T_1p40K[0.000267000],0,up,2521,0.9996031746031746
D4.2__Fig 2__SQUID_data__IVB_BS30_A1S1_I_coil_+-0.3mA_fine_284mK_191103__IVB__T_1p40K[0.000267000],1,down,5000,0.9995999199839968
D4.2__Fig 2__SQUID_data__IVB_BS30_A1S1_I_coil_+-0.3mA_fine_284mK_191103__IVB__T_1p40K[0.000267000],2,up,2479,1.0
D4.2__Fig 2__SQUID_data__IVB_BS30_A1S1_I_coil_+-0.3mA_fine_284mK_191103__IVB__T_1p40K[0.000267750],0,up,2521,0.9988095238095238
D4.2__Fig 2__SQUID_data__IVB_BS30_A1S1_I_coil_+-0.3mA_fine_284mK_191103__IVB__T_1p40K[0.000267750],1,down,5000,0.9995999199839968
D4.2__Fig 2__SQUID_data__IVB_BS30_A1S1_I_coil_+-0.3mA_fine_284mK_191103__IVB__T_1p40K[0.000267750],2,up,2479,1.0
D4.2__Fig 2__SQUID_data__IVB_BS30_A1S1_I_coil_+-0.3mA_fine_284mK_191103__IVB__T_1p40K[0.000268500],0,up,2521,0.9992063492063492
D4.2__Fig 2__SQUID_data__IVB_BS30_A1S1_I_coil_+-0.3mA_fine_284mK_191103__IVB__T_1p40K[0.000268500],1,down,5000,0.9995999199839968
D4.2__Fig 2__SQUID_data__IVB_BS30_A1S1_I_coil_+-0.3mA_fine_284mK_191103__IVB__T_1p40K[0.000268500],2,up,2479,1.0
D4.2__Fig 2__SQUID_data__IVB_BS30_A1S1_I_coil_+-0.3mA_fine_284mK_191103__IVB__T_1p40K[0.000269250],0,up,2521,0.9992063492063492
D4.2__Fig 2__SQUID_data__IVB_BS30_A1S1_I_coil_+-0.3mA_fine_284mK_191103__IVB__T_1p40K[0.000269250],1,down,5000,0.9995999199839968
D4.2__Fig 2__SQUID_data__IVB_BS30_A1S1_I_coil_+-0.3mA_fine_284mK_191103__IVB__T_1p40K[0.000269250],2,up,2479,1.0
D4.2__Fig 2__SQUID_data__IVB_BS30_A1S1_I_coil_+-0.3mA_fine_284mK_191103__IVB__T_1p40K[0.000270000],0,up,2521,0.9992063492063492
D4.2__Fig 2__SQUID_data__IVB_BS30_A1S1_I_coil_+-0.3mA_fine_284mK_191103__IVB__T_1p40K[0.000270000],1,down,4999,0.9997999199679872
D4.2__Fig 2__SQUID_data__IVB_BS30_A1S1_I_coil_+-0.3mA_fine_284mK_191103__IVB__T_1p40K[0.000270000],2,up,2480,1.0
D4.2__Fig 2__SQUID_data__IVB_BS30_A1S1_I_coil_+-0.3mA_fine_284mK_191103__IVB__T_1p40K[0.000270750],0,up,2521,0.9996031746031746
D4.2__Fig 2__SQUID_data__IVB_BS30_A1S1_I_coil_+-0.3mA_fine_284mK_191103__IVB__T_1p40K[0.000270750],1,down,5000,0.9997999599919984
D4.2__Fig 2__SQUID_data__IVB_BS30_A1S1_I_coil_+-0.3mA_fine_284mK_191103__IVB__T_1p40K[0.000270750],2,up,2479,1.0
D4.2__Fig 2__SQUID_data__IVB_BS30_A1S1_I_coil_+-0.3mA_fine_284mK_191103__IVB__T_1p40K[0.000271500],0,up,2521,0.9992063492063492
D4.2__Fig 2__SQUID_data__IVB_BS30_A1S1_I_coil_+-0.3mA_fine_284mK_191103__IVB__T_1p40K[0.000271500],1,down,5000,0.9997999599919984
D4.2__Fig 2__SQUID_data__IVB_BS30_A1S1_I_coil_+-0.3mA_fine_284mK_191103__IVB__T_1p40K[0.000271500],2,up,2479,1.0
D4.2__Fig 2__SQUID_data__IVB_BS30_A1S1_I_coil_+-0.3mA_fine_284mK_191103__IVB__T_1p40K[0.000272250],0,up,2521,0.9992063492063492
D4.2__Fig 2__SQUID_data__IVB_BS30_A1S1_I_coil_+-0.3mA_fine_284mK_191103__IVB__T_1p40K[0.000272250],1,down,5000,0.9997999599919984
D4.2__Fig 2__SQUID_data__IVB_BS30_A1S1_I_coil_+-0.3mA_fine_284mK_191103__IVB__T_1p40K[0.000272250],2,up,2479,1.0
D4.2__Fig 2__SQUID_data__IVB_BS30_A1S1_I_coil_+-0.3mA_fine_284mK_191103__IVB__T_1p40K[0.000273000],0,up,2521,0.9992063492063492
D4.2__Fig 2__SQUID_data__IVB_BS30_A1S1_I_coil_+-0.3mA_fine_284mK_191103__IVB__T_1p40K[0.000273000],1,down,5000,0.9993998799759952
D4.2__Fig 2__SQUID_data__IVB_BS30_A1S1_I_coil_+-0.3mA_fine_284mK_191103__IVB__T_1p40K[0.000273000],2,up,2479,1.0
D4.2__Fig 2__SQUID_data__IVB_BS30_A1S1_I_coil_+-0.3mA_fine_284mK_191103__IVB__T_1p40K[0.000273750],0,up,2522,0.9984133280444268
D4.2__Fig 2__SQUID_data__IVB_BS30_A1S1_I_coil_+-0.3mA_fine_284mK_191103__IVB__T_1p40K[0.000273750],1,down,4999,0.9995998399359743
D4.2__Fig 2__SQUID_data__IVB_BS30_A1S1_I_coil_+-0.3mA_fine_284mK_191103__IVB__T_1p40K[0.000273750],2,up,2479,1.0
D4.2__Fig 2__SQUID_data__IVB_BS30_A1S1_I_coil_+-0.3mA_fine_284mK_191103__IVB__T_1p40K[0.000274500],0,up,2521,0.9988095238095238
D4.2__Fig 2__SQUID_data__IVB_BS30_A1S1_I_coil_+-0.3mA_fine_284mK_191103__IVB__T_1p40K[0.000274500],1,down,5000,0.9997999599919984
D4.2__Fig 2__SQUID_data__IVB_BS30_A1S1_I_coil_+-0.3mA_fine_284mK_191103__IVB__T_1p40K[0.000274500],2,up,2479,1.0
D4.2__Fig 2__SQUID_data__IVB_BS30_A1S1_I_coil_+-0.3mA_fine_284mK_191103__IVB__T_1p40K[0.000275250],0,up,2520,0.999603017070266
D4.2__Fig 2__SQUID_data__IVB_BS30_A1S1_I_coil_+-0.3mA_fine_284mK_191103__IVB__T_1p40K[0.000275250],1,down,5001,0.9996
D4.2__Fig 2__SQUID_data__IVB_BS30_A1S1_I_coil_+-0.3mA_fine_284mK_191103__IVB__T_1p40K[0.000275250],2,up,2479,1.0
D4.2__Fig 2__SQUID_data__IVB_BS30_A1S1_I_coil_+-0.3mA_fine_284mK_191103__IVB__T_1p40K[0.000276000],0,up,2522,0.9988099960333201
D4.2__Fig 2__SQUID_data__IVB_BS30_A1S1_I_coil_+-0.3mA_fine_284mK_191103__IVB__T_1p40K[0.000276000],1,down,4999,0.9997999199679872
D4.2__Fig 2__SQUID_data__IVB_BS30_A1S1_I_coil_+-0.3mA_fine_284mK_191103__IVB__T_1p40K[0.000276000],2,up,2479,1.0
D4.2__Fig 2__SQUID_data__IVB_BS30_A1S1_I_coil_+-0.3mA_fine_284mK_191103__IVB__T_1p40K[0.000276750],0,up,2521,0.9992063492063492
D4.2__Fig 2__SQUID_data__IVB_BS30_A1S1_I_coil_+-0.3mA_fine_284mK_191103__IVB__T_1p40K[0.000276750],1,down,5000,0.9997999599919984
D4.2__Fig 2__SQUID_data__IVB_BS30_A1S1_I_coil_+-0.3mA_fine_284mK_191103__IVB__T_1p40K[0.000276750],2,up,2479,1.0
D4.2__Fig 2__SQUID_data__IVB_BS30_A1S1_I_coil_+-0.3mA_fine_284mK_191103__IVB__T_1p40K[0.000277500],0,up,2521,0.9988095238095238
D4.2__Fig 2__SQUID_data__IVB_BS30_A1S1_I_coil_+-0.3mA_fine_284mK_191103__IVB__T_1p40K[0.000277500],1,down,5000,0.9995999199839968
D4.2__Fig 2__SQUID_data__IVB_BS30_A1S1_I_coil_+-0.3mA_fine_284mK_191103__IVB__T_1p40K[0.000277500],2,up,2479,1.0
D4.2__Fig 2__SQUID_data__IVB_BS30_A1S1_I_coil_+-0.3mA_fine_284mK_191103__IVB__T_1p40K[0.000278250],0,up,2520,0.999206034140532
D4.2__Fig 2__SQUID_data__IVB_BS30_A1S1_I_coil_+-0.3mA_fine_284mK_191103__IVB__T_1p40K[0.000278250],1,down,5001,0.9998
D4.2__Fig 2__SQUID_data__IVB_BS30_A1S1_I_coil_+-0.3mA_fine_284mK_191103__IVB__T_1p40K[0.000278250],2,up,2479,1.0
D4.2__Fig 2__SQUID_data__IVB_BS30_A1S1_I_coil_+-0.3mA_fine_284mK_191103__IVB__T_1p40K[0.000279000],0,up,2521,0.9988095238095238
D4.2__Fig 2__SQUID_data__IVB_BS30_A1S1_I_coil_+-0.3mA_fine_284mK_191103__IVB__T_1p40K[0.000279000],1,down,5000,0.9997999599919984
D4.2__Fig 2__SQUID_data__IVB_BS30_A1S1_I_coil_+-0.3mA_fine_284mK_191103__IVB__T_1p40K[0.000279000],2,up,2479,1.0
D4.2__Fig 2__SQUID_data__IVB_BS30_A1S1_I_coil_+-0.3mA_fine_284mK_191103__IVB__T_1p40K[0.000279750],0,up,2521,0.9996031746031746
D4.2__Fig 2__SQUID_data__IVB_BS30_A1S1_I_coil_+-0.3mA_fine_284mK_191103__IVB__T_1p40K[0.000279750],1,down,5001,0.9996
D4.2__Fig 2__SQUID_data__IVB_BS30_A1S1_I_coil_+-0.3mA_fine_284mK_191103__IVB__T_1p40K[0.000279750],2,up,2478,1.0
D4.2__Fig 2__SQUID_data__IVB_BS30_A1S1_I_coil_+-0.3mA_fine_284mK_191103__IVB__T_1p40K[0.000280500],0,up,2521,0.9992063492063492
D4.2__Fig 2__SQUID_data__IVB_BS30_A1S1_I_coil_+-0.3mA_fine_284mK_191103__IVB__T_1p40K[0.000280500],1,down,5000,0.9997999599919984
D4.2__Fig 2__SQUID_data__IVB_BS30_A1S1_I_coil_+-0.3mA_fine_284mK_191103__IVB__T_1p40K[0.000280500],2,up,2479,1.0
D4.2__Fig 2__SQUID_data__IVB_BS30_A1S1_I_coil_+-0.3mA_fine_284mK_191103__IVB__T_1p40K[0.000281250],0,up,2521,0.9992063492063492
D4.2__Fig 2__SQUID_data__IVB_BS30_A1S1_I_coil_+-0.3mA_fine_284mK_191103__IVB__T_1p40K[0.000281250],1,down,5000,0.9995999199839968
D4.2__Fig 2__SQUID_data__IVB_BS30_A1S1_I_coil_+-0.3mA_fine_284mK_191103__IVB__T_1p40K[0.000281250],2,up,2479,1.0
D4.2__Fig 2__SQUID_data__IVB_BS30_A1S1_I_coil_+-0.3mA_fine_284mK_191103__IVB__T_1p40K[0.000282000],0,up,2520,0.999206034140532
D4.2__Fig 2__SQUID_data__IVB_BS30_A1S1_I_coil_+-0.3mA_fine_284mK_191103__IVB__T_1p40K[0.000282000],1,down,5001,0.9996
D4.2__Fig 2__SQUID_data__IVB_BS30_A1S1_I_coil_+-0.3mA_fine_284mK_191103__IVB__T_1p40K[0.000282000],2,up,2479,1.0
D4.2__Fig 2__SQUID_data__IVB_BS30_A1S1_I_coil_+-0.3mA_fine_284mK_191103__IVB__T_1p40K[0.000282750],0,up,2520,0.999603017070266
D4.2__Fig 2__SQUID_data__IVB_BS30_A1S1_I_coil_+-0.3mA_fine_284mK_191103__IVB__T_1p40K[0.000282750],1,down,5001,0.9996
D4.2__Fig 2__SQUID_data__IVB_BS30_A1S1_I_coil_+-0.3mA_fine_284mK_191103__IVB__T_1p40K[0.000282750],2,up,2479,1.0
D4.2__Fig 2__SQUID_data__IVB_BS30_A1S1_I_coil_+-0.3mA_fine_284mK_191103__IVB__T_1p40K[0.000283500],0,up,2521,0.9992063492063492
D4.2__Fig 2__SQUID_data__IVB_BS30_A1S1_I_coil_+-0.3mA_fine_284mK_191103__IVB__T_1p40K[0.000283500],1,down,5001,0.9996
D4.2__Fig 2__SQUID_data__IVB_BS30_A1S1_I_coil_+-0.3mA_fine_284mK_191103__IVB__T_1p40K[0.000283500],2,up,2478,1.0
D4.2__Fig 2__SQUID_data__IVB_BS30_A1S1_I_coil_+-0.3mA_fine_284mK_191103__IVB__T_1p40K[0.000284250],0,up,2521,0.9992063492063492
D4.2__Fig 2__SQUID_data__IVB_BS30_A1S1_I_coil_+-0.3mA_fine_284mK_191103__IVB__T_1p40K[0.000284250],1,down,5000,0.9997999599919984
D4.2__Fig 2__SQUID_data__IVB_BS30_A1S1_I_coil_+-0.3mA_fine_284mK_191103__IVB__T_1p40K[0.000284250],2,up,2479,1.0
D4.2__Fig 2__SQUID_data__IVB_BS30_A1S1_I_coil_+-0.3mA_fine_284mK_191103__IVB__T_1p40K[0.000285000],0,up,2521,0.9992063492063492
D4.2__Fig 2__SQUID_data__IVB_BS30_A1S1_I_coil_+-0.3mA_fine_284mK_191103__IVB__T_1p40K[0.000285000],1,down,5001,0.9994
D4.2__Fig 2__SQUID_data__IVB_BS30_A1S1_I_coil_+-0.3mA_fine_284mK_191103__IVB__T_1p40K[0.000285000],2,up,2478,1.0
D4.2__Fig 2__SQUID_data__IVB_BS30_A1S1_I_coil_+-0.3mA_fine_284mK_191103__IVB__T_1p40K[0.000285750],0,up,2521,0.9988095238095238
D4.2__Fig 2__SQUID_data__IVB_BS30_A1S1_I_coil_+-0.3mA_fine_284mK_191103__IVB__T_1p40K[0.000285750],1,down,5001,0.9992
D4.2__Fig 2__SQUID_data__IVB_BS30_A1S1_I_coil_+-0.3mA_fine_284mK_191103__IVB__T_1p40K[0.000285750],2,up,2478,1.0
D4.2__Fig 2__SQUID_data__IVB_BS30_A1S1_I_coil_+-0.3mA_fine_284mK_191103__IVB__T_1p40K[0.000286500],0,up,2521,0.9992063492063492
D4.2__Fig 2__SQUID_data__IVB_BS30_A1S1_I_coil_+-0.3mA_fine_284mK_191103__IVB__T_1p40K[0.000286500],1,down,5000,0.9995999199839968
D4.2__Fig 2__SQUID_data__IVB_BS30_A1S1_I_coil_+-0.3mA_fine_284mK_191103__IVB__T_1p40K[0.000286500],2,up,2479,1.0
D4.2__Fig 2__SQUID_data__IVB_BS30_A1S1_I_coil_+-0.3mA_fine_284mK_191103__IVB__T_1p40K[0.000287250],0,up,2520,0.999603017070266
D4.2__Fig 2__SQUID_data__IVB_BS30_A1S1_I_coil_+-0.3mA_fine_284mK_191103__IVB__T_1p40K[0.000287250],1,down,5001,0.9994
D4.2__Fig 2__SQUID_data__IVB_BS30_A1S1_I_coil_+-0.3mA_fine_284mK_191103__IVB__T_1p40K[0.000287250],2,up,2479,1.0
D4.2__Fig 2__SQUID_data__IVB_BS30_A1S1_I_coil_+-0.3mA_fine_284mK_191103__IVB__T_1p40K[0.000288000],0,up,2521,0.9996031746031746
D4.2__Fig 2__SQUID_data__IVB_BS30_A1S1_I_coil_+-0.3mA_fine_284mK_191103__IVB__T_1p40K[0.000288000],1,down,5000,0.9995999199839968
D4.2__Fig 2__SQUID_data__IVB_BS30_A1S1_I_coil_+-0.3mA_fine_284mK_191103__IVB__T_1p40K[0.000288000],2,up,2479,1.0
D4.2__Fig 2__SQUID_data__IVB_BS30_A1S1_I_coil_+-0.3mA_fine_284mK_191103__IVB__T_1p40K[0.000288750],0,up,2521,0.9992063492063492
D4.2__Fig 2__SQUID_data__IVB_BS30_A1S1_I_coil_+-0.3mA_fine_284mK_191103__IVB__T_1p40K[0.000288750],1,down,5000,0.9997999599919984
D4.2__Fig 2__SQUID_data__IVB_BS30_A1S1_I_coil_+-0.3mA_fine_284mK_191103__IVB__T_1p40K[0.000288750],2,up,2479,1.0
D4.2__Fig 2__SQUID_data__IVB_BS30_A1S1_I_coil_+-0.3mA_fine_284mK_191103__IVB__T_1p40K[0.000289500],0,up,2521,0.9992063492063492
D4.2__Fig 2__SQUID_data__IVB_BS30_A1S1_I_coil_+-0.3mA_fine_284mK_191103__IVB__T_1p40K[0.000289500],1,down,5000,0.9995999199839968
D4.2__Fig 2__SQUID_data__IVB_BS30_A1S1_I_coil_+-0.3mA_fine_284mK_191103__IVB__T_1p40K[0.000289500],2,up,2479,1.0
D4.2__Fig 2__SQUID_data__IVB_BS30_A1S1_I_coil_+-0.3mA_fine_284mK_191103__IVB__T_1p40K[0.000290250],0,up,2521,0.9992063492063492
D4.2__Fig 2__SQUID_data__IVB_BS30_A1S1_I_coil_+-0.3mA_fine_284mK_191103__IVB__T_1p40K[0.000290250],1,down,5000,0.9995999199839968
D4.2__Fig 2__SQUID_data__IVB_BS30_A1S1_I_coil_+-0.3mA_fine_284mK_191103__IVB__T_1p40K[0.000290250],2,up,2479,1.0
D4.2__Fig 2__SQUID_data__IVB_BS30_A1S1_I_coil_+-0.3mA_fine_284mK_191103__IVB__T_1p40K[0.000291000],0,up,2521,0.9992063492063492
D4.2__Fig 2__SQUID_data__IVB_BS30_A1S1_I_coil_+-0.3mA_fine_284mK_191103__IVB__T_1p40K[0.000291000],1,down,5000,0.9995999199839968
D4.2__Fig 2__SQUID_data__IVB_BS30_A1S1_I_coil_+-0.3mA_fine_284mK_191103__IVB__T_1p40K[0.000291000],2,up,2479,1.0
D4.2__Fig 2__SQUID_data__IVB_BS30_A1S1_I_coil_+-0.3mA_fine_284mK_191103__IVB__T_1p40K[0.000291750],0,up,2520,0.999206034140532
D4.2__Fig 2__SQUID_data__IVB_BS30_A1S1_I_coil_+-0.3mA_fine_284mK_191103__IVB__T_1p40K[0.000291750],1,down,5001,0.9994
D4.2__Fig 2__SQUID_data__IVB_BS30_A1S1_I_coil_+-0.3mA_fine_284mK_191103__IVB__T_1p40K[0.000291750],2,up,2479,1.0
D4.2__Fig 2__SQUID_data__IVB_BS30_A1S1_I_coil_+-0.3mA_fine_284mK_191103__IVB__T_1p40K[0.000292500],0,up,2521,0.9996031746031746
D4.2__Fig 2__SQUID_data__IVB_BS30_A1S1_I_coil_+-0.3mA_fine_284mK_191103__IVB__T_1p40K[0.000292500],1,down,5000,0.9995999199839968
D4.2__Fig 2__SQUID_data__IVB_BS30_A1S1_I_coil_+-0.3mA_fine_284mK_191103__IVB__T_1p40K[0.000292500],2,up,2479,1.0
D4.2__Fig 2__SQUID_data__IVB_BS30_A1S1_I_coil_+-0.3mA_fine_284mK_191103__IVB__T_1p40K[0.000293250],0,up,2521,0.9988095238095238
D4.2__Fig 2__SQUID_data__IVB_BS30_A1S1_I_coil_+-0.3mA_fine_284mK_191103__IVB__T_1p40K[0.000293250],1,down,5000,0.9995999199839968
D4.2__Fig 2__SQUID_data__IVB_BS30_A1S1_I_coil_+-0.3mA_fine_284mK_191103__IVB__T_1p40K[0.000293250],2,up,2479,1.0
D4.2__Fig 2__SQUID_data__IVB_BS30_A1S1_I_coil_+-0.3mA_fine_284mK_191103__IVB__T_1p40K[0.000294000],0,up,2521,0.9992063492063492
D4.2__Fig 2__SQUID_data__IVB_BS30_A1S1_I_coil_+-0.3mA_fine_284mK_191103__IVB__T_1p40K[0.000294000],1,down,5000,0.9995999199839968
D4.2__Fig 2__SQUID_data__IVB_BS30_A1S1_I_coil_+-0.3mA_fine_284mK_191103__IVB__T_1p40K[0.000294000],2,up,2479,1.0
D4.2__Fig 2__SQUID_data__IVB_BS30_A1S1_I_coil_+-0.3mA_fine_284mK_191103__IVB__T_1p40K[0.000294750],0,up,2521,0.9992063492063492
D4.2__Fig 2__SQUID_data__IVB_BS30_A1S1_I_coil_+-0.3mA_fine_284mK_191103__IVB__T_1p40K[0.000294750],1,down,5000,0.9995999199839968
D4.2__Fig 2__SQUID_data__IVB_BS30_A1S1_I_coil_+-0.3mA_fine_284mK_191103__IVB__T_1p40K[0.000294750],2,up,2479,1.0
D4.2__Fig 2__SQUID_data__IVB_BS30_A1S1_I_coil_+-0.3mA_fine_284mK_191103__IVB__T_1p40K[0.000295500],0,up,2521,0.9992063492063492
D4.2__Fig 2__SQUID_data__IVB_BS30_A1S1_I_coil_+-0.3mA_fine_284mK_191103__IVB__T_1p40K[0.000295500],1,down,5000,0.9997999599919984
D4.2__Fig 2__SQUID_data__IVB_BS30_A1S1_I_coil_+-0.3mA_fine_284mK_191103__IVB__T_1p40K[0.000295500],2,up,2479,1.0
D4.2__Fig 2__SQUID_data__IVB_BS30_A1S1_I_coil_+-0.3mA_fine_284mK_191103__IVB__T_1p40K[0.000296250],0,up,2521,0.9992063492063492
D4.2__Fig 2__SQUID_data__IVB_BS30_A1S1_I_coil_+-0.3mA_fine_284mK_191103__IVB__T_1p40K[0.000296250],1,down,5000,0.9997999599919984
D4.2__Fig 2__SQUID_data__IVB_BS30_A1S1_I_coil_+-0.3mA_fine_284mK_191103__IVB__T_1p40K[0.000296250],2,up,2479,1.0
D4.2__Fig 2__SQUID_data__IVB_BS30_A1S1_I_coil_+-0.3mA_fine_284mK_191103__IVB__T_1p40K[0.000297000],0,up,2521,0.9996031746031746
D4.2__Fig 2__SQUID_data__IVB_BS30_A1S1_I_coil_+-0.3mA_fine_284mK_191103__IVB__T_1p40K[0.000297000],1,down,5000,0.9995999199839968
D4.2__Fig 2__SQUID_data__IVB_BS30_A1S1_I_coil_+-0.3mA_fine_284mK_191103__IVB__T_1p40K[0.000297000],2,up,2479,1.0
D4.2__Fig 2__SQUID_data__IVB_BS30_A1S1_I_coil_+-0.3mA_fine_284mK_191103__IVB__T_1p40K[0.000297750],0,up,2520,0.999603017070266
D4.2__Fig 2__SQUID_data__IVB_BS30_A1S1_I_coil_+-0.3mA_fine_284mK_191103__IVB__T_1p40K[0.000297750],1,down,5001,0.9996
D4.2__Fig 2__SQUID_data__IVB_BS30_A1S1_I_coil_+-0.3mA_fine_284mK_191103__IVB__T_1p40K[0.000297750],2,up,2479,1.0
D4.2__Fig 2__SQUID_data__IVB_BS30_A1S1_I_coil_+-0.3mA_fine_284mK_191103__IVB__T_1p40K[0.000298500],0,up,2521,0.9988095238095238
D4.2__Fig 2__SQUID_data__IVB_BS30_A1S1_I_coil_+-0.3mA_fine_284mK_191103__IVB__T_1p40K[0.000298500],1,down,5001,0.9994
D4.2__Fig 2__SQUID_data__IVB_BS30_A1S1_I_coil_+-0.3mA_fine_284mK_191103__IVB__T_1p40K[0.000298500],2,up,2478,1.0
D4.2__Fig 2__SQUID_data__IVB_BS30_A1S1_I_coil_+-0.3mA_fine_284mK_191103__IVB__T_1p40K[0.000299250],0,up,2521,0.9992063492063492
D4.2__Fig 2__SQUID_data__IVB_BS30_A1S1_I_coil_+-0.3mA_fine_284mK_191103__IVB__T_1p40K[0.000299250],1,down,5000,0.9993998799759952
D4.2__Fig 2__SQUID_data__IVB_BS30_A1S1_I_coil_+-0.3mA_fine_284mK_191103__IVB__T_1p40K[0.000299250],2,up,2479,1.0
D4.2__Fig 2__SQUID_data__IVB_BS30_A1S1_I_coil_+-0.3mA_fine_284mK_191103__IVB__T_1p40K[0.000300000],0,up,2521,0.9992063492063492
D4.2__Fig 2__SQUID_data__IVB_BS30_A1S1_I_coil_+-0.3mA_fine_284mK_191103__IVB__T_1p40K[0.000300000],1,down,424,0.9976359338061466
D4.2__Fig 2__SQUID_data__IVB_BS30_A1S1_I_coil_+-0.3mA_fine_284mK_191103__IVB__T_1p40K[0.000300000],2,up,22,0.9047619047619048
D4.2__Fig 2__SQUID_data__IVB_BS30_A1S1_I_coil_+-0.3mA_fine_284mK_191103__IVB__T_1p40K[0.000300000],3,down,4554,0.9997803645947727
D4.2__Fig 2__SQUID_data__IVB_BS30_A1S1_I_coil_+-0.3mA_fine_284mK_191103__IVB__T_1p40K[0.000300000],4,up,2479,1.0
D4.2__Fig 2__SQUID_data__IVI_BS30_A1S1_I_contrl_+-0.15mA_285mK_191103__IVB__T_1p40K[-0.000000375],0,up,2534,0.9992104224240032
D4.2__Fig 2__SQUID_data__IVI_BS30_A1S1_I_contrl_+-0.15mA_285mK_191103__IVB__T_1p40K[-0.000000375],1,down,5024,0.9994027473621342
D4.2__Fig 2__SQUID_data__IVI_BS30_A1S1_I_contrl_+-0.15mA_285mK_191103__IVB__T_1p40K[-0.000000375],2,up,2442,1.0
D4.2__Fig 2__SQUID_data__IVI_BS30_A1S1_I_contrl_+-0.15mA_285mK_191103__IVB__T_1p40K[-0.000000750],0,up,2535,0.9988161010260458
D4.2__Fig 2__SQUID_data__IVI_BS30_A1S1_I_contrl_+-0.15mA_285mK_191103__IVB__T_1p40K[-0.000000750],1,down,5023,0.9992035045798486
D4.2__Fig 2__SQUID_data__IVI_BS30_A1S1_I_contrl_+-0.15mA_285mK_191103__IVB__T_1p40K[-0.000000750],2,up,2442,1.0
D4.2__Fig 2__SQUID_data__IVI_BS30_A1S1_I_contrl_+-0.15mA_285mK_191103__IVB__T_1p40K[-0.000001125],0,up,2535,0.9988161010260458
D4.2__Fig 2__SQUID_data__IVI_BS30_A1S1_I_contrl_+-0.15mA_285mK_191103__IVB__T_1p40K[-0.000001125],1,down,5023,0.9994026284348865
D4.2__Fig 2__SQUID_data__IVI_BS30_A1S1_I_contrl_+-0.15mA_285mK_191103__IVB__T_1p40K[-0.000001125],2,up,2442,1.0
D4.2__Fig 2__SQUID_data__IVI_BS30_A1S1_I_contrl_+-0.15mA_285mK_191103__IVB__T_1p40K[-0.000001500],0,up,2535,0.9992107340173638
D4.2__Fig 2__SQUID_data__IVI_BS30_A1S1_I_contrl_+-0.15mA_285mK_191103__IVB__T_1p40K[-0.000001500],1,down,5023,0.9994026284348865
D4.2__Fig 2__SQUID_data__IVI_BS30_A1S1_I_contrl_+-0.15mA_285mK_191103__IVB__T_1p40K[-0.000001500],2,up,2442,1.0
D4.2__Fig 2__SQUID_data__IVI_BS30_A1S1_I_contrl_+-0.15mA_285mK_191103__IVB__T_1p40K[-0.000001875],0,up,2535,0.9984214680347278
D4.2__Fig 2__SQUID_data__IVI_BS30_A1S1_I_contrl_+-0.15mA_285mK_191103__IVB__T_1p40K[-0.000001875],1,down,5023,0.9994026284348865
D4.2__Fig 2__SQUID_data__IVI_BS30_A1S1_I_contrl_+-0.15mA_285mK_191103__IVB__T_1p40K[-0.000001875],2,up,2442,1.0
D4.2__Fig 2__SQUID_data__IVI_BS30_A1S1_I_contrl_+-0.15mA_285mK_191103__IVB__T_1p40K[-0.000002250],0,up,2535,0.9992107340173638
D4.2__Fig 2__SQUID_data__IVI_BS30_A1S1_I_contrl_+-0.15mA_285mK_191103__IVB__T_1p40K[-0.000002250],1,down,5022,0.9996016729735112
D4.2__Fig 2__SQUID_data__IVI_BS30_A1S1_I_contrl_+-0.15mA_285mK_191103__IVB__T_1p40K[-0.000002250],2,up,2443,1.0
D4.2__Fig 2__SQUID_data__IVI_BS30_A1S1_I_contrl_+-0.15mA_285mK_191103__IVB__T_1p40K[-0.000002625],0,up,2535,0.9988161010260458
D4.2__Fig 2__SQUID_data__IVI_BS30_A1S1_I_contrl_+-0.15mA_285mK_191103__IVB__T_1p40K[-0.000002625],1,down,5021,0.999800796812749
D4.2__Fig 2__SQUID_data__IVI_BS30_A1S1_I_contrl_+-0.15mA_285mK_191103__IVB__T_1p40K[-0.000002625],2,up,2444,1.0
D4.2__Fig 2__SQUID_data__IVI_BS30_A1S1_I_contrl_+-0.15mA_285mK_191103__IVB__T_1p40K[-0.000003000],0,up,2534,0.9992104224240032
D4.2__Fig 2__SQUID_data__IVI_BS30_A1S1_I_contrl_+-0.15mA_285mK_191103__IVB__T_1p40K[-0.000003000],1,down,5025,0.9992038216560509
D4.2__Fig 2__SQUID_data__IVI_BS30_A1S1_I_contrl_+-0.15mA_285mK_191103__IVB__T_1p40K[-0.000003000],2,up,2441,1.0
D4.2__Fig 2__SQUID_data__IVI_BS30_A1S1_I_contrl_+-0.15mA_285mK_191103__IVB__T_1p40K[-0.000003375],0,up,2535,0.999605367008682
D4.2__Fig 2__SQUID_data__IVI_BS30_A1S1_I_contrl_+-0.15mA_285mK_191103__IVB__T_1p40K[-0.000003375],1,down,5022,0.9996016729735112
D4.2__Fig 2__SQUID_data__IVI_BS30_A1S1_I_contrl_+-0.15mA_285mK_191103__IVB__T_1p40K[-0.000003375],2,up,2443,1.0
D4.2__Fig 2__SQUID_data__IVI_BS30_A1S1_I_contrl_+-0.15mA_285mK_191103__IVB__T_1p40K[-0.000003750],0,up,2535,0.9988161010260458
D4.2__Fig 2__SQUID_data__IVI_BS30_A1S1_I_contrl_+-0.15mA_285mK_191103__IVB__T_1p40K[-0.000003750],1,down,5022,0.9996016729735112
D4.2__Fig 2__SQUID_data__IVI_BS30_A1S1_I_contrl_+-0.15mA_285mK_191103__IVB__T_1p40K[-0.000003750],2,up,2443,1.0
D4.2__Fig 2__SQUID_data__IVI_BS30_A1S1_I_contrl_+-0.15mA_285mK_191103__IVB__T_1p40K[-0.000004125],0,up,2535,0.9992107340173638
D4.2__Fig 2__SQUID_data__IVI_BS30_A1S1_I_contrl_+-0.15mA_285mK_191103__IVB__T_1p40K[-0.000004125],1,down,5022,0.9994025094602669
D4.2__Fig 2__SQUID_data__IVI_BS30_A1S1_I_contrl_+-0.15mA_285mK_191103__IVB__T_1p40K[-0.000004125],2,up,2443,1.0
D4.2__Fig 2__SQUID_data__IVI_BS30_A1S1_I_contrl_+-0.15mA_285mK_191103__IVB__T_1p40K[-0.000004500],0,up,2534,0.9988156336360048
D4.2__Fig 2__SQUID_data__IVI_BS30_A1S1_I_contrl_+-0.15mA_285mK_191103__IVB__T_1p40K[-0.000004500],1,down,5025,0.9994028662420382
D4.2__Fig 2__SQUID_data__IVI_BS30_A1S1_I_contrl_+-0.15mA_285mK_191103__IVB__T_1p40K[-0.000004500],2,up,2441,1.0
D4.2__Fig 2__SQUID_data__IVI_BS30_A1S1_I_contrl_+-0.15mA_285mK_191103__IVB__T_1p40K[-0.000004875],0,up,2535,0.9984214680347278
D4.2__Fig 2__SQUID_data__IVI_BS30_A1S1_I_contrl_+-0.15mA_285mK_191103__IVB__T_1p40K[-0.000004875],1,down,5023,0.9994026284348865
D4.2__Fig 2__SQUID_data__IVI_BS30_A1S1_I_contrl_+-0.15mA_285mK_191103__IVB__T_1p40K[-0.000004875],2,up,2442,1.0
D4.2__Fig 2__SQUID_data__IVI_BS30_A1S1_I_contrl_+-0.15mA_285mK_191103__IVB__T_1p40K[-0.000005250],0,up,2534,0.9988156336360048
D4.2__Fig 2__SQUID_data__IVI_BS30_A1S1_I_contrl_+-0.15mA_285mK_191103__IVB__T_1p40K[-0.000005250],1,down,5024,0.9992036631495123
D4.2__Fig 2__SQUID_data__IVI_BS30_A1S1_I_contrl_+-0.15mA_285mK_191103__IVB__T_1p40K[-0.000005250],2,up,2442,1.0
D4.2__Fig 2__SQUID_data__IVI_BS30_A1S1_I_contrl_+-0.15mA_285mK_191103__IVB__T_1p40K[-0.000005625],0,up,2535,0.9988161010260458
D4.2__Fig 2__SQUID_data__IVI_BS30_A1S1_I_contrl_+-0.15mA_285mK_191103__IVB__T_1p40K[-0.000005625],1,down,5023,0.9996017522899243
D4.2__Fig 2__SQUID_data__IVI_BS30_A1S1_I_contrl_+-0.15mA_285mK_191103__IVB__T_1p40K[-0.000005625],2,up,2442,1.0
D4.2__Fig 2__SQUID_data__IVI_BS30_A1S1_I_contrl_+-0.15mA_285mK_191103__IVB__T_1p40K[-0.000006000],0,up,2534,0.9992104224240032
D4.2__Fig 2__SQUID_data__IVI_BS30_A1S1_I_contrl_+-0.15mA_285mK_191103__IVB__T_1p40K[-0.000006000],1,down,5024,0.9996018315747561
D4.2__Fig 2__SQUID_data__IVI_BS30_A1S1_I_contrl_+-0.15mA_285mK_191103__IVB__T_1p40K[-0.000006000],2,up,2442,1.0
D4.2__Fig 2__SQUID_data__IVI_BS30_A1S1_I_contrl_+-0.15mA_285mK_191103__IVB__T_1p40K[-0.000006375],0,up,2535,0.9992107340173638
D4.2__Fig 2__SQUID_data__IVI_BS30_A1S1_I_contrl_+-0.15mA_285mK_191103__IVB__T_1p40K[-0.000006375],1,down,5023,0.9998008761449622
D4.2__Fig 2__SQUID_data__IVI_BS30_A1S1_I_contrl_+-0.15mA_285mK_191103__IVB__T_1p40K[-0.000006375],2,up,2442,1.0
D4.2__Fig 2__SQUID_data__IVI_BS30_A1S1_I_contrl_+-0.15mA_285mK_191103__IVB__T_1p40K[-0.000006750],0,up,2535,0.9992107340173638
D4.2__Fig 2__SQUID_data__IVI_BS30_A1S1_I_contrl_+-0.15mA_285mK_191103__IVB__T_1p40K[-0.000006750],1,down,5022,0.9994025094602669
D4.2__Fig 2__SQUID_data__IVI_BS30_A1S1_I_contrl_+-0.15mA_285mK_191103__IVB__T_1p40K[-0.000006750],2,up,2443,0.9995904995904996
D4.2__Fig 2__SQUID_data__IVI_BS30_A1S1_I_contrl_+-0.15mA_285mK_191103__IVB__T_1p40K[-0.000007125],0,up,2534,0.9992104224240032
D4.2__Fig 2__SQUID_data__IVI_BS30_A1S1_I_contrl_+-0.15mA_285mK_191103__IVB__T_1p40K[-0.000007125],1,down,5025,0.9992038216560509
D4.2__Fig 2__SQUID_data__IVI_BS30_A1S1_I_contrl_+-0.15mA_285mK_191103__IVB__T_1p40K[-0.000007125],2,up,2441,1.0
D4.2__Fig 2__SQUID_data__IVI_BS30_A1S1_I_contrl_+-0.15mA_285mK_191103__IVB__T_1p40K[-0.000007500],0,up,2535,0.9992107340173638
D4.2__Fig 2__SQUID_data__IVI_BS30_A1S1_I_contrl_+-0.15mA_285mK_191103__IVB__T_1p40K[-0.000007500],1,down,5022,0.9996016729735112
D4.2__Fig 2__SQUID_data__IVI_BS30_A1S1_I_contrl_+-0.15mA_285mK_191103__IVB__T_1p40K[-0.000007500],2,up,2443,1.0
D4.2__Fig 2__SQUID_data__IVI_BS30_A1S1_I_contrl_+-0.15mA_285mK_191103__IVB__T_1p40K[-0.000007875],0,up,2535,0.9992107340173638
D4.2__Fig 2__SQUID_data__IVI_BS30_A1S1_I_contrl_+-0.15mA_285mK_191103__IVB__T_1p40K[-0.000007875],1,down,5023,0.9996017522899243
D4.2__Fig 2__SQUID_data__IVI_BS30_A1S1_I_contrl_+-0.15mA_285mK_191103__IVB__T_1p40K[-0.000007875],2,up,2442,1.0
D4.2__Fig 2__SQUID_data__IVI_BS30_A1S1_I_contrl_+-0.15mA_285mK_191103__IVB__T_1p40K[-0.000008250],0,up,2537,0.998422712933754
D4.2__Fig 2__SQUID_data__IVI_BS30_A1S1_I_contrl_+-0.15mA_285mK_191103__IVB__T_1p40K[-0.000008250],1,down,5020,0.9998007571229328
D4.2__Fig 2__SQUID_data__IVI_BS30_A1S1_I_contrl_+-0.15mA_285mK_191103__IVB__T_1p40K[-0.000008250],2,up,2443,1.0
D4.2__Fig 2__SQUID_data__IVI_BS30_A1S1_I_contrl_+-0.15mA_285mK_191103__IVB__T_1p40K[-0.000008625],0,up,2535,0.999605367008682
D4.2__Fig 2__SQUID_data__IVI_BS30_A1S1_I_contrl_+-0.15mA_285mK_191103__IVB__T_1p40K[-0.000008625],1,down,5022,0.9994025094602669
D4.2__Fig 2__SQUID_data__IVI_BS30_A1S1_I_contrl_+-0.15mA_285mK_191103__IVB__T_1p40K[-0.000008625],2,up,2443,1.0
D4.2__Fig 2__SQUID_data__IVI_BS30_A1S1_I_contrl_+-0.15mA_285mK_191103__IVB__T_1p40K[-0.000009000],0,up,2535,0.9992107340173638
D4.2__Fig 2__SQUID_data__IVI_BS30_A1S1_I_contrl_+-0.15mA_285mK_191103__IVB__T_1p40K[-0.000009000],1,down,5022,0.9996016729735112
D4.2__Fig 2__SQUID_data__IVI_BS30_A1S1_I_contrl_+-0.15mA_285mK_191103__IVB__T_1p40K[-0.000009000],2,up,2443,0.9995904995904996
D4.2__Fig 2__SQUID_data__IVI_BS30_A1S1_I_contrl_+-0.15mA_285mK_191103__IVB__T_1p40K[-0.000009375],0,up,2535,0.9992107340173638
D4.2__Fig 2__SQUID_data__IVI_BS30_A1S1_I_contrl_+-0.15mA_285mK_191103__IVB__T_1p40K[-0.000009375],1,down,5022,0.9994025094602669
D4.2__Fig 2__SQUID_data__IVI_BS30_A1S1_I_contrl_+-0.15mA_285mK_191103__IVB__T_1p40K[-0.000009375],2,up,2443,1.0
D4.2__Fig 2__SQUID_data__IVI_BS30_A1S1_I_contrl_+-0.15mA_285mK_191103__IVB__T_1p40K[-0.000009750],0,up,2535,0.999605367008682
D4.2__Fig 2__SQUID_data__IVI_BS30_A1S1_I_contrl_+-0.15mA_285mK_191103__IVB__T_1p40K[-0.000009750],1,down,5023,0.9994026284348865
D4.2__Fig 2__SQUID_data__IVI_BS30_A1S1_I_contrl_+-0.15mA_285mK_191103__IVB__T_1p40K[-0.000009750],2,up,2442,1.0
D4.2__Fig 2__SQUID_data__IVI_BS30_A1S1_I_contrl_+-0.15mA_285mK_191103__IVB__T_1p40K[-0.000010125],0,up,2535,0.9992107340173638
D4.2__Fig 2__SQUID_data__IVI_BS30_A1S1_I_contrl_+-0.15mA_285mK_191103__IVB__T_1p40K[-0.000010125],1,down,5023,0.9996017522899243
D4.2__Fig 2__SQUID_data__IVI_BS30_A1S1_I_contrl_+-0.15mA_285mK_191103__IVB__T_1p40K[-0.000010125],2,up,2442,1.0
D4.2__Fig 2__SQUID_data__IVI_BS30_A1S1_I_contrl_+-0.15mA_285mK_191103__IVB__T_1p40K[-0.000010500],0,up,2535,0.9988161010260458
D4.2__Fig 2__SQUID_data__IVI_BS30_A1S1_I_contrl_+-0.15mA_285mK_191103__IVB__T_1p40K[-0.000010500],1,down,5023,0.9994026284348865
D4.2__Fig 2__SQUID_data__IVI_BS30_A1S1_I_contrl_+-0.15mA_285mK_191103__IVB__T_1p40K[-0.000010500],2,up,2442,1.0
D4.2__Fig 2__SQUID_data__IVI_BS30_A1S1_I_contrl_+-0.15mA_285mK_191103__IVB__T_1p40K[-0.000010875],0,up,2536,0.998422090729783
D4.2__Fig 2__SQUID_data__IVI_BS30_A1S1_I_contrl_+-0.15mA_285mK_191103__IVB__T_1p40K[-0.000010875],1,down,5021,0.999601593625498
D4.2__Fig 2__SQUID_data__IVI_BS30_A1S1_I_contrl_+-0.15mA_285mK_191103__IVB__T_1p40K[-0.000010875],2,up,2443,1.0
D4.2__Fig 2__SQUID_data__IVI_BS30_A1S1_I_contrl_+-0.15mA_285mK_191103__IVB__T_1p40K[-0.000011250],0,up,2535,0.9988161010260458
D4.2__Fig 2__SQUID_data__IVI_BS30_A1S1_I_contrl_+-0.15mA_285mK_191103__IVB__T_1p40K[-0.000011250],1,down,5022,0.9994025094602669
D4.2__Fig 2__SQUID_data__IVI_BS30_A1S1_I_contrl_+-0.15mA_285mK_191103__IVB__T_1p40K[-0.000011250],2,up,2443,1.0
D4.2__Fig 2__SQUID_data__IVI_BS30_A1S1_I_contrl_+-0.15mA_285mK_191103__IVB__T_1p40K[-0.000011625],0,up,2534,0.9988156336360048
D4.2__Fig 2__SQUID_data__IVI_BS30_A1S1_I_contrl_+-0.15mA_285mK_191103__IVB__T_1p40K[-0.000011625],1,down,5024,0.9996018315747561
D4.2__Fig 2__SQUID_data__IVI_BS30_A1S1_I_contrl_+-0.15mA_285mK_191103__IVB__T_1p40K[-0.000011625],2,up,2442,1.0
D4.2__Fig 2__SQUID_data__IVI_BS30_A1S1_I_contrl_+-0.15mA_285mK_191103__IVB__T_1p40K[-0.000012000],0,up,2535,0.9992107340173638
D4.2__Fig 2__SQUID_data__IVI_BS30_A1S1_I_contrl_+-0.15mA_285mK_191103__IVB__T_1p40K[-0.000012000],1,down,5024,0.9992036631495123
D4.2__Fig 2__SQUID_data__IVI_BS30_A1S1_I_contrl_+-0.15mA_285mK_191103__IVB__T_1p40K[-0.000012000],2,up,2441,1.0
D4.2__Fig 2__SQUID_data__IVI_BS30_A1S1_I_contrl_+-0.15mA_285mK_191103__IVB__T_1p40K[-0.000012375],0,up,2535,0.9992107340173638
D4.2__Fig 2__SQUID_data__IVI_BS30_A1S1_I_contrl_+-0.15mA_285mK_191103__IVB__T_1p40K[-0.000012375],1,down,5022,0.9996016729735112
D4.2__Fig 2__SQUID_data__IVI_BS30_A1S1_I_contrl_+-0.15mA_285mK_191103__IVB__T_1p40K[-0.000012375],2,up,2443,1.0
D4.2__Fig 2__SQUID_data__IVI_BS30_A1S1_I_contrl_+-0.15mA_285mK_191103__IVB__T_1p40K[-0.000012750],0,up,2535,0.9992107340173638
D4.2__Fig 2__SQUID_data__IVI_BS30_A1S1_I_contrl_+-0.15mA_285mK_191103__IVB__T_1p40K[-0.000012750],1,down,5022,0.9996016729735112
D4.2__Fig 2__SQUID_data__IVI_BS30_A1S1_I_contrl_+-0.15mA_285mK_191103__IVB__T_1p40K[-0.000012750],2,up,2443,1.0
D4.2__Fig 2__SQUID_data__IVI_BS30_A1S1_I_contrl_+-0.15mA_285mK_191103__IVB__T_1p40K[-0.000013125],0,up,2535,0.9992107340173638
D4.2__Fig 2__SQUID_data__IVI_BS30_A1S1_I_contrl_+-0.15mA_285mK_191103__IVB__T_1p40K[-0.000013125],1,down,5024,0.9994027473621342
D4.2__Fig 2__SQUID_data__IVI_BS30_A1S1_I_contrl_+-0.15mA_285mK_191103__IVB__T_1p40K[-0.000013125],2,up,2441,1.0
D4.2__Fig 2__SQUID_data__IVI_BS30_A1S1_I_contrl_+-0.15mA_285mK_191103__IVB__T_1p40K[-0.000013500],0,up,2535,0.9988161010260458
D4.2__Fig 2__SQUID_data__IVI_BS30_A1S1_I_contrl_+-0.15mA_285mK_191103__IVB__T_1p40K[-0.000013500],1,down,5023,0.9992035045798486
D4.2__Fig 2__SQUID_data__IVI_BS30_A1S1_I_contrl_+-0.15mA_285mK_191103__IVB__T_1p40K[-0.000013500],2,up,2442,1.0
D4.2__Fig 2__SQUID_data__IVI_BS30_A1S1_I_contrl_+-0.15mA_285mK_191103__IVB__T_1p40K[-0.000013875],0,up,2536,0.9992110453648915
D4.2__Fig 2__SQUID_data__IVI_BS30_A1S1_I_contrl_+-0.15mA_285mK_191103__IVB__T_1p40K[-0.000013875],1,down,5021,0.999402390438247
D4.2__Fig 2__SQUID_data__IVI_BS30_A1S1_I_contrl_+-0.15mA_285mK_191103__IVB__T_1p40K[-0.000013875],2,up,2443,1.0
D4.2__Fig 2__SQUID_data__IVI_BS30_A1S1_I_contrl_+-0.15mA_285mK_191103__IVB__T_1p40K[-0.000014250],0,up,2534,0.9992104224240032
D4.2__Fig 2__SQUID_data__IVI_BS30_A1S1_I_contrl_+-0.15mA_285mK_191103__IVB__T_1p40K[-0.000014250],1,down,5023,0.9996017522899243
D4.2__Fig 2__SQUID_data__IVI_BS30_A1S1_I_contrl_+-0.15mA_285mK_191103__IVB__T_1p40K[-0.000014250],2,up,2443,1.0
D4.2__Fig 2__SQUID_data__IVI_BS30_A1S1_I_contrl_+-0.15mA_285mK_191103__IVB__T_1p40K[-0.000014625],0,up,2534,0.9996052112120016
D4.2__Fig 2__SQUID_data__IVI_BS30_A1S1_I_contrl_+-0.15mA_285mK_191103__IVB__T_1p40K[-0.000014625],1,down,5024,0.9992036631495123
D4.2__Fig 2__SQUID_data__IVI_BS30_A1S1_I_contrl_+-0.15mA_285mK_191103__IVB__T_1p40K[-0.000014625],2,up,2442,1.0
D4.2__Fig 2__SQUID_data__IVI_BS30_A1S1_I_contrl_+-0.15mA_285mK_191103__IVB__T_1p40K[-0.000015000],0,up,2535,0.9984214680347278
D4.2__Fig 2__SQUID_data__IVI_BS30_A1S1_I_contrl_+-0.15mA_285mK_191103__IVB__T_1p40K[-0.000015000],1,down,5023,0.9994026284348865
D4.2__Fig 2__SQUID_data__IVI_BS30_A1S1_I_contrl_+-0.15mA_285mK_191103__IVB__T_1p40K[-0.000015000],2,up,2442,1.0
D4.2__Fig 2__SQUID_data__IVI_BS30_A1S1_I_contrl_+-0.15mA_285mK_191103__IVB__T_1p40K[-0.000015375],0,up,2536,0.9988165680473373
D4.2__Fig 2__SQUID_data__IVI_BS30_A1S1_I_contrl_+-0.15mA_285mK_191103__IVB__T_1p40K[-0.000015375],1,down,5022,0.9994025094602669
D4.2__Fig 2__SQUID_data__IVI_BS30_A1S1_I_contrl_+-0.15mA_285mK_191103__IVB__T_1p40K[-0.000015375],2,up,2442,1.0
D4.2__Fig 2__SQUID_data__IVI_BS30_A1S1_I_contrl_+-0.15mA_285mK_191103__IVB__T_1p40K[-0.000015750],0,up,2535,0.9992107340173638
D4.2__Fig 2__SQUID_data__IVI_BS30_A1S1_I_contrl_+-0.15mA_285mK_191103__IVB__T_1p40K[-0.000015750],1,down,5024,0.9996018315747561
D4.2__Fig 2__SQUID_data__IVI_BS30_A1S1_I_contrl_+-0.15mA_285mK_191103__IVB__T_1p40K[-0.000015750],2,up,2441,1.0
D4.2__Fig 2__SQUID_data__IVI_BS30_A1S1_I_contrl_+-0.15mA_285mK_191103__IVB__T_1p40K[-0.000016125],0,up,2536,0.9992110453648915
D4.2__Fig 2__SQUID_data__IVI_BS30_A1S1_I_contrl_+-0.15mA_285mK_191103__IVB__T_1p40K[-0.000016125],1,down,5022,0.9992033459470225
D4.2__Fig 2__SQUID_data__IVI_BS30_A1S1_I_contrl_+-0.15mA_285mK_191103__IVB__T_1p40K[-0.000016125],2,up,2442,0.9995903318312167
D4.2__Fig 2__SQUID_data__IVI_BS30_A1S1_I_contrl_+-0.15mA_285mK_191103__IVB__T_1p40K[-0.000016500],0,up,2535,0.9988161010260458
D4.2__Fig 2__SQUID_data__IVI_BS30_A1S1_I_contrl_+-0.15mA_285mK_191103__IVB__T_1p40K[-0.000016500],1,down,5023,0.9996017522899243
D4.2__Fig 2__SQUID_data__IVI_BS30_A1S1_I_contrl_+-0.15mA_285mK_191103__IVB__T_1p40K[-0.000016500],2,up,2442,1.0
D4.2__Fig 2__SQUID_data__IVI_BS30_A1S1_I_contrl_+-0.15mA_285mK_191103__IVB__T_1p40K[-0.000016875],0,up,2535,0.9992107340173638
D4.2__Fig 2__SQUID_data__IVI_BS30_A1S1_I_contrl_+-0.15mA_285mK_191103__IVB__T_1p40K[-0.000016875],1,down,5022,0.9998008364867557
D4.2__Fig 2__SQUID_data__IVI_BS30_A1S1_I_contrl_+-0.15mA_285mK_191103__IVB__T_1p40K[-0.000016875],2,up,2443,1.0
D4.2__Fig 2__SQUID_data__IVI_BS30_A1S1_I_contrl_+-0.15mA_285mK_191103__IVB__T_1p40K[-0.000017250],0,up,2535,0.9988161010260458
D4.2__Fig 2__SQUID_data__IVI_BS30_A1S1_I_contrl_+-0.15mA_285mK_191103__IVB__T_1p40K[-0.000017250],1,down,5023,0.9992035045798486
D4.2__Fig 2__SQUID_data__IVI_BS30_A1S1_I_contrl_+-0.15mA_285mK_191103__IVB__T_1p40K[-0.000017250],2,up,2442,1.0
D4.2__Fig 2__SQUID_data__IVI_BS30_A1S1_I_contrl_+-0.15mA_285mK_191103__IVB__T_1p40K[-0.000017625],0,up,2534,0.9988156336360048
D4.2__Fig 2__SQUID_data__IVI_BS30_A1S1_I_contrl_+-0.15mA_285mK_191103__IVB__T_1p40K[-0.000017625],1,down,5024,0.9996018315747561
D4.2__Fig 2__SQUID_data__IVI_BS30_A1S1_I_contrl_+-0.15mA_285mK_191103__IVB__T_1p40K[-0.000017625],2,up,2442,1.0
D4.2__Fig 2__SQUID_data__IVI_BS30_A1S1_I_contrl_+-0.15mA_285mK_191103__IVB__T_1p40K[-0.000018000],0,up,2535,0.9992107340173638
D4.2__Fig 2__SQUID_data__IVI_BS30_A1S1_I_contrl_+-0.15mA_285mK_191103__IVB__T_1p40K[-0.000018000],1,down,5022,0.9994025094602669
D4.2__Fig 2__SQUID_data__IVI_BS30_A1S1_I_contrl_+-0.15mA_285mK_191103__IVB__T_1p40K[-0.000018000],2,up,2443,1.0
D4.2__Fig 2__SQUID_data__IVI_BS30_A1S1_I_contrl_+-0.15mA_285mK_191103__IVB__T_1p40K[-0.000018375],0,up,2534,0.9988156336360048
D4.2__Fig 2__SQUID_data__IVI_BS30_A1S1_I_contrl_+-0.15mA_285mK_191103__IVB__T_1p40K[-0.000018375],1,down,5023,0.9994026284348865
D4.2__Fig 2__SQUID_data__IVI_BS30_A1S1_I_contrl_+-0.15mA_285mK_191103__IVB__T_1p40K[-0.000018375],2,up,2443,0.9995904995904996
D4.2__Fig 2__SQUID_data__IVI_BS30_A1S1_I_contrl_+-0.15mA_285mK_191103__IVB__T_1p40K[-0.000018750],0,up,2534,0.9988156336360048
D4.2__Fig 2__SQUID_data__IVI_BS30_A1S1_I_contrl_+-0.15mA_285mK_191103__IVB__T_1p40K[-0.000018750],1,down,5023,0.9996017522899243
D4.2__Fig 2__SQUID_data__IVI_BS30_A1S1_I_contrl_+-0.15mA_285mK_191103__IVB__T_1p40K[-0.000018750],2,up,2443,1.0
D4.2__Fig 2__SQUID_data__IVI_BS30_A1S1_I_contrl_+-0.15mA_285mK_191103__IVB__T_1p40K[-0.000019125],0,up,2534,0.9992104224240032
D4.2__Fig 2__SQUID_data__IVI_BS30_A1S1_I_contrl_+-0.15mA_285mK_191103__IVB__T_1p40K[-0.000019125],1,down,5024,0.9994027473621342
D4.2__Fig 2__SQUID_data__IVI_BS30_A1S1_I_contrl_+-0.15mA_285mK_191103__IVB__T_1p40K[-0.000019125],2,up,2442,1.0
D4.2__Fig 2__SQUID_data__IVI_BS30_A1S1_I_contrl_+-0.15mA_285mK_191103__IVB__T_1p40K[-0.000019500],0,up,2534,0.9992104224240032
D4.2__Fig 2__SQUID_data__IVI_BS30_A1S1_I_contrl_+-0.15mA_285mK_191103__IVB__T_1p40K[-0.000019500],1,down,5024,0.9996018315747561
D4.2__Fig 2__SQUID_data__IVI_BS30_A1S1_I_contrl_+-0.15mA_285mK_191103__IVB__T_1p40K[-0.000019500],2,up,2442,1.0
D4.2__Fig 2__SQUID_data__IVI_BS30_A1S1_I_contrl_+-0.15mA_285mK_191103__IVB__T_1p40K[-0.000019875],0,up,2535,0.9988161010260458
D4.2__Fig 2__SQUID_data__IVI_BS30_A1S1_I_contrl_+-0.15mA_285mK_191103__IVB__T_1p40K[-0.000019875],1,down,5022,0.9996016729735112
D4.2__Fig 2__SQUID_data__IVI_BS30_A1S1_I_contrl_+-0.15mA_285mK_191103__IVB__T_1p40K[-0.000019875],2,up,2443,1.0
D4.2__Fig 2__SQUID_data__IVI_BS30_A1S1_I_contrl_+-0.15mA_285mK_191103__IVB__T_1p40K[-0.000020250],0,up,2534,0.9992104224240032
D4.2__Fig 2__SQUID_data__IVI_BS30_A1S1_I_contrl_+-0.15mA_285mK_191103__IVB__T_1p40K[-0.000020250],1,down,5023,0.9996017522899243
D4.2__Fig 2__SQUID_data__IVI_BS30_A1S1_I_contrl_+-0.15mA_285mK_191103__IVB__T_1p40K[-0.000020250],2,up,2443,1.0
D4.2__Fig 2__SQUID_data__IVI_BS30_A1S1_I_contrl_+-0.15mA_285mK_191103__IVB__T_1p40K[-0.000020625],0,up,2534,0.9992104224240032
D4.2__Fig 2__SQUID_data__IVI_BS30_A1S1_I_contrl_+-0.15mA_285mK_191103__IVB__T_1p40K[-0.000020625],1,down,5024,0.9998009157873781
D4.2__Fig 2__SQUID_data__IVI_BS30_A1S1_I_contrl_+-0.15mA_285mK_191103__IVB__T_1p40K[-0.000020625],2,up,2442,1.0
D4.2__Fig 2__SQUID_data__IVI_BS30_A1S1_I_contrl_+-0.15mA_285mK_191103__IVB__T_1p40K[-0.000021000],0,up,2535,0.9988161010260458
D4.2__Fig 2__SQUID_data__IVI_BS30_A1S1_I_contrl_+-0.15mA_285mK_191103__IVB__T_1p40K[-0.000021000],1,down,5022,0.9998008364867557
D4.2__Fig 2__SQUID_data__IVI_BS30_A1S1_I_contrl_+-0.15mA_285mK_191103__IVB__T_1p40K[-0.000021000],2,up,2443,1.0
D4.2__Fig 2__SQUID_data__IVI_BS30_A1S1_I_contrl_+-0.15mA_285mK_191103__IVB__T_1p40K[-0.000021375],0,up,2534,0.9992104224240032
D4.2__Fig 2__SQUID_data__IVI_BS30_A1S1_I_contrl_+-0.15mA_285mK_191103__IVB__T_1p40K[-0.000021375],1,down,5023,0.9996017522899243
D4.2__Fig 2__SQUID_data__IVI_BS30_A1S1_I_contrl_+-0.15mA_285mK_191103__IVB__T_1p40K[-0.000021375],2,up,2443,1.0
D4.2__Fig 2__SQUID_data__IVI_BS30_A1S1_I_contrl_+-0.15mA_285mK_191103__IVB__T_1p40K[-0.000021750],0,up,2534,0.9988156336360048
D4.2__Fig 2__SQUID_data__IVI_BS30_A1S1_I_contrl_+-0.15mA_285mK_191103__IVB__T_1p40K[-0.000021750],1,down,5023,0.9998008761449622
D4.2__Fig 2__SQUID_data__IVI_BS30_A1S1_I_contrl_+-0.15mA_285mK_191103__IVB__T_1p40K[-0.000021750],2,up,2443,0.9995904995904996
D4.2__Fig 2__SQUID_data__IVI_BS30_A1S1_I_contrl_+-0.15mA_285mK_191103__IVB__T_1p40K[-0.000022125],0,up,2535,0.9992107340173638
D4.2__Fig 2__SQUID_data__IVI_BS30_A1S1_I_contrl_+-0.15mA_285mK_191103__IVB__T_1p40K[-0.000022125],1,down,5023,0.9994026284348865
D4.2__Fig 2__SQUID_data__IVI_BS30_A1S1_I_contrl_+-0.15mA_285mK_191103__IVB__T_1p40K[-0.000022125],2,up,2442,1.0
D4.2__Fig 2__SQUID_data__IVI_BS30_A1S1_I_contrl_+-0.15mA_285mK_191103__IVB__T_1p40K[-0.000022500],0,up,2534,0.9996052112120016
D4.2__Fig 2__SQUID_data__IVI_BS30_A1S1_I_contrl_+-0.15mA_285mK_191103__IVB__T_1p40K[-0.000022500],1,down,5023,0.9996017522899243
D4.2__Fig 2__SQUID_data__IVI_BS30_A1S1_I_contrl_+-0.15mA_285mK_191103__IVB__T_1p40K[-0.000022500],2,up,2443,0.9995904995904996
D4.2__Fig 2__SQUID_data__IVI_BS30_A1S1_I_contrl_+-0.15mA_285mK_191103__IVB__T_1p40K[-0.000022875],0,up,2534,0.9992104224240032
D4.2__Fig 2__SQUID_data__IVI_BS30_A1S1_I_contrl_+-0.15mA_285mK_191103__IVB__T_1p40K[-0.000022875],1,down,5024,0.9994027473621342
D4.2__Fig 2__SQUID_data__IVI_BS30_A1S1_I_contrl_+-0.15mA_285mK_191103__IVB__T_1p40K[-0.000022875],2,up,2442,0.9995903318312167
D4.2__Fig 2__SQUID_data__IVI_BS30_A1S1_I_contrl_+-0.15mA_285mK_191103__IVB__T_1p40K[-0.000023250],0,up,2536,0.9988165680473373
D4.2__Fig 2__SQUID_data__IVI_BS30_A1S1_I_contrl_+-0.15mA_285mK_191103__IVB__T_1p40K[-0.000023250],1,down,5022,0.9996016729735112
D4.2__Fig 2__SQUID_data__IVI_BS30_A1S1_I_contrl_+-0.15mA_285mK_191103__IVB__T_1p40K[-0.000023250],2,up,2442,1.0
D4.2__Fig 2__SQUID_data__IVI_BS30_A1S1_I_contrl_+-0.15mA_285mK_191103__IVB__T_1p40K[-0.000023625],0,up,2535,0.9992107340173638
D4.2__Fig 2__SQUID_data__IVI_BS30_A1S1_I_contrl_+-0.15mA_285mK_191103__IVB__T_1p40K[-0.000023625],1,down,5022,0.9996016729735112
D4.2__Fig 2__SQUID_data__IVI_BS30_A1S1_I_contrl_+-0.15mA_285mK_191103__IVB__T_1p40K[-0.000023625],2,up,2443,1.0
D4.2__Fig 2__SQUID_data__IVI_BS30_A1S1_I_contrl_+-0.15mA_285mK_191103__IVB__T_1p40K[-0.000024000],0,up,2534,0.9992104224240032
D4.2__Fig 2__SQUID_data__IVI_BS30_A1S1_I_contrl_+-0.15mA_285mK_191103__IVB__T_1p40K[-0.000024000],1,down,5024,0.9994027473621342
D4.2__Fig 2__SQUID_data__IVI_BS30_A1S1_I_contrl_+-0.15mA_285mK_191103__IVB__T_1p40K[-0.000024000],2,up,2442,1.0
D4.2__Fig 2__SQUID_data__IVI_BS30_A1S1_I_contrl_+-0.15mA_285mK_191103__IVB__T_1p40K[-0.000024375],0,up,2535,0.9992107340173638
D4.2__Fig 2__SQUID_data__IVI_BS30_A1S1_I_contrl_+-0.15mA_285mK_191103__IVB__T_1p40K[-0.000024375],1,down,5022,0.9998008364867557
D4.2__Fig 2__SQUID_data__IVI_BS30_A1S1_I_contrl_+-0.15mA_285mK_191103__IVB__T_1p40K[-0.000024375],2,up,2443,1.0
D4.2__Fig 2__SQUID_data__IVI_BS30_A1S1_I_contrl_+-0.15mA_285mK_191103__IVB__T_1p40K[-0.000024750],0,up,2534,0.9992104224240032
D4.2__Fig 2__SQUID_data__IVI_BS30_A1S1_I_contrl_+-0.15mA_285mK_191103__IVB__T_1p40K[-0.000024750],1,down,5024,0.9994027473621342
D4.2__Fig 2__SQUID_data__IVI_BS30_A1S1_I_contrl_+-0.15mA_285mK_191103__IVB__T_1p40K[-0.000024750],2,up,2442,1.0
D4.2__Fig 2__SQUID_data__IVI_BS30_A1S1_I_contrl_+-0.15mA_285mK_191103__IVB__T_1p40K[-0.000025125],0,up,2534,0.9996052112120016
D4.2__Fig 2__SQUID_data__IVI_BS30_A1S1_I_contrl_+-0.15mA_285mK_191103__IVB__T_1p40K[-0.000025125],1,down,5023,0.9996017522899243
D4.2__Fig 2__SQUID_data__IVI_BS30_A1S1_I_contrl_+-0.15mA_285mK_191103__IVB__T_1p40K[-0.000025125],2,up,2443,1.0
D4.2__Fig 2__SQUID_data__IVI_BS30_A1S1_I_contrl_+-0.15mA_285mK_191103__IVB__T_1p40K[-0.000025500],0,up,2534,0.9988156336360048
D4.2__Fig 2__SQUID_data__IVI_BS30_A1S1_I_contrl_+-0.15mA_285mK_191103__IVB__T_1p40K[-0.000025500],1,down,5024,0.9994027473621342
D4.2__Fig 2__SQUID_data__IVI_BS30_A1S1_I_contrl_+-0.15mA_285mK_191103__IVB__T_1p40K[-0.000025500],2,up,2442,0.9995903318312167
D4.2__Fig 2__SQUID_data__IVI_BS30_A1S1_I_contrl_+-0.15mA_285mK_191103__IVB__T_1p40K[-0.000025875],0,up,2535,0.999605367008682
D4.2__Fig 2__SQUID_data__IVI_BS30_A1S1_I_contrl_+-0.15mA_285mK_191103__IVB__T_1p40K[-0.000025875],1,down,5023,0.9996017522899243
D4.2__Fig 2__SQUID_data__IVI_BS30_A1S1_I_contrl_+-0.15mA_285mK_191103__IVB__T_1p40K[-0.000025875],2,up,2442,1.0
D4.2__Fig 2__SQUID_data__IVI_BS30_A1S1_I_contrl_+-0.15mA_285mK_191103__IVB__T_1p40K[-0.000026250],0,up,2535,0.9984214680347278
D4.2__Fig 2__SQUID_data__IVI_BS30_A1S1_I_contrl_+-0.15mA_285mK_191103__IVB__T_1p40K[-0.000026250],1,down,5023,0.9996017522899243
D4.2__Fig 2__SQUID_data__IVI_BS30_A1S1_I_contrl_+-0.15mA_285mK_191103__IVB__T_1p40K[-0.000026250],2,up,2442,1.0
D4.2__Fig 2__SQUID_data__IVI_BS30_A1S1_I_contrl_+-0.15mA_285mK_191103__IVB__T_1p40K[-0.000026625],0,up,2534,0.9988156336360048
D4.2__Fig 2__SQUID_data__IVI_BS30_A1S1_I_contrl_+-0.15mA_285mK_191103__IVB__T_1p40K[-0.000026625],1,down,5024,0.9992036631495123
D4.2__Fig 2__SQUID_data__IVI_BS30_A1S1_I_contrl_+-0.15mA_285mK_191103__IVB__T_1p40K[-0.000026625],2,up,2442,1.0
D4.2__Fig 2__SQUID_data__IVI_BS30_A1S1_I_contrl_+-0.15mA_285mK_191103__IVB__T_1p40K[-0.000027000],0,up,2535,0.9984214680347278
D4.2__Fig 2__SQUID_data__IVI_BS30_A1S1_I_contrl_+-0.15mA_285mK_191103__IVB__T_1p40K[-0.000027000],1,down,5022,0.9998008364867557
D4.2__Fig 2__SQUID_data__IVI_BS30_A1S1_I_contrl_+-0.15mA_285mK_191103__IVB__T_1p40K[-0.000027000],2,up,2443,1.0
D4.2__Fig 2__SQUID_data__IVI_BS30_A1S1_I_contrl_+-0.15mA_285mK_191103__IVB__T_1p40K[-0.000027375],0,up,2534,0.9992104224240032
D4.2__Fig 2__SQUID_data__IVI_BS30_A1S1_I_contrl_+-0.15mA_285mK_191103__IVB__T_1p40K[-0.000027375],1,down,5023,0.9998008761449622
D4.2__Fig 2__SQUID_data__IVI_BS30_A1S1_I_contrl_+-0.15mA_285mK_191103__IVB__T_1p40K[-0.000027375],2,up,2443,1.0
D4.2__Fig 2__SQUID_data__IVI_BS30_A1S1_I_contrl_+-0.15mA_285mK_191103__IVB__T_1p40K[-0.000027750],0,up,2535,0.9980268350434096
D4.2__Fig 2__SQUID_data__IVI_BS30_A1S1_I_contrl_+-0.15mA_285mK_191103__IVB__T_1p40K[-0.000027750],1,down,5022,0.9998008364867557
D4.2__Fig 2__SQUID_data__IVI_BS30_A1S1_I_contrl_+-0.15mA_285mK_191103__IVB__T_1p40K[-0.000027750],2,up,2443,1.0
D4.2__Fig 2__SQUID_data__IVI_BS30_A1S1_I_contrl_+-0.15mA_285mK_191103__IVB__T_1p40K[-0.000028125],0,up,2535,0.9992107340173638
D4.2__Fig 2__SQUID_data__IVI_BS30_A1S1_I_contrl_+-0.15mA_285mK_191103__IVB__T_1p40K[-0.000028125],1,down,5023,0.9994026284348865
D4.2__Fig 2__SQUID_data__IVI_BS30_A1S1_I_contrl_+-0.15mA_285mK_191103__IVB__T_1p40K[-0.000028125],2,up,2442,1.0
D4.2__Fig 2__SQUID_data__IVI_BS30_A1S1_I_contrl_+-0.15mA_285mK_191103__IVB__T_1p40K[-0.000028500],0,up,2536,0.998422090729783
D4.2__Fig 2__SQUID_data__IVI_BS30_A1S1_I_contrl_+-0.15mA_285mK_191103__IVB__T_1p40K[-0.000028500],1,down,5021,0.999402390438247
D4.2__Fig 2__SQUID_data__IVI_BS30_A1S1_I_contrl_+-0.15mA_285mK_191103__IVB__T_1p40K[-0.000028500],2,up,2443,1.0
D4.2__Fig 2__SQUID_data__IVI_BS30_A1S1_I_contrl_+-0.15mA_285mK_191103__IVB__T_1p40K[-0.000028875],0,up,2534,0.9988156336360048
D4.2__Fig 2__SQUID_data__IVI_BS30_A1S1_I_contrl_+-0.15mA_285mK_191103__IVB__T_1p40K[-0.000028875],1,down,5023,0.9996017522899243
D4.2__Fig 2__SQUID_data__IVI_BS30_A1S1_I_contrl_+-0.15mA_285mK_191103__IVB__T_1p40K[-0.000028875],2,up,2443,1.0
D4.2__Fig 2__SQUID_data__IVI_BS30_A1S1_I_contrl_+-0.15mA_285mK_191103__IVB__T_1p40K[-0.000029250],0,up,2534,0.9992104224240032
D4.2__Fig 2__SQUID_data__IVI_BS30_A1S1_I_contrl_+-0.15mA_285mK_191103__IVB__T_1p40K[-0.000029250],1,down,5024,0.9992036631495123
D4.2__Fig 2__SQUID_data__IVI_BS30_A1S1_I_contrl_+-0.15mA_285mK_191103__IVB__T_1p40K[-0.000029250],2,up,2442,1.0
D4.2__Fig 2__SQUID_data__IVI_BS30_A1S1_I_contrl_+-0.15mA_285mK_191103__IVB__T_1p40K[-0.000029625],0,up,2536,0.9988165680473373
D4.2__Fig 2__SQUID_data__IVI_BS30_A1S1_I_contrl_+-0.15mA_285mK_191103__IVB__T_1p40K[-0.000029625],1,down,5021,0.999601593625498
D4.2__Fig 2__SQUID_data__IVI_BS30_A1S1_I_contrl_+-0.15mA_285mK_191103__IVB__T_1p40K[-0.000029625],2,up,2443,1.0
D4.2__Fig 2__SQUID_data__IVI_BS30_A1S1_I_contrl_+-0.15mA_285mK_191103__IVB__T_1p40K[-0.000030000],0,up,2535,0.9992107340173638
D4.2__Fig 2__SQUID_data__IVI_BS30_A1S1_I_contrl_+-0.15mA_285mK_191103__IVB__T_1p40K[-0.000030000],1,down,5023,0.9994026284348865
D4.2__Fig 2__SQUID_data__IVI_BS30_A1S1_I_contrl_+-0.15mA_285mK_191103__IVB__T_1p40K[-0.000030000],2,up,2442,1.0
D4.2__Fig 2__SQUID_data__IVI_BS30_A1S1_I_contrl_+-0.15mA_285mK_191103__IVB__T_1p40K[-0.000030375],0,up,2534,0.9996052112120016
D4.2__Fig 2__SQUID_data__IVI_BS30_A1S1_I_contrl_+-0.15mA_285mK_191103__IVB__T_1p40K[-0.000030375],1,down,5024,0.9996018315747561
D4.2__Fig 2__SQUID_data__IVI_BS30_A1S1_I_contrl_+-0.15mA_285mK_191103__IVB__T_1p40K[-0.000030375],2,up,2442,1.0
D4.2__Fig 2__SQUID_data__IVI_BS30_A1S1_I_contrl_+-0.15mA_285mK_191103__IVB__T_1p40K[-0.000030750],0,up,2535,0.9984214680347278
D4.2__Fig 2__SQUID_data__IVI_BS30_A1S1_I_contrl_+-0.15mA_285mK_191103__IVB__T_1p40K[-0.000030750],1,down,5024,0.9996018315747561
D4.2__Fig 2__SQUID_data__IVI_BS30_A1S1_I_contrl_+-0.15mA_285mK_191103__IVB__T_1p40K[-0.000030750],2,up,2441,1.0
D4.2__Fig 2__SQUID_data__IVI_BS30_A1S1_I_contrl_+-0.15mA_285mK_191103__IVB__T_1p40K[-0.000031125],0,up,2535,0.9992107340173638
D4.2__Fig 2__SQUID_data__IVI_BS30_A1S1_I_contrl_+-0.15mA_285mK_191103__IVB__T_1p40K[-0.000031125],1,down,5023,0.9994026284348865
D4.2__Fig 2__SQUID_data__IVI_BS30_A1S1_I_contrl_+-0.15mA_285mK_191103__IVB__T_1p40K[-0.000031125],2,up,2442,1.0
D4.2__Fig 2__SQUID_data__IVI_BS30_A1S1_I_contrl_+-0.15mA_285mK_191103__IVB__T_1p40K[-0.000031500],0,up,2535,0.999605367008682
D4.2__Fig 2__SQUID_data__IVI_BS30_A1S1_I_contrl_+-0.15mA_285mK_191103__IVB__T_1p40K[-0.000031500],1,down,5023,0.9996017522899243
D4.2__Fig 2__SQUID_data__IVI_BS30_A1S1_I_contrl_+-0.15mA_285mK_191103__IVB__T_1p40K[-0.000031500],2,up,2442,1.0
D4.2__Fig 2__SQUID_data__IVI_BS30_A1S1_I_contrl_+-0.15mA_285mK_191103__IVB__T_1p40K[-0.000031875],0,up,2535,0.9992107340173638
D4.2__Fig 2__SQUID_data__IVI_BS30_A1S1_I_contrl_+-0.15mA_285mK_191103__IVB__T_1p40K[-0.000031875],1,down,5023,0.9994026284348865
D4.2__Fig 2__SQUID_data__IVI_BS30_A1S1_I_contrl_+-0.15mA_285mK_191103__IVB__T_1p40K[-0.000031875],2,up,2442,1.0
D4.2__Fig 2__SQUID_data__IVI_BS30_A1S1_I_contrl_+-0.15mA_285mK_191103__IVB__T_1p40K[-0.000032250],0,up,2535,0.9988161010260458
D4.2__Fig 2__SQUID_data__IVI_BS30_A1S1_I_contrl_+-0.15mA_285mK_191103__IVB__T_1p40K[-0.000032250],1,down,5023,0.9994026284348865
D4.2__Fig 2__SQUID_data__IVI_BS30_A1S1_I_contrl_+-0.15mA_285mK_191103__IVB__T_1p40K[-0.000032250],2,up,2442,1.0
D4.2__Fig 2__SQUID_data__IVI_BS30_A1S1_I_contrl_+-0.15mA_285mK_191103__IVB__T_1p40K[-0.000032625],0,up,2533,0.9992101105845181
D4.2__Fig 2__SQUID_data__IVI_BS30_A1S1_I_contrl_+-0.15mA_285mK_191103__IVB__T_1p40K[-0.000032625],1,down,5025,0.9998009554140127
D4.2__Fig 2__SQUID_data__IVI_BS30_A1S1_I_contrl_+-0.15mA_285mK_191103__IVB__T_1p40K[-0.000032625],2,up,2442,1.0
D4.2__Fig 2__SQUID_data__IVI_BS30_A1S1_I_contrl_+-0.15mA_285mK_191103__IVB__T_1p40K[-0.000033000],0,up,2535,0.9988161010260458
D4.2__Fig 2__SQUID_data__IVI_BS30_A1S1_I_contrl_+-0.15mA_285mK_191103__IVB__T_1p40K[-0.000033000],1,down,5022,0.9998008364867557
D4.2__Fig 2__SQUID_data__IVI_BS30_A1S1_I_contrl_+-0.15mA_285mK_191103__IVB__T_1p40K[-0.000033000],2,up,2443,1.0
D4.2__Fig 2__SQUID_data__IVI_BS30_A1S1_I_contrl_+-0.15mA_285mK_191103__IVB__T_1p40K[-0.000033375],0,up,2535,0.9992107340173638
D4.2__Fig 2__SQUID_data__IVI_BS30_A1S1_I_contrl_+-0.15mA_285mK_191103__IVB__T_1p40K[-0.000033375],1,down,5023,0.9994026284348865
D4.2__Fig 2__SQUID_data__IVI_BS30_A1S1_I_contrl_+-0.15mA_285mK_191103__IVB__T_1p40K[-0.000033375],2,up,2442,1.0
D4.2__Fig 2__SQUID_data__IVI_BS30_A1S1_I_contrl_+-0.15mA_285mK_191103__IVB__T_1p40K[-0.000033750],0,up,2535,0.9988161010260458
D4.2__Fig 2__SQUID_data__IVI_BS30_A1S1_I_contrl_+-0.15mA_285mK_191103__IVB__T_1p40K[-0.000033750],1,down,5023,0.9996017522899243
D4.2__Fig 2__SQUID_data__IVI_BS30_A1S1_I_contrl_+-0.15mA_285mK_191103__IVB__T_1p40K[-0.000033750],2,up,2442,1.0
D4.2__Fig 2__SQUID_data__IVI_BS30_A1S1_I_contrl_+-0.15mA_285mK_191103__IVB__T_1p40K[-0.000034125],0,up,2534,0.9996052112120016
D4.2__Fig 2__SQUID_data__IVI_BS30_A1S1_I_contrl_+-0.15mA_285mK_191103__IVB__T_1p40K[-0.000034125],1,down,5024,0.9996018315747561
D4.2__Fig 2__SQUID_data__IVI_BS30_A1S1_I_contrl_+-0.15mA_285mK_191103__IVB__T_1p40K[-0.000034125],2,up,2442,1.0
D4.2__Fig 2__SQUID_data__IVI_BS30_A1S1_I_contrl_+-0.15mA_285mK_191103__IVB__T_1p40K[-0.000034500],0,up,2535,0.9992107340173638
D4.2__Fig 2__SQUID_data__IVI_BS30_A1S1_I_contrl_+-0.15mA_285mK_191103__IVB__T_1p40K[-0.000034500],1,down,5023,0.9994026284348865
D4.2__Fig 2__SQUID_data__IVI_BS30_A1S1_I_contrl_+-0.15mA_285mK_191103__IVB__T_1p40K[-0.000034500],2,up,2442,1.0
D4.2__Fig 2__SQUID_data__IVI_BS30_A1S1_I_contrl_+-0.15mA_285mK_191103__IVB__T_1p40K[-0.000034875],0,up,2535,0.9988161010260458
D4.2__Fig 2__SQUID_data__IVI_BS30_A1S1_I_contrl_+-0.15mA_285mK_191103__IVB__T_1p40K[-0.000034875],1,down,5024,0.9996018315747561
D4.2__Fig 2__SQUID_data__IVI_BS30_A1S1_I_contrl_+-0.15mA_285mK_191103__IVB__T_1p40K[-0.000034875],2,up,2441,1.0
D4.2__Fig 2__SQUID_data__IVI_BS30_A1S1_I_contrl_+-0.15mA_285mK_191103__IVB__T_1p40K[-0.000035250],0,up,2536,0.9980276134122288
D4.2__Fig 2__SQUID_data__IVI_BS30_A1S1_I_contrl_+-0.15mA_285mK_191103__IVB__T_1p40K[-0.000035250],1,down,5022,0.9996016729735112
D4.2__Fig 2__SQUID_data__IVI_BS30_A1S1_I_contrl_+-0.15mA_285mK_191103__IVB__T_1p40K[-0.000035250],2,up,2442,1.0
D4.2__Fig 2__SQUID_data__IVI_BS30_A1S1_I_contrl_+-0.15mA_285mK_191103__IVB__T_1p40K[-0.000035625],0,up,2535,0.9992107340173638
D4.2__Fig 2__SQUID_data__IVI_BS30_A1S1_I_contrl_+-0.15mA_285mK_191103__IVB__T_1p40K[-0.000035625],1,down,5023,0.9994026284348865
D4.2__Fig 2__SQUID_data__IVI_BS30_A1S1_I_contrl_+-0.15mA_285mK_191103__IVB__T_1p40K[-0.000035625],2,up,2442,0.9991806636624334
D4.2__Fig 2__SQUID_data__IVI_BS30_A1S1_I_contrl_+-0.15mA_285mK_191103__IVB__T_1p40K[-0.000036000],0,up,2534,0.9992104224240032
D4.2__Fig 2__SQUID_data__IVI_BS30_A1S1_I_contrl_+-0.15mA_285mK_191103__IVB__T_1p40K[-0.000036000],1,down,5025,0.9994028662420382
D4.2__Fig 2__SQUID_data__IVI_BS30_A1S1_I_contrl_+-0.15mA_285mK_191103__IVB__T_1p40K[-0.000036000],2,up,2441,1.0
D4.2__Fig 2__SQUID_data__IVI_BS30_A1S1_I_contrl_+-0.15mA_285mK_191103__IVB__T_1p40K[-0.000036375],0,up,2536,0.9988165680473373
D4.2__Fig 2__SQUID_data__IVI_BS30_A1S1_I_contrl_+-0.15mA_285mK_191103__IVB__T_1p40K[-0.000036375],1,down,5022,0.9992033459470225
D4.2__Fig 2__SQUID_data__IVI_BS30_A1S1_I_contrl_+-0.15mA_285mK_191103__IVB__T_1p40K[-0.000036375],2,up,2442,1.0
D4.2__Fig 2__SQUID_data__IVI_BS30_A1S1_I_contrl_+-0.15mA_285mK_191103__IVB__T_1p40K[-0.000036750],0,up,2535,0.9988161010260458
D4.2__Fig 2__SQUID_data__IVI_BS30_A1S1_I_contrl_+-0.15mA_285mK_191103__IVB__T_1p40K[-0.000036750],1,down,5022,0.9996016729735112
D4.2__Fig 2__SQUID_data__IVI_BS30_A1S1_I_contrl_+-0.15mA_285mK_191103__IVB__T_1p40K[-0.000036750],2,up,2443,1.0
D4.2__Fig 2__SQUID_data__IVI_BS30_A1S1_I_contrl_+-0.15mA_285mK_191103__IVB__T_1p40K[-0.000037125],0,up,2535,0.9988161010260458
D4.2__Fig 2__SQUID_data__IVI_BS30_A1S1_I_contrl_+-0.15mA_285mK_191103__IVB__T_1p40K[-0.000037125],1,down,5022,0.9996016729735112
D4.2__Fig 2__SQUID_data__IVI_BS30_A1S1_I_contrl_+-0.15mA_285mK_191103__IVB__T_1p40K[-0.000037125],2,up,2443,1.0
D4.2__Fig 2__SQUID_data__IVI_BS30_A1S1_I_contrl_+-0.15mA_285mK_191103__IVB__T_1p40K[-0.000037500],0,up,2535,0.9984214680347278
D4.2__Fig 2__SQUID_data__IVI_BS30_A1S1_I_contrl_+-0.15mA_285mK_191103__IVB__T_1p40K[-0.000037500],1,down,5022,0.9996016729735112
D4.2__Fig 2__SQUID_data__IVI_BS30_A1S1_I_contrl_+-0.15mA_285mK_191103__IVB__T_1p40K[-0.000037500],2,up,2443,1.0
D4.2__Fig 2__SQUID_data__IVI_BS30_A1S1_I_contrl_+-0.15mA_285mK_191103__IVB__T_1p40K[-0.000037875],0,up,2536,0.9988165680473373
D4.2__Fig 2__SQUID_data__IVI_BS30_A1S1_I_contrl_+-0.15mA_285mK_191103__IVB__T_1p40K[-0.000037875],1,down,5022,0.9994025094602669
D4.2__Fig 2__SQUID_data__IVI_BS30_A1S1_I_contrl_+-0.15mA_285mK_191103__IVB__T_1p40K[-0.000037875],2,up,2442,1.0
D4.2__Fig 2__SQUID_data__IVI_BS30_A1S1_I_contrl_+-0.15mA_285mK_191103__IVB__T_1p40K[-0.000038250],0,up,2534,0.9992104224240032
D4.2__Fig 2__SQUID_data__IVI_BS30_A1S1_I_contrl_+-0.15mA_285mK_191103__IVB__T_1p40K[-0.000038250],1,down,5023,0.9994026284348865
D4.2__Fig 2__SQUID_data__IVI_BS30_A1S1_I_contrl_+-0.15mA_285mK_191103__IVB__T_1p40K[-0.000038250],2,up,2443,1.0
D4.2__Fig 2__SQUID_data__IVI_BS30_A1S1_I_contrl_+-0.15mA_285mK_191103__IVB__T_1p40K[-0.000038625],0,up,2535,0.9992107340173638
D4.2__Fig 2__SQUID_data__IVI_BS30_A1S1_I_contrl_+-0.15mA_285mK_191103__IVB__T_1p40K[-0.000038625],1,down,5023,0.9992035045798486
D4.2__Fig 2__SQUID_data__IVI_BS30_A1S1_I_contrl_+-0.15mA_285mK_191103__IVB__T_1p40K[-0.000038625],2,up,2442,1.0
D4.2__Fig 2__SQUID_data__IVI_BS30_A1S1_I_contrl_+-0.15mA_285mK_191103__IVB__T_1p40K[-0.000039000],0,up,2534,0.9984208448480063
D4.2__Fig 2__SQUID_data__IVI_BS30_A1S1_I_contrl_+-0.15mA_285mK_191103__IVB__T_1p40K[-0.000039000],1,down,5023,0.9996017522899243
D4.2__Fig 2__SQUID_data__IVI_BS30_A1S1_I_contrl_+-0.15mA_285mK_191103__IVB__T_1p40K[-0.000039000],2,up,2443,1.0
D4.2__Fig 2__SQUID_data__IVI_BS30_A1S1_I_contrl_+-0.15mA_285mK_191103__IVB__T_1p40K[-0.000039375],0,up,2534,0.9996052112120016
D4.2__Fig 2__SQUID_data__IVI_BS30_A1S1_I_contrl_+-0.15mA_285mK_191103__IVB__T_1p40K[-0.000039375],1,down,5024,0.9994027473621342
D4.2__Fig 2__SQUID_data__IVI_BS30_A1S1_I_contrl_+-0.15mA_285mK_191103__IVB__T_1p40K[-0.000039375],2,up,2442,1.0
D4.2__Fig 2__SQUID_data__IVI_BS30_A1S1_I_contrl_+-0.15mA_285mK_191103__IVB__T_1p40K[-0.000039750],0,up,2534,0.9996052112120016
D4.2__Fig 2__SQUID_data__IVI_BS30_A1S1_I_contrl_+-0.15mA_285mK_191103__IVB__T_1p40K[-0.000039750],1,down,5024,0.9990045789368903
D4.2__Fig 2__SQUID_data__IVI_BS30_A1S1_I_contrl_+-0.15mA_285mK_191103__IVB__T_1p40K[-0.000039750],2,up,2442,1.0
D4.2__Fig 2__SQUID_data__IVI_BS30_A1S1_I_contrl_+-0.15mA_285mK_191103__IVB__T_1p40K[-0.000040125],0,up,2535,0.9992107340173638
D4.2__Fig 2__SQUID_data__IVI_BS30_A1S1_I_contrl_+-0.15mA_285mK_191103__IVB__T_1p40K[-0.000040125],1,down,5023,0.9994026284348865
D4.2__Fig 2__SQUID_data__IVI_BS30_A1S1_I_contrl_+-0.15mA_285mK_191103__IVB__T_1p40K[-0.000040125],2,up,2442,1.0
D4.2__Fig 2__SQUID_data__IVI_BS30_A1S1_I_contrl_+-0.15mA_285mK_191103__IVB__T_1p40K[-0.000040500],0,up,2534,0.9996052112120016
D4.2__Fig 2__SQUID_data__IVI_BS30_A1S1_I_contrl_+-0.15mA_285mK_191103__IVB__T_1p40K[-0.000040500],1,down,5024,0.9992036631495123
D4.2__Fig 2__SQUID_data__IVI_BS30_A1S1_I_contrl_+-0.15mA_285mK_191103__IVB__T_1p40K[-0.000040500],2,up,2442,1.0
D4.2__Fig 2__SQUID_data__IVI_BS30_A1S1_I_contrl_+-0.15mA_285mK_191103__IVB__T_1p40K[-0.000040875],0,up,2536,0.9988165680473373
D4.2__Fig 2__SQUID_data__IVI_BS30_A1S1_I_contrl_+-0.15mA_285mK_191103__IVB__T_1p40K[-0.000040875],1,down,5023,0.9994026284348865
D4.2__Fig 2__SQUID_data__IVI_BS30_A1S1_I_contrl_+-0.15mA_285mK_191103__IVB__T_1p40K[-0.000040875],2,up,2441,1.0
D4.2__Fig 2__SQUID_data__IVI_BS30_A1S1_I_contrl_+-0.15mA_285mK_191103__IVB__T_1p40K[-0.000041250],0,up,2534,0.9992104224240032
D4.2__Fig 2__SQUID_data__IVI_BS30_A1S1_I_contrl_+-0.15mA_285mK_191103__IVB__T_1p40K[-0.000041250],1,down,5024,0.9994027473621342
D4.2__Fig 2__SQUID_data__IVI_BS30_A1S1_I_contrl_+-0.15mA_285mK_191103__IVB__T_1p40K[-0.000041250],2,up,2442,0.9995903318312167
D4.2__Fig 2__SQUID_data__IVI_BS30_A1S1_I_contrl_+-0.15mA_285mK_191103__IVB__T_1p40K[-0.000041625],0,up,2534,0.9992104224240032
D4.2__Fig 2__SQUID_data__IVI_BS30_A1S1_I_contrl_+-0.15mA_285mK_191103__IVB__T_1p40K[-0.000041625],1,down,5024,0.9994027473621342
D4.2__Fig 2__SQUID_data__IVI_BS30_A1S1_I_contrl_+-0.15mA_285mK_191103__IVB__T_1p40K[-0.000041625],2,up,2442,1.0
D4.2__Fig 2__SQUID_data__IVI_BS30_A1S1_I_contrl_+-0.15mA_285mK_191103__IVB__T_1p40K[-0.000042000],0,up,2536,0.9988165680473373
D4.2__Fig 2__SQUID_data__IVI_BS30_A1S1_I_contrl_+-0.15mA_285mK_191103__IVB__T_1p40K[-0.000042000],1,down,5022,0.9994025094602669
D4.2__Fig 2__SQUID_data__IVI_BS30_A1S1_I_contrl_+-0.15mA_285mK_191103__IVB__T_1p40K[-0.000042000],2,up,2442,1.0
D4.2__Fig 2__SQUID_data__IVI_BS30_A1S1_I_contrl_+-0.15mA_285mK_191103__IVB__T_1p40K[-0.000042375],0,up,2535,0.9988161010260458
D4.2__Fig 2__SQUID_data__IVI_BS30_A1S1_I_contrl_+-0.15mA_285mK_191103__IVB__T_1p40K[-0.000042375],1,down,5023,0.9996017522899243
D4.2__Fig 2__SQUID_data__IVI_BS30_A1S1_I_contrl_+-0.15mA_285mK_191103__IVB__T_1p40K[-0.000042375],2,up,2442,1.0
D4.2__Fig 2__SQUID_data__IVI_BS30_A1S1_I_contrl_+-0.15mA_285mK_191103__IVB__T_1p40K[-0.000042750],0,up,2535,0.9992107340173638
D4.2__Fig 2__SQUID_data__IVI_BS30_A1S1_I_contrl_+-0.15mA_285mK_191103__IVB__T_1p40K[-0.000042750],1,down,5022,0.9996016729735112
D4.2__Fig 2__SQUID_data__IVI_BS30_A1S1_I_contrl_+-0.15mA_285mK_191103__IVB__T_1p40K[-0.000042750],2,up,2443,1.0
D4.2__Fig 2__SQUID_data__IVI_BS30_A1S1_I_contrl_+-0.15mA_285mK_191103__IVB__T_1p40K[-0.000043125],0,up,2535,0.9992107340173638
D4.2__Fig 2__SQUID_data__IVI_BS30_A1S1_I_contrl_+-0.15mA_285mK_191103__IVB__T_1p40K[-0.000043125],1,down,5022,0.9996016729735112
D4.2__Fig 2__SQUID_data__IVI_BS30_A1S1_I_contrl_+-0.15mA_285mK_191103__IVB__T_1p40K[-0.000043125],2,up,2443,1.0
D4.2__Fig 2__SQUID_data__IVI_BS30_A1S1_I_contrl_+-0.15mA_285mK_191103__IVB__T_1p40K[-0.000043500],0,up,2535,0.9988161010260458
D4.2__Fig 2__SQUID_data__IVI_BS30_A1S1_I_contrl_+-0.15mA_285mK_191103__IVB__T_1p40K[-0.000043500],1,down,5024,0.9992036631495123
D4.2__Fig 2__SQUID_data__IVI_BS30_A1S1_I_contrl_+-0.15mA_285mK_191103__IVB__T_1p40K[-0.000043500],2,up,2441,1.0
D4.2__Fig 2__SQUID_data__IVI_BS30_A1S1_I_contrl_+-0.15mA_285mK_191103__IVB__T_1p40K[-0.000043875],0,up,2535,0.9992107340173638
D4.2__Fig 2__SQUID_data__IVI_BS30_A1S1_I_contrl_+-0.15mA_285mK_191103__IVB__T_1p40K[-0.000043875],1,down,5023,0.9996017522899243
D4.2__Fig 2__SQUID_data__IVI_BS30_A1S1_I_contrl_+-0.15mA_285mK_191103__IVB__T_1p40K[-0.000043875],2,up,2442,1.0
D4.2__Fig 2__SQUID_data__IVI_BS30_A1S1_I_contrl_+-0.15mA_285mK_191103__IVB__T_1p40K[-0.000044250],0,up,2534,0.9992104224240032
D4.2__Fig 2__SQUID_data__IVI_BS30_A1S1_I_contrl_+-0.15mA_285mK_191103__IVB__T_1p40K[-0.000044250],1,down,5023,0.9994026284348865
D4.2__Fig 2__SQUID_data__IVI_BS30_A1S1_I_contrl_+-0.15mA_285mK_191103__IVB__T_1p40K[-0.000044250],2,up,2443,1.0
D4.2__Fig 2__SQUID_data__IVI_BS30_A1S1_I_contrl_+-0.15mA_285mK_191103__IVB__T_1p40K[-0.000044625],0,up,2536,0.9996055226824457
D4.2__Fig 2__SQUID_data__IVI_BS30_A1S1_I_contrl_+-0.15mA_285mK_191103__IVB__T_1p40K[-0.000044625],1,down,5022,0.9994025094602669
D4.2__Fig 2__SQUID_data__IVI_BS30_A1S1_I_contrl_+-0.15mA_285mK_191103__IVB__T_1p40K[-0.000044625],2,up,2442,1.0
D4.2__Fig 2__SQUID_data__IVI_BS30_A1S1_I_contrl_+-0.15mA_285mK_191103__IVB__T_1p40K[-0.000045000],0,up,2535,0.9992107340173638
D4.2__Fig 2__SQUID_data__IVI_BS30_A1S1_I_contrl_+-0.15mA_285mK_191103__IVB__T_1p40K[-0.000045000],1,down,5022,0.9998008364867557
D4.2__Fig 2__SQUID_data__IVI_BS30_A1S1_I_contrl_+-0.15mA_285mK_191103__IVB__T_1p40K[-0.000045000],2,up,2443,1.0
D4.2__Fig 2__SQUID_data__IVI_BS30_A1S1_I_contrl_+-0.15mA_285mK_191103__IVB__T_1p40K[-0.000045375],0,up,2536,0.9988165680473373
D4.2__Fig 2__SQUID_data__IVI_BS30_A1S1_I_contrl_+-0.15mA_285mK_191103__IVB__T_1p40K[-0.000045375],1,down,5021,0.999601593625498
D4.2__Fig 2__SQUID_data__IVI_BS30_A1S1_I_contrl_+-0.15mA_285mK_191103__IVB__T_1p40K[-0.000045375],2,up,2443,1.0
D4.2__Fig 2__SQUID_data__IVI_BS30_A1S1_I_contrl_+-0.15mA_285mK_191103__IVB__T_1p40K[-0.000045750],0,up,2534,0.9992104224240032
D4.2__Fig 2__SQUID_data__IVI_BS30_A1S1_I_contrl_+-0.15mA_285mK_191103__IVB__T_1p40K[-0.000045750],1,down,5025,0.9994028662420382
D4.2__Fig 2__SQUID_data__IVI_BS30_A1S1_I_contrl_+-0.15mA_285mK_191103__IVB__T_1p40K[-0.000045750],2,up,2441,1.0
D4.2__Fig 2__SQUID_data__IVI_BS30_A1S1_I_contrl_+-0.15mA_285mK_191103__IVB__T_1p40K[-0.000046125],0,up,2535,0.9992107340173638
D4.2__Fig 2__SQUID_data__IVI_BS30_A1S1_I_contrl_+-0.15mA_285mK_191103__IVB__T_1p40K[-0.000046125],1,down,5022,0.9996016729735112
D4.2__Fig 2__SQUID_data__IVI_BS30_A1S1_I_contrl_+-0.15mA_285mK_191103__IVB__T_1p40K[-0.000046125],2,up,2443,1.0
D4.2__Fig 2__SQUID_data__IVI_BS30_A1S1_I_contrl_+-0.15mA_285mK_191103__IVB__T_1p40K[-0.000046500],0,up,2535,0.9988161010260458
D4.2__Fig 2__SQUID_data__IVI_BS30_A1S1_I_contrl_+-0.15mA_285mK_191103__IVB__T_1p40K[-0.000046500],1,down,5023,0.9994026284348865
D4.2__Fig 2__SQUID_data__IVI_BS30_A1S1_I_contrl_+-0.15mA_285mK_191103__IVB__T_1p40K[-0.000046500],2,up,2442,1.0
D4.2__Fig 2__SQUID_data__IVI_BS30_A1S1_I_contrl_+-0.15mA_285mK_191103__IVB__T_1p40K[-0.000046875],0,up,2533,0.9992101105845181
D4.2__Fig 2__SQUID_data__IVI_BS30_A1S1_I_contrl_+-0.15mA_285mK_191103__IVB__T_1p40K[-0.000046875],1,down,5023,0.9996017522899243
D4.2__Fig 2__SQUID_data__IVI_BS30_A1S1_I_contrl_+-0.15mA_285mK_191103__IVB__T_1p40K[-0.000046875],2,up,2444,1.0
D4.2__Fig 2__SQUID_data__IVI_BS30_A1S1_I_contrl_+-0.15mA_285mK_191103__IVB__T_1p40K[-0.000047250],0,up,2535,0.9988161010260458
D4.2__Fig 2__SQUID_data__IVI_BS30_A1S1_I_contrl_+-0.15mA_285mK_191103__IVB__T_1p40K[-0.000047250],1,down,5022,0.9996016729735112
D4.2__Fig 2__SQUID_data__IVI_BS30_A1S1_I_contrl_+-0.15mA_285mK_191103__IVB__T_1p40K[-0.000047250],2,up,2443,1.0
D4.2__Fig 2__SQUID_data__IVI_BS30_A1S1_I_contrl_+-0.15mA_285mK_191103__IVB__T_1p40K[-0.000047625],0,up,2537,0.999211356466877
D4.2__Fig 2__SQUID_data__IVI_BS30_A1S1_I_contrl_+-0.15mA_285mK_191103__IVB__T_1p40K[-0.000047625],1,down,5022,0.9996016729735112
D4.2__Fig 2__SQUID_data__IVI_BS30_A1S1_I_contrl_+-0.15mA_285mK_191103__IVB__T_1p40K[-0.000047625],2,up,2441,1.0
D4.2__Fig 2__SQUID_data__IVI_BS30_A1S1_I_contrl_+-0.15mA_285mK_191103__IVB__T_1p40K[-0.000048000],0,up,2535,0.9984214680347278
D4.2__Fig 2__SQUID_data__IVI_BS30_A1S1_I_contrl_+-0.15mA_285mK_191103__IVB__T_1p40K[-0.000048000],1,down,5022,0.9996016729735112
D4.2__Fig 2__SQUID_data__IVI_BS30_A1S1_I_contrl_+-0.15mA_285mK_191103__IVB__T_1p40K[-0.000048000],2,up,2443,1.0
D4.2__Fig 2__SQUID_data__IVI_BS30_A1S1_I_contrl_+-0.15mA_285mK_191103__IVB__T_1p40K[-0.000048375],0,up,2535,0.9992107340173638
D4.2__Fig 2__SQUID_data__IVI_BS30_A1S1_I_contrl_+-0.15mA_285mK_191103__IVB__T_1p40K[-0.000048375],1,down,5023,0.9992035045798486
D4.2__Fig 2__SQUID_data__IVI_BS30_A1S1_I_contrl_+-0.15mA_285mK_191103__IVB__T_1p40K[-0.000048375],2,up,2442,1.0
D4.2__Fig 2__SQUID_data__IVI_BS30_A1S1_I_contrl_+-0.15mA_285mK_191103__IVB__T_1p40K[-0.000048750],0,up,2535,0.9992107340173638
D4.2__Fig 2__SQUID_data__IVI_BS30_A1S1_I_contrl_+-0.15mA_285mK_191103__IVB__T_1p40K[-0.000048750],1,down,5023,0.9996017522899243
D4.2__Fig 2__SQUID_data__IVI_BS30_A1S1_I_contrl_+-0.15mA_285mK_191103__IVB__T_1p40K[-0.000048750],2,up,2442,1.0
D4.2__Fig 2__SQUID_data__IVI_BS30_A1S1_I_contrl_+-0.15mA_285mK_191103__IVB__T_1p40K[-0.000049125],0,up,2534,0.9996052112120016
D4.2__Fig 2__SQUID_data__IVI_BS30_A1S1_I_contrl_+-0.15mA_285mK_191103__IVB__T_1p40K[-0.000049125],1,down,5023,0.9998008761449622
D4.2__Fig 2__SQUID_data__IVI_BS30_A1S1_I_contrl_+-0.15mA_285mK_191103__IVB__T_1p40K[-0.000049125],2,up,2443,1.0
D4.2__Fig 2__SQUID_data__IVI_BS30_A1S1_I_contrl_+-0.15mA_285mK_191103__IVB__T_1p40K[-0.000049500],0,up,2535,0.9980268350434096
D4.2__Fig 2__SQUID_data__IVI_BS30_A1S1_I_contrl_+-0.15mA_285mK_191103__IVB__T_1p40K[-0.000049500],1,down,5022,0.9992033459470225
D4.2__Fig 2__SQUID_data__IVI_BS30_A1S1_I_contrl_+-0.15mA_285mK_191103__IVB__T_1p40K[-0.000049500],2,up,2443,1.0
D4.2__Fig 2__SQUID_data__IVI_BS30_A1S1_I_contrl_+-0.15mA_285mK_191103__IVB__T_1p40K[-0.000049875],0,up,2536,0.998422090729783
D4.2__Fig 2__SQUID_data__IVI_BS30_A1S1_I_contrl_+-0.15mA_285mK_191103__IVB__T_1p40K[-0.000049875],1,down,5022,0.9994025094602669
D4.2__Fig 2__SQUID_data__IVI_BS30_A1S1_I_contrl_+-0.15mA_285mK_191103__IVB__T_1p40K[-0.000049875],2,up,2442,1.0
D4.2__Fig 2__SQUID_data__IVI_BS30_A1S1_I_contrl_+-0.15mA_285mK_191103__IVB__T_1p40K[-0.000050250],0,up,2536,0.9992110453648915
D4.2__Fig 2__SQUID_data__IVI_BS30_A1S1_I_contrl_+-0.15mA_285mK_191103__IVB__T_1p40K[-0.000050250],1,down,5023,0.9994026284348865
D4.2__Fig 2__SQUID_data__IVI_BS30_A1S1_I_contrl_+-0.15mA_285mK_191103__IVB__T_1p40K[-0.000050250],2,up,2441,1.0
D4.2__Fig 2__SQUID_data__IVI_BS30_A1S1_I_contrl_+-0.15mA_285mK_191103__IVB__T_1p40K[-0.000050625],0,up,2535,0.9992107340173638
D4.2__Fig 2__SQUID_data__IVI_BS30_A1S1_I_contrl_+-0.15mA_285mK_191103__IVB__T_1p40K[-0.000050625],1,down,5022,1.0
D4.2__Fig 2__SQUID_data__IVI_BS30_A1S1_I_contrl_+-0.15mA_285mK_191103__IVB__T_1p40K[-0.000050625],2,up,2443,1.0
D4.2__Fig 2__SQUID_data__IVI_BS30_A1S1_I_contrl_+-0.15mA_285mK_191103__IVB__T_1p40K[-0.000051000],0,up,2535,0.9988161010260458
D4.2__Fig 2__SQUID_data__IVI_BS30_A1S1_I_contrl_+-0.15mA_285mK_191103__IVB__T_1p40K[-0.000051000],1,down,5023,0.9994026284348865
D4.2__Fig 2__SQUID_data__IVI_BS30_A1S1_I_contrl_+-0.15mA_285mK_191103__IVB__T_1p40K[-0.000051000],2,up,2442,1.0
D4.2__Fig 2__SQUID_data__IVI_BS30_A1S1_I_contrl_+-0.15mA_285mK_191103__IVB__T_1p40K[-0.000051375],0,up,2534,0.9992104224240032
D4.2__Fig 2__SQUID_data__IVI_BS30_A1S1_I_contrl_+-0.15mA_285mK_191103__IVB__T_1p40K[-0.000051375],1,down,5024,0.9994027473621342
D4.2__Fig 2__SQUID_data__IVI_BS30_A1S1_I_contrl_+-0.15mA_285mK_191103__IVB__T_1p40K[-0.000051375],2,up,2442,1.0
D4.2__Fig 2__SQUID_data__IVI_BS30_A1S1_I_contrl_+-0.15mA_285mK_191103__IVB__T_1p40K[-0.000051750],0,up,2534,0.9996052112120016
D4.2__Fig 2__SQUID_data__IVI_BS30_A1S1_I_contrl_+-0.15mA_285mK_191103__IVB__T_1p40K[-0.000051750],1,down,5024,0.9996018315747561
D4.2__Fig 2__SQUID_data__IVI_BS30_A1S1_I_contrl_+-0.15mA_285mK_191103__IVB__T_1p40K[-0.000051750],2,up,2442,1.0
D4.2__Fig 2__SQUID_data__IVI_BS30_A1S1_I_contrl_+-0.15mA_285mK_191103__IVB__T_1p40K[-0.000052125],0,up,2535,0.9992107340173638
D4.2__Fig 2__SQUID_data__IVI_BS30_A1S1_I_contrl_+-0.15mA_285mK_191103__IVB__T_1p40K[-0.000052125],1,down,5023,0.9996017522899243
D4.2__Fig 2__SQUID_data__IVI_BS30_A1S1_I_contrl_+-0.15mA_285mK_191103__IVB__T_1p40K[-0.000052125],2,up,2442,1.0
D4.2__Fig 2__SQUID_data__IVI_BS30_A1S1_I_contrl_+-0.15mA_285mK_191103__IVB__T_1p40K[-0.000052500],0,up,2536,0.9988165680473373
D4.2__Fig 2__SQUID_data__IVI_BS30_A1S1_I_contrl_+-0.15mA_285mK_191103__IVB__T_1p40K[-0.000052500],1,down,5022,0.9996016729735112
D4.2__Fig 2__SQUID_data__IVI_BS30_A1S1_I_contrl_+-0.15mA_285mK_191103__IVB__T_1p40K[-0.000052500],2,up,2442,1.0
D4.2__Fig 2__SQUID_data__IVI_BS30_A1S1_I_contrl_+-0.15mA_285mK_191103__IVB__T_1p40K[-0.000052875],0,up,2534,0.9992104224240032
D4.2__Fig 2__SQUID_data__IVI_BS30_A1S1_I_contrl_+-0.15mA_285mK_191103__IVB__T_1p40K[-0.000052875],1,down,5023,0.9996017522899243
D4.2__Fig 2__SQUID_data__IVI_BS30_A1S1_I_contrl_+-0.15mA_285mK_191103__IVB__T_1p40K[-0.000052875],2,up,2443,1.0
D4.2__Fig 2__SQUID_data__IVI_BS30_A1S1_I_contrl_+-0.15mA_285mK_191103__IVB__T_1p40K[-0.000053250],0,up,2536,0.998422090729783
D4.2__Fig 2__SQUID_data__IVI_BS30_A1S1_I_contrl_+-0.15mA_285mK_191103__IVB__T_1p40K[-0.000053250],1,down,5022,0.9994025094602669
D4.2__Fig 2__SQUID_data__IVI_BS30_A1S1_I_contrl_+-0.15mA_285mK_191103__IVB__T_1p40K[-0.000053250],2,up,2442,1.0
D4.2__Fig 2__SQUID_data__IVI_BS30_A1S1_I_contrl_+-0.15mA_285mK_191103__IVB__T_1p40K[-0.000053625],0,up,2535,0.9988161010260458
D4.2__Fig 2__SQUID_data__IVI_BS30_A1S1_I_contrl_+-0.15mA_285mK_191103__IVB__T_1p40K[-0.000053625],1,down,5021,0.999601593625498
D4.2__Fig 2__SQUID_data__IVI_BS30_A1S1_I_contrl_+-0.15mA_285mK_191103__IVB__T_1p40K[-0.000053625],2,up,2444,1.0
D4.2__Fig 2__SQUID_data__IVI_BS30_A1S1_I_contrl_+-0.15mA_285mK_191103__IVB__T_1p40K[-0.000054000],0,up,2535,0.9984214680347278
D4.2__Fig 2__SQUID_data__IVI_BS30_A1S1_I_contrl_+-0.15mA_285mK_191103__IVB__T_1p40K[-0.000054000],1,down,5023,0.9994026284348865
D4.2__Fig 2__SQUID_data__IVI_BS30_A1S1_I_contrl_+-0.15mA_285mK_191103__IVB__T_1p40K[-0.000054000],2,up,2442,1.0
D4.2__Fig 2__SQUID_data__IVI_BS30_A1S1_I_contrl_+-0.15mA_285mK_191103__IVB__T_1p40K[-0.000054375],0,up,2535,0.9992107340173638
D4.2__Fig 2__SQUID_data__IVI_BS30_A1S1_I_contrl_+-0.15mA_285mK_191103__IVB__T_1p40K[-0.000054375],1,down,5023,0.9994026284348865
D4.2__Fig 2__SQUID_data__IVI_BS30_A1S1_I_contrl_+-0.15mA_285mK_191103__IVB__T_1p40K[-0.000054375],2,up,2442,0.9995903318312167
D4.2__Fig 2__SQUID_data__IVI_BS30_A1S1_I_contrl_+-0.15mA_285mK_191103__IVB__T_1p40K[-0.000054750],0,up,2535,0.9984214680347278
D4.2__Fig 2__SQUID_data__IVI_BS30_A1S1_I_contrl_+-0.15mA_285mK_191103__IVB__T_1p40K[-0.000054750],1,down,5023,0.9994026284348865
D4.2__Fig 2__SQUID_data__IVI_BS30_A1S1_I_contrl_+-0.15mA_285mK_191103__IVB__T_1p40K[-0.000054750],2,up,2442,1.0
D4.2__Fig 2__SQUID_data__IVI_BS30_A1S1_I_contrl_+-0.15mA_285mK_191103__IVB__T_1p40K[-0.000055125],0,up,2535,0.9988161010260458
D4.2__Fig 2__SQUID_data__IVI_BS30_A1S1_I_contrl_+-0.15mA_285mK_191103__IVB__T_1p40K[-0.000055125],1,down,5022,0.9996016729735112
D4.2__Fig 2__SQUID_data__IVI_BS30_A1S1_I_contrl_+-0.15mA_285mK_191103__IVB__T_1p40K[-0.000055125],2,up,2443,1.0
D4.2__Fig 2__SQUID_data__IVI_BS30_A1S1_I_contrl_+-0.15mA_285mK_191103__IVB__T_1p40K[-0.000055500],0,up,2535,0.9988161010260458
D4.2__Fig 2__SQUID_data__IVI_BS30_A1S1_I_contrl_+-0.15mA_285mK_191103__IVB__T_1p40K[-0.000055500],1,down,5023,0.9996017522899243
D4.2__Fig 2__SQUID_data__IVI_BS30_A1S1_I_contrl_+-0.15mA_285mK_191103__IVB__T_1p40K[-0.000055500],2,up,2442,1.0
D4.2__Fig 2__SQUID_data__IVI_BS30_A1S1_I_contrl_+-0.15mA_285mK_191103__IVB__T_1p40K[-0.000055875],0,up,2535,0.9992107340173638
D4.2__Fig 2__SQUID_data__IVI_BS30_A1S1_I_contrl_+-0.15mA_285mK_191103__IVB__T_1p40K[-0.000055875],1,down,5023,0.9994026284348865
D4.2__Fig 2__SQUID_data__IVI_BS30_A1S1_I_contrl_+-0.15mA_285mK_191103__IVB__T_1p40K[-0.000055875],2,up,2442,1.0
D4.2__Fig 2__SQUID_data__IVI_BS30_A1S1_I_contrl_+-0.15mA_285mK_191103__IVB__T_1p40K[-0.000056250],0,up,2534,0.9992104224240032
D4.2__Fig 2__SQUID_data__IVI_BS30_A1S1_I_contrl_+-0.15mA_285mK_191103__IVB__T_1p40K[-0.000056250],1,down,5023,0.9996017522899243
D4.2__Fig 2__SQUID_data__IVI_BS30_A1S1_I_contrl_+-0.15mA_285mK_191103__IVB__T_1p40K[-0.000056250],2,up,2443,0.9995904995904996
D4.2__Fig 2__SQUID_data__IVI_BS30_A1S1_I_contrl_+-0.15mA_285mK_191103__IVB__T_1p40K[-0.000056625],0,up,2535,0.9988161010260458
D4.2__Fig 2__SQUID_data__IVI_BS30_A1S1_I_contrl_+-0.15mA_285mK_191103__IVB__T_1p40K[-0.000056625],1,down,5022,0.9996016729735112
D4.2__Fig 2__SQUID_data__IVI_BS30_A1S1_I_contrl_+-0.15mA_285mK_191103__IVB__T_1p40K[-0.000056625],2,up,2443,1.0
D4.2__Fig 2__SQUID_data__IVI_BS30_A1S1_I_contrl_+-0.15mA_285mK_191103__IVB__T_1p40K[-0.000057000],0,up,2536,0.9992110453648915
D4.2__Fig 2__SQUID_data__IVI_BS30_A1S1_I_contrl_+-0.15mA_285mK_191103__IVB__T_1p40K[-0.000057000],1,down,5021,0.999601593625498
D4.2__Fig 2__SQUID_data__IVI_BS30_A1S1_I_contrl_+-0.15mA_285mK_191103__IVB__T_1p40K[-0.000057000],2,up,2443,1.0
D4.2__Fig 2__SQUID_data__IVI_BS30_A1S1_I_contrl_+-0.15mA_285mK_191103__IVB__T_1p40K[-0.000057375],0,up,2535,0.9992107340173638
D4.2__Fig 2__SQUID_data__IVI_BS30_A1S1_I_contrl_+-0.15mA_285mK_191103__IVB__T_1p40K[-0.000057375],1,down,5022,0.9996016729735112
D4.2__Fig 2__SQUID_data__IVI_BS30_A1S1_I_contrl_+-0.15mA_285mK_191103__IVB__T_1p40K[-0.000057375],2,up,2443,1.0
D4.2__Fig 2__SQUID_data__IVI_BS30_A1S1_I_contrl_+-0.15mA_285mK_191103__IVB__T_1p40K[-0.000057750],0,up,2535,0.9984214680347278
D4.2__Fig 2__SQUID_data__IVI_BS30_A1S1_I_contrl_+-0.15mA_285mK_191103__IVB__T_1p40K[-0.000057750],1,down,5022,0.9994025094602669
D4.2__Fig 2__SQUID_data__IVI_BS30_A1S1_I_contrl_+-0.15mA_285mK_191103__IVB__T_1p40K[-0.000057750],2,up,2443,1.0
D4.2__Fig 2__SQUID_data__IVI_BS30_A1S1_I_contrl_+-0.15mA_285mK_191103__IVB__T_1p40K[-0.000058125],0,up,2535,0.9992107340173638
D4.2__Fig 2__SQUID_data__IVI_BS30_A1S1_I_contrl_+-0.15mA_285mK_191103__IVB__T_1p40K[-0.000058125],1,down,5023,0.9994026284348865
D4.2__Fig 2__SQUID_data__IVI_BS30_A1S1_I_contrl_+-0.15mA_285mK_191103__IVB__T_1p40K[-0.000058125],2,up,2442,1.0
D4.2__Fig 2__SQUID_data__IVI_BS30_A1S1_I_contrl_+-0.15mA_285mK_191103__IVB__T_1p40K[-0.000058500],0,up,2536,0.9988165680473373
D4.2__Fig 2__SQUID_data__IVI_BS30_A1S1_I_contrl_+-0.15mA_285mK_191103__IVB__T_1p40K[-0.000058500],1,down,5021,0.999601593625498
D4.2__Fig 2__SQUID_data__IVI_BS30_A1S1_I_contrl_+-0.15mA_285mK_191103__IVB__T_1p40K[-0.000058500],2,up,2443,1.0
D4.2__Fig 2__SQUID_data__IVI_BS30_A1S1_I_contrl_+-0.15mA_285mK_191103__IVB__T_1p40K[-0.000058875],0,up,2535,0.9992107340173638
D4.2__Fig 2__SQUID_data__IVI_BS30_A1S1_I_contrl_+-0.15mA_285mK_191103__IVB__T_1p40K[-0.000058875],1,down,5022,0.9994025094602669
D4.2__Fig 2__SQUID_data__IVI_BS30_A1S1_I_contrl_+-0.15mA_285mK_191103__IVB__T_1p40K[-0.000058875],2,up,2443,1.0
D4.2__Fig 2__SQUID_data__IVI_BS30_A1S1_I_contrl_+-0.15mA_285mK_191103__IVB__T_1p40K[-0.000059250],0,up,2535,0.9980268350434096
D4.2__Fig 2__SQUID_data__IVI_BS30_A1S1_I_contrl_+-0.15mA_285mK_191103__IVB__T_1p40K[-0.000059250],1,down,5023,0.9998008761449622
D4.2__Fig 2__SQUID_data__IVI_BS30_A1S1_I_contrl_+-0.15mA_285mK_191103__IVB__T_1p40K[-0.000059250],2,up,2442,0.9995903318312167
D4.2__Fig 2__SQUID_data__IVI_BS30_A1S1_I_contrl_+-0.15mA_285mK_191103__IVB__T_1p40K[-0.000059625],0,up,2536,0.9992110453648915
D4.2__Fig 2__SQUID_data__IVI_BS30_A1S1_I_contrl_+-0.15mA_285mK_191103__IVB__T_1p40K[-0.000059625],1,down,5021,0.999601593625498
D4.2__Fig 2__SQUID_data__IVI_BS30_A1S1_I_contrl_+-0.15mA_285mK_191103__IVB__T_1p40K[-0.000059625],2,up,2443,0.9995904995904996
D4.2__Fig 2__SQUID_data__IVI_BS30_A1S1_I_contrl_+-0.15mA_285mK_191103__IVB__T_1p40K[-0.000060000],0,up,2535,0.9992107340173638
D4.2__Fig 2__SQUID_data__IVI_BS30_A1S1_I_contrl_+-0.15mA_285mK_191103__IVB__T_1p40K[-0.000060000],1,down,5023,0.9994026284348865
D4.2__Fig 2__SQUID_data__IVI_BS30_A1S1_I_contrl_+-0.15mA_285mK_191103__IVB__T_1p40K[-0.000060000],2,up,2442,0.9995903318312167
D4.2__Fig 2__SQUID_data__IVI_BS30_A1S1_I_contrl_+-0.15mA_285mK_191103__IVB__T_1p40K[-0.000060375],0,up,2536,0.9988165680473373
D4.2__Fig 2__SQUID_data__IVI_BS30_A1S1_I_contrl_+-0.15mA_285mK_191103__IVB__T_1p40K[-0.000060375],1,down,5022,0.9994025094602669
D4.2__Fig 2__SQUID_data__IVI_BS30_A1S1_I_contrl_+-0.15mA_285mK_191103__IVB__T_1p40K[-0.000060375],2,up,2442,1.0
D4.2__Fig 2__SQUID_data__IVI_BS30_A1S1_I_contrl_+-0.15mA_285mK_191103__IVB__T_1p40K[-0.000060750],0,up,2536,0.9988165680473373
D4.2__Fig 2__SQUID_data__IVI_BS30_A1S1_I_contrl_+-0.15mA_285mK_191103__IVB__T_1p40K[-0.000060750],1,down,5023,0.9992035045798486
D4.2__Fig 2__SQUID_data__IVI_BS30_A1S1_I_contrl_+-0.15mA_285mK_191103__IVB__T_1p40K[-0.000060750],2,up,2441,1.0
D4.2__Fig 2__SQUID_data__IVI_BS30_A1S1_I_contrl_+-0.15mA_285mK_191103__IVB__T_1p40K[-0.000061125],0,up,2535,0.9992107340173638
D4.2__Fig 2__SQUID_data__IVI_BS30_A1S1_I_contrl_+-0.15mA_285mK_191103__IVB__T_1p40K[-0.000061125],1,down,5023,0.9996017522899243
D4.2__Fig 2__SQUID_data__IVI_BS30_A1S1_I_contrl_+-0.15mA_285mK_191103__IVB__T_1p40K[-0.000061125],2,up,2442,0.9995903318312167
D4.2__Fig 2__SQUID_data__IVI_BS30_A1S1_I_contrl_+-0.15mA_285mK_191103__IVB__T_1p40K[-0.000061500],0,up,2535,0.9988161010260458
D4.2__Fig 2__SQUID_data__IVI_BS30_A1S1_I_contrl_+-0.15mA_285mK_191103__IVB__T_1p40K[-0.000061500],1,down,5022,0.9996016729735112
D4.2__Fig 2__SQUID_data__IVI_BS30_A1S1_I_contrl_+-0.15mA_285mK_191103__IVB__T_1p40K[-0.000061500],2,up,2443,1.0
D4.2__Fig 2__SQUID_data__IVI_BS30_A1S1_I_contrl_+-0.15mA_285mK_191103__IVB__T_1p40K[-0.000061875],0,up,2534,0.9996052112120016
D4.2__Fig 2__SQUID_data__IVI_BS30_A1S1_I_contrl_+-0.15mA_285mK_191103__IVB__T_1p40K[-0.000061875],1,down,5023,0.9996017522899243
D4.2__Fig 2__SQUID_data__IVI_BS30_A1S1_I_contrl_+-0.15mA_285mK_191103__IVB__T_1p40K[-0.000061875],2,up,2443,1.0
D4.2__Fig 2__SQUID_data__IVI_BS30_A1S1_I_contrl_+-0.15mA_285mK_191103__IVB__T_1p40K[-0.000062250],0,up,2534,0.9992104224240032
D4.2__Fig 2__SQUID_data__IVI_BS30_A1S1_I_contrl_+-0.15mA_285mK_191103__IVB__T_1p40K[-0.000062250],1,down,5025,0.9994028662420382
D4.2__Fig 2__SQUID_data__IVI_BS30_A1S1_I_contrl_+-0.15mA_285mK_191103__IVB__T_1p40K[-0.000062250],2,up,2441,1.0
D4.2__Fig 2__SQUID_data__IVI_BS30_A1S1_I_contrl_+-0.15mA_285mK_191103__IVB__T_1p40K[-0.000062625],0,up,2535,0.9992107340173638
D4.2__Fig 2__SQUID_data__IVI_BS30_A1S1_I_contrl_+-0.15mA_285mK_191103__IVB__T_1p40K[-0.000062625],1,down,5023,0.9996017522899243
D4.2__Fig 2__SQUID_data__IVI_BS30_A1S1_I_contrl_+-0.15mA_285mK_191103__IVB__T_1p40K[-0.000062625],2,up,2442,1.0
D4.2__Fig 2__SQUID_data__IVI_BS30_A1S1_I_contrl_+-0.15mA_285mK_191103__IVB__T_1p40K[-0.000063000],0,up,2534,0.9988156336360048
D4.2__Fig 2__SQUID_data__IVI_BS30_A1S1_I_contrl_+-0.15mA_285mK_191103__IVB__T_1p40K[-0.000063000],1,down,5023,0.9994026284348865
D4.2__Fig 2__SQUID_data__IVI_BS30_A1S1_I_contrl_+-0.15mA_285mK_191103__IVB__T_1p40K[-0.000063000],2,up,2443,1.0
D4.2__Fig 2__SQUID_data__IVI_BS30_A1S1_I_contrl_+-0.15mA_285mK_191103__IVB__T_1p40K[-0.000063375],0,up,2536,0.998422090729783
D4.2__Fig 2__SQUID_data__IVI_BS30_A1S1_I_contrl_+-0.15mA_285mK_191103__IVB__T_1p40K[-0.000063375],1,down,5023,0.9996017522899243
D4.2__Fig 2__SQUID_data__IVI_BS30_A1S1_I_contrl_+-0.15mA_285mK_191103__IVB__T_1p40K[-0.000063375],2,up,2441,1.0
D4.2__Fig 2__SQUID_data__IVI_BS30_A1S1_I_contrl_+-0.15mA_285mK_191103__IVB__T_1p40K[-0.000063750],0,up,2534,0.9996052112120016
D4.2__Fig 2__SQUID_data__IVI_BS30_A1S1_I_contrl_+-0.15mA_285mK_191103__IVB__T_1p40K[-0.000063750],1,down,5023,0.9994026284348865
D4.2__Fig 2__SQUID_data__IVI_BS30_A1S1_I_contrl_+-0.15mA_285mK_191103__IVB__T_1p40K[-0.000063750],2,up,2443,0.9995904995904996
D4.2__Fig 2__SQUID_data__IVI_BS30_A1S1_I_contrl_+-0.15mA_285mK_191103__IVB__T_1p40K[-0.000064125],0,up,2535,0.9984214680347278
D4.2__Fig 2__SQUID_data__IVI_BS30_A1S1_I_contrl_+-0.15mA_285mK_191103__IVB__T_1p40K[-0.000064125],1,down,5023,0.9994026284348865
D4.2__Fig 2__SQUID_data__IVI_BS30_A1S1_I_contrl_+-0.15mA_285mK_191103__IVB__T_1p40K[-0.000064125],2,up,2442,1.0
D4.2__Fig 2__SQUID_data__IVI_BS30_A1S1_I_contrl_+-0.15mA_285mK_191103__IVB__T_1p40K[-0.000064500],0,up,2535,0.9992107340173638
D4.2__Fig 2__SQUID_data__IVI_BS30_A1S1_I_contrl_+-0.15mA_285mK_191103__IVB__T_1p40K[-0.000064500],1,down,5023,0.9996017522899243
D4.2__Fig 2__SQUID_data__IVI_BS30_A1S1_I_contrl_+-0.15mA_285mK_191103__IVB__T_1p40K[-0.000064500],2,up,2442,1.0
D4.2__Fig 2__SQUID_data__IVI_BS30_A1S1_I_contrl_+-0.15mA_285mK_191103__IVB__T_1p40K[-0.000064875],0,up,2535,0.9988161010260458
D4.2__Fig 2__SQUID_data__IVI_BS30_A1S1_I_contrl_+-0.15mA_285mK_191103__IVB__T_1p40K[-0.000064875],1,down,5022,0.9996016729735112
D4.2__Fig 2__SQUID_data__IVI_BS30_A1S1_I_contrl_+-0.15mA_285mK_191103__IVB__T_1p40K[-0.000064875],2,up,2443,1.0
D4.2__Fig 2__SQUID_data__IVI_BS30_A1S1_I_contrl_+-0.15mA_285mK_191103__IVB__T_1p40K[-0.000065250],0,up,2533,0.9996050552922591
D4.2__Fig 2__SQUID_data__IVI_BS30_A1S1_I_contrl_+-0.15mA_285mK_191103__IVB__T_1p40K[-0.000065250],1,down,5026,0.9994029850746269
D4.2__Fig 2__SQUID_data__IVI_BS30_A1S1_I_contrl_+-0.15mA_285mK_191103__IVB__T_1p40K[-0.000065250],2,up,2441,1.0
D4.2__Fig 2__SQUID_data__IVI_BS30_A1S1_I_contrl_+-0.15mA_285mK_191103__IVB__T_1p40K[-0.000065625],0,up,2534,0.9988156336360048
D4.2__Fig 2__SQUID_data__IVI_BS30_A1S1_I_contrl_+-0.15mA_285mK_191103__IVB__T_1p40K[-0.000065625],1,down,5024,0.9996018315747561
D4.2__Fig 2__SQUID_data__IVI_BS30_A1S1_I_contrl_+-0.15mA_285mK_191103__IVB__T_1p40K[-0.000065625],2,up,2442,1.0
D4.2__Fig 2__SQUID_data__IVI_BS30_A1S1_I_contrl_+-0.15mA_285mK_191103__IVB__T_1p40K[-0.000066000],0,up,2535,0.9992107340173638
D4.2__Fig 2__SQUID_data__IVI_BS30_A1S1_I_contrl_+-0.15mA_285mK_191103__IVB__T_1p40K[-0.000066000],1,down,5023,0.9990043807248108
D4.2__Fig 2__SQUID_data__IVI_BS30_A1S1_I_contrl_+-0.15mA_285mK_191103__IVB__T_1p40K[-0.000066000],2,up,2442,1.0
D4.2__Fig 2__SQUID_data__IVI_BS30_A1S1_I_contrl_+-0.15mA_285mK_191103__IVB__T_1p40K[-0.000066375],0,up,2535,0.9992107340173638
D4.2__Fig 2__SQUID_data__IVI_BS30_A1S1_I_contrl_+-0.15mA_285mK_191103__IVB__T_1p40K[-0.000066375],1,down,5023,0.9992035045798486
D4.2__Fig 2__SQUID_data__IVI_BS30_A1S1_I_contrl_+-0.15mA_285mK_191103__IVB__T_1p40K[-0.000066375],2,up,2442,1.0
D4.2__Fig 2__SQUID_data__IVI_BS30_A1S1_I_contrl_+-0.15mA_285mK_191103__IVB__T_1p40K[-0.000066750],0,up,2535,0.9992107340173638
D4.2__Fig 2__SQUID_data__IVI_BS30_A1S1_I_contrl_+-0.15mA_285mK_191103__IVB__T_1p40K[-0.000066750],1,down,5022,0.9996016729735112
D4.2__Fig 2__SQUID_data__IVI_BS30_A1S1_I_contrl_+-0.15mA_285mK_191103__IVB__T_1p40K[-0.000066750],2,up,2443,1.0
D4.2__Fig 2__SQUID_data__IVI_BS30_A1S1_I_contrl_+-0.15mA_285mK_191103__IVB__T_1p40K[-0.000067125],0,up,2535,0.9992107340173638
D4.2__Fig 2__SQUID_data__IVI_BS30_A1S1_I_contrl_+-0.15mA_285mK_191103__IVB__T_1p40K[-0.000067125],1,down,5023,0.9996017522899243
D4.2__Fig 2__SQUID_data__IVI_BS30_A1S1_I_contrl_+-0.15mA_285mK_191103__IVB__T_1p40K[-0.000067125],2,up,2442,1.0
D4.2__Fig 2__SQUID_data__IVI_BS30_A1S1_I_contrl_+-0.15mA_285mK_191103__IVB__T_1p40K[-0.000067500],0,up,2535,0.9992107340173638
D4.2__Fig 2__SQUID_data__IVI_BS30_A1S1_I_contrl_+-0.15mA_285mK_191103__IVB__T_1p40K[-0.000067500],1,down,5022,0.9998008364867557
D4.2__Fig 2__SQUID_data__IVI_BS30_A1S1_I_contrl_+-0.15mA_285mK_191103__IVB__T_1p40K[-0.000067500],2,up,2443,1.0
D4.2__Fig 2__SQUID_data__IVI_BS30_A1S1_I_contrl_+-0.15mA_285mK_191103__IVB__T_1p40K[-0.000067875],0,up,2535,0.9992107340173638
D4.2__Fig 2__SQUID_data__IVI_BS30_A1S1_I_contrl_+-0.15mA_285mK_191103__IVB__T_1p40K[-0.000067875],1,down,5023,0.9998008761449622
D4.2__Fig 2__SQUID_data__IVI_BS30_A1S1_I_contrl_+-0.15mA_285mK_191103__IVB__T_1p40K[-0.000067875],2,up,2442,1.0
D4.2__Fig 2__SQUID_data__IVI_BS30_A1S1_I_contrl_+-0.15mA_285mK_191103__IVB__T_1p40K[-0.000068250],0,up,2535,0.9992107340173638
D4.2__Fig 2__SQUID_data__IVI_BS30_A1S1_I_contrl_+-0.15mA_285mK_191103__IVB__T_1p40K[-0.000068250],1,down,5022,0.9996016729735112
D4.2__Fig 2__SQUID_data__IVI_BS30_A1S1_I_contrl_+-0.15mA_285mK_191103__IVB__T_1p40K[-0.000068250],2,up,2443,0.9995904995904996
D4.2__Fig 2__SQUID_data__IVI_BS30_A1S1_I_contrl_+-0.15mA_285mK_191103__IVB__T_1p40K[-0.000068625],0,up,2536,0.9992110453648915
D4.2__Fig 2__SQUID_data__IVI_BS30_A1S1_I_contrl_+-0.15mA_285mK_191103__IVB__T_1p40K[-0.000068625],1,down,5022,0.9996016729735112
D4.2__Fig 2__SQUID_data__IVI_BS30_A1S1_I_contrl_+-0.15mA_285mK_191103__IVB__T_1p40K[-0.000068625],2,up,2442,1.0
D4.2__Fig 2__SQUID_data__IVI_BS30_A1S1_I_contrl_+-0.15mA_285mK_191103__IVB__T_1p40K[-0.000069000],0,up,2535,0.9984214680347278
D4.2__Fig 2__SQUID_data__IVI_BS30_A1S1_I_contrl_+-0.15mA_285mK_191103__IVB__T_1p40K[-0.000069000],1,down,5024,0.9996018315747561
D4.2__Fig 2__SQUID_data__IVI_BS30_A1S1_I_contrl_+-0.15mA_285mK_191103__IVB__T_1p40K[-0.000069000],2,up,2441,1.0
D4.2__Fig 2__SQUID_data__IVI_BS30_A1S1_I_contrl_+-0.15mA_285mK_191103__IVB__T_1p40K[-0.000069375],0,up,2534,0.9992104224240032
D4.2__Fig 2__SQUID_data__IVI_BS30_A1S1_I_contrl_+-0.15mA_285mK_191103__IVB__T_1p40K[-0.000069375],1,down,5023,0.9996017522899243
D4.2__Fig 2__SQUID_data__IVI_BS30_A1S1_I_contrl_+-0.15mA_285mK_191103__IVB__T_1p40K[-0.000069375],2,up,2443,1.0
D4.2__Fig 2__SQUID_data__IVI_BS30_A1S1_I_contrl_+-0.15mA_285mK_191103__IVB__T_1p40K[-0.000069750],0,up,2535,0.9988161010260458
D4.2__Fig 2__SQUID_data__IVI_BS30_A1S1_I_contrl_+-0.15mA_285mK_191103__IVB__T_1p40K[-0.000069750],1,down,5023,0.9994026284348865
D4.2__Fig 2__SQUID_data__IVI_BS30_A1S1_I_contrl_+-0.15mA_285mK_191103__IVB__T_1p40K[-0.000069750],2,up,2442,1.0
D4.2__Fig 2__SQUID_data__IVI_BS30_A1S1_I_contrl_+-0.15mA_285mK_191103__IVB__T_1p40K[-0.000070125],0,up,2536,0.9988165680473373
D4.2__Fig 2__SQUID_data__IVI_BS30_A1S1_I_contrl_+-0.15mA_285mK_191103__IVB__T_1p40K[-0.000070125],1,down,5021,0.999601593625498
D4.2__Fig 2__SQUID_data__IVI_BS30_A1S1_I_contrl_+-0.15mA_285mK_191103__IVB__T_1p40K[-0.000070125],2,up,2443,1.0
D4.2__Fig 2__SQUID_data__IVI_BS30_A1S1_I_contrl_+-0.15mA_285mK_191103__IVB__T_1p40K[-0.000070500],0,up,2534,0.9996052112120016
D4.2__Fig 2__SQUID_data__IVI_BS30_A1S1_I_contrl_+-0.15mA_285mK_191103__IVB__T_1p40K[-0.000070500],1,down,5023,0.9996017522899243
D4.2__Fig 2__SQUID_data__IVI_BS30_A1S1_I_contrl_+-0.15mA_285mK_191103__IVB__T_1p40K[-0.000070500],2,up,2443,0.9995904995904996
D4.2__Fig 2__SQUID_data__IVI_BS30_A1S1_I_contrl_+-0.15mA_285mK_191103__IVB__T_1p40K[-0.000070875],0,up,2534,0.9992104224240032
D4.2__Fig 2__SQUID_data__IVI_BS30_A1S1_I_contrl_+-0.15mA_285mK_191103__IVB__T_1p40K[-0.000070875],1,down,5023,0.9998008761449622
D4.2__Fig 2__SQUID_data__IVI_BS30_A1S1_I_contrl_+-0.15mA_285mK_191103__IVB__T_1p40K[-0.000070875],2,up,2443,1.0
D4.2__Fig 2__SQUID_data__IVI_BS30_A1S1_I_contrl_+-0.15mA_285mK_191103__IVB__T_1p40K[-0.000071250],0,up,2535,0.9988161010260458
D4.2__Fig 2__SQUID_data__IVI_BS30_A1S1_I_contrl_+-0.15mA_285mK_191103__IVB__T_1p40K[-0.000071250],1,down,5022,0.9996016729735112
D4.2__Fig 2__SQUID_data__IVI_BS30_A1S1_I_contrl_+-0.15mA_285mK_191103__IVB__T_1p40K[-0.000071250],2,up,2443,1.0
D4.2__Fig 2__SQUID_data__IVI_BS30_A1S1_I_contrl_+-0.15mA_285mK_191103__IVB__T_1p40K[-0.000071625],0,up,2534,0.9992104224240032
D4.2__Fig 2__SQUID_data__IVI_BS30_A1S1_I_contrl_+-0.15mA_285mK_191103__IVB__T_1p40K[-0.000071625],1,down,5024,0.9998009157873781
D4.2__Fig 2__SQUID_data__IVI_BS30_A1S1_I_contrl_+-0.15mA_285mK_191103__IVB__T_1p40K[-0.000071625],2,up,2442,1.0
D4.2__Fig 2__SQUID_data__IVI_BS30_A1S1_I_contrl_+-0.15mA_285mK_191103__IVB__T_1p40K[-0.000072000],0,up,2535,0.9988161010260458
D4.2__Fig 2__SQUID_data__IVI_BS30_A1S1_I_contrl_+-0.15mA_285mK_191103__IVB__T_1p40K[-0.000072000],1,down,5022,0.9994025094602669
D4.2__Fig 2__SQUID_data__IVI_BS30_A1S1_I_contrl_+-0.15mA_285mK_191103__IVB__T_1p40K[-0.000072000],2,up,2443,1.0
D4.2__Fig 2__SQUID_data__IVI_BS30_A1S1_I_contrl_+-0.15mA_285mK_191103__IVB__T_1p40K[-0.000072375],0,up,2534,0.9996052112120016
D4.2__Fig 2__SQUID_data__IVI_BS30_A1S1_I_contrl_+-0.15mA_285mK_191103__IVB__T_1p40K[-0.000072375],1,down,5021,0.999800796812749
D4.2__Fig 2__SQUID_data__IVI_BS30_A1S1_I_contrl_+-0.15mA_285mK_191103__IVB__T_1p40K[-0.000072375],2,up,2445,1.0
D4.2__Fig 2__SQUID_data__IVI_BS30_A1S1_I_contrl_+-0.15mA_285mK_191103__IVB__T_1p40K[-0.000072750],0,up,2535,0.999605367008682
D4.2__Fig 2__SQUID_data__IVI_BS30_A1S1_I_contrl_+-0.15mA_285mK_191103__IVB__T_1p40K[-0.000072750],1,down,5023,0.9994026284348865
D4.2__Fig 2__SQUID_data__IVI_BS30_A1S1_I_contrl_+-0.15mA_285mK_191103__IVB__T_1p40K[-0.000072750],2,up,2442,1.0
D4.2__Fig 2__SQUID_data__IVI_BS30_A1S1_I_contrl_+-0.15mA_285mK_191103__IVB__T_1p40K[-0.000073125],0,up,2536,0.9988165680473373
D4.2__Fig 2__SQUID_data__IVI_BS30_A1S1_I_contrl_+-0.15mA_285mK_191103__IVB__T_1p40K[-0.000073125],1,down,5021,0.999601593625498
D4.2__Fig 2__SQUID_data__IVI_BS30_A1S1_I_contrl_+-0.15mA_285mK_191103__IVB__T_1p40K[-0.000073125],2,up,2443,0.9995904995904996
D4.2__Fig 2__SQUID_data__IVI_BS30_A1S1_I_contrl_+-0.15mA_285mK_191103__IVB__T_1p40K[-0.000073500],0,up,2536,0.9988165680473373
D4.2__Fig 2__SQUID_data__IVI_BS30_A1S1_I_contrl_+-0.15mA_285mK_191103__IVB__T_1p40K[-0.000073500],1,down,5022,0.9996016729735112
D4.2__Fig 2__SQUID_data__IVI_BS30_A1S1_I_contrl_+-0.15mA_285mK_191103__IVB__T_1p40K[-0.000073500],2,up,2442,1.0
D4.2__Fig 2__SQUID_data__IVI_BS30_A1S1_I_contrl_+-0.15mA_285mK_191103__IVB__T_1p40K[-0.000073875],0,up,2535,0.999605367008682
D4.2__Fig 2__SQUID_data__IVI_BS30_A1S1_I_contrl_+-0.15mA_285mK_191103__IVB__T_1p40K[-0.000073875],1,down,5022,0.9994025094602669
D4.2__Fig 2__SQUID_data__IVI_BS30_A1S1_I_contrl_+-0.15mA_285mK_191103__IVB__T_1p40K[-0.000073875],2,up,2443,1.0
D4.2__Fig 2__SQUID_data__IVI_BS30_A1S1_I_contrl_+-0.15mA_285mK_191103__IVB__T_1p40K[-0.000074250],0,up,2534,0.9996052112120016
D4.2__Fig 2__SQUID_data__IVI_BS30_A1S1_I_contrl_+-0.15mA_285mK_191103__IVB__T_1p40K[-0.000074250],1,down,5024,0.9994027473621342
D4.2__Fig 2__SQUID_data__IVI_BS30_A1S1_I_contrl_+-0.15mA_285mK_191103__IVB__T_1p40K[-0.000074250],2,up,2442,1.0
D4.2__Fig 2__SQUID_data__IVI_BS30_A1S1_I_contrl_+-0.15mA_285mK_191103__IVB__T_1p40K[-0.000074625],0,up,2535,0.9988161010260458
D4.2__Fig 2__SQUID_data__IVI_BS30_A1S1_I_contrl_+-0.15mA_285mK_191103__IVB__T_1p40K[-0.000074625],1,down,5023,0.9994026284348865
D4.2__Fig 2__SQUID_data__IVI_BS30_A1S1_I_contrl_+-0.15mA_285mK_191103__IVB__T_1p40K[-0.000074625],2,up,2442,1.0
D4.2__Fig 2__SQUID_data__IVI_BS30_A1S1_I_contrl_+-0.15mA_285mK_191103__IVB__T_1p40K[-0.000075000],0,up,2535,0.9992107340173638
D4.2__Fig 2__SQUID_data__IVI_BS30_A1S1_I_contrl_+-0.15mA_285mK_191103__IVB__T_1p40K[-0.000075000],1,down,5024,0.9992036631495123
D4.2__Fig 2__SQUID_data__IVI_BS30_A1S1_I_contrl_+-0.15mA_285mK_191103__IVB__T_1p40K[-0.000075000],2,up,2441,1.0
D4.2__Fig 2__SQUID_data__IVI_BS30_A1S1_I_contrl_+-0.15mA_285mK_191103__IVB__T_1p40K[-0.000075375],0,up,2535,0.9984214680347278
D4.2__Fig 2__SQUID_data__IVI_BS30_A1S1_I_contrl_+-0.15mA_285mK_191103__IVB__T_1p40K[-0.000075375],1,down,5023,0.9992035045798486
D4.2__Fig 2__SQUID_data__IVI_BS30_A1S1_I_contrl_+-0.15mA_285mK_191103__IVB__T_1p40K[-0.000075375],2,up,2442,1.0
D4.2__Fig 2__SQUID_data__IVI_BS30_A1S1_I_contrl_+-0.15mA_285mK_191103__IVB__T_1p40K[-0.000075750],0,up,2535,0.9992107340173638
D4.2__Fig 2__SQUID_data__IVI_BS30_A1S1_I_contrl_+-0.15mA_285mK_191103__IVB__T_1p40K[-0.000075750],1,down,5023,0.9994026284348865
D4.2__Fig 2__SQUID_data__IVI_BS30_A1S1_I_contrl_+-0.15mA_285mK_191103__IVB__T_1p40K[-0.000075750],2,up,2442,0.9995903318312167
D4.2__Fig 2__SQUID_data__IVI_BS30_A1S1_I_contrl_+-0.15mA_285mK_191103__IVB__T_1p40K[-0.000076125],0,up,2535,0.9992107340173638
D4.2__Fig 2__SQUID_data__IVI_BS30_A1S1_I_contrl_+-0.15mA_285mK_191103__IVB__T_1p40K[-0.000076125],1,down,5023,0.9996017522899243
D4.2__Fig 2__SQUID_data__IVI_BS30_A1S1_I_contrl_+-0.15mA_285mK_191103__IVB__T_1p40K[-0.000076125],2,up,2442,1.0
D4.2__Fig 2__SQUID_data__IVI_BS30_A1S1_I_contrl_+-0.15mA_285mK_191103__IVB__T_1p40K[-0.000076500],0,up,2535,0.9992107340173638
D4.2__Fig 2__SQUID_data__IVI_BS30_A1S1_I_contrl_+-0.15mA_285mK_191103__IVB__T_1p40K[-0.000076500],1,down,5022,0.9996016729735112
D4.2__Fig 2__SQUID_data__IVI_BS30_A1S1_I_contrl_+-0.15mA_285mK_191103__IVB__T_1p40K[-0.000076500],2,up,2443,1.0
D4.2__Fig 2__SQUID_data__IVI_BS30_A1S1_I_contrl_+-0.15mA_285mK_191103__IVB__T_1p40K[-0.000076875],0,up,2535,0.9992107340173638
D4.2__Fig 2__SQUID_data__IVI_BS30_A1S1_I_contrl_+-0.15mA_285mK_191103__IVB__T_1p40K[-0.000076875],1,down,5023,0.9994026284348865
D4.2__Fig 2__SQUID_data__IVI_BS30_A1S1_I_contrl_+-0.15mA_285mK_191103__IVB__T_1p40K[-0.000076875],2,up,2442,1.0
D4.2__Fig 2__SQUID_data__IVI_BS30_A1S1_I_contrl_+-0.15mA_285mK_191103__IVB__T_1p40K[-0.000077250],0,up,2535,0.9992107340173638
D4.2__Fig 2__SQUID_data__IVI_BS30_A1S1_I_contrl_+-0.15mA_285mK_191103__IVB__T_1p40K[-0.000077250],1,down,5022,0.9996016729735112
D4.2__Fig 2__SQUID_data__IVI_BS30_A1S1_I_contrl_+-0.15mA_285mK_191103__IVB__T_1p40K[-0.000077250],2,up,2443,1.0
D4.2__Fig 2__SQUID_data__IVI_BS30_A1S1_I_contrl_+-0.15mA_285mK_191103__IVB__T_1p40K[-0.000077625],0,up,2535,0.999605367008682
D4.2__Fig 2__SQUID_data__IVI_BS30_A1S1_I_contrl_+-0.15mA_285mK_191103__IVB__T_1p40K[-0.000077625],1,down,5023,0.9996017522899243
D4.2__Fig 2__SQUID_data__IVI_BS30_A1S1_I_contrl_+-0.15mA_285mK_191103__IVB__T_1p40K[-0.000077625],2,up,2442,1.0
D4.2__Fig 2__SQUID_data__IVI_BS30_A1S1_I_contrl_+-0.15mA_285mK_191103__IVB__T_1p40K[-0.000078000],0,up,2535,0.9992107340173638
D4.2__Fig 2__SQUID_data__IVI_BS30_A1S1_I_contrl_+-0.15mA_285mK_191103__IVB__T_1p40K[-0.000078000],1,down,5024,0.9996018315747561
D4.2__Fig 2__SQUID_data__IVI_BS30_A1S1_I_contrl_+-0.15mA_285mK_191103__IVB__T_1p40K[-0.000078000],2,up,2441,1.0
D4.2__Fig 2__SQUID_data__IVI_BS30_A1S1_I_contrl_+-0.15mA_285mK_191103__IVB__T_1p40K[-0.000078375],0,up,2534,0.9992104224240032
D4.2__Fig 2__SQUID_data__IVI_BS30_A1S1_I_contrl_+-0.15mA_285mK_191103__IVB__T_1p40K[-0.000078375],1,down,5023,0.9994026284348865
D4.2__Fig 2__SQUID_data__IVI_BS30_A1S1_I_contrl_+-0.15mA_285mK_191103__IVB__T_1p40K[-0.000078375],2,up,2443,1.0
D4.2__Fig 2__SQUID_data__IVI_BS30_A1S1_I_contrl_+-0.15mA_285mK_191103__IVB__T_1p40K[-0.000078750],0,up,2534,0.9996052112120016
D4.2__Fig 2__SQUID_data__IVI_BS30_A1S1_I_contrl_+-0.15mA_285mK_191103__IVB__T_1p40K[-0.000078750],1,down,5024,0.9996018315747561
D4.2__Fig 2__SQUID_data__IVI_BS30_A1S1_I_contrl_+-0.15mA_285mK_191103__IVB__T_1p40K[-0.000078750],2,up,2442,0.9995903318312167
D4.2__Fig 2__SQUID_data__IVI_BS30_A1S1_I_contrl_+-0.15mA_285mK_191103__IVB__T_1p40K[-0.000079125],0,up,2534,0.9988156336360048
D4.2__Fig 2__SQUID_data__IVI_BS30_A1S1_I_contrl_+-0.15mA_285mK_191103__IVB__T_1p40K[-0.000079125],1,down,5024,0.9992036631495123
D4.2__Fig 2__SQUID_data__IVI_BS30_A1S1_I_contrl_+-0.15mA_285mK_191103__IVB__T_1p40K[-0.000079125],2,up,2442,1.0
D4.2__Fig 2__SQUID_data__IVI_BS30_A1S1_I_contrl_+-0.15mA_285mK_191103__IVB__T_1p40K[-0.000079500],0,up,2534,0.9992104224240032
D4.2__Fig 2__SQUID_data__IVI_BS30_A1S1_I_contrl_+-0.15mA_285mK_191103__IVB__T_1p40K[-0.000079500],1,down,5023,0.9996017522899243
D4.2__Fig 2__SQUID_data__IVI_BS30_A1S1_I_contrl_+-0.15mA_285mK_191103__IVB__T_1p40K[-0.000079500],2,up,2443,1.0
D4.2__Fig 2__SQUID_data__IVI_BS30_A1S1_I_contrl_+-0.15mA_285mK_191103__IVB__T_1p40K[-0.000079875],0,up,2535,0.9992107340173638
D4.2__Fig 2__SQUID_data__IVI_BS30_A1S1_I_contrl_+-0.15mA_285mK_191103__IVB__T_1p40K[-0.000079875],1,down,5022,0.9996016729735112
D4.2__Fig 2__SQUID_data__IVI_BS30_A1S1_I_contrl_+-0.15mA_285mK_191103__IVB__T_1p40K[-0.000079875],2,up,2443,1.0
D4.2__Fig 2__SQUID_data__IVI_BS30_A1S1_I_contrl_+-0.15mA_285mK_191103__IVB__T_1p40K[-0.000080250],0,up,2534,0.9992104224240032
D4.2__Fig 2__SQUID_data__IVI_BS30_A1S1_I_contrl_+-0.15mA_285mK_191103__IVB__T_1p40K[-0.000080250],1,down,5024,0.9996018315747561
D4.2__Fig 2__SQUID_data__IVI_BS30_A1S1_I_contrl_+-0.15mA_285mK_191103__IVB__T_1p40K[-0.000080250],2,up,2442,1.0
D4.2__Fig 2__SQUID_data__IVI_BS30_A1S1_I_contrl_+-0.15mA_285mK_191103__IVB__T_1p40K[-0.000080625],0,up,2534,0.9992104224240032
D4.2__Fig 2__SQUID_data__IVI_BS30_A1S1_I_contrl_+-0.15mA_285mK_191103__IVB__T_1p40K[-0.000080625],1,down,5024,0.9992036631495123
D4.2__Fig 2__SQUID_data__IVI_BS30_A1S1_I_contrl_+-0.15mA_285mK_191103__IVB__T_1p40K[-0.000080625],2,up,2442,1.0
D4.2__Fig 2__SQUID_data__IVI_BS30_A1S1_I_contrl_+-0.15mA_285mK_191103__IVB__T_1p40K[-0.000081000],0,up,2534,0.9992104224240032
D4.2__Fig 2__SQUID_data__IVI_BS30_A1S1_I_contrl_+-0.15mA_285mK_191103__IVB__T_1p40K[-0.000081000],1,down,5023,0.9998008761449622
D4.2__Fig 2__SQUID_data__IVI_BS30_A1S1_I_contrl_+-0.15mA_285mK_191103__IVB__T_1p40K[-0.000081000],2,up,2443,1.0
D4.2__Fig 2__SQUID_data__IVI_BS30_A1S1_I_contrl_+-0.15mA_285mK_191103__IVB__T_1p40K[-0.000081375],0,up,2535,0.9992107340173638
D4.2__Fig 2__SQUID_data__IVI_BS30_A1S1_I_contrl_+-0.15mA_285mK_191103__IVB__T_1p40K[-0.000081375],1,down,5022,0.9996016729735112
D4.2__Fig 2__SQUID_data__IVI_BS30_A1S1_I_contrl_+-0.15mA_285mK_191103__IVB__T_1p40K[-0.000081375],2,up,2443,1.0
D4.2__Fig 2__SQUID_data__IVI_BS30_A1S1_I_contrl_+-0.15mA_285mK_191103__IVB__T_1p40K[-0.000081750],0,up,2535,0.9992107340173638
D4.2__Fig 2__SQUID_data__IVI_BS30_A1S1_I_contrl_+-0.15mA_285mK_191103__IVB__T_1p40K[-0.000081750],1,down,5023,0.9994026284348865
D4.2__Fig 2__SQUID_data__IVI_BS30_A1S1_I_contrl_+-0.15mA_285mK_191103__IVB__T_1p40K[-0.000081750],2,up,2442,1.0
D4.2__Fig 2__SQUID_data__IVI_BS30_A1S1_I_contrl_+-0.15mA_285mK_191103__IVB__T_1p40K[-0.000082125],0,up,2536,0.9988165680473373
D4.2__Fig 2__SQUID_data__IVI_BS30_A1S1_I_contrl_+-0.15mA_285mK_191103__IVB__T_1p40K[-0.000082125],1,down,5022,0.9996016729735112
D4.2__Fig 2__SQUID_data__IVI_BS30_A1S1_I_contrl_+-0.15mA_285mK_191103__IVB__T_1p40K[-0.000082125],2,up,2442,1.0
D4.2__Fig 2__SQUID_data__IVI_BS30_A1S1_I_contrl_+-0.15mA_285mK_191103__IVB__T_1p40K[-0.000082500],0,up,2535,0.9984214680347278
D4.2__Fig 2__SQUID_data__IVI_BS30_A1S1_I_contrl_+-0.15mA_285mK_191103__IVB__T_1p40K[-0.000082500],1,down,5023,0.9996017522899243
D4.2__Fig 2__SQUID_data__IVI_BS30_A1S1_I_contrl_+-0.15mA_285mK_191103__IVB__T_1p40K[-0.000082500],2,up,2442,1.0
D4.2__Fig 2__SQUID_data__IVI_BS30_A1S1_I_contrl_+-0.15mA_285mK_191103__IVB__T_1p40K[-0.000082875],0,up,2535,0.9992107340173638
D4.2__Fig 2__SQUID_data__IVI_BS30_A1S1_I_contrl_+-0.15mA_285mK_191103__IVB__T_1p40K[-0.000082875],1,down,5022,0.9994025094602669
D4.2__Fig 2__SQUID_data__IVI_BS30_A1S1_I_contrl_+-0.15mA_285mK_191103__IVB__T_1p40K[-0.000082875],2,up,2443,1.0
D4.2__Fig 2__SQUID_data__IVI_BS30_A1S1_I_contrl_+-0.15mA_285mK_191103__IVB__T_1p40K[-0.000083250],0,up,2535,0.9992107340173638
D4.2__Fig 2__SQUID_data__IVI_BS30_A1S1_I_contrl_+-0.15mA_285mK_191103__IVB__T_1p40K[-0.000083250],1,down,5022,0.9996016729735112
D4.2__Fig 2__SQUID_data__IVI_BS30_A1S1_I_contrl_+-0.15mA_285mK_191103__IVB__T_1p40K[-0.000083250],2,up,2443,1.0
D4.2__Fig 2__SQUID_data__IVI_BS30_A1S1_I_contrl_+-0.15mA_285mK_191103__IVB__T_1p40K[-0.000083625],0,up,2534,0.9992104224240032
D4.2__Fig 2__SQUID_data__IVI_BS30_A1S1_I_contrl_+-0.15mA_285mK_191103__IVB__T_1p40K[-0.000083625],1,down,5023,0.9996017522899243
D4.2__Fig 2__SQUID_data__IVI_BS30_A1S1_I_contrl_+-0.15mA_285mK_191103__IVB__T_1p40K[-0.000083625],2,up,2443,0.9995904995904996
D4.2__Fig 2__SQUID_data__IVI_BS30_A1S1_I_contrl_+-0.15mA_285mK_191103__IVB__T_1p40K[-0.000084000],0,up,2534,0.9992104224240032
D4.2__Fig 2__SQUID_data__IVI_BS30_A1S1_I_contrl_+-0.15mA_285mK_191103__IVB__T_1p40K[-0.000084000],1,down,5023,0.9994026284348865
D4.2__Fig 2__SQUID_data__IVI_BS30_A1S1_I_contrl_+-0.15mA_285mK_191103__IVB__T_1p40K[-0.000084000],2,up,2443,1.0
D4.2__Fig 2__SQUID_data__IVI_BS30_A1S1_I_contrl_+-0.15mA_285mK_191103__IVB__T_1p40K[-0.000084375],0,up,2535,0.9984214680347278
D4.2__Fig 2__SQUID_data__IVI_BS30_A1S1_I_contrl_+-0.15mA_285mK_191103__IVB__T_1p40K[-0.000084375],1,down,5023,0.9992035045798486
D4.2__Fig 2__SQUID_data__IVI_BS30_A1S1_I_contrl_+-0.15mA_285mK_191103__IVB__T_1p40K[-0.000084375],2,up,2442,1.0
D4.2__Fig 2__SQUID_data__IVI_BS30_A1S1_I_contrl_+-0.15mA_285mK_191103__IVB__T_1p40K[-0.000084750],0,up,2535,0.9988161010260458
D4.2__Fig 2__SQUID_data__IVI_BS30_A1S1_I_contrl_+-0.15mA_285mK_191103__IVB__T_1p40K[-0.000084750],1,down,5023,0.9994026284348865
D4.2__Fig 2__SQUID_data__IVI_BS30_A1S1_I_contrl_+-0.15mA_285mK_191103__IVB__T_1p40K[-0.000084750],2,up,2442,1.0
D4.2__Fig 2__SQUID_data__IVI_BS30_A1S1_I_contrl_+-0.15mA_285mK_191103__IVB__T_1p40K[-0.000085125],0,up,2535,0.9992107340173638
D4.2__Fig 2__SQUID_data__IVI_BS30_A1S1_I_contrl_+-0.15mA_285mK_191103__IVB__T_1p40K[-0.000085125],1,down,5023,0.9996017522899243
D4.2__Fig 2__SQUID_data__IVI_BS30_A1S1_I_contrl_+-0.15mA_285mK_191103__IVB__T_1p40K[-0.000085125],2,up,2442,1.0
D4.2__Fig 2__SQUID_data__IVI_BS30_A1S1_I_contrl_+-0.15mA_285mK_191103__IVB__T_1p40K[-0.000085500],0,up,2534,0.9996052112120016
D4.2__Fig 2__SQUID_data__IVI_BS30_A1S1_I_contrl_+-0.15mA_285mK_191103__IVB__T_1p40K[-0.000085500],1,down,5024,0.9994027473621342
D4.2__Fig 2__SQUID_data__IVI_BS30_A1S1_I_contrl_+-0.15mA_285mK_191103__IVB__T_1p40K[-0.000085500],2,up,2442,1.0
D4.2__Fig 2__SQUID_data__IVI_BS30_A1S1_I_contrl_+-0.15mA_285mK_191103__IVB__T_1p40K[-0.000085875],0,up,2535,0.9988161010260458
D4.2__Fig 2__SQUID_data__IVI_BS30_A1S1_I_contrl_+-0.15mA_285mK_191103__IVB__T_1p40K[-0.000085875],1,down,5023,0.9996017522899243
D4.2__Fig 2__SQUID_data__IVI_BS30_A1S1_I_contrl_+-0.15mA_285mK_191103__IVB__T_1p40K[-0.000085875],2,up,2442,1.0
D4.2__Fig 2__SQUID_data__IVI_BS30_A1S1_I_contrl_+-0.15mA_285mK_191103__IVB__T_1p40K[-0.000086250],0,up,2535,0.9992107340173638
D4.2__Fig 2__SQUID_data__IVI_BS30_A1S1_I_contrl_+-0.15mA_285mK_191103__IVB__T_1p40K[-0.000086250],1,down,5023,0.9996017522899243
D4.2__Fig 2__SQUID_data__IVI_BS30_A1S1_I_contrl_+-0.15mA_285mK_191103__IVB__T_1p40K[-0.000086250],2,up,2442,1.0
D4.2__Fig 2__SQUID_data__IVI_BS30_A1S1_I_contrl_+-0.15mA_285mK_191103__IVB__T_1p40K[-0.000086625],0,up,2535,0.999605367008682
D4.2__Fig 2__SQUID_data__IVI_BS30_A1S1_I_contrl_+-0.15mA_285mK_191103__IVB__T_1p40K[-0.000086625],1,down,5023,0.9992035045798486
D4.2__Fig 2__SQUID_data__IVI_BS30_A1S1_I_contrl_+-0.15mA_285mK_191103__IVB__T_1p40K[-0.000086625],2,up,2442,1.0
D4.2__Fig 2__SQUID_data__IVI_BS30_A1S1_I_contrl_+-0.15mA_285mK_191103__IVB__T_1p40K[-0.000087000],0,up,2536,0.9988165680473373
D4.2__Fig 2__SQUID_data__IVI_BS30_A1S1_I_contrl_+-0.15mA_285mK_191103__IVB__T_1p40K[-0.000087000],1,down,5021,0.999601593625498
D4.2__Fig 2__SQUID_data__IVI_BS30_A1S1_I_contrl_+-0.15mA_285mK_191103__IVB__T_1p40K[-0.000087000],2,up,2443,1.0
D4.2__Fig 2__SQUID_data__IVI_BS30_A1S1_I_contrl_+-0.15mA_285mK_191103__IVB__T_1p40K[-0.000087375],0,up,2536,0.9988165680473373
D4.2__Fig 2__SQUID_data__IVI_BS30_A1S1_I_contrl_+-0.15mA_285mK_191103__IVB__T_1p40K[-0.000087375],1,down,5021,0.999402390438247
D4.2__Fig 2__SQUID_data__IVI_BS30_A1S1_I_contrl_+-0.15mA_285mK_191103__IVB__T_1p40K[-0.000087375],2,up,2443,0.9995904995904996
D4.2__Fig 2__SQUID_data__IVI_BS30_A1S1_I_contrl_+-0.15mA_285mK_191103__IVB__T_1p40K[-0.000087750],0,up,2535,0.9988161010260458
D4.2__Fig 2__SQUID_data__IVI_BS30_A1S1_I_contrl_+-0.15mA_285mK_191103__IVB__T_1p40K[-0.000087750],1,down,5023,0.9994026284348865
D4.2__Fig 2__SQUID_data__IVI_BS30_A1S1_I_contrl_+-0.15mA_285mK_191103__IVB__T_1p40K[-0.000087750],2,up,2442,1.0
D4.2__Fig 2__SQUID_data__IVI_BS30_A1S1_I_contrl_+-0.15mA_285mK_191103__IVB__T_1p40K[-0.000088125],0,up,2535,0.9988161010260458
D4.2__Fig 2__SQUID_data__IVI_BS30_A1S1_I_contrl_+-0.15mA_285mK_191103__IVB__T_1p40K[-0.000088125],1,down,5021,1.0
D4.2__Fig 2__SQUID_data__IVI_BS30_A1S1_I_contrl_+-0.15mA_285mK_191103__IVB__T_1p40K[-0.000088125],2,up,2444,1.0
D4.2__Fig 2__SQUID_data__IVI_BS30_A1S1_I_contrl_+-0.15mA_285mK_191103__IVB__T_1p40K[-0.000088500],0,up,2535,0.9992107340173638
D4.2__Fig 2__SQUID_data__IVI_BS30_A1S1_I_contrl_+-0.15mA_285mK_191103__IVB__T_1p40K[-0.000088500],1,down,5023,0.9996017522899243
D4.2__Fig 2__SQUID_data__IVI_BS30_A1S1_I_contrl_+-0.15mA_285mK_191103__IVB__T_1p40K[-0.000088500],2,up,2442,1.0
D4.2__Fig 2__SQUID_data__IVI_BS30_A1S1_I_contrl_+-0.15mA_285mK_191103__IVB__T_1p40K[-0.000088875],0,up,2535,0.999605367008682
D4.2__Fig 2__SQUID_data__IVI_BS30_A1S1_I_contrl_+-0.15mA_285mK_191103__IVB__T_1p40K[-0.000088875],1,down,5023,0.9996017522899243
D4.2__Fig 2__SQUID_data__IVI_BS30_A1S1_I_contrl_+-0.15mA_285mK_191103__IVB__T_1p40K[-0.000088875],2,up,2442,1.0
D4.2__Fig 2__SQUID_data__IVI_BS30_A1S1_I_contrl_+-0.15mA_285mK_191103__IVB__T_1p40K[-0.000089250],0,up,2534,0.9992104224240032
D4.2__Fig 2__SQUID_data__IVI_BS30_A1S1_I_contrl_+-0.15mA_285mK_191103__IVB__T_1p40K[-0.000089250],1,down,5023,0.9994026284348865
D4.2__Fig 2__SQUID_data__IVI_BS30_A1S1_I_contrl_+-0.15mA_285mK_191103__IVB__T_1p40K[-0.000089250],2,up,2443,0.9995904995904996
D4.2__Fig 2__SQUID_data__IVI_BS30_A1S1_I_contrl_+-0.15mA_285mK_191103__IVB__T_1p40K[-0.000089625],0,up,2534,0.9988156336360048
D4.2__Fig 2__SQUID_data__IVI_BS30_A1S1_I_contrl_+-0.15mA_285mK_191103__IVB__T_1p40K[-0.000089625],1,down,5025,0.9994028662420382
D4.2__Fig 2__SQUID_data__IVI_BS30_A1S1_I_contrl_+-0.15mA_285mK_191103__IVB__T_1p40K[-0.000089625],2,up,2441,1.0
D4.2__Fig 2__SQUID_data__IVI_BS30_A1S1_I_contrl_+-0.15mA_285mK_191103__IVB__T_1p40K[-0.000090000],0,up,2535,0.9988161010260458
D4.2__Fig 2__SQUID_data__IVI_BS30_A1S1_I_contrl_+-0.15mA_285mK_191103__IVB__T_1p40K[-0.000090000],1,down,5023,0.9994026284348865
D4.2__Fig 2__SQUID_data__IVI_BS30_A1S1_I_contrl_+-0.15mA_285mK_191103__IVB__T_1p40K[-0.000090000],2,up,2442,1.0
D4.2__Fig 2__SQUID_data__IVI_BS30_A1S1_I_contrl_+-0.15mA_285mK_191103__IVB__T_1p40K[-0.000090375],0,up,2534,0.9988156336360048
D4.2__Fig 2__SQUID_data__IVI_BS30_A1S1_I_contrl_+-0.15mA_285mK_191103__IVB__T_1p40K[-0.000090375],1,down,5024,0.9994027473621342
D4.2__Fig 2__SQUID_data__IVI_BS30_A1S1_I_contrl_+-0.15mA_285mK_191103__IVB__T_1p40K[-0.000090375],2,up,2442,1.0
D4.2__Fig 2__SQUID_data__IVI_BS30_A1S1_I_contrl_+-0.15mA_285mK_191103__IVB__T_1p40K[-0.000090750],0,up,2536,0.998422090729783
D4.2__Fig 2__SQUID_data__IVI_BS30_A1S1_I_contrl_+-0.15mA_285mK_191103__IVB__T_1p40K[-0.000090750],1,down,5021,0.999601593625498
D4.2__Fig 2__SQUID_data__IVI_BS30_A1S1_I_contrl_+-0.15mA_285mK_191103__IVB__T_1p40K[-0.000090750],2,up,2443,1.0
D4.2__Fig 2__SQUID_data__IVI_BS30_A1S1_I_contrl_+-0.15mA_285mK_191103__IVB__T_1p40K[-0.000091125],0,up,2535,0.9988161010260458
D4.2__Fig 2__SQUID_data__IVI_BS30_A1S1_I_contrl_+-0.15mA_285mK_191103__IVB__T_1p40K[-0.000091125],1,down,5022,0.9996016729735112
D4.2__Fig 2__SQUID_data__IVI_BS30_A1S1_I_contrl_+-0.15mA_285mK_191103__IVB__T_1p40K[-0.000091125],2,up,2443,1.0
D4.2__Fig 2__SQUID_data__IVI_BS30_A1S1_I_contrl_+-0.15mA_285mK_191103__IVB__T_1p40K[-0.000091500],0,up,2535,0.9988161010260458
D4.2__Fig 2__SQUID_data__IVI_BS30_A1S1_I_contrl_+-0.15mA_285mK_191103__IVB__T_1p40K[-0.000091500],1,down,5022,0.9996016729735112
D4.2__Fig 2__SQUID_data__IVI_BS30_A1S1_I_contrl_+-0.15mA_285mK_191103__IVB__T_1p40K[-0.000091500],2,up,2443,1.0
D4.2__Fig 2__SQUID_data__IVI_BS30_A1S1_I_contrl_+-0.15mA_285mK_191103__IVB__T_1p40K[-0.000091875],0,up,2535,0.9992107340173638
D4.2__Fig 2__SQUID_data__IVI_BS30_A1S1_I_contrl_+-0.15mA_285mK_191103__IVB__T_1p40K[-0.000091875],1,down,5023,0.9994026284348865
D4.2__Fig 2__SQUID_data__IVI_BS30_A1S1_I_contrl_+-0.15mA_285mK_191103__IVB__T_1p40K[-0.000091875],2,up,2442,1.0
D4.2__Fig 2__SQUID_data__IVI_BS30_A1S1_I_contrl_+-0.15mA_285mK_191103__IVB__T_1p40K[-0.000092250],0,up,2534,0.9996052112120016
D4.2__Fig 2__SQUID_data__IVI_BS30_A1S1_I_contrl_+-0.15mA_285mK_191103__IVB__T_1p40K[-0.000092250],1,down,5024,0.9996018315747561
D4.2__Fig 2__SQUID_data__IVI_BS30_A1S1_I_contrl_+-0.15mA_285mK_191103__IVB__T_1p40K[-0.000092250],2,up,2442,1.0
D4.2__Fig 2__SQUID_data__IVI_BS30_A1S1_I_contrl_+-0.15mA_285mK_191103__IVB__T_1p40K[-0.000092625],0,up,2535,0.9992107340173638
D4.2__Fig 2__SQUID_data__IVI_BS30_A1S1_I_contrl_+-0.15mA_285mK_191103__IVB__T_1p40K[-0.000092625],1,down,5023,0.9996017522899243
D4.2__Fig 2__SQUID_data__IVI_BS30_A1S1_I_contrl_+-0.15mA_285mK_191103__IVB__T_1p40K[-0.000092625],2,up,2442,1.0
D4.2__Fig 2__SQUID_data__IVI_BS30_A1S1_I_contrl_+-0.15mA_285mK_191103__IVB__T_1p40K[-0.000093000],0,up,2536,0.9988165680473373
D4.2__Fig 2__SQUID_data__IVI_BS30_A1S1_I_contrl_+-0.15mA_285mK_191103__IVB__T_1p40K[-0.000093000],1,down,5023,0.9994026284348865
D4.2__Fig 2__SQUID_data__IVI_BS30_A1S1_I_contrl_+-0.15mA_285mK_191103__IVB__T_1p40K[-0.000093000],2,up,2441,1.0
D4.2__Fig 2__SQUID_data__IVI_BS30_A1S1_I_contrl_+-0.15mA_285mK_191103__IVB__T_1p40K[-0.000093375],0,up,2536,0.9988165680473373
D4.2__Fig 2__SQUID_data__IVI_BS30_A1S1_I_contrl_+-0.15mA_285mK_191103__IVB__T_1p40K[-0.000093375],1,down,5022,0.9996016729735112
D4.2__Fig 2__SQUID_data__IVI_BS30_A1S1_I_contrl_+-0.15mA_285mK_191103__IVB__T_1p40K[-0.000093375],2,up,2442,1.0
D4.2__Fig 2__SQUID_data__IVI_BS30_A1S1_I_contrl_+-0.15mA_285mK_191103__IVB__T_1p40K[-0.000093750],0,up,2534,0.9992104224240032
D4.2__Fig 2__SQUID_data__IVI_BS30_A1S1_I_contrl_+-0.15mA_285mK_191103__IVB__T_1p40K[-0.000093750],1,down,5023,0.9998008761449622
D4.2__Fig 2__SQUID_data__IVI_BS30_A1S1_I_contrl_+-0.15mA_285mK_191103__IVB__T_1p40K[-0.000093750],2,up,2443,1.0
D4.2__Fig 2__SQUID_data__IVI_BS30_A1S1_I_contrl_+-0.15mA_285mK_191103__IVB__T_1p40K[-0.000094125],0,up,2534,0.9996052112120016
D4.2__Fig 2__SQUID_data__IVI_BS30_A1S1_I_contrl_+-0.15mA_285mK_191103__IVB__T_1p40K[-0.000094125],1,down,5024,0.9994027473621342
D4.2__Fig 2__SQUID_data__IVI_BS30_A1S1_I_contrl_+-0.15mA_285mK_191103__IVB__T_1p40K[-0.000094125],2,up,2442,1.0
D4.2__Fig 2__SQUID_data__IVI_BS30_A1S1_I_contrl_+-0.15mA_285mK_191103__IVB__T_1p40K[-0.000094500],0,up,2534,0.9992104224240032
D4.2__Fig 2__SQUID_data__IVI_BS30_A1S1_I_contrl_+-0.15mA_285mK_191103__IVB__T_1p40K[-0.000094500],1,down,5024,0.9992036631495123
D4.2__Fig 2__SQUID_data__IVI_BS30_A1S1_I_contrl_+-0.15mA_285mK_191103__IVB__T_1p40K[-0.000094500],2,up,2442,1.0
D4.2__Fig 2__SQUID_data__IVI_BS30_A1S1_I_contrl_+-0.15mA_285mK_191103__IVB__T_1p40K[-0.000094875],0,up,2536,0.998422090729783
D4.2__Fig 2__SQUID_data__IVI_BS30_A1S1_I_contrl_+-0.15mA_285mK_191103__IVB__T_1p40K[-0.000094875],1,down,5022,0.9996016729735112
D4.2__Fig 2__SQUID_data__IVI_BS30_A1S1_I_contrl_+-0.15mA_285mK_191103__IVB__T_1p40K[-0.000094875],2,up,2442,1.0
D4.2__Fig 2__SQUID_data__IVI_BS30_A1S1_I_contrl_+-0.15mA_285mK_191103__IVB__T_1p40K[-0.000095250],0,up,2535,0.9992107340173638
D4.2__Fig 2__SQUID_data__IVI_BS30_A1S1_I_contrl_+-0.15mA_285mK_191103__IVB__T_1p40K[-0.000095250],1,down,5023,0.9996017522899243
D4.2__Fig 2__SQUID_data__IVI_BS30_A1S1_I_contrl_+-0.15mA_285mK_191103__IVB__T_1p40K[-0.000095250],2,up,2442,1.0
D4.2__Fig 2__SQUID_data__IVI_BS30_A1S1_I_contrl_+-0.15mA_285mK_191103__IVB__T_1p40K[-0.000095625],0,up,2534,0.9996052112120016
D4.2__Fig 2__SQUID_data__IVI_BS30_A1S1_I_contrl_+-0.15mA_285mK_191103__IVB__T_1p40K[-0.000095625],1,down,5023,0.9996017522899243
D4.2__Fig 2__SQUID_data__IVI_BS30_A1S1_I_contrl_+-0.15mA_285mK_191103__IVB__T_1p40K[-0.000095625],2,up,2443,1.0
D4.2__Fig 2__SQUID_data__IVI_BS30_A1S1_I_contrl_+-0.15mA_285mK_191103__IVB__T_1p40K[-0.000096000],0,up,2536,0.9988165680473373
D4.2__Fig 2__SQUID_data__IVI_BS30_A1S1_I_contrl_+-0.15mA_285mK_191103__IVB__T_1p40K[-0.000096000],1,down,5024,0.9990045789368903
D4.2__Fig 2__SQUID_data__IVI_BS30_A1S1_I_contrl_+-0.15mA_285mK_191103__IVB__T_1p40K[-0.000096000],2,up,2440,1.0
D4.2__Fig 2__SQUID_data__IVI_BS30_A1S1_I_contrl_+-0.15mA_285mK_191103__IVB__T_1p40K[-0.000096375],0,up,2535,0.9984214680347278
D4.2__Fig 2__SQUID_data__IVI_BS30_A1S1_I_contrl_+-0.15mA_285mK_191103__IVB__T_1p40K[-0.000096375],1,down,5022,0.9994025094602669
D4.2__Fig 2__SQUID_data__IVI_BS30_A1S1_I_contrl_+-0.15mA_285mK_191103__IVB__T_1p40K[-0.000096375],2,up,2443,1.0
D4.2__Fig 2__SQUID_data__IVI_BS30_A1S1_I_contrl_+-0.15mA_285mK_191103__IVB__T_1p40K[-0.000096750],0,up,2536,0.998422090729783
D4.2__Fig 2__SQUID_data__IVI_BS30_A1S1_I_contrl_+-0.15mA_285mK_191103__IVB__T_1p40K[-0.000096750],1,down,5021,0.999601593625498
D4.2__Fig 2__SQUID_data__IVI_BS30_A1S1_I_contrl_+-0.15mA_285mK_191103__IVB__T_1p40K[-0.000096750],2,up,2443,1.0
D4.2__Fig 2__SQUID_data__IVI_BS30_A1S1_I_contrl_+-0.15mA_285mK_191103__IVB__T_1p40K[-0.000097125],0,up,2535,0.9984214680347278
D4.2__Fig 2__SQUID_data__IVI_BS30_A1S1_I_contrl_+-0.15mA_285mK_191103__IVB__T_1p40K[-0.000097125],1,down,5022,0.9998008364867557
D4.2__Fig 2__SQUID_data__IVI_BS30_A1S1_I_contrl_+-0.15mA_285mK_191103__IVB__T_1p40K[-0.000097125],2,up,2443,0.9995904995904996
D4.2__Fig 2__SQUID_data__IVI_BS30_A1S1_I_contrl_+-0.15mA_285mK_191103__IVB__T_1p40K[-0.000097500],0,up,2535,0.9992107340173638
D4.2__Fig 2__SQUID_data__IVI_BS30_A1S1_I_contrl_+-0.15mA_285mK_191103__IVB__T_1p40K[-0.000097500],1,down,5022,0.9996016729735112
D4.2__Fig 2__SQUID_data__IVI_BS30_A1S1_I_contrl_+-0.15mA_285mK_191103__IVB__T_1p40K[-0.000097500],2,up,2443,1.0
D4.2__Fig 2__SQUID_data__IVI_BS30_A1S1_I_contrl_+-0.15mA_285mK_191103__IVB__T_1p40K[-0.000097875],0,up,2535,0.9992107340173638
D4.2__Fig 2__SQUID_data__IVI_BS30_A1S1_I_contrl_+-0.15mA_285mK_191103__IVB__T_1p40K[-0.000097875],1,down,5023,0.9996017522899243
D4.2__Fig 2__SQUID_data__IVI_BS30_A1S1_I_contrl_+-0.15mA_285mK_191103__IVB__T_1p40K[-0.000097875],2,up,2442,1.0
D4.2__Fig 2__SQUID_data__IVI_BS30_A1S1_I_contrl_+-0.15mA_285mK_191103__IVB__T_1p40K[-0.000098250],0,up,2534,0.9992104224240032
D4.2__Fig 2__SQUID_data__IVI_BS30_A1S1_I_contrl_+-0.15mA_285mK_191103__IVB__T_1p40K[-0.000098250],1,down,5024,0.9996018315747561
D4.2__Fig 2__SQUID_data__IVI_BS30_A1S1_I_contrl_+-0.15mA_285mK_191103__IVB__T_1p40K[-0.000098250],2,up,2442,1.0
D4.2__Fig 2__SQUID_data__IVI_BS30_A1S1_I_contrl_+-0.15mA_285mK_191103__IVB__T_1p40K[-0.000098625],0,up,2535,0.9992107340173638
D4.2__Fig 2__SQUID_data__IVI_BS30_A1S1_I_contrl_+-0.15mA_285mK_191103__IVB__T_1p40K[-0.000098625],1,down,5023,0.9994026284348865
D4.2__Fig 2__SQUID_data__IVI_BS30_A1S1_I_contrl_+-0.15mA_285mK_191103__IVB__T_1p40K[-0.000098625],2,up,2442,1.0
D4.2__Fig 2__SQUID_data__IVI_BS30_A1S1_I_contrl_+-0.15mA_285mK_191103__IVB__T_1p40K[-0.000099000],0,up,2535,0.9992107340173638
D4.2__Fig 2__SQUID_data__IVI_BS30_A1S1_I_contrl_+-0.15mA_285mK_191103__IVB__T_1p40K[-0.000099000],1,down,5022,0.9996016729735112
D4.2__Fig 2__SQUID_data__IVI_BS30_A1S1_I_contrl_+-0.15mA_285mK_191103__IVB__T_1p40K[-0.000099000],2,up,2443,1.0
D4.2__Fig 2__SQUID_data__IVI_BS30_A1S1_I_contrl_+-0.15mA_285mK_191103__IVB__T_1p40K[-0.000099375],0,up,2535,0.9992107340173638
D4.2__Fig 2__SQUID_data__IVI_BS30_A1S1_I_contrl_+-0.15mA_285mK_191103__IVB__T_1p40K[-0.000099375],1,down,5022,0.9996016729735112
D4.2__Fig 2__SQUID_data__IVI_BS30_A1S1_I_contrl_+-0.15mA_285mK_191103__IVB__T_1p40K[-0.000099375],2,up,2443,1.0
D4.2__Fig 2__SQUID_data__IVI_BS30_A1S1_I_contrl_+-0.15mA_285mK_191103__IVB__T_1p40K[-0.000099750],0,up,2535,0.9992107340173638
D4.2__Fig 2__SQUID_data__IVI_BS30_A1S1_I_contrl_+-0.15mA_285mK_191103__IVB__T_1p40K[-0.000099750],1,down,5022,0.9994025094602669
D4.2__Fig 2__SQUID_data__IVI_BS30_A1S1_I_contrl_+-0.15mA_285mK_191103__IVB__T_1p40K[-0.000099750],2,up,2443,0.9995904995904996
D4.2__Fig 2__SQUID_data__IVI_BS30_A1S1_I_contrl_+-0.15mA_285mK_191103__IVB__T_1p40K[-0.000100125],0,up,2535,0.9992107340173638
D4.2__Fig 2__SQUID_data__IVI_BS30_A1S1_I_contrl_+-0.15mA_285mK_191103__IVB__T_1p40K[-0.000100125],1,down,5023,0.9994026284348865
D4.2__Fig 2__SQUID_data__IVI_BS30_A1S1_I_contrl_+-0.15mA_285mK_191103__IVB__T_1p40K[-0.000100125],2,up,2442,1.0
D4.2__Fig 2__SQUID_data__IVI_BS30_A1S1_I_contrl_+-0.15mA_285mK_191103__IVB__T_1p40K[-0.000100500],0,up,2535,0.9988161010260458
D4.2__Fig 2__SQUID_data__IVI_BS30_A1S1_I_contrl_+-0.15mA_285mK_191103__IVB__T_1p40K[-0.000100500],1,down,5023,0.9994026284348865
D4.2__Fig 2__SQUID_data__IVI_BS30_A1S1_I_contrl_+-0.15mA_285mK_191103__IVB__T_1p40K[-0.000100500],2,up,2442,1.0
D4.2__Fig 2__SQUID_data__IVI_BS30_A1S1_I_contrl_+-0.15mA_285mK_191103__IVB__T_1p40K[-0.000100875],0,up,2535,0.9992107340173638
D4.2__Fig 2__SQUID_data__IVI_BS30_A1S1_I_contrl_+-0.15mA_285mK_191103__IVB__T_1p40K[-0.000100875],1,down,5023,0.9996017522899243
D4.2__Fig 2__SQUID_data__IVI_BS30_A1S1_I_contrl_+-0.15mA_285mK_191103__IVB__T_1p40K[-0.000100875],2,up,2442,1.0
D4.2__Fig 2__SQUID_data__IVI_BS30_A1S1_I_contrl_+-0.15mA_285mK_191103__IVB__T_1p40K[-0.000101250],0,up,2535,0.9992107340173638
D4.2__Fig 2__SQUID_data__IVI_BS30_A1S1_I_contrl_+-0.15mA_285mK_191103__IVB__T_1p40K[-0.000101250],1,down,5023,0.9996017522899243
D4.2__Fig 2__SQUID_data__IVI_BS30_A1S1_I_contrl_+-0.15mA_285mK_191103__IVB__T_1p40K[-0.000101250],2,up,2442,1.0
D4.2__Fig 2__SQUID_data__IVI_BS30_A1S1_I_contrl_+-0.15mA_285mK_191103__IVB__T_1p40K[-0.000101625],0,up,2535,0.9988161010260458
D4.2__Fig 2__SQUID_data__IVI_BS30_A1S1_I_contrl_+-0.15mA_285mK_191103__IVB__T_1p40K[-0.000101625],1,down,5023,0.9996017522899243
D4.2__Fig 2__SQUID_data__IVI_BS30_A1S1_I_contrl_+-0.15mA_285mK_191103__IVB__T_1p40K[-0.000101625],2,up,2442,1.0
D4.2__Fig 2__SQUID_data__IVI_BS30_A1S1_I_contrl_+-0.15mA_285mK_191103__IVB__T_1p40K[-0.000102000],0,up,2535,0.999605367008682
D4.2__Fig 2__SQUID_data__IVI_BS30_A1S1_I_contrl_+-0.15mA_285mK_191103__IVB__T_1p40K[-0.000102000],1,down,5023,0.9996017522899243
D4.2__Fig 2__SQUID_data__IVI_BS30_A1S1_I_contrl_+-0.15mA_285mK_191103__IVB__T_1p40K[-0.000102000],2,up,2442,1.0
D4.2__Fig 2__SQUID_data__IVI_BS30_A1S1_I_contrl_+-0.15mA_285mK_191103__IVB__T_1p40K[-0.000102375],0,up,2535,0.999605367008682
D4.2__Fig 2__SQUID_data__IVI_BS30_A1S1_I_contrl_+-0.15mA_285mK_191103__IVB__T_1p40K[-0.000102375],1,down,5023,0.9998008761449622
D4.2__Fig 2__SQUID_data__IVI_BS30_A1S1_I_contrl_+-0.15mA_285mK_191103__IVB__T_1p40K[-0.000102375],2,up,2442,1.0
D4.2__Fig 2__SQUID_data__IVI_BS30_A1S1_I_contrl_+-0.15mA_285mK_191103__IVB__T_1p40K[-0.000102750],0,up,2534,0.9992104224240032
D4.2__Fig 2__SQUID_data__IVI_BS30_A1S1_I_contrl_+-0.15mA_285mK_191103__IVB__T_1p40K[-0.000102750],1,down,5024,0.9996018315747561
D4.2__Fig 2__SQUID_data__IVI_BS30_A1S1_I_contrl_+-0.15mA_285mK_191103__IVB__T_1p40K[-0.000102750],2,up,2442,1.0
D4.2__Fig 2__SQUID_data__IVI_BS30_A1S1_I_contrl_+-0.15mA_285mK_191103__IVB__T_1p40K[-0.000103125],0,up,2534,0.9992104224240032
D4.2__Fig 2__SQUID_data__IVI_BS30_A1S1_I_contrl_+-0.15mA_285mK_191103__IVB__T_1p40K[-0.000103125],1,down,5025,0.9994028662420382
D4.2__Fig 2__SQUID_data__IVI_BS30_A1S1_I_contrl_+-0.15mA_285mK_191103__IVB__T_1p40K[-0.000103125],2,up,2441,1.0
D4.2__Fig 2__SQUID_data__IVI_BS30_A1S1_I_contrl_+-0.15mA_285mK_191103__IVB__T_1p40K[-0.000103500],0,up,2535,0.9988161010260458
D4.2__Fig 2__SQUID_data__IVI_BS30_A1S1_I_contrl_+-0.15mA_285mK_191103__IVB__T_1p40K[-0.000103500],1,down,5023,0.9996017522899243
D4.2__Fig 2__SQUID_data__IVI_BS30_A1S1_I_contrl_+-0.15mA_285mK_191103__IVB__T_1p40K[-0.000103500],2,up,2442,1.0
D4.2__Fig 2__SQUID_data__IVI_BS30_A1S1_I_contrl_+-0.15mA_285mK_191103__IVB__T_1p40K[-0.000103875],0,up,2534,0.9992104224240032
D4.2__Fig 2__SQUID_data__IVI_BS30_A1S1_I_contrl_+-0.15mA_285mK_191103__IVB__T_1p40K[-0.000103875],1,down,5024,0.9994027473621342
D4.2__Fig 2__SQUID_data__IVI_BS30_A1S1_I_contrl_+-0.15mA_285mK_191103__IVB__T_1p40K[-0.000103875],2,up,2442,1.0
D4.2__Fig 2__SQUID_data__IVI_BS30_A1S1_I_contrl_+-0.15mA_285mK_191103__IVB__T_1p40K[-0.000104250],0,up,2536,0.998422090729783
D4.2__Fig 2__SQUID_data__IVI_BS30_A1S1_I_contrl_+-0.15mA_285mK_191103__IVB__T_1p40K[-0.000104250],1,down,5021,0.999601593625498
D4.2__Fig 2__SQUID_data__IVI_BS30_A1S1_I_contrl_+-0.15mA_285mK_191103__IVB__T_1p40K[-0.000104250],2,up,2443,1.0
D4.2__Fig 2__SQUID_data__IVI_BS30_A1S1_I_contrl_+-0.15mA_285mK_191103__IVB__T_1p40K[-0.000104625],0,up,2534,0.9996052112120016
D4.2__Fig 2__SQUID_data__IVI_BS30_A1S1_I_contrl_+-0.15mA_285mK_191103__IVB__T_1p40K[-0.000104625],1,down,5024,0.9990045789368903
D4.2__Fig 2__SQUID_data__IVI_BS30_A1S1_I_contrl_+-0.15mA_285mK_191103__IVB__T_1p40K[-0.000104625],2,up,2442,0.9995903318312167
D4.2__Fig 2__SQUID_data__IVI_BS30_A1S1_I_contrl_+-0.15mA_285mK_191103__IVB__T_1p40K[-0.000105000],0,up,2535,0.9988161010260458
D4.2__Fig 2__SQUID_data__IVI_BS30_A1S1_I_contrl_+-0.15mA_285mK_191103__IVB__T_1p40K[-0.000105000],1,down,5021,0.999601593625498
D4.2__Fig 2__SQUID_data__IVI_BS30_A1S1_I_contrl_+-0.15mA_285mK_191103__IVB__T_1p40K[-0.000105000],2,up,2444,1.0
D4.2__Fig 2__SQUID_data__IVI_BS30_A1S1_I_contrl_+-0.15mA_285mK_191103__IVB__T_1p40K[-0.000105375],0,up,2535,0.9992107340173638
D4.2__Fig 2__SQUID_data__IVI_BS30_A1S1_I_contrl_+-0.15mA_285mK_191103__IVB__T_1p40K[-0.000105375],1,down,5022,0.9996016729735112
D4.2__Fig 2__SQUID_data__IVI_BS30_A1S1_I_contrl_+-0.15mA_285mK_191103__IVB__T_1p40K[-0.000105375],2,up,2443,1.0
D4.2__Fig 2__SQUID_data__IVI_BS30_A1S1_I_contrl_+-0.15mA_285mK_191103__IVB__T_1p40K[-0.000105750],0,up,2535,0.9992107340173638
D4.2__Fig 2__SQUID_data__IVI_BS30_A1S1_I_contrl_+-0.15mA_285mK_191103__IVB__T_1p40K[-0.000105750],1,down,5023,0.9996017522899243
D4.2__Fig 2__SQUID_data__IVI_BS30_A1S1_I_contrl_+-0.15mA_285mK_191103__IVB__T_1p40K[-0.000105750],2,up,2442,1.0
D4.2__Fig 2__SQUID_data__IVI_BS30_A1S1_I_contrl_+-0.15mA_285mK_191103__IVB__T_1p40K[-0.000106125],0,up,2534,0.9988156336360048
D4.2__Fig 2__SQUID_data__IVI_BS30_A1S1_I_contrl_+-0.15mA_285mK_191103__IVB__T_1p40K[-0.000106125],1,down,5024,0.9994027473621342
D4.2__Fig 2__SQUID_data__IVI_BS30_A1S1_I_contrl_+-0.15mA_285mK_191103__IVB__T_1p40K[-0.000106125],2,up,2442,1.0
D4.2__Fig 2__SQUID_data__IVI_BS30_A1S1_I_contrl_+-0.15mA_285mK_191103__IVB__T_1p40K[-0.000106500],0,up,2535,0.9988161010260458
D4.2__Fig 2__SQUID_data__IVI_BS30_A1S1_I_contrl_+-0.15mA_285mK_191103__IVB__T_1p40K[-0.000106500],1,down,5022,0.9994025094602669
D4.2__Fig 2__SQUID_data__IVI_BS30_A1S1_I_contrl_+-0.15mA_285mK_191103__IVB__T_1p40K[-0.000106500],2,up,2443,1.0
D4.2__Fig 2__SQUID_data__IVI_BS30_A1S1_I_contrl_+-0.15mA_285mK_191103__IVB__T_1p40K[-0.000106875],0,up,2534,0.9988156336360048
D4.2__Fig 2__SQUID_data__IVI_BS30_A1S1_I_contrl_+-0.15mA_285mK_191103__IVB__T_1p40K[-0.000106875],1,down,5025,0.9996019108280255
D4.2__Fig 2__SQUID_data__IVI_BS30_A1S1_I_contrl_+-0.15mA_285mK_191103__IVB__T_1p40K[-0.000106875],2,up,2441,1.0
D4.2__Fig 2__SQUID_data__IVI_BS30_A1S1_I_contrl_+-0.15mA_285mK_191103__IVB__T_1p40K[-0.000107250],0,up,2535,0.9992107340173638
D4.2__Fig 2__SQUID_data__IVI_BS30_A1S1_I_contrl_+-0.15mA_285mK_191103__IVB__T_1p40K[-0.000107250],1,down,5023,0.9994026284348865
D4.2__Fig 2__SQUID_data__IVI_BS30_A1S1_I_contrl_+-0.15mA_285mK_191103__IVB__T_1p40K[-0.000107250],2,up,2442,0.9995903318312167
D4.2__Fig 2__SQUID_data__IVI_BS30_A1S1_I_contrl_+-0.15mA_285mK_191103__IVB__T_1p40K[-0.000107625],0,up,2535,0.9992107340173638
D4.2__Fig 2__SQUID_data__IVI_BS30_A1S1_I_contrl_+-0.15mA_285mK_191103__IVB__T_1p40K[-0.000107625],1,down,5024,0.9994027473621342
D4.2__Fig 2__SQUID_data__IVI_BS30_A1S1_I_contrl_+-0.15mA_285mK_191103__IVB__T_1p40K[-0.000107625],2,up,2441,1.0
D4.2__Fig 2__SQUID_data__IVI_BS30_A1S1_I_contrl_+-0.15mA_285mK_191103__IVB__T_1p40K[-0.000108000],0,up,2534,0.9996052112120016
D4.2__Fig 2__SQUID_data__IVI_BS30_A1S1_I_contrl_+-0.15mA_285mK_191103__IVB__T_1p40K[-0.000108000],1,down,5024,0.9994027473621342
D4.2__Fig 2__SQUID_data__IVI_BS30_A1S1_I_contrl_+-0.15mA_285mK_191103__IVB__T_1p40K[-0.000108000],2,up,2442,1.0
D4.2__Fig 2__SQUID_data__IVI_BS30_A1S1_I_contrl_+-0.15mA_285mK_191103__IVB__T_1p40K[-0.000108375],0,up,2536,0.998422090729783
D4.2__Fig 2__SQUID_data__IVI_BS30_A1S1_I_contrl_+-0.15mA_285mK_191103__IVB__T_1p40K[-0.000108375],1,down,5021,0.999601593625498
D4.2__Fig 2__SQUID_data__IVI_BS30_A1S1_I_contrl_+-0.15mA_285mK_191103__IVB__T_1p40K[-0.000108375],2,up,2443,1.0
D4.2__Fig 2__SQUID_data__IVI_BS30_A1S1_I_contrl_+-0.15mA_285mK_191103__IVB__T_1p40K[-0.000108750],0,up,2534,0.9992104224240032
D4.2__Fig 2__SQUID_data__IVI_BS30_A1S1_I_contrl_+-0.15mA_285mK_191103__IVB__T_1p40K[-0.000108750],1,down,5024,0.9996018315747561
D4.2__Fig 2__SQUID_data__IVI_BS30_A1S1_I_contrl_+-0.15mA_285mK_191103__IVB__T_1p40K[-0.000108750],2,up,2442,1.0
D4.2__Fig 2__SQUID_data__IVI_BS30_A1S1_I_contrl_+-0.15mA_285mK_191103__IVB__T_1p40K[-0.000109125],0,up,2535,0.9992107340173638
D4.2__Fig 2__SQUID_data__IVI_BS30_A1S1_I_contrl_+-0.15mA_285mK_191103__IVB__T_1p40K[-0.000109125],1,down,5022,0.9996016729735112
D4.2__Fig 2__SQUID_data__IVI_BS30_A1S1_I_contrl_+-0.15mA_285mK_191103__IVB__T_1p40K[-0.000109125],2,up,2443,1.0
D4.2__Fig 2__SQUID_data__IVI_BS30_A1S1_I_contrl_+-0.15mA_285mK_191103__IVB__T_1p40K[-0.000109500],0,up,2535,0.9984214680347278
D4.2__Fig 2__SQUID_data__IVI_BS30_A1S1_I_contrl_+-0.15mA_285mK_191103__IVB__T_1p40K[-0.000109500],1,down,5023,0.9994026284348865
D4.2__Fig 2__SQUID_data__IVI_BS30_A1S1_I_contrl_+-0.15mA_285mK_191103__IVB__T_1p40K[-0.000109500],2,up,2442,1.0
D4.2__Fig 2__SQUID_data__IVI_BS30_A1S1_I_contrl_+-0.15mA_285mK_191103__IVB__T_1p40K[-0.000109875],0,up,2535,0.9992107340173638
D4.2__Fig 2__SQUID_data__IVI_BS30_A1S1_I_contrl_+-0.15mA_285mK_191103__IVB__T_1p40K[-0.000109875],1,down,5022,0.9994025094602669
D4.2__Fig 2__SQUID_data__IVI_BS30_A1S1_I_contrl_+-0.15mA_285mK_191103__IVB__T_1p40K[-0.000109875],2,up,2443,1.0
D4.2__Fig 2__SQUID_data__IVI_BS30_A1S1_I_contrl_+-0.15mA_285mK_191103__IVB__T_1p40K[-0.000110250],0,up,2535,0.9988161010260458
D4.2__Fig 2__SQUID_data__IVI_BS30_A1S1_I_contrl_+-0.15mA_285mK_191103__IVB__T_1p40K[-0.000110250],1,down,5023,0.9994026284348865
D4.2__Fig 2__SQUID_data__IVI_BS30_A1S1_I_contrl_+-0.15mA_285mK_191103__IVB__T_1p40K[-0.000110250],2,up,2442,1.0
D4.2__Fig 2__SQUID_data__IVI_BS30_A1S1_I_contrl_+-0.15mA_285mK_191103__IVB__T_1p40K[-0.000110625],0,up,2535,0.9992107340173638
D4.2__Fig 2__SQUID_data__IVI_BS30_A1S1_I_contrl_+-0.15mA_285mK_191103__IVB__T_1p40K[-0.000110625],1,down,5022,0.9994025094602669
D4.2__Fig 2__SQUID_data__IVI_BS30_A1S1_I_contrl_+-0.15mA_285mK_191103__IVB__T_1p40K[-0.000110625],2,up,2443,1.0
D4.2__Fig 2__SQUID_data__IVI_BS30_A1S1_I_contrl_+-0.15mA_285mK_191103__IVB__T_1p40K[-0.000111000],0,up,2534,0.9992104224240032
D4.2__Fig 2__SQUID_data__IVI_BS30_A1S1_I_contrl_+-0.15mA_285mK_191103__IVB__T_1p40K[-0.000111000],1,down,5024,0.9996018315747561
D4.2__Fig 2__SQUID_data__IVI_BS30_A1S1_I_contrl_+-0.15mA_285mK_191103__IVB__T_1p40K[-0.000111000],2,up,2442,1.0
D4.2__Fig 2__SQUID_data__IVI_BS30_A1S1_I_contrl_+-0.15mA_285mK_191103__IVB__T_1p40K[-0.000111375],0,up,2535,0.9992107340173638
D4.2__Fig 2__SQUID_data__IVI_BS30_A1S1_I_contrl_+-0.15mA_285mK_191103__IVB__T_1p40K[-0.000111375],1,down,5023,0.9994026284348865
D4.2__Fig 2__SQUID_data__IVI_BS30_A1S1_I_contrl_+-0.15mA_285mK_191103__IVB__T_1p40K[-0.000111375],2,up,2442,1.0
D4.2__Fig 2__SQUID_data__IVI_BS30_A1S1_I_contrl_+-0.15mA_285mK_191103__IVB__T_1p40K[-0.000111750],0,up,2535,0.9988161010260458
D4.2__Fig 2__SQUID_data__IVI_BS30_A1S1_I_contrl_+-0.15mA_285mK_191103__IVB__T_1p40K[-0.000111750],1,down,5023,0.9996017522899243
D4.2__Fig 2__SQUID_data__IVI_BS30_A1S1_I_contrl_+-0.15mA_285mK_191103__IVB__T_1p40K[-0.000111750],2,up,2442,1.0
D4.2__Fig 2__SQUID_data__IVI_BS30_A1S1_I_contrl_+-0.15mA_285mK_191103__IVB__T_1p40K[-0.000112125],0,up,2535,0.9988161010260458
D4.2__Fig 2__SQUID_data__IVI_BS30_A1S1_I_contrl_+-0.15mA_285mK_191103__IVB__T_1p40K[-0.000112125],1,down,5022,0.9994025094602669
D4.2__Fig 2__SQUID_data__IVI_BS30_A1S1_I_contrl_+-0.15mA_285mK_191103__IVB__T_1p40K[-0.000112125],2,up,2443,0.9995904995904996
D4.2__Fig 2__SQUID_data__IVI_BS30_A1S1_I_contrl_+-0.15mA_285mK_191103__IVB__T_1p40K[-0.000112500],0,up,2536,0.9992110453648915
D4.2__Fig 2__SQUID_data__IVI_BS30_A1S1_I_contrl_+-0.15mA_285mK_191103__IVB__T_1p40K[-0.000112500],1,down,5022,0.9996016729735112
D4.2__Fig 2__SQUID_data__IVI_BS30_A1S1_I_contrl_+-0.15mA_285mK_191103__IVB__T_1p40K[-0.000112500],2,up,2442,1.0
D4.2__Fig 2__SQUID_data__IVI_BS30_A1S1_I_contrl_+-0.15mA_285mK_191103__IVB__T_1p40K[-0.000112875],0,up,2534,0.9988156336360048
D4.2__Fig 2__SQUID_data__IVI_BS30_A1S1_I_contrl_+-0.15mA_285mK_191103__IVB__T_1p40K[-0.000112875],1,down,5023,0.9996017522899243
D4.2__Fig 2__SQUID_data__IVI_BS30_A1S1_I_contrl_+-0.15mA_285mK_191103__IVB__T_1p40K[-0.000112875],2,up,2443,1.0
D4.2__Fig 2__SQUID_data__IVI_BS30_A1S1_I_contrl_+-0.15mA_285mK_191103__IVB__T_1p40K[-0.000113250],0,up,2535,0.9992107340173638
D4.2__Fig 2__SQUID_data__IVI_BS30_A1S1_I_contrl_+-0.15mA_285mK_191103__IVB__T_1p40K[-0.000113250],1,down,5023,0.9996017522899243
D4.2__Fig 2__SQUID_data__IVI_BS30_A1S1_I_contrl_+-0.15mA_285mK_191103__IVB__T_1p40K[-0.000113250],2,up,2442,1.0
D4.2__Fig 2__SQUID_data__IVI_BS30_A1S1_I_contrl_+-0.15mA_285mK_191103__IVB__T_1p40K[-0.000113625],0,up,2535,0.9992107340173638
D4.2__Fig 2__SQUID_data__IVI_BS30_A1S1_I_contrl_+-0.15mA_285mK_191103__IVB__T_1p40K[-0.000113625],1,down,5022,0.9996016729735112
D4.2__Fig 2__SQUID_data__IVI_BS30_A1S1_I_contrl_+-0.15mA_285mK_191103__IVB__T_1p40K[-0.000113625],2,up,2443,1.0
D4.2__Fig 2__SQUID_data__IVI_BS30_A1S1_I_contrl_+-0.15mA_285mK_191103__IVB__T_1p40K[-0.000114000],0,up,2535,0.9992107340173638
D4.2__Fig 2__SQUID_data__IVI_BS30_A1S1_I_contrl_+-0.15mA_285mK_191103__IVB__T_1p40K[-0.000114000],1,down,5022,0.9998008364867557
D4.2__Fig 2__SQUID_data__IVI_BS30_A1S1_I_contrl_+-0.15mA_285mK_191103__IVB__T_1p40K[-0.000114000],2,up,2443,1.0
D4.2__Fig 2__SQUID_data__IVI_BS30_A1S1_I_contrl_+-0.15mA_285mK_191103__IVB__T_1p40K[-0.000114375],0,up,2534,0.9992104224240032
D4.2__Fig 2__SQUID_data__IVI_BS30_A1S1_I_contrl_+-0.15mA_285mK_191103__IVB__T_1p40K[-0.000114375],1,down,5024,0.9994027473621342
D4.2__Fig 2__SQUID_data__IVI_BS30_A1S1_I_contrl_+-0.15mA_285mK_191103__IVB__T_1p40K[-0.000114375],2,up,2442,1.0
D4.2__Fig 2__SQUID_data__IVI_BS30_A1S1_I_contrl_+-0.15mA_285mK_191103__IVB__T_1p40K[-0.000114750],0,up,2535,0.9988161010260458
D4.2__Fig 2__SQUID_data__IVI_BS30_A1S1_I_contrl_+-0.15mA_285mK_191103__IVB__T_1p40K[-0.000114750],1,down,5022,0.9998008364867557
D4.2__Fig 2__SQUID_data__IVI_BS30_A1S1_I_contrl_+-0.15mA_285mK_191103__IVB__T_1p40K[-0.000114750],2,up,2443,1.0
D4.2__Fig 2__SQUID_data__IVI_BS30_A1S1_I_contrl_+-0.15mA_285mK_191103__IVB__T_1p40K[-0.000115125],0,up,2535,0.9992107340173638
D4.2__Fig 2__SQUID_data__IVI_BS30_A1S1_I_contrl_+-0.15mA_285mK_191103__IVB__T_1p40K[-0.000115125],1,down,5023,0.9994026284348865
D4.2__Fig 2__SQUID_data__IVI_BS30_A1S1_I_contrl_+-0.15mA_285mK_191103__IVB__T_1p40K[-0.000115125],2,up,2442,1.0
D4.2__Fig 2__SQUID_data__IVI_BS30_A1S1_I_contrl_+-0.15mA_285mK_191103__IVB__T_1p40K[-0.000115500],0,up,2535,0.9992107340173638
D4.2__Fig 2__SQUID_data__IVI_BS30_A1S1_I_contrl_+-0.15mA_285mK_191103__IVB__T_1p40K[-0.000115500],1,down,5023,0.9994026284348865
D4.2__Fig 2__SQUID_data__IVI_BS30_A1S1_I_contrl_+-0.15mA_285mK_191103__IVB__T_1p40K[-0.000115500],2,up,2442,0.9995903318312167
D4.2__Fig 2__SQUID_data__IVI_BS30_A1S1_I_contrl_+-0.15mA_285mK_191103__IVB__T_1p40K[-0.000115875],0,up,2534,0.9992104224240032
D4.2__Fig 2__SQUID_data__IVI_BS30_A1S1_I_contrl_+-0.15mA_285mK_191103__IVB__T_1p40K[-0.000115875],1,down,5025,0.9994028662420382
D4.2__Fig 2__SQUID_data__IVI_BS30_A1S1_I_contrl_+-0.15mA_285mK_191103__IVB__T_1p40K[-0.000115875],2,up,2441,1.0
D4.2__Fig 2__SQUID_data__IVI_BS30_A1S1_I_contrl_+-0.15mA_285mK_191103__IVB__T_1p40K[-0.000116250],0,up,2535,0.9992107340173638
D4.2__Fig 2__SQUID_data__IVI_BS30_A1S1_I_contrl_+-0.15mA_285mK_191103__IVB__T_1p40K[-0.000116250],1,down,5023,0.9994026284348865
D4.2__Fig 2__SQUID_data__IVI_BS30_A1S1_I_contrl_+-0.15mA_285mK_191103__IVB__T_1p40K[-0.000116250],2,up,2442,1.0
D4.2__Fig 2__SQUID_data__IVI_BS30_A1S1_I_contrl_+-0.15mA_285mK_191103__IVB__T_1p40K[-0.000116625],0,up,2534,0.9992104224240032
D4.2__Fig 2__SQUID_data__IVI_BS30_A1S1_I_contrl_+-0.15mA_285mK_191103__IVB__T_1p40K[-0.000116625],1,down,5024,0.9994027473621342
D4.2__Fig 2__SQUID_data__IVI_BS30_A1S1_I_contrl_+-0.15mA_285mK_191103__IVB__T_1p40K[-0.000116625],2,up,2442,1.0
D4.2__Fig 2__SQUID_data__IVI_BS30_A1S1_I_contrl_+-0.15mA_285mK_191103__IVB__T_1p40K[-0.000117000],0,up,2536,0.9988165680473373
D4.2__Fig 2__SQUID_data__IVI_BS30_A1S1_I_contrl_+-0.15mA_285mK_191103__IVB__T_1p40K[-0.000117000],1,down,5021,0.999601593625498
D4.2__Fig 2__SQUID_data__IVI_BS30_A1S1_I_contrl_+-0.15mA_285mK_191103__IVB__T_1p40K[-0.000117000],2,up,2443,1.0
D4.2__Fig 2__SQUID_data__IVI_BS30_A1S1_I_contrl_+-0.15mA_285mK_191103__IVB__T_1p40K[-0.000117375],0,up,2536,0.9992110453648915
D4.2__Fig 2__SQUID_data__IVI_BS30_A1S1_I_contrl_+-0.15mA_285mK_191103__IVB__T_1p40K[-0.000117375],1,down,5021,0.999601593625498
D4.2__Fig 2__SQUID_data__IVI_BS30_A1S1_I_contrl_+-0.15mA_285mK_191103__IVB__T_1p40K[-0.000117375],2,up,2443,1.0
D4.2__Fig 2__SQUID_data__IVI_BS30_A1S1_I_contrl_+-0.15mA_285mK_191103__IVB__T_1p40K[-0.000117750],0,up,2535,0.9992107340173638
D4.2__Fig 2__SQUID_data__IVI_BS30_A1S1_I_contrl_+-0.15mA_285mK_191103__IVB__T_1p40K[-0.000117750],1,down,5022,0.9996016729735112
D4.2__Fig 2__SQUID_data__IVI_BS30_A1S1_I_contrl_+-0.15mA_285mK_191103__IVB__T_1p40K[-0.000117750],2,up,2443,1.0
D4.2__Fig 2__SQUID_data__IVI_BS30_A1S1_I_contrl_+-0.15mA_285mK_191103__IVB__T_1p40K[-0.000118125],0,up,2536,0.9988165680473373
D4.2__Fig 2__SQUID_data__IVI_BS30_A1S1_I_contrl_+-0.15mA_285mK_191103__IVB__T_1p40K[-0.000118125],1,down,5021,0.999601593625498
D4.2__Fig 2__SQUID_data__IVI_BS30_A1S1_I_contrl_+-0.15mA_285mK_191103__IVB__T_1p40K[-0.000118125],2,up,2443,1.0
D4.2__Fig 2__SQUID_data__IVI_BS30_A1S1_I_contrl_+-0.15mA_285mK_191103__IVB__T_1p40K[-0.000118500],0,up,2535,0.9988161010260458
D4.2__Fig 2__SQUID_data__IVI_BS30_A1S1_I_contrl_+-0.15mA_285mK_191103__IVB__T_1p40K[-0.000118500],1,down,5023,0.9994026284348865
D4.2__Fig 2__SQUID_data__IVI_BS30_A1S1_I_contrl_+-0.15mA_285mK_191103__IVB__T_1p40K[-0.000118500],2,up,2442,1.0
D4.2__Fig 2__SQUID_data__IVI_BS30_A1S1_I_contrl_+-0.15mA_285mK_191103__IVB__T_1p40K[-0.000118875],0,up,2535,0.9988161010260458
D4.2__Fig 2__SQUID_data__IVI_BS30_A1S1_I_contrl_+-0.15mA_285mK_191103__IVB__T_1p40K[-0.000118875],1,down,5023,0.9994026284348865
D4.2__Fig 2__SQUID_data__IVI_BS30_A1S1_I_contrl_+-0.15mA_285mK_191103__IVB__T_1p40K[-0.000118875],2,up,2442,1.0
D4.2__Fig 2__SQUID_data__IVI_BS30_A1S1_I_contrl_+-0.15mA_285mK_191103__IVB__T_1p40K[-0.000119250],0,up,2535,0.9992107340173638
D4.2__Fig 2__SQUID_data__IVI_BS30_A1S1_I_contrl_+-0.15mA_285mK_191103__IVB__T_1p40K[-0.000119250],1,down,5022,0.9996016729735112
D4.2__Fig 2__SQUID_data__IVI_BS30_A1S1_I_contrl_+-0.15mA_285mK_191103__IVB__T_1p40K[-0.000119250],2,up,2443,1.0
D4.2__Fig 2__SQUID_data__IVI_BS30_A1S1_I_contrl_+-0.15mA_285mK_191103__IVB__T_1p40K[-0.000119625],0,up,2536,0.9988165680473373
D4.2__Fig 2__SQUID_data__IVI_BS30_A1S1_I_contrl_+-0.15mA_285mK_191103__IVB__T_1p40K[-0.000119625],1,down,5021,0.999601593625498
D4.2__Fig 2__SQUID_data__IVI_BS30_A1S1_I_contrl_+-0.15mA_285mK_191103__IVB__T_1p40K[-0.000119625],2,up,2443,1.0
D4.2__Fig 2__SQUID_data__IVI_BS30_A1S1_I_contrl_+-0.15mA_285mK_191103__IVB__T_1p40K[-0.000120000],0,up,2535,0.9992107340173638
D4.2__Fig 2__SQUID_data__IVI_BS30_A1S1_I_contrl_+-0.15mA_285mK_191103__IVB__T_1p40K[-0.000120000],1,down,5023,0.9996017522899243
D4.2__Fig 2__SQUID_data__IVI_BS30_A1S1_I_contrl_+-0.15mA_285mK_191103__IVB__T_1p40K[-0.000120000],2,up,2442,1.0
D4.2__Fig 2__SQUID_data__IVI_BS30_A1S1_I_contrl_+-0.15mA_285mK_191103__IVB__T_1p40K[-0.000120375],0,up,2535,0.999605367008682
D4.2__Fig 2__SQUID_data__IVI_BS30_A1S1_I_contrl_+-0.15mA_285mK_191103__IVB__T_1p40K[-0.000120375],1,down,5023,0.9996017522899243
D4.2__Fig 2__SQUID_data__IVI_BS30_A1S1_I_contrl_+-0.15mA_285mK_191103__IVB__T_1p40K[-0.000120375],2,up,2442,1.0
D4.2__Fig 2__SQUID_data__IVI_BS30_A1S1_I_contrl_+-0.15mA_285mK_191103__IVB__T_1p40K[-0.000120750],0,up,2534,0.9996052112120016
D4.2__Fig 2__SQUID_data__IVI_BS30_A1S1_I_contrl_+-0.15mA_285mK_191103__IVB__T_1p40K[-0.000120750],1,down,5024,0.9998009157873781
D4.2__Fig 2__SQUID_data__IVI_BS30_A1S1_I_contrl_+-0.15mA_285mK_191103__IVB__T_1p40K[-0.000120750],2,up,2442,1.0
D4.2__Fig 2__SQUID_data__IVI_BS30_A1S1_I_contrl_+-0.15mA_285mK_191103__IVB__T_1p40K[-0.000121125],0,up,2535,0.9988161010260458
D4.2__Fig 2__SQUID_data__IVI_BS30_A1S1_I_contrl_+-0.15mA_285mK_191103__IVB__T_1p40K[-0.000121125],1,down,5023,0.9992035045798486
D4.2__Fig 2__SQUID_data__IVI_BS30_A1S1_I_contrl_+-0.15mA_285mK_191103__IVB__T_1p40K[-0.000121125],2,up,2442,1.0
D4.2__Fig 2__SQUID_data__IVI_BS30_A1S1_I_contrl_+-0.15mA_285mK_191103__IVB__T_1p40K[-0.000121500],0,up,2534,0.9996052112120016
D4.2__Fig 2__SQUID_data__IVI_BS30_A1S1_I_contrl_+-0.15mA_285mK_191103__IVB__T_1p40K[-0.000121500],1,down,5025,0.9994028662420382
D4.2__Fig 2__SQUID_data__IVI_BS30_A1S1_I_contrl_+-0.15mA_285mK_191103__IVB__T_1p40K[-0.000121500],2,up,2441,1.0
D4.2__Fig 2__SQUID_data__IVI_BS30_A1S1_I_contrl_+-0.15mA_285mK_191103__IVB__T_1p40K[-0.000121875],0,up,2534,0.9996052112120016
D4.2__Fig 2__SQUID_data__IVI_BS30_A1S1_I_contrl_+-0.15mA_285mK_191103__IVB__T_1p40K[-0.000121875],1,down,5024,0.9996018315747561
D4.2__Fig 2__SQUID_data__IVI_BS30_A1S1_I_contrl_+-0.15mA_285mK_191103__IVB__T_1p40K[-0.000121875],2,up,2442,1.0
D4.2__Fig 2__SQUID_data__IVI_BS30_A1S1_I_contrl_+-0.15mA_285mK_191103__IVB__T_1p40K[-0.000122250],0,up,2535,0.9988161010260458
D4.2__Fig 2__SQUID_data__IVI_BS30_A1S1_I_contrl_+-0.15mA_285mK_191103__IVB__T_1p40K[-0.000122250],1,down,5023,0.9994026284348865
D4.2__Fig 2__SQUID_data__IVI_BS30_A1S1_I_contrl_+-0.15mA_285mK_191103__IVB__T_1p40K[-0.000122250],2,up,2442,1.0
D4.2__Fig 2__SQUID_data__IVI_BS30_A1S1_I_contrl_+-0.15mA_285mK_191103__IVB__T_1p40K[-0.000122625],0,up,2534,0.9988156336360048
D4.2__Fig 2__SQUID_data__IVI_BS30_A1S1_I_contrl_+-0.15mA_285mK_191103__IVB__T_1p40K[-0.000122625],1,down,5024,0.9994027473621342
D4.2__Fig 2__SQUID_data__IVI_BS30_A1S1_I_contrl_+-0.15mA_285mK_191103__IVB__T_1p40K[-0.000122625],2,up,2442,1.0
D4.2__Fig 2__SQUID_data__IVI_BS30_A1S1_I_contrl_+-0.15mA_285mK_191103__IVB__T_1p40K[-0.000123000],0,up,2533,0.9996050552922591
D4.2__Fig 2__SQUID_data__IVI_BS30_A1S1_I_contrl_+-0.15mA_285mK_191103__IVB__T_1p40K[-0.000123000],1,down,5025,0.9994028662420382
D4.2__Fig 2__SQUID_data__IVI_BS30_A1S1_I_contrl_+-0.15mA_285mK_191103__IVB__T_1p40K[-0.000123000],2,up,2442,1.0
D4.2__Fig 2__SQUID_data__IVI_BS30_A1S1_I_contrl_+-0.15mA_285mK_191103__IVB__T_1p40K[-0.000123375],0,up,2535,0.9988161010260458
D4.2__Fig 2__SQUID_data__IVI_BS30_A1S1_I_contrl_+-0.15mA_285mK_191103__IVB__T_1p40K[-0.000123375],1,down,5023,0.9996017522899243
D4.2__Fig 2__SQUID_data__IVI_BS30_A1S1_I_contrl_+-0.15mA_285mK_191103__IVB__T_1p40K[-0.000123375],2,up,2442,1.0
D4.2__Fig 2__SQUID_data__IVI_BS30_A1S1_I_contrl_+-0.15mA_285mK_191103__IVB__T_1p40K[-0.000123750],0,up,2535,0.9988161010260458
D4.2__Fig 2__SQUID_data__IVI_BS30_A1S1_I_contrl_+-0.15mA_285mK_191103__IVB__T_1p40K[-0.000123750],1,down,5023,0.9996017522899243
D4.2__Fig 2__SQUID_data__IVI_BS30_A1S1_I_contrl_+-0.15mA_285mK_191103__IVB__T_1p40K[-0.000123750],2,up,2442,1.0
D4.2__Fig 2__SQUID_data__IVI_BS30_A1S1_I_contrl_+-0.15mA_285mK_191103__IVB__T_1p40K[-0.000124125],0,up,2535,0.9992107340173638
D4.2__Fig 2__SQUID_data__IVI_BS30_A1S1_I_contrl_+-0.15mA_285mK_191103__IVB__T_1p40K[-0.000124125],1,down,5023,0.9996017522899243
D4.2__Fig 2__SQUID_data__IVI_BS30_A1S1_I_contrl_+-0.15mA_285mK_191103__IVB__T_1p40K[-0.000124125],2,up,2442,1.0
D4.2__Fig 2__SQUID_data__IVI_BS30_A1S1_I_contrl_+-0.15mA_285mK_191103__IVB__T_1p40K[-0.000124500],0,up,2535,0.9988161010260458
D4.2__Fig 2__SQUID_data__IVI_BS30_A1S1_I_contrl_+-0.15mA_285mK_191103__IVB__T_1p40K[-0.000124500],1,down,5023,0.9996017522899243
D4.2__Fig 2__SQUID_data__IVI_BS30_A1S1_I_contrl_+-0.15mA_285mK_191103__IVB__T_1p40K[-0.000124500],2,up,2442,1.0
D4.2__Fig 2__SQUID_data__IVI_BS30_A1S1_I_contrl_+-0.15mA_285mK_191103__IVB__T_1p40K[-0.000124875],0,up,2536,0.9996055226824457
D4.2__Fig 2__SQUID_data__IVI_BS30_A1S1_I_contrl_+-0.15mA_285mK_191103__IVB__T_1p40K[-0.000124875],1,down,5021,0.999601593625498
D4.2__Fig 2__SQUID_data__IVI_BS30_A1S1_I_contrl_+-0.15mA_285mK_191103__IVB__T_1p40K[-0.000124875],2,up,2443,0.9995904995904996
D4.2__Fig 2__SQUID_data__IVI_BS30_A1S1_I_contrl_+-0.15mA_285mK_191103__IVB__T_1p40K[-0.000125250],0,up,2534,0.9992104224240032
D4.2__Fig 2__SQUID_data__IVI_BS30_A1S1_I_contrl_+-0.15mA_285mK_191103__IVB__T_1p40K[-0.000125250],1,down,5024,0.9996018315747561
D4.2__Fig 2__SQUID_data__IVI_BS30_A1S1_I_contrl_+-0.15mA_285mK_191103__IVB__T_1p40K[-0.000125250],2,up,2442,1.0
D4.2__Fig 2__SQUID_data__IVI_BS30_A1S1_I_contrl_+-0.15mA_285mK_191103__IVB__T_1p40K[-0.000125625],0,up,2534,0.9992104224240032
D4.2__Fig 2__SQUID_data__IVI_BS30_A1S1_I_contrl_+-0.15mA_285mK_191103__IVB__T_1p40K[-0.000125625],1,down,5023,0.9996017522899243
D4.2__Fig 2__SQUID_data__IVI_BS30_A1S1_I_contrl_+-0.15mA_285mK_191103__IVB__T_1p40K[-0.000125625],2,up,2443,1.0
D4.2__Fig 2__SQUID_data__IVI_BS30_A1S1_I_contrl_+-0.15mA_285mK_191103__IVB__T_1p40K[-0.000126000],0,up,2534,0.9992104224240032
D4.2__Fig 2__SQUID_data__IVI_BS30_A1S1_I_contrl_+-0.15mA_285mK_191103__IVB__T_1p40K[-0.000126000],1,down,5024,0.9996018315747561
D4.2__Fig 2__SQUID_data__IVI_BS30_A1S1_I_contrl_+-0.15mA_285mK_191103__IVB__T_1p40K[-0.000126000],2,up,2442,1.0
D4.2__Fig 2__SQUID_data__IVI_BS30_A1S1_I_contrl_+-0.15mA_285mK_191103__IVB__T_1p40K[-0.000126375],0,up,2536,0.9988165680473373
D4.2__Fig 2__SQUID_data__IVI_BS30_A1S1_I_contrl_+-0.15mA_285mK_191103__IVB__T_1p40K[-0.000126375],1,down,5021,0.999402390438247
D4.2__Fig 2__SQUID_data__IVI_BS30_A1S1_I_contrl_+-0.15mA_285mK_191103__IVB__T_1p40K[-0.000126375],2,up,2443,1.0
D4.2__Fig 2__SQUID_data__IVI_BS30_A1S1_I_contrl_+-0.15mA_285mK_191103__IVB__T_1p40K[-0.000126750],0,up,2535,0.9992107340173638
D4.2__Fig 2__SQUID_data__IVI_BS30_A1S1_I_contrl_+-0.15mA_285mK_191103__IVB__T_1p40K[-0.000126750],1,down,5023,0.9994026284348865
D4.2__Fig 2__SQUID_data__IVI_BS30_A1S1_I_contrl_+-0.15mA_285mK_191103__IVB__T_1p40K[-0.000126750],2,up,2442,1.0
D4.2__Fig 2__SQUID_data__IVI_BS30_A1S1_I_contrl_+-0.15mA_285mK_191103__IVB__T_1p40K[-0.000127125],0,up,2535,0.9992107340173638
D4.2__Fig 2__SQUID_data__IVI_BS30_A1S1_I_contrl_+-0.15mA_285mK_191103__IVB__T_1p40K[-0.000127125],1,down,5023,0.9994026284348865
D4.2__Fig 2__SQUID_data__IVI_BS30_A1S1_I_contrl_+-0.15mA_285mK_191103__IVB__T_1p40K[-0.000127125],2,up,2442,1.0
D4.2__Fig 2__SQUID_data__IVI_BS30_A1S1_I_contrl_+-0.15mA_285mK_191103__IVB__T_1p40K[-0.000127500],0,up,2534,0.9988156336360048
D4.2__Fig 2__SQUID_data__IVI_BS30_A1S1_I_contrl_+-0.15mA_285mK_191103__IVB__T_1p40K[-0.000127500],1,down,5024,0.9994027473621342
D4.2__Fig 2__SQUID_data__IVI_BS30_A1S1_I_contrl_+-0.15mA_285mK_191103__IVB__T_1p40K[-0.000127500],2,up,2442,1.0
D4.2__Fig 2__SQUID_data__IVI_BS30_A1S1_I_contrl_+-0.15mA_285mK_191103__IVB__T_1p40K[-0.000127875],0,up,2535,0.9988161010260458
D4.2__Fig 2__SQUID_data__IVI_BS30_A1S1_I_contrl_+-0.15mA_285mK_191103__IVB__T_1p40K[-0.000127875],1,down,5023,0.9994026284348865
D4.2__Fig 2__SQUID_data__IVI_BS30_A1S1_I_contrl_+-0.15mA_285mK_191103__IVB__T_1p40K[-0.000127875],2,up,2442,1.0
D4.2__Fig 2__SQUID_data__IVI_BS30_A1S1_I_contrl_+-0.15mA_285mK_191103__IVB__T_1p40K[-0.000128250],0,up,2534,0.9996052112120016
D4.2__Fig 2__SQUID_data__IVI_BS30_A1S1_I_contrl_+-0.15mA_285mK_191103__IVB__T_1p40K[-0.000128250],1,down,5024,0.9996018315747561
D4.2__Fig 2__SQUID_data__IVI_BS30_A1S1_I_contrl_+-0.15mA_285mK_191103__IVB__T_1p40K[-0.000128250],2,up,2442,1.0
D4.2__Fig 2__SQUID_data__IVI_BS30_A1S1_I_contrl_+-0.15mA_285mK_191103__IVB__T_1p40K[-0.000128625],0,up,2534,0.9988156336360048
D4.2__Fig 2__SQUID_data__IVI_BS30_A1S1_I_contrl_+-0.15mA_285mK_191103__IVB__T_1p40K[-0.000128625],1,down,5023,0.9996017522899243
D4.2__Fig 2__SQUID_data__IVI_BS30_A1S1_I_contrl_+-0.15mA_285mK_191103__IVB__T_1p40K[-0.000128625],2,up,2443,1.0
D4.2__Fig 2__SQUID_data__IVI_BS30_A1S1_I_contrl_+-0.15mA_285mK_191103__IVB__T_1p40K[-0.000129000],0,up,2535,0.9988161010260458
D4.2__Fig 2__SQUID_data__IVI_BS30_A1S1_I_contrl_+-0.15mA_285mK_191103__IVB__T_1p40K[-0.000129000],1,down,5023,0.9994026284348865
D4.2__Fig 2__SQUID_data__IVI_BS30_A1S1_I_contrl_+-0.15mA_285mK_191103__IVB__T_1p40K[-0.000129000],2,up,2442,1.0
D4.2__Fig 2__SQUID_data__IVI_BS30_A1S1_I_contrl_+-0.15mA_285mK_191103__IVB__T_1p40K[-0.000129375],0,up,2535,0.9992107340173638
D4.2__Fig 2__SQUID_data__IVI_BS30_A1S1_I_contrl_+-0.15mA_285mK_191103__IVB__T_1p40K[-0.000129375],1,down,5023,0.9998008761449622
D4.2__Fig 2__SQUID_data__IVI_BS30_A1S1_I_contrl_+-0.15mA_285mK_191103__IVB__T_1p40K[-0.000129375],2,up,2442,1.0
D4.2__Fig 2__SQUID_data__IVI_BS30_A1S1_I_contrl_+-0.15mA_285mK_191103__IVB__T_1p40K[-0.000129750],0,up,2534,1.0
D4.2__Fig 2__SQUID_data__IVI_BS30_A1S1_I_contrl_+-0.15mA_285mK_191103__IVB__T_1p40K[-0.000129750],1,down,5025,0.9992038216560509
D4.2__Fig 2__SQUID_data__IVI_BS30_A1S1_I_contrl_+-0.15mA_285mK_191103__IVB__T_1p40K[-0.000129750],2,up,2441,1.0
D4.2__Fig 2__SQUID_data__IVI_BS30_A1S1_I_contrl_+-0.15mA_285mK_191103__IVB__T_1p40K[-0.000130125],0,up,2535,0.9988161010260458
D4.2__Fig 2__SQUID_data__IVI_BS30_A1S1_I_contrl_+-0.15mA_285mK_191103__IVB__T_1p40K[-0.000130125],1,down,5023,0.9994026284348865
D4.2__Fig 2__SQUID_data__IVI_BS30_A1S1_I_contrl_+-0.15mA_285mK_191103__IVB__T_1p40K[-0.000130125],2,up,2442,1.0
D4.2__Fig 2__SQUID_data__IVI_BS30_A1S1_I_contrl_+-0.15mA_285mK_191103__IVB__T_1p40K[-0.000130500],0,up,2535,0.9992107340173638
D4.2__Fig 2__SQUID_data__IVI_BS30_A1S1_I_contrl_+-0.15mA_285mK_191103__IVB__T_1p40K[-0.000130500],1,down,5023,0.9994026284348865
D4.2__Fig 2__SQUID_data__IVI_BS30_A1S1_I_contrl_+-0.15mA_285mK_191103__IVB__T_1p40K[-0.000130500],2,up,2442,1.0
D4.2__Fig 2__SQUID_data__IVI_BS30_A1S1_I_contrl_+-0.15mA_285mK_191103__IVB__T_1p40K[-0.000130875],0,up,2535,0.999605367008682
D4.2__Fig 2__SQUID_data__IVI_BS30_A1S1_I_contrl_+-0.15mA_285mK_191103__IVB__T_1p40K[-0.000130875],1,down,5023,0.9992035045798486
D4.2__Fig 2__SQUID_data__IVI_BS30_A1S1_I_contrl_+-0.15mA_285mK_191103__IVB__T_1p40K[-0.000130875],2,up,2442,1.0
D4.2__Fig 2__SQUID_data__IVI_BS30_A1S1_I_contrl_+-0.15mA_285mK_191103__IVB__T_1p40K[-0.000131250],0,up,2535,0.999605367008682
D4.2__Fig 2__SQUID_data__IVI_BS30_A1S1_I_contrl_+-0.15mA_285mK_191103__IVB__T_1p40K[-0.000131250],1,down,5023,0.9994026284348865
D4.2__Fig 2__SQUID_data__IVI_BS30_A1S1_I_contrl_+-0.15mA_285mK_191103__IVB__T_1p40K[-0.000131250],2,up,2442,1.0
D4.2__Fig 2__SQUID_data__IVI_BS30_A1S1_I_contrl_+-0.15mA_285mK_191103__IVB__T_1p40K[-0.000131625],0,up,2534,0.9992104224240032
D4.2__Fig 2__SQUID_data__IVI_BS30_A1S1_I_contrl_+-0.15mA_285mK_191103__IVB__T_1p40K[-0.000131625],1,down,5024,0.9994027473621342
D4.2__Fig 2__SQUID_data__IVI_BS30_A1S1_I_contrl_+-0.15mA_285mK_191103__IVB__T_1p40K[-0.000131625],2,up,2442,1.0
D4.2__Fig 2__SQUID_data__IVI_BS30_A1S1_I_contrl_+-0.15mA_285mK_191103__IVB__T_1p40K[-0.000132000],0,up,2535,0.9988161010260458
D4.2__Fig 2__SQUID_data__IVI_BS30_A1S1_I_contrl_+-0.15mA_285mK_191103__IVB__T_1p40K[-0.000132000],1,down,5023,0.9996017522899243
D4.2__Fig 2__SQUID_data__IVI_BS30_A1S1_I_contrl_+-0.15mA_285mK_191103__IVB__T_1p40K[-0.000132000],2,up,2442,1.0
D4.2__Fig 2__SQUID_data__IVI_BS30_A1S1_I_contrl_+-0.15mA_285mK_191103__IVB__T_1p40K[-0.000132375],0,up,2533,0.9992101105845181
D4.2__Fig 2__SQUID_data__IVI_BS30_A1S1_I_contrl_+-0.15mA_285mK_191103__IVB__T_1p40K[-0.000132375],1,down,5025,0.9994028662420382
D4.2__Fig 2__SQUID_data__IVI_BS30_A1S1_I_contrl_+-0.15mA_285mK_191103__IVB__T_1p40K[-0.000132375],2,up,2442,1.0
D4.2__Fig 2__SQUID_data__IVI_BS30_A1S1_I_contrl_+-0.15mA_285mK_191103__IVB__T_1p40K[-0.000132750],0,up,2536,0.9988165680473373
D4.2__Fig 2__SQUID_data__IVI_BS30_A1S1_I_contrl_+-0.15mA_285mK_191103__IVB__T_1p40K[-0.000132750],1,down,5022,0.9996016729735112
D4.2__Fig 2__SQUID_data__IVI_BS30_A1S1_I_contrl_+-0.15mA_285mK_191103__IVB__T_1p40K[-0.000132750],2,up,2442,1.0
D4.2__Fig 2__SQUID_data__IVI_BS30_A1S1_I_contrl_+-0.15mA_285mK_191103__IVB__T_1p40K[-0.000133125],0,up,2534,0.9988156336360048
D4.2__Fig 2__SQUID_data__IVI_BS30_A1S1_I_contrl_+-0.15mA_285mK_191103__IVB__T_1p40K[-0.000133125],1,down,5025,0.9994028662420382
D4.2__Fig 2__SQUID_data__IVI_BS30_A1S1_I_contrl_+-0.15mA_285mK_191103__IVB__T_1p40K[-0.000133125],2,up,2441,1.0
D4.2__Fig 2__SQUID_data__IVI_BS30_A1S1_I_contrl_+-0.15mA_285mK_191103__IVB__T_1p40K[-0.000133500],0,up,2534,0.9988156336360048
D4.2__Fig 2__SQUID_data__IVI_BS30_A1S1_I_contrl_+-0.15mA_285mK_191103__IVB__T_1p40K[-0.000133500],1,down,5024,0.9994027473621342
D4.2__Fig 2__SQUID_data__IVI_BS30_A1S1_I_contrl_+-0.15mA_285mK_191103__IVB__T_1p40K[-0.000133500],2,up,2442,1.0
D4.2__Fig 2__SQUID_data__IVI_BS30_A1S1_I_contrl_+-0.15mA_285mK_191103__IVB__T_1p40K[-0.000133875],0,up,2536,0.9988165680473373
D4.2__Fig 2__SQUID_data__IVI_BS30_A1S1_I_contrl_+-0.15mA_285mK_191103__IVB__T_1p40K[-0.000133875],1,down,5021,0.999601593625498
D4.2__Fig 2__SQUID_data__IVI_BS30_A1S1_I_contrl_+-0.15mA_285mK_191103__IVB__T_1p40K[-0.000133875],2,up,2443,1.0
D4.2__Fig 2__SQUID_data__IVI_BS30_A1S1_I_contrl_+-0.15mA_285mK_191103__IVB__T_1p40K[-0.000134250],0,up,2533,0.9996050552922591
D4.2__Fig 2__SQUID_data__IVI_BS30_A1S1_I_contrl_+-0.15mA_285mK_191103__IVB__T_1p40K[-0.000134250],1,down,5025,0.9996019108280255
D4.2__Fig 2__SQUID_data__IVI_BS30_A1S1_I_contrl_+-0.15mA_285mK_191103__IVB__T_1p40K[-0.000134250],2,up,2442,1.0
D4.2__Fig 2__SQUID_data__IVI_BS30_A1S1_I_contrl_+-0.15mA_285mK_191103__IVB__T_1p40K[-0.000134625],0,up,2536,0.9992110453648915
D4.2__Fig 2__SQUID_data__IVI_BS30_A1S1_I_contrl_+-0.15mA_285mK_191103__IVB__T_1p40K[-0.000134625],1,down,5021,0.999402390438247
D4.2__Fig 2__SQUID_data__IVI_BS30_A1S1_I_contrl_+-0.15mA_285mK_191103__IVB__T_1p40K[-0.000134625],2,up,2443,1.0
D4.2__Fig 2__SQUID_data__IVI_BS30_A1S1_I_contrl_+-0.15mA_285mK_191103__IVB__T_1p40K[-0.000135000],0,up,2536,0.9988165680473373
D4.2__Fig 2__SQUID_data__IVI_BS30_A1S1_I_contrl_+-0.15mA_285mK_191103__IVB__T_1p40K[-0.000135000],1,down,5020,0.9996015142458657
D4.2__Fig 2__SQUID_data__IVI_BS30_A1S1_I_contrl_+-0.15mA_285mK_191103__IVB__T_1p40K[-0.000135000],2,up,2444,1.0
D4.2__Fig 2__SQUID_data__IVI_BS30_A1S1_I_contrl_+-0.15mA_285mK_191103__IVB__T_1p40K[-0.000135375],0,up,2534,0.9988156336360048
D4.2__Fig 2__SQUID_data__IVI_BS30_A1S1_I_contrl_+-0.15mA_285mK_191103__IVB__T_1p40K[-0.000135375],1,down,5024,0.9994027473621342
D4.2__Fig 2__SQUID_data__IVI_BS30_A1S1_I_contrl_+-0.15mA_285mK_191103__IVB__T_1p40K[-0.000135375],2,up,2442,1.0
D4.2__Fig 2__SQUID_data__IVI_BS30_A1S1_I_contrl_+-0.15mA_285mK_191103__IVB__T_1p40K[-0.000135750],0,up,2535,0.9992107340173638
D4.2__Fig 2__SQUID_data__IVI_BS30_A1S1_I_contrl_+-0.15mA_285mK_191103__IVB__T_1p40K[-0.000135750],1,down,5023,0.9996017522899243
D4.2__Fig 2__SQUID_data__IVI_BS30_A1S1_I_contrl_+-0.15mA_285mK_191103__IVB__T_1p40K[-0.000135750],2,up,2442,1.0
D4.2__Fig 2__SQUID_data__IVI_BS30_A1S1_I_contrl_+-0.15mA_285mK_191103__IVB__T_1p40K[-0.000136125],0,up,2535,0.9988161010260458
D4.2__Fig 2__SQUID_data__IVI_BS30_A1S1_I_contrl_+-0.15mA_285mK_191103__IVB__T_1p40K[-0.000136125],1,down,5022,0.9998008364867557
D4.2__Fig 2__SQUID_data__IVI_BS30_A1S1_I_contrl_+-0.15mA_285mK_191103__IVB__T_1p40K[-0.000136125],2,up,2443,0.9995904995904996
D4.2__Fig 2__SQUID_data__IVI_BS30_A1S1_I_contrl_+-0.15mA_285mK_191103__IVB__T_1p40K[-0.000136500],0,up,2536,0.998422090729783
D4.2__Fig 2__SQUID_data__IVI_BS30_A1S1_I_contrl_+-0.15mA_285mK_191103__IVB__T_1p40K[-0.000136500],1,down,5022,0.9994025094602669
D4.2__Fig 2__SQUID_data__IVI_BS30_A1S1_I_contrl_+-0.15mA_285mK_191103__IVB__T_1p40K[-0.000136500],2,up,2442,1.0
D4.2__Fig 2__SQUID_data__IVI_BS30_A1S1_I_contrl_+-0.15mA_285mK_191103__IVB__T_1p40K[-0.000136875],0,up,2534,0.9992104224240032
D4.2__Fig 2__SQUID_data__IVI_BS30_A1S1_I_contrl_+-0.15mA_285mK_191103__IVB__T_1p40K[-0.000136875],1,down,5024,0.9996018315747561
D4.2__Fig 2__SQUID_data__IVI_BS30_A1S1_I_contrl_+-0.15mA_285mK_191103__IVB__T_1p40K[-0.000136875],2,up,2442,1.0
D4.2__Fig 2__SQUID_data__IVI_BS30_A1S1_I_contrl_+-0.15mA_285mK_191103__IVB__T_1p40K[-0.000137250],0,up,2534,0.9992104224240032
D4.2__Fig 2__SQUID_data__IVI_BS30_A1S1_I_contrl_+-0.15mA_285mK_191103__IVB__T_1p40K[-0.000137250],1,down,5024,0.9994027473621342
D4.2__Fig 2__SQUID_data__IVI_BS30_A1S1_I_contrl_+-0.15mA_285mK_191103__IVB__T_1p40K[-0.000137250],2,up,2442,0.9995903318312167
D4.2__Fig 2__SQUID_data__IVI_BS30_A1S1_I_contrl_+-0.15mA_285mK_191103__IVB__T_1p40K[-0.000137625],0,up,2535,0.9988161010260458
D4.2__Fig 2__SQUID_data__IVI_BS30_A1S1_I_contrl_+-0.15mA_285mK_191103__IVB__T_1p40K[-0.000137625],1,down,5022,0.9996016729735112
D4.2__Fig 2__SQUID_data__IVI_BS30_A1S1_I_contrl_+-0.15mA_285mK_191103__IVB__T_1p40K[-0.000137625],2,up,2443,1.0
D4.2__Fig 2__SQUID_data__IVI_BS30_A1S1_I_contrl_+-0.15mA_285mK_191103__IVB__T_1p40K[-0.000138000],0,up,2534,0.9992104224240032
D4.2__Fig 2__SQUID_data__IVI_BS30_A1S1_I_contrl_+-0.15mA_285mK_191103__IVB__T_1p40K[-0.000138000],1,down,5024,0.9994027473621342
D4.2__Fig 2__SQUID_data__IVI_BS30_A1S1_I_contrl_+-0.15mA_285mK_191103__IVB__T_1p40K[-0.000138000],2,up,2442,1.0
D4.2__Fig 2__SQUID_data__IVI_BS30_A1S1_I_contrl_+-0.15mA_285mK_191103__IVB__T_1p40K[-0.000138375],0,up,2535,0.9992107340173638
D4.2__Fig 2__SQUID_data__IVI_BS30_A1S1_I_contrl_+-0.15mA_285mK_191103__IVB__T_1p40K[-0.000138375],1,down,5023,0.9994026284348865
D4.2__Fig 2__SQUID_data__IVI_BS30_A1S1_I_contrl_+-0.15mA_285mK_191103__IVB__T_1p40K[-0.000138375],2,up,2442,1.0
D4.2__Fig 2__SQUID_data__IVI_BS30_A1S1_I_contrl_+-0.15mA_285mK_191103__IVB__T_1p40K[-0.000138750],0,up,2534,0.9988156336360048
D4.2__Fig 2__SQUID_data__IVI_BS30_A1S1_I_contrl_+-0.15mA_285mK_191103__IVB__T_1p40K[-0.000138750],1,down,5024,0.9994027473621342
D4.2__Fig 2__SQUID_data__IVI_BS30_A1S1_I_contrl_+-0.15mA_285mK_191103__IVB__T_1p40K[-0.000138750],2,up,2442,1.0
D4.2__Fig 2__SQUID_data__IVI_BS30_A1S1_I_contrl_+-0.15mA_285mK_191103__IVB__T_1p40K[-0.000139125],0,up,2535,0.9988161010260458
D4.2__Fig 2__SQUID_data__IVI_BS30_A1S1_I_contrl_+-0.15mA_285mK_191103__IVB__T_1p40K[-0.000139125],1,down,5023,0.9998008761449622
D4.2__Fig 2__SQUID_data__IVI_BS30_A1S1_I_contrl_+-0.15mA_285mK_191103__IVB__T_1p40K[-0.000139125],2,up,2442,1.0
D4.2__Fig 2__SQUID_data__IVI_BS30_A1S1_I_contrl_+-0.15mA_285mK_191103__IVB__T_1p40K[-0.000139500],0,up,2536,0.9992110453648915
D4.2__Fig 2__SQUID_data__IVI_BS30_A1S1_I_contrl_+-0.15mA_285mK_191103__IVB__T_1p40K[-0.000139500],1,down,5022,0.9996016729735112
D4.2__Fig 2__SQUID_data__IVI_BS30_A1S1_I_contrl_+-0.15mA_285mK_191103__IVB__T_1p40K[-0.000139500],2,up,2442,1.0
D4.2__Fig 2__SQUID_data__IVI_BS30_A1S1_I_contrl_+-0.15mA_285mK_191103__IVB__T_1p40K[-0.000139875],0,up,2535,0.9988161010260458
D4.2__Fig 2__SQUID_data__IVI_BS30_A1S1_I_contrl_+-0.15mA_285mK_191103__IVB__T_1p40K[-0.000139875],1,down,5022,0.9998008364867557
D4.2__Fig 2__SQUID_data__IVI_BS30_A1S1_I_contrl_+-0.15mA_285mK_191103__IVB__T_1p40K[-0.000139875],2,up,2443,1.0
D4.2__Fig 2__SQUID_data__IVI_BS30_A1S1_I_contrl_+-0.15mA_285mK_191103__IVB__T_1p40K[-0.000140250],0,up,2534,0.9992104224240032
D4.2__Fig 2__SQUID_data__IVI_BS30_A1S1_I_contrl_+-0.15mA_285mK_191103__IVB__T_1p40K[-0.000140250],1,down,5025,0.9994028662420382
D4.2__Fig 2__SQUID_data__IVI_BS30_A1S1_I_contrl_+-0.15mA_285mK_191103__IVB__T_1p40K[-0.000140250],2,up,2441,1.0
D4.2__Fig 2__SQUID_data__IVI_BS30_A1S1_I_contrl_+-0.15mA_285mK_191103__IVB__T_1p40K[-0.000140625],0,up,2535,0.999605367008682
D4.2__Fig 2__SQUID_data__IVI_BS30_A1S1_I_contrl_+-0.15mA_285mK_191103__IVB__T_1p40K[-0.000140625],1,down,5023,0.9994026284348865
D4.2__Fig 2__SQUID_data__IVI_BS30_A1S1_I_contrl_+-0.15mA_285mK_191103__IVB__T_1p40K[-0.000140625],2,up,2442,1.0
D4.2__Fig 2__SQUID_data__IVI_BS30_A1S1_I_contrl_+-0.15mA_285mK_191103__IVB__T_1p40K[-0.000141000],0,up,2535,0.9988161010260458
D4.2__Fig 2__SQUID_data__IVI_BS30_A1S1_I_contrl_+-0.15mA_285mK_191103__IVB__T_1p40K[-0.000141000],1,down,5023,0.9996017522899243
D4.2__Fig 2__SQUID_data__IVI_BS30_A1S1_I_contrl_+-0.15mA_285mK_191103__IVB__T_1p40K[-0.000141000],2,up,2442,1.0
D4.2__Fig 2__SQUID_data__IVI_BS30_A1S1_I_contrl_+-0.15mA_285mK_191103__IVB__T_1p40K[-0.000141375],0,up,2535,0.9992107340173638
D4.2__Fig 2__SQUID_data__IVI_BS30_A1S1_I_contrl_+-0.15mA_285mK_191103__IVB__T_1p40K[-0.000141375],1,down,5023,0.9994026284348865
D4.2__Fig 2__SQUID_data__IVI_BS30_A1S1_I_contrl_+-0.15mA_285mK_191103__IVB__T_1p40K[-0.000141375],2,up,2442,1.0
D4.2__Fig 2__SQUID_data__IVI_BS30_A1S1_I_contrl_+-0.15mA_285mK_191103__IVB__T_1p40K[-0.000141750],0,up,2535,0.9988161010260458
D4.2__Fig 2__SQUID_data__IVI_BS30_A1S1_I_contrl_+-0.15mA_285mK_191103__IVB__T_1p40K[-0.000141750],1,down,5022,0.9996016729735112
D4.2__Fig 2__SQUID_data__IVI_BS30_A1S1_I_contrl_+-0.15mA_285mK_191103__IVB__T_1p40K[-0.000141750],2,up,2443,0.9995904995904996
D4.2__Fig 2__SQUID_data__IVI_BS30_A1S1_I_contrl_+-0.15mA_285mK_191103__IVB__T_1p40K[-0.000142125],0,up,2535,0.9988161010260458
D4.2__Fig 2__SQUID_data__IVI_BS30_A1S1_I_contrl_+-0.15mA_285mK_191103__IVB__T_1p40K[-0.000142125],1,down,5023,0.9994026284348865
D4.2__Fig 2__SQUID_data__IVI_BS30_A1S1_I_contrl_+-0.15mA_285mK_191103__IVB__T_1p40K[-0.000142125],2,up,2442,1.0
D4.2__Fig 2__SQUID_data__IVI_BS30_A1S1_I_contrl_+-0.15mA_285mK_191103__IVB__T_1p40K[-0.000142500],0,up,2534,0.9992104224240032
D4.2__Fig 2__SQUID_data__IVI_BS30_A1S1_I_contrl_+-0.15mA_285mK_191103__IVB__T_1p40K[-0.000142500],1,down,5024,0.9994027473621342
D4.2__Fig 2__SQUID_data__IVI_BS30_A1S1_I_contrl_+-0.15mA_285mK_191103__IVB__T_1p40K[-0.000142500],2,up,2442,1.0
D4.2__Fig 2__SQUID_data__IVI_BS30_A1S1_I_contrl_+-0.15mA_285mK_191103__IVB__T_1p40K[-0.000142875],0,up,2535,0.9992107340173638
D4.2__Fig 2__SQUID_data__IVI_BS30_A1S1_I_contrl_+-0.15mA_285mK_191103__IVB__T_1p40K[-0.000142875],1,down,5023,0.9996017522899243
D4.2__Fig 2__SQUID_data__IVI_BS30_A1S1_I_contrl_+-0.15mA_285mK_191103__IVB__T_1p40K[-0.000142875],2,up,2442,1.0
D4.2__Fig 2__SQUID_data__IVI_BS30_A1S1_I_contrl_+-0.15mA_285mK_191103__IVB__T_1p40K[-0.000143250],0,up,2535,0.9992107340173638
D4.2__Fig 2__SQUID_data__IVI_BS30_A1S1_I_contrl_+-0.15mA_285mK_191103__IVB__T_1p40K[-0.000143250],1,down,5022,0.9996016729735112
D4.2__Fig 2__SQUID_data__IVI_BS30_A1S1_I_contrl_+-0.15mA_285mK_191103__IVB__T_1p40K[-0.000143250],2,up,2443,1.0
D4.2__Fig 2__SQUID_data__IVI_BS30_A1S1_I_contrl_+-0.15mA_285mK_191103__IVB__T_1p40K[-0.000143625],0,up,2534,0.9992104224240032
D4.2__Fig 2__SQUID_data__IVI_BS30_A1S1_I_contrl_+-0.15mA_285mK_191103__IVB__T_1p40K[-0.000143625],1,down,5024,0.9994027473621342
D4.2__Fig 2__SQUID_data__IVI_BS30_A1S1_I_contrl_+-0.15mA_285mK_191103__IVB__T_1p40K[-0.000143625],2,up,2442,1.0
D4.2__Fig 2__SQUID_data__IVI_BS30_A1S1_I_contrl_+-0.15mA_285mK_191103__IVB__T_1p40K[-0.000144000],0,up,2534,0.9992104224240032
D4.2__Fig 2__SQUID_data__IVI_BS30_A1S1_I_contrl_+-0.15mA_285mK_191103__IVB__T_1p40K[-0.000144000],1,down,5024,0.9994027473621342
D4.2__Fig 2__SQUID_data__IVI_BS30_A1S1_I_contrl_+-0.15mA_285mK_191103__IVB__T_1p40K[-0.000144000],2,up,2442,1.0
D4.2__Fig 2__SQUID_data__IVI_BS30_A1S1_I_contrl_+-0.15mA_285mK_191103__IVB__T_1p40K[-0.000144375],0,up,2536,0.998422090729783
D4.2__Fig 2__SQUID_data__IVI_BS30_A1S1_I_contrl_+-0.15mA_285mK_191103__IVB__T_1p40K[-0.000144375],1,down,5021,0.999402390438247
D4.2__Fig 2__SQUID_data__IVI_BS30_A1S1_I_contrl_+-0.15mA_285mK_191103__IVB__T_1p40K[-0.000144375],2,up,2443,1.0
D4.2__Fig 2__SQUID_data__IVI_BS30_A1S1_I_contrl_+-0.15mA_285mK_191103__IVB__T_1p40K[-0.000144750],0,up,2535,0.9992107340173638
D4.2__Fig 2__SQUID_data__IVI_BS30_A1S1_I_contrl_+-0.15mA_285mK_191103__IVB__T_1p40K[-0.000144750],1,down,5023,0.9994026284348865
D4.2__Fig 2__SQUID_data__IVI_BS30_A1S1_I_contrl_+-0.15mA_285mK_191103__IVB__T_1p40K[-0.000144750],2,up,2442,1.0
D4.2__Fig 2__SQUID_data__IVI_BS30_A1S1_I_contrl_+-0.15mA_285mK_191103__IVB__T_1p40K[-0.000145125],0,up,2535,0.999605367008682
D4.2__Fig 2__SQUID_data__IVI_BS30_A1S1_I_contrl_+-0.15mA_285mK_191103__IVB__T_1p40K[-0.000145125],1,down,5024,0.9994027473621342
D4.2__Fig 2__SQUID_data__IVI_BS30_A1S1_I_contrl_+-0.15mA_285mK_191103__IVB__T_1p40K[-0.000145125],2,up,2441,1.0
D4.2__Fig 2__SQUID_data__IVI_BS30_A1S1_I_contrl_+-0.15mA_285mK_191103__IVB__T_1p40K[-0.000145500],0,up,2535,0.9988161010260458
D4.2__Fig 2__SQUID_data__IVI_BS30_A1S1_I_contrl_+-0.15mA_285mK_191103__IVB__T_1p40K[-0.000145500],1,down,5022,0.9996016729735112
D4.2__Fig 2__SQUID_data__IVI_BS30_A1S1_I_contrl_+-0.15mA_285mK_191103__IVB__T_1p40K[-0.000145500],2,up,2443,1.0
D4.2__Fig 2__SQUID_data__IVI_BS30_A1S1_I_contrl_+-0.15mA_285mK_191103__IVB__T_1p40K[-0.000145875],0,up,2535,0.9992107340173638
D4.2__Fig 2__SQUID_data__IVI_BS30_A1S1_I_contrl_+-0.15mA_285mK_191103__IVB__T_1p40K[-0.000145875],1,down,5023,0.9992035045798486
D4.2__Fig 2__SQUID_data__IVI_BS30_A1S1_I_contrl_+-0.15mA_285mK_191103__IVB__T_1p40K[-0.000145875],2,up,2442,1.0
D4.2__Fig 2__SQUID_data__IVI_BS30_A1S1_I_contrl_+-0.15mA_285mK_191103__IVB__T_1p40K[-0.000146250],0,up,2535,0.9992107340173638
D4.2__Fig 2__SQUID_data__IVI_BS30_A1S1_I_contrl_+-0.15mA_285mK_191103__IVB__T_1p40K[-0.000146250],1,down,5022,0.9996016729735112
D4.2__Fig 2__SQUID_data__IVI_BS30_A1S1_I_contrl_+-0.15mA_285mK_191103__IVB__T_1p40K[-0.000146250],2,up,2443,1.0
D4.2__Fig 2__SQUID_data__IVI_BS30_A1S1_I_contrl_+-0.15mA_285mK_191103__IVB__T_1p40K[-0.000146625],0,up,2535,0.9992107340173638
D4.2__Fig 2__SQUID_data__IVI_BS30_A1S1_I_contrl_+-0.15mA_285mK_191103__IVB__T_1p40K[-0.000146625],1,down,5023,0.9998008761449622
D4.2__Fig 2__SQUID_data__IVI_BS30_A1S1_I_contrl_+-0.15mA_285mK_191103__IVB__T_1p40K[-0.000146625],2,up,2442,1.0
D4.2__Fig 2__SQUID_data__IVI_BS30_A1S1_I_contrl_+-0.15mA_285mK_191103__IVB__T_1p40K[-0.000147000],0,up,2536,0.9992110453648915
D4.2__Fig 2__SQUID_data__IVI_BS30_A1S1_I_contrl_+-0.15mA_285mK_191103__IVB__T_1p40K[-0.000147000],1,down,5021,0.999601593625498
D4.2__Fig 2__SQUID_data__IVI_BS30_A1S1_I_contrl_+-0.15mA_285mK_191103__IVB__T_1p40K[-0.000147000],2,up,2443,1.0
D4.2__Fig 2__SQUID_data__IVI_BS30_A1S1_I_contrl_+-0.15mA_285mK_191103__IVB__T_1p40K[-0.000147375],0,up,2534,0.9992104224240032
D4.2__Fig 2__SQUID_data__IVI_BS30_A1S1_I_contrl_+-0.15mA_285mK_191103__IVB__T_1p40K[-0.000147375],1,down,5024,0.9992036631495123
D4.2__Fig 2__SQUID_data__IVI_BS30_A1S1_I_contrl_+-0.15mA_285mK_191103__IVB__T_1p40K[-0.000147375],2,up,2442,1.0
D4.2__Fig 2__SQUID_data__IVI_BS30_A1S1_I_contrl_+-0.15mA_285mK_191103__IVB__T_1p40K[-0.000147750],0,up,2535,0.9980268350434096
D4.2__Fig 2__SQUID_data__IVI_BS30_A1S1_I_contrl_+-0.15mA_285mK_191103__IVB__T_1p40K[-0.000147750],1,down,5023,0.9994026284348865
D4.2__Fig 2__SQUID_data__IVI_BS30_A1S1_I_contrl_+-0.15mA_285mK_191103__IVB__T_1p40K[-0.000147750],2,up,2442,1.0
D4.2__Fig 2__SQUID_data__IVI_BS30_A1S1_I_contrl_+-0.15mA_285mK_191103__IVB__T_1p40K[-0.000148125],0,up,2533,0.9992101105845181
D4.2__Fig 2__SQUID_data__IVI_BS30_A1S1_I_contrl_+-0.15mA_285mK_191103__IVB__T_1p40K[-0.000148125],1,down,5025,0.9996019108280255
D4.2__Fig 2__SQUID_data__IVI_BS30_A1S1_I_contrl_+-0.15mA_285mK_191103__IVB__T_1p40K[-0.000148125],2,up,2442,1.0
D4.2__Fig 2__SQUID_data__IVI_BS30_A1S1_I_contrl_+-0.15mA_285mK_191103__IVB__T_1p40K[-0.000148500],0,up,2535,0.9992107340173638
D4.2__Fig 2__SQUID_data__IVI_BS30_A1S1_I_contrl_+-0.15mA_285mK_191103__IVB__T_1p40K[-0.000148500],1,down,5022,0.9996016729735112
D4.2__Fig 2__SQUID_data__IVI_BS30_A1S1_I_contrl_+-0.15mA_285mK_191103__IVB__T_1p40K[-0.000148500],2,up,2443,0.9995904995904996
D4.2__Fig 2__SQUID_data__IVI_BS30_A1S1_I_contrl_+-0.15mA_285mK_191103__IVB__T_1p40K[-0.000148875],0,up,2533,0.9992101105845181
D4.2__Fig 2__SQUID_data__IVI_BS30_A1S1_I_contrl_+-0.15mA_285mK_191103__IVB__T_1p40K[-0.000148875],1,down,5026,0.9996019900497513
D4.2__Fig 2__SQUID_data__IVI_BS30_A1S1_I_contrl_+-0.15mA_285mK_191103__IVB__T_1p40K[-0.000148875],2,up,2441,1.0
D4.2__Fig 2__SQUID_data__IVI_BS30_A1S1_I_contrl_+-0.15mA_285mK_191103__IVB__T_1p40K[-0.000149250],0,up,2535,0.9992107340173638
D4.2__Fig 2__SQUID_data__IVI_BS30_A1S1_I_contrl_+-0.15mA_285mK_191103__IVB__T_1p40K[-0.000149250],1,down,5023,0.9992035045798486
D4.2__Fig 2__SQUID_data__IVI_BS30_A1S1_I_contrl_+-0.15mA_285mK_191103__IVB__T_1p40K[-0.000149250],2,up,2442,1.0
D4.2__Fig 2__SQUID_data__IVI_BS30_A1S1_I_contrl_+-0.15mA_285mK_191103__IVB__T_1p40K[-0.000149625],0,up,2535,0.9988161010260458
D4.2__Fig 2__SQUID_data__IVI_BS30_A1S1_I_contrl_+-0.15mA_285mK_191103__IVB__T_1p40K[-0.000149625],1,down,5022,0.9996016729735112
D4.2__Fig 2__SQUID_data__IVI_BS30_A1S1_I_contrl_+-0.15mA_285mK_191103__IVB__T_1p40K[-0.000149625],2,up,2443,1.0
D4.2__Fig 2__SQUID_data__IVI_BS30_A1S1_I_contrl_+-0.15mA_285mK_191103__IVB__T_1p40K[-0.000150000],0,up,2535,0.999605367008682
D4.2__Fig 2__SQUID_data__IVI_BS30_A1S1_I_contrl_+-0.15mA_285mK_191103__IVB__T_1p40K[-0.000150000],1,down,5023,0.9996017522899243
D4.2__Fig 2__SQUID_data__IVI_BS30_A1S1_I_contrl_+-0.15mA_285mK_191103__IVB__T_1p40K[-0.000150000],2,up,2442,1.0
D4.2__Fig 2__SQUID_data__IVI_BS30_A1S1_I_contrl_+-0.15mA_285mK_191103__IVB__T_1p40K[0.000000000],0,up,2535,0.9988161010260458
D4.2__Fig 2__SQUID_data__IVI_BS30_A1S1_I_contrl_+-0.15mA_285mK_191103__IVB__T_1p40K[0.000000000],1,down,5024,0.9992036631495123
D4.2__Fig 2__SQUID_data__IVI_BS30_A1S1_I_contrl_+-0.15mA_285mK_191103__IVB__T_1p40K[0.000000000],2,up,2441,1.0
D4.2__Fig 2__SQUID_data__IVI_BS30_A1S1_I_contrl_+-0.15mA_285mK_191103__IVB__T_1p40K[0.000000375],0,up,2534,0.9988156336360048
D4.2__Fig 2__SQUID_data__IVI_BS30_A1S1_I_contrl_+-0.15mA_285mK_191103__IVB__T_1p40K[0.000000375],1,down,5025,0.9994028662420382
D4.2__Fig 2__SQUID_data__IVI_BS30_A1S1_I_contrl_+-0.15mA_285mK_191103__IVB__T_1p40K[0.000000375],2,up,2441,1.0
D4.2__Fig 2__SQUID_data__IVI_BS30_A1S1_I_contrl_+-0.15mA_285mK_191103__IVB__T_1p40K[0.000000750],0,up,2534,0.9988156336360048
D4.2__Fig 2__SQUID_data__IVI_BS30_A1S1_I_contrl_+-0.15mA_285mK_191103__IVB__T_1p40K[0.000000750],1,down,5024,0.9994027473621342
D4.2__Fig 2__SQUID_data__IVI_BS30_A1S1_I_contrl_+-0.15mA_285mK_191103__IVB__T_1p40K[0.000000750],2,up,2442,1.0
D4.2__Fig 2__SQUID_data__IVI_BS30_A1S1_I_contrl_+-0.15mA_285mK_191103__IVB__T_1p40K[0.000001125],0,up,2534,0.9992104224240032
D4.2__Fig 2__SQUID_data__IVI_BS30_A1S1_I_contrl_+-0.15mA_285mK_191103__IVB__T_1p40K[0.000001125],1,down,5024,0.9996018315747561
D4.2__Fig 2__SQUID_data__IVI_BS30_A1S1_I_contrl_+-0.15mA_285mK_191103__IVB__T_1p40K[0.000001125],2,up,2442,1.0
D4.2__Fig 2__SQUID_data__IVI_BS30_A1S1_I_contrl_+-0.15mA_285mK_191103__IVB__T_1p40K[0.000001500],0,up,2534,0.9992104224240032
D4.2__Fig 2__SQUID_data__IVI_BS30_A1S1_I_contrl_+-0.15mA_285mK_191103__IVB__T_1p40K[0.000001500],1,down,5024,0.9994027473621342
D4.2__Fig 2__SQUID_data__IVI_BS30_A1S1_I_contrl_+-0.15mA_285mK_191103__IVB__T_1p40K[0.000001500],2,up,2442,1.0
D4.2__Fig 2__SQUID_data__IVI_BS30_A1S1_I_contrl_+-0.15mA_285mK_191103__IVB__T_1p40K[0.000001875],0,up,2535,0.9992107340173638
D4.2__Fig 2__SQUID_data__IVI_BS30_A1S1_I_contrl_+-0.15mA_285mK_191103__IVB__T_1p40K[0.000001875],1,down,5023,0.9994026284348865
D4.2__Fig 2__SQUID_data__IVI_BS30_A1S1_I_contrl_+-0.15mA_285mK_191103__IVB__T_1p40K[0.000001875],2,up,2442,1.0
D4.2__Fig 2__SQUID_data__IVI_BS30_A1S1_I_contrl_+-0.15mA_285mK_191103__IVB__T_1p40K[0.000002250],0,up,2535,0.9992107340173638
D4.2__Fig 2__SQUID_data__IVI_BS30_A1S1_I_contrl_+-0.15mA_285mK_191103__IVB__T_1p40K[0.000002250],1,down,5022,0.9996016729735112
D4.2__Fig 2__SQUID_data__IVI_BS30_A1S1_I_contrl_+-0.15mA_285mK_191103__IVB__T_1p40K[0.000002250],2,up,2443,1.0
D4.2__Fig 2__SQUID_data__IVI_BS30_A1S1_I_contrl_+-0.15mA_285mK_191103__IVB__T_1p40K[0.000002625],0,up,2534,0.9996052112120016
D4.2__Fig 2__SQUID_data__IVI_BS30_A1S1_I_contrl_+-0.15mA_285mK_191103__IVB__T_1p40K[0.000002625],1,down,5024,0.9994027473621342
D4.2__Fig 2__SQUID_data__IVI_BS30_A1S1_I_contrl_+-0.15mA_285mK_191103__IVB__T_1p40K[0.000002625],2,up,2442,1.0
D4.2__Fig 2__SQUID_data__IVI_BS30_A1S1_I_contrl_+-0.15mA_285mK_191103__IVB__T_1p40K[0.000003000],0,up,2534,0.9988156336360048
D4.2__Fig 2__SQUID_data__IVI_BS30_A1S1_I_contrl_+-0.15mA_285mK_191103__IVB__T_1p40K[0.000003000],1,down,5023,0.9992035045798486
D4.2__Fig 2__SQUID_data__IVI_BS30_A1S1_I_contrl_+-0.15mA_285mK_191103__IVB__T_1p40K[0.000003000],2,up,2443,1.0
D4.2__Fig 2__SQUID_data__IVI_BS30_A1S1_I_contrl_+-0.15mA_285mK_191103__IVB__T_1p40K[0.000003375],0,up,2535,0.9992107340173638
D4.2__Fig 2__SQUID_data__IVI_BS30_A1S1_I_contrl_+-0.15mA_285mK_191103__IVB__T_1p40K[0.000003375],1,down,5022,0.9998008364867557
D4.2__Fig 2__SQUID_data__IVI_BS30_A1S1_I_contrl_+-0.15mA_285mK_191103__IVB__T_1p40K[0.000003375],2,up,2443,1.0
D4.2__Fig 2__SQUID_data__IVI_BS30_A1S1_I_contrl_+-0.15mA_285mK_191103__IVB__T_1p40K[0.000003750],0,up,2534,0.9992104224240032
D4.2__Fig 2__SQUID_data__IVI_BS30_A1S1_I_contrl_+-0.15mA_285mK_191103__IVB__T_1p40K[0.000003750],1,down,5024,0.9996018315747561
D4.2__Fig 2__SQUID_data__IVI_BS30_A1S1_I_contrl_+-0.15mA_285mK_191103__IVB__T_1p40K[0.000003750],2,up,2442,1.0
D4.2__Fig 2__SQUID_data__IVI_BS30_A1S1_I_contrl_+-0.15mA_285mK_191103__IVB__T_1p40K[0.000004125],0,up,2535,0.9988161010260458
D4.2__Fig 2__SQUID_data__IVI_BS30_A1S1_I_contrl_+-0.15mA_285mK_191103__IVB__T_1p40K[0.000004125],1,down,5022,0.9998008364867557
D4.2__Fig 2__SQUID_data__IVI_BS30_A1S1_I_contrl_+-0.15mA_285mK_191103__IVB__T_1p40K[0.000004125],2,up,2443,1.0
D4.2__Fig 2__SQUID_data__IVI_BS30_A1S1_I_contrl_+-0.15mA_285mK_191103__IVB__T_1p40K[0.000004500],0,up,2535,0.9992107340173638
D4.2__Fig 2__SQUID_data__IVI_BS30_A1S1_I_contrl_+-0.15mA_285mK_191103__IVB__T_1p40K[0.000004500],1,down,5023,0.9998008761449622
D4.2__Fig 2__SQUID_data__IVI_BS30_A1S1_I_contrl_+-0.15mA_285mK_191103__IVB__T_1p40K[0.000004500],2,up,2442,1.0
D4.2__Fig 2__SQUID_data__IVI_BS30_A1S1_I_contrl_+-0.15mA_285mK_191103__IVB__T_1p40K[0.000004875],0,up,2534,0.9992104224240032
D4.2__Fig 2__SQUID_data__IVI_BS30_A1S1_I_contrl_+-0.15mA_285mK_191103__IVB__T_1p40K[0.000004875],1,down,5024,0.9992036631495123
D4.2__Fig 2__SQUID_data__IVI_BS30_A1S1_I_contrl_+-0.15mA_285mK_191103__IVB__T_1p40K[0.000004875],2,up,2442,1.0
D4.2__Fig 2__SQUID_data__IVI_BS30_A1S1_I_contrl_+-0.15mA_285mK_191103__IVB__T_1p40K[0.000005250],0,up,2536,0.9992110453648915
D4.2__Fig 2__SQUID_data__IVI_BS30_A1S1_I_contrl_+-0.15mA_285mK_191103__IVB__T_1p40K[0.000005250],1,down,5022,0.9996016729735112
D4.2__Fig 2__SQUID_data__IVI_BS30_A1S1_I_contrl_+-0.15mA_285mK_191103__IVB__T_1p40K[0.000005250],2,up,2442,1.0
D4.2__Fig 2__SQUID_data__IVI_BS30_A1S1_I_contrl_+-0.15mA_285mK_191103__IVB__T_1p40K[0.000005625],0,up,2535,0.9984214680347278
D4.2__Fig 2__SQUID_data__IVI_BS30_A1S1_I_contrl_+-0.15mA_285mK_191103__IVB__T_1p40K[0.000005625],1,down,5022,0.9998008364867557
D4.2__Fig 2__SQUID_data__IVI_BS30_A1S1_I_contrl_+-0.15mA_285mK_191103__IVB__T_1p40K[0.000005625],2,up,2443,1.0
D4.2__Fig 2__SQUID_data__IVI_BS30_A1S1_I_contrl_+-0.15mA_285mK_191103__IVB__T_1p40K[0.000006000],0,up,2535,0.9992107340173638
D4.2__Fig 2__SQUID_data__IVI_BS30_A1S1_I_contrl_+-0.15mA_285mK_191103__IVB__T_1p40K[0.000006000],1,down,5022,0.9996016729735112
D4.2__Fig 2__SQUID_data__IVI_BS30_A1S1_I_contrl_+-0.15mA_285mK_191103__IVB__T_1p40K[0.000006000],2,up,2443,1.0
D4.2__Fig 2__SQUID_data__IVI_BS30_A1S1_I_contrl_+-0.15mA_285mK_191103__IVB__T_1p40K[0.000006375],0,up,2535,0.9992107340173638
D4.2__Fig 2__SQUID_data__IVI_BS30_A1S1_I_contrl_+-0.15mA_285mK_191103__IVB__T_1p40K[0.000006375],1,down,5022,0.9996016729735112
D4.2__Fig 2__SQUID_data__IVI_BS30_A1S1_I_contrl_+-0.15mA_285mK_191103__IVB__T_1p40K[0.000006375],2,up,2443,1.0
D4.2__Fig 2__SQUID_data__IVI_BS30_A1S1_I_contrl_+-0.15mA_285mK_191103__IVB__T_1p40K[0.000006750],0,up,2535,0.9988161010260458
D4.2__Fig 2__SQUID_data__IVI_BS30_A1S1_I_contrl_+-0.15mA_285mK_191103__IVB__T_1p40K[0.000006750],1,down,5023,0.9994026284348865
D4.2__Fig 2__SQUID_data__IVI_BS30_A1S1_I_contrl_+-0.15mA_285mK_191103__IVB__T_1p40K[0.000006750],2,up,2442,1.0
D4.2__Fig 2__SQUID_data__IVI_BS30_A1S1_I_contrl_+-0.15mA_285mK_191103__IVB__T_1p40K[0.000007125],0,up,2535,0.9988161010260458
D4.2__Fig 2__SQUID_data__IVI_BS30_A1S1_I_contrl_+-0.15mA_285mK_191103__IVB__T_1p40K[0.000007125],1,down,5023,0.9996017522899243
D4.2__Fig 2__SQUID_data__IVI_BS30_A1S1_I_contrl_+-0.15mA_285mK_191103__IVB__T_1p40K[0.000007125],2,up,2442,1.0
D4.2__Fig 2__SQUID_data__IVI_BS30_A1S1_I_contrl_+-0.15mA_285mK_191103__IVB__T_1p40K[0.000007500],0,up,2535,0.999605367008682
D4.2__Fig 2__SQUID_data__IVI_BS30_A1S1_I_contrl_+-0.15mA_285mK_191103__IVB__T_1p40K[0.000007500],1,down,5023,0.9990043807248108
D4.2__Fig 2__SQUID_data__IVI_BS30_A1S1_I_contrl_+-0.15mA_285mK_191103__IVB__T_1p40K[0.000007500],2,up,2442,1.0
D4.2__Fig 2__SQUID_data__IVI_BS30_A1S1_I_contrl_+-0.15mA_285mK_191103__IVB__T_1p40K[0.000007875],0,up,2534,0.9996052112120016
D4.2__Fig 2__SQUID_data__IVI_BS30_A1S1_I_contrl_+-0.15mA_285mK_191103__IVB__T_1p40K[0.000007875],1,down,5024,0.9996018315747561
D4.2__Fig 2__SQUID_data__IVI_BS30_A1S1_I_contrl_+-0.15mA_285mK_191103__IVB__T_1p40K[0.000007875],2,up,2442,1.0
D4.2__Fig 2__SQUID_data__IVI_BS30_A1S1_I_contrl_+-0.15mA_285mK_191103__IVB__T_1p40K[0.000008250],0,up,2535,0.999605367008682
D4.2__Fig 2__SQUID_data__IVI_BS30_A1S1_I_contrl_+-0.15mA_285mK_191103__IVB__T_1p40K[0.000008250],1,down,5022,0.9996016729735112
D4.2__Fig 2__SQUID_data__IVI_BS30_A1S1_I_contrl_+-0.15mA_285mK_191103__IVB__T_1p40K[0.000008250],2,up,2443,1.0
D4.2__Fig 2__SQUID_data__IVI_BS30_A1S1_I_contrl_+-0.15mA_285mK_191103__IVB__T_1p40K[0.000008625],0,up,2534,0.9988156336360048
D4.2__Fig 2__SQUID_data__IVI_BS30_A1S1_I_contrl_+-0.15mA_285mK_191103__IVB__T_1p40K[0.000008625],1,down,5025,0.9992038216560509
D4.2__Fig 2__SQUID_data__IVI_BS30_A1S1_I_contrl_+-0.15mA_285mK_191103__IVB__T_1p40K[0.000008625],2,up,2441,1.0
D4.2__Fig 2__SQUID_data__IVI_BS30_A1S1_I_contrl_+-0.15mA_285mK_191103__IVB__T_1p40K[0.000009000],0,up,2535,0.9988161010260458
D4.2__Fig 2__SQUID_data__IVI_BS30_A1S1_I_contrl_+-0.15mA_285mK_191103__IVB__T_1p40K[0.000009000],1,down,5022,0.9998008364867557
D4.2__Fig 2__SQUID_data__IVI_BS30_A1S1_I_contrl_+-0.15mA_285mK_191103__IVB__T_1p40K[0.000009000],2,up,2443,1.0
D4.2__Fig 2__SQUID_data__IVI_BS30_A1S1_I_contrl_+-0.15mA_285mK_191103__IVB__T_1p40K[0.000009375],0,up,2535,0.999605367008682
D4.2__Fig 2__SQUID_data__IVI_BS30_A1S1_I_contrl_+-0.15mA_285mK_191103__IVB__T_1p40K[0.000009375],1,down,5023,0.9992035045798486
D4.2__Fig 2__SQUID_data__IVI_BS30_A1S1_I_contrl_+-0.15mA_285mK_191103__IVB__T_1p40K[0.000009375],2,up,2442,1.0
D4.2__Fig 2__SQUID_data__IVI_BS30_A1S1_I_contrl_+-0.15mA_285mK_191103__IVB__T_1p40K[0.000009750],0,up,2535,0.9992107340173638
D4.2__Fig 2__SQUID_data__IVI_BS30_A1S1_I_contrl_+-0.15mA_285mK_191103__IVB__T_1p40K[0.000009750],1,down,5022,0.9996016729735112
D4.2__Fig 2__SQUID_data__IVI_BS30_A1S1_I_contrl_+-0.15mA_285mK_191103__IVB__T_1p40K[0.000009750],2,up,2443,1.0
D4.2__Fig 2__SQUID_data__IVI_BS30_A1S1_I_contrl_+-0.15mA_285mK_191103__IVB__T_1p40K[0.000010125],0,up,2535,0.9992107340173638
D4.2__Fig 2__SQUID_data__IVI_BS30_A1S1_I_contrl_+-0.15mA_285mK_191103__IVB__T_1p40K[0.000010125],1,down,5022,0.9994025094602669
D4.2__Fig 2__SQUID_data__IVI_BS30_A1S1_I_contrl_+-0.15mA_285mK_191103__IVB__T_1p40K[0.000010125],2,up,2443,1.0
D4.2__Fig 2__SQUID_data__IVI_BS30_A1S1_I_contrl_+-0.15mA_285mK_191103__IVB__T_1p40K[0.000010500],0,up,2535,0.9992107340173638
D4.2__Fig 2__SQUID_data__IVI_BS30_A1S1_I_contrl_+-0.15mA_285mK_191103__IVB__T_1p40K[0.000010500],1,down,5022,0.9996016729735112
D4.2__Fig 2__SQUID_data__IVI_BS30_A1S1_I_contrl_+-0.15mA_285mK_191103__IVB__T_1p40K[0.000010500],2,up,2443,1.0
D4.2__Fig 2__SQUID_data__IVI_BS30_A1S1_I_contrl_+-0.15mA_285mK_191103__IVB__T_1p40K[0.000010875],0,up,2535,0.9984214680347278
D4.2__Fig 2__SQUID_data__IVI_BS30_A1S1_I_contrl_+-0.15mA_285mK_191103__IVB__T_1p40K[0.000010875],1,down,5023,0.9996017522899243
D4.2__Fig 2__SQUID_data__IVI_BS30_A1S1_I_contrl_+-0.15mA_285mK_191103__IVB__T_1p40K[0.000010875],2,up,2442,1.0
D4.2__Fig 2__SQUID_data__IVI_BS30_A1S1_I_contrl_+-0.15mA_285mK_191103__IVB__T_1p40K[0.000011250],0,up,2536,0.9992110453648915
D4.2__Fig 2__SQUID_data__IVI_BS30_A1S1_I_contrl_+-0.15mA_285mK_191103__IVB__T_1p40K[0.000011250],1,down,5021,0.999203187250996
D4.2__Fig 2__SQUID_data__IVI_BS30_A1S1_I_contrl_+-0.15mA_285mK_191103__IVB__T_1p40K[0.000011250],2,up,2443,1.0
D4.2__Fig 2__SQUID_data__IVI_BS30_A1S1_I_contrl_+-0.15mA_285mK_191103__IVB__T_1p40K[0.000011625],0,up,2536,0.998422090729783
D4.2__Fig 2__SQUID_data__IVI_BS30_A1S1_I_contrl_+-0.15mA_285mK_191103__IVB__T_1p40K[0.000011625],1,down,5021,0.999601593625498
D4.2__Fig 2__SQUID_data__IVI_BS30_A1S1_I_contrl_+-0.15mA_285mK_191103__IVB__T_1p40K[0.000011625],2,up,2443,0.9995904995904996
D4.2__Fig 2__SQUID_data__IVI_BS30_A1S1_I_contrl_+-0.15mA_285mK_191103__IVB__T_1p40K[0.000012000],0,up,2535,0.9992107340173638
D4.2__Fig 2__SQUID_data__IVI_BS30_A1S1_I_contrl_+-0.15mA_285mK_191103__IVB__T_1p40K[0.000012000],1,down,5023,0.9994026284348865
D4.2__Fig 2__SQUID_data__IVI_BS30_A1S1_I_contrl_+-0.15mA_285mK_191103__IVB__T_1p40K[0.000012000],2,up,2442,1.0
D4.2__Fig 2__SQUID_data__IVI_BS30_A1S1_I_contrl_+-0.15mA_285mK_191103__IVB__T_1p40K[0.000012375],0,up,2536,0.9988165680473373
D4.2__Fig 2__SQUID_data__IVI_BS30_A1S1_I_contrl_+-0.15mA_285mK_191103__IVB__T_1p40K[0.000012375],1,down,5021,0.999601593625498
D4.2__Fig 2__SQUID_data__IVI_BS30_A1S1_I_contrl_+-0.15mA_285mK_191103__IVB__T_1p40K[0.000012375],2,up,2443,1.0
D4.2__Fig 2__SQUID_data__IVI_BS30_A1S1_I_contrl_+-0.15mA_285mK_191103__IVB__T_1p40K[0.000012750],0,up,2534,0.9996052112120016
D4.2__Fig 2__SQUID_data__IVI_BS30_A1S1_I_contrl_+-0.15mA_285mK_191103__IVB__T_1p40K[0.000012750],1,down,5023,0.9996017522899243
D4.2__Fig 2__SQUID_data__IVI_BS30_A1S1_I_contrl_+-0.15mA_285mK_191103__IVB__T_1p40K[0.000012750],2,up,2443,0.9995904995904996
D4.2__Fig 2__SQUID_data__IVI_BS30_A1S1_I_contrl_+-0.15mA_285mK_191103__IVB__T_1p40K[0.000013125],0,up,2535,0.9988161010260458
D4.2__Fig 2__SQUID_data__IVI_BS30_A1S1_I_contrl_+-0.15mA_285mK_191103__IVB__T_1p40K[0.000013125],1,down,5022,0.9996016729735112
D4.2__Fig 2__SQUID_data__IVI_BS30_A1S1_I_contrl_+-0.15mA_285mK_191103__IVB__T_1p40K[0.000013125],2,up,2443,1.0
D4.2__Fig 2__SQUID_data__IVI_BS30_A1S1_I_contrl_+-0.15mA_285mK_191103__IVB__T_1p40K[0.000013500],0,up,2535,0.9984214680347278
D4.2__Fig 2__SQUID_data__IVI_BS30_A1S1_I_contrl_+-0.15mA_285mK_191103__IVB__T_1p40K[0.000013500],1,down,5022,0.9996016729735112
D4.2__Fig 2__SQUID_data__IVI_BS30_A1S1_I_contrl_+-0.15mA_285mK_191103__IVB__T_1p40K[0.000013500],2,up,2443,1.0
D4.2__Fig 2__SQUID_data__IVI_BS30_A1S1_I_contrl_+-0.15mA_285mK_191103__IVB__T_1p40K[0.000013875],0,up,2534,0.9992104224240032
D4.2__Fig 2__SQUID_data__IVI_BS30_A1S1_I_contrl_+-0.15mA_285mK_191103__IVB__T_1p40K[0.000013875],1,down,5023,0.9996017522899243
D4.2__Fig 2__SQUID_data__IVI_BS30_A1S1_I_contrl_+-0.15mA_285mK_191103__IVB__T_1p40K[0.000013875],2,up,2443,1.0
D4.2__Fig 2__SQUID_data__IVI_BS30_A1S1_I_contrl_+-0.15mA_285mK_191103__IVB__T_1p40K[0.000014250],0,up,2536,0.9992110453648915
D4.2__Fig 2__SQUID_data__IVI_BS30_A1S1_I_contrl_+-0.15mA_285mK_191103__IVB__T_1p40K[0.000014250],1,down,5022,0.9996016729735112
D4.2__Fig 2__SQUID_data__IVI_BS30_A1S1_I_contrl_+-0.15mA_285mK_191103__IVB__T_1p40K[0.000014250],2,up,2442,1.0
D4.2__Fig 2__SQUID_data__IVI_BS30_A1S1_I_contrl_+-0.15mA_285mK_191103__IVB__T_1p40K[0.000014625],0,up,2534,0.9992104224240032
D4.2__Fig 2__SQUID_data__IVI_BS30_A1S1_I_contrl_+-0.15mA_285mK_191103__IVB__T_1p40K[0.000014625],1,down,5024,0.9994027473621342
D4.2__Fig 2__SQUID_data__IVI_BS30_A1S1_I_contrl_+-0.15mA_285mK_191103__IVB__T_1p40K[0.000014625],2,up,2442,1.0
D4.2__Fig 2__SQUID_data__IVI_BS30_A1S1_I_contrl_+-0.15mA_285mK_191103__IVB__T_1p40K[0.000015000],0,up,2535,0.9988161010260458
D4.2__Fig 2__SQUID_data__IVI_BS30_A1S1_I_contrl_+-0.15mA_285mK_191103__IVB__T_1p40K[0.000015000],1,down,5023,0.9996017522899243
D4.2__Fig 2__SQUID_data__IVI_BS30_A1S1_I_contrl_+-0.15mA_285mK_191103__IVB__T_1p40K[0.000015000],2,up,2442,1.0
D4.2__Fig 2__SQUID_data__IVI_BS30_A1S1_I_contrl_+-0.15mA_285mK_191103__IVB__T_1p40K[0.000015375],0,up,2535,0.9988161010260458
D4.2__Fig 2__SQUID_data__IVI_BS30_A1S1_I_contrl_+-0.15mA_285mK_191103__IVB__T_1p40K[0.000015375],1,down,5023,0.9994026284348865
D4.2__Fig 2__SQUID_data__IVI_BS30_A1S1_I_contrl_+-0.15mA_285mK_191103__IVB__T_1p40K[0.000015375],2,up,2442,0.9995903318312167
D4.2__Fig 2__SQUID_data__IVI_BS30_A1S1_I_contrl_+-0.15mA_285mK_191103__IVB__T_1p40K[0.000015750],0,up,2536,0.998422090729783
D4.2__Fig 2__SQUID_data__IVI_BS30_A1S1_I_contrl_+-0.15mA_285mK_191103__IVB__T_1p40K[0.000015750],1,down,5022,0.9992033459470225
D4.2__Fig 2__SQUID_data__IVI_BS30_A1S1_I_contrl_+-0.15mA_285mK_191103__IVB__T_1p40K[0.000015750],2,up,2442,1.0
D4.2__Fig 2__SQUID_data__IVI_BS30_A1S1_I_contrl_+-0.15mA_285mK_191103__IVB__T_1p40K[0.000016125],0,up,2535,0.9992107340173638
D4.2__Fig 2__SQUID_data__IVI_BS30_A1S1_I_contrl_+-0.15mA_285mK_191103__IVB__T_1p40K[0.000016125],1,down,5023,0.9996017522899243
D4.2__Fig 2__SQUID_data__IVI_BS30_A1S1_I_contrl_+-0.15mA_285mK_191103__IVB__T_1p40K[0.000016125],2,up,2442,1.0
D4.2__Fig 2__SQUID_data__IVI_BS30_A1S1_I_contrl_+-0.15mA_285mK_191103__IVB__T_1p40K[0.000016500],0,up,2536,0.9988165680473373
D4.2__Fig 2__SQUID_data__IVI_BS30_A1S1_I_contrl_+-0.15mA_285mK_191103__IVB__T_1p40K[0.000016500],1,down,5020,0.9996015142458657
D4.2__Fig 2__SQUID_data__IVI_BS30_A1S1_I_contrl_+-0.15mA_285mK_191103__IVB__T_1p40K[0.000016500],2,up,2444,1.0
D4.2__Fig 2__SQUID_data__IVI_BS30_A1S1_I_contrl_+-0.15mA_285mK_191103__IVB__T_1p40K[0.000016875],0,up,2535,0.999605367008682
D4.2__Fig 2__SQUID_data__IVI_BS30_A1S1_I_contrl_+-0.15mA_285mK_191103__IVB__T_1p40K[0.000016875],1,down,5022,0.9996016729735112
D4.2__Fig 2__SQUID_data__IVI_BS30_A1S1_I_contrl_+-0.15mA_285mK_191103__IVB__T_1p40K[0.000016875],2,up,2443,1.0
D4.2__Fig 2__SQUID_data__IVI_BS30_A1S1_I_contrl_+-0.15mA_285mK_191103__IVB__T_1p40K[0.000017250],0,up,2535,0.9992107340173638
D4.2__Fig 2__SQUID_data__IVI_BS30_A1S1_I_contrl_+-0.15mA_285mK_191103__IVB__T_1p40K[0.000017250],1,down,5022,0.9998008364867557
D4.2__Fig 2__SQUID_data__IVI_BS30_A1S1_I_contrl_+-0.15mA_285mK_191103__IVB__T_1p40K[0.000017250],2,up,2443,1.0
D4.2__Fig 2__SQUID_data__IVI_BS30_A1S1_I_contrl_+-0.15mA_285mK_191103__IVB__T_1p40K[0.000017625],0,up,2535,0.9988161010260458
D4.2__Fig 2__SQUID_data__IVI_BS30_A1S1_I_contrl_+-0.15mA_285mK_191103__IVB__T_1p40K[0.000017625],1,down,5023,0.9994026284348865
D4.2__Fig 2__SQUID_data__IVI_BS30_A1S1_I_contrl_+-0.15mA_285mK_191103__IVB__T_1p40K[0.000017625],2,up,2442,1.0
D4.2__Fig 2__SQUID_data__IVI_BS30_A1S1_I_contrl_+-0.15mA_285mK_191103__IVB__T_1p40K[0.000018000],0,up,2535,0.999605367008682
D4.2__Fig 2__SQUID_data__IVI_BS30_A1S1_I_contrl_+-0.15mA_285mK_191103__IVB__T_1p40K[0.000018000],1,down,5023,0.9994026284348865
D4.2__Fig 2__SQUID_data__IVI_BS30_A1S1_I_contrl_+-0.15mA_285mK_191103__IVB__T_1p40K[0.000018000],2,up,2442,1.0
D4.2__Fig 2__SQUID_data__IVI_BS30_A1S1_I_contrl_+-0.15mA_285mK_191103__IVB__T_1p40K[0.000018375],0,up,2536,0.9988165680473373
D4.2__Fig 2__SQUID_data__IVI_BS30_A1S1_I_contrl_+-0.15mA_285mK_191103__IVB__T_1p40K[0.000018375],1,down,5022,0.9994025094602669
D4.2__Fig 2__SQUID_data__IVI_BS30_A1S1_I_contrl_+-0.15mA_285mK_191103__IVB__T_1p40K[0.000018375],2,up,2442,1.0
D4.2__Fig 2__SQUID_data__IVI_BS30_A1S1_I_contrl_+-0.15mA_285mK_191103__IVB__T_1p40K[0.000018750],0,up,2536,0.9992110453648915
D4.2__Fig 2__SQUID_data__IVI_BS30_A1S1_I_contrl_+-0.15mA_285mK_191103__IVB__T_1p40K[0.000018750],1,down,5021,0.999601593625498
D4.2__Fig 2__SQUID_data__IVI_BS30_A1S1_I_contrl_+-0.15mA_285mK_191103__IVB__T_1p40K[0.000018750],2,up,2443,1.0
D4.2__Fig 2__SQUID_data__IVI_BS30_A1S1_I_contrl_+-0.15mA_285mK_191103__IVB__T_1p40K[0.000019125],0,up,2536,0.9988165680473373
D4.2__Fig 2__SQUID_data__IVI_BS30_A1S1_I_contrl_+-0.15mA_285mK_191103__IVB__T_1p40K[0.000019125],1,down,5020,0.9996015142458657
D4.2__Fig 2__SQUID_data__IVI_BS30_A1S1_I_contrl_+-0.15mA_285mK_191103__IVB__T_1p40K[0.000019125],2,up,2444,1.0
D4.2__Fig 2__SQUID_data__IVI_BS30_A1S1_I_contrl_+-0.15mA_285mK_191103__IVB__T_1p40K[0.000019500],0,up,2534,0.9988156336360048
D4.2__Fig 2__SQUID_data__IVI_BS30_A1S1_I_contrl_+-0.15mA_285mK_191103__IVB__T_1p40K[0.000019500],1,down,5024,0.9994027473621342
D4.2__Fig 2__SQUID_data__IVI_BS30_A1S1_I_contrl_+-0.15mA_285mK_191103__IVB__T_1p40K[0.000019500],2,up,2442,1.0
D4.2__Fig 2__SQUID_data__IVI_BS30_A1S1_I_contrl_+-0.15mA_285mK_191103__IVB__T_1p40K[0.000019875],0,up,2535,0.9988161010260458
D4.2__Fig 2__SQUID_data__IVI_BS30_A1S1_I_contrl_+-0.15mA_285mK_191103__IVB__T_1p40K[0.000019875],1,down,5023,0.9996017522899243
D4.2__Fig 2__SQUID_data__IVI_BS30_A1S1_I_contrl_+-0.15mA_285mK_191103__IVB__T_1p40K[0.000019875],2,up,2442,1.0
D4.2__Fig 2__SQUID_data__IVI_BS30_A1S1_I_contrl_+-0.15mA_285mK_191103__IVB__T_1p40K[0.000020250],0,up,2536,0.9988165680473373
D4.2__Fig 2__SQUID_data__IVI_BS30_A1S1_I_contrl_+-0.15mA_285mK_191103__IVB__T_1p40K[0.000020250],1,down,5023,0.9992035045798486
D4.2__Fig 2__SQUID_data__IVI_BS30_A1S1_I_contrl_+-0.15mA_285mK_191103__IVB__T_1p40K[0.000020250],2,up,2441,1.0
D4.2__Fig 2__SQUID_data__IVI_BS30_A1S1_I_contrl_+-0.15mA_285mK_191103__IVB__T_1p40K[0.000020625],0,up,2535,0.9984214680347278
D4.2__Fig 2__SQUID_data__IVI_BS30_A1S1_I_contrl_+-0.15mA_285mK_191103__IVB__T_1p40K[0.000020625],1,down,5023,0.9994026284348865
D4.2__Fig 2__SQUID_data__IVI_BS30_A1S1_I_contrl_+-0.15mA_285mK_191103__IVB__T_1p40K[0.000020625],2,up,2442,1.0
D4.2__Fig 2__SQUID_data__IVI_BS30_A1S1_I_contrl_+-0.15mA_285mK_191103__IVB__T_1p40K[0.000021000],0,up,2535,0.999605367008682
D4.2__Fig 2__SQUID_data__IVI_BS30_A1S1_I_contrl_+-0.15mA_285mK_191103__IVB__T_1p40K[0.000021000],1,down,5023,0.9992035045798486
D4.2__Fig 2__SQUID_data__IVI_BS30_A1S1_I_contrl_+-0.15mA_285mK_191103__IVB__T_1p40K[0.000021000],2,up,2442,1.0
D4.2__Fig 2__SQUID_data__IVI_BS30_A1S1_I_contrl_+-0.15mA_285mK_191103__IVB__T_1p40K[0.000021375],0,up,2535,0.9988161010260458
D4.2__Fig 2__SQUID_data__IVI_BS30_A1S1_I_contrl_+-0.15mA_285mK_191103__IVB__T_1p40K[0.000021375],1,down,5023,0.9996017522899243
D4.2__Fig 2__SQUID_data__IVI_BS30_A1S1_I_contrl_+-0.15mA_285mK_191103__IVB__T_1p40K[0.000021375],2,up,2442,1.0
D4.2__Fig 2__SQUID_data__IVI_BS30_A1S1_I_contrl_+-0.15mA_285mK_191103__IVB__T_1p40K[0.000021750],0,up,2534,0.9996052112120016
D4.2__Fig 2__SQUID_data__IVI_BS30_A1S1_I_contrl_+-0.15mA_285mK_191103__IVB__T_1p40K[0.000021750],1,down,5024,0.9994027473621342
D4.2__Fig 2__SQUID_data__IVI_BS30_A1S1_I_contrl_+-0.15mA_285mK_191103__IVB__T_1p40K[0.000021750],2,up,2442,1.0
D4.2__Fig 2__SQUID_data__IVI_BS30_A1S1_I_contrl_+-0.15mA_285mK_191103__IVB__T_1p40K[0.000022125],0,up,2534,0.9992104224240032
D4.2__Fig 2__SQUID_data__IVI_BS30_A1S1_I_contrl_+-0.15mA_285mK_191103__IVB__T_1p40K[0.000022125],1,down,5024,0.9990045789368903
D4.2__Fig 2__SQUID_data__IVI_BS30_A1S1_I_contrl_+-0.15mA_285mK_191103__IVB__T_1p40K[0.000022125],2,up,2442,1.0
D4.2__Fig 2__SQUID_data__IVI_BS30_A1S1_I_contrl_+-0.15mA_285mK_191103__IVB__T_1p40K[0.000022500],0,up,2536,0.9988165680473373
D4.2__Fig 2__SQUID_data__IVI_BS30_A1S1_I_contrl_+-0.15mA_285mK_191103__IVB__T_1p40K[0.000022500],1,down,5022,0.9994025094602669
D4.2__Fig 2__SQUID_data__IVI_BS30_A1S1_I_contrl_+-0.15mA_285mK_191103__IVB__T_1p40K[0.000022500],2,up,2442,1.0
D4.2__Fig 2__SQUID_data__IVI_BS30_A1S1_I_contrl_+-0.15mA_285mK_191103__IVB__T_1p40K[0.000022875],0,up,2535,0.9992107340173638
D4.2__Fig 2__SQUID_data__IVI_BS30_A1S1_I_contrl_+-0.15mA_285mK_191103__IVB__T_1p40K[0.000022875],1,down,5023,0.9994026284348865
D4.2__Fig 2__SQUID_data__IVI_BS30_A1S1_I_contrl_+-0.15mA_285mK_191103__IVB__T_1p40K[0.000022875],2,up,2442,1.0
D4.2__Fig 2__SQUID_data__IVI_BS30_A1S1_I_contrl_+-0.15mA_285mK_191103__IVB__T_1p40K[0.000023250],0,up,2535,0.999605367008682
D4.2__Fig 2__SQUID_data__IVI_BS30_A1S1_I_contrl_+-0.15mA_285mK_191103__IVB__T_1p40K[0.000023250],1,down,5023,0.9992035045798486
D4.2__Fig 2__SQUID_data__IVI_BS30_A1S1_I_contrl_+-0.15mA_285mK_191103__IVB__T_1p40K[0.000023250],2,up,2442,1.0
D4.2__Fig 2__SQUID_data__IVI_BS30_A1S1_I_contrl_+-0.15mA_285mK_191103__IVB__T_1p40K[0.000023625],0,up,2535,0.9988161010260458
D4.2__Fig 2__SQUID_data__IVI_BS30_A1S1_I_contrl_+-0.15mA_285mK_191103__IVB__T_1p40K[0.000023625],1,down,5023,0.9996017522899243
D4.2__Fig 2__SQUID_data__IVI_BS30_A1S1_I_contrl_+-0.15mA_285mK_191103__IVB__T_1p40K[0.000023625],2,up,2442,0.9995903318312167
D4.2__Fig 2__SQUID_data__IVI_BS30_A1S1_I_contrl_+-0.15mA_285mK_191103__IVB__T_1p40K[0.000024000],0,up,2535,0.9992107340173638
D4.2__Fig 2__SQUID_data__IVI_BS30_A1S1_I_contrl_+-0.15mA_285mK_191103__IVB__T_1p40K[0.000024000],1,down,5022,0.9992033459470225
D4.2__Fig 2__SQUID_data__IVI_BS30_A1S1_I_contrl_+-0.15mA_285mK_191103__IVB__T_1p40K[0.000024000],2,up,2443,1.0
D4.2__Fig 2__SQUID_data__IVI_BS30_A1S1_I_contrl_+-0.15mA_285mK_191103__IVB__T_1p40K[0.000024375],0,up,2536,0.998422090729783
D4.2__Fig 2__SQUID_data__IVI_BS30_A1S1_I_contrl_+-0.15mA_285mK_191103__IVB__T_1p40K[0.000024375],1,down,5022,0.9994025094602669
D4.2__Fig 2__SQUID_data__IVI_BS30_A1S1_I_contrl_+-0.15mA_285mK_191103__IVB__T_1p40K[0.000024375],2,up,2442,1.0
D4.2__Fig 2__SQUID_data__IVI_BS30_A1S1_I_contrl_+-0.15mA_285mK_191103__IVB__T_1p40K[0.000024750],0,up,2535,0.9988161010260458
D4.2__Fig 2__SQUID_data__IVI_BS30_A1S1_I_contrl_+-0.15mA_285mK_191103__IVB__T_1p40K[0.000024750],1,down,5024,0.9992036631495123
D4.2__Fig 2__SQUID_data__IVI_BS30_A1S1_I_contrl_+-0.15mA_285mK_191103__IVB__T_1p40K[0.000024750],2,up,2441,1.0
D4.2__Fig 2__SQUID_data__IVI_BS30_A1S1_I_contrl_+-0.15mA_285mK_191103__IVB__T_1p40K[0.000025125],0,up,2535,0.9988161010260458
D4.2__Fig 2__SQUID_data__IVI_BS30_A1S1_I_contrl_+-0.15mA_285mK_191103__IVB__T_1p40K[0.000025125],1,down,5023,0.9992035045798486
D4.2__Fig 2__SQUID_data__IVI_BS30_A1S1_I_contrl_+-0.15mA_285mK_191103__IVB__T_1p40K[0.000025125],2,up,2442,1.0
D4.2__Fig 2__SQUID_data__IVI_BS30_A1S1_I_contrl_+-0.15mA_285mK_191103__IVB__T_1p40K[0.000025500],0,up,2534,0.9992104224240032
D4.2__Fig 2__SQUID_data__IVI_BS30_A1S1_I_contrl_+-0.15mA_285mK_191103__IVB__T_1p40K[0.000025500],1,down,5024,0.9998009157873781
D4.2__Fig 2__SQUID_data__IVI_BS30_A1S1_I_contrl_+-0.15mA_285mK_191103__IVB__T_1p40K[0.000025500],2,up,2442,1.0
D4.2__Fig 2__SQUID_data__IVI_BS30_A1S1_I_contrl_+-0.15mA_285mK_191103__IVB__T_1p40K[0.000025875],0,up,2535,0.9984214680347278
D4.2__Fig 2__SQUID_data__IVI_BS30_A1S1_I_contrl_+-0.15mA_285mK_191103__IVB__T_1p40K[0.000025875],1,down,5023,0.9996017522899243
D4.2__Fig 2__SQUID_data__IVI_BS30_A1S1_I_contrl_+-0.15mA_285mK_191103__IVB__T_1p40K[0.000025875],2,up,2442,1.0
D4.2__Fig 2__SQUID_data__IVI_BS30_A1S1_I_contrl_+-0.15mA_285mK_191103__IVB__T_1p40K[0.000026250],0,up,2535,0.9992107340173638
D4.2__Fig 2__SQUID_data__IVI_BS30_A1S1_I_contrl_+-0.15mA_285mK_191103__IVB__T_1p40K[0.000026250],1,down,5022,0.9998008364867557
D4.2__Fig 2__SQUID_data__IVI_BS30_A1S1_I_contrl_+-0.15mA_285mK_191103__IVB__T_1p40K[0.000026250],2,up,2443,1.0
D4.2__Fig 2__SQUID_data__IVI_BS30_A1S1_I_contrl_+-0.15mA_285mK_191103__IVB__T_1p40K[0.000026625],0,up,2534,0.9996052112120016
D4.2__Fig 2__SQUID_data__IVI_BS30_A1S1_I_contrl_+-0.15mA_285mK_191103__IVB__T_1p40K[0.000026625],1,down,5024,0.9996018315747561
D4.2__Fig 2__SQUID_data__IVI_BS30_A1S1_I_contrl_+-0.15mA_285mK_191103__IVB__T_1p40K[0.000026625],2,up,2442,1.0
D4.2__Fig 2__SQUID_data__IVI_BS30_A1S1_I_contrl_+-0.15mA_285mK_191103__IVB__T_1p40K[0.000027000],0,up,2535,0.9992107340173638
D4.2__Fig 2__SQUID_data__IVI_BS30_A1S1_I_contrl_+-0.15mA_285mK_191103__IVB__T_1p40K[0.000027000],1,down,5022,0.9992033459470225
D4.2__Fig 2__SQUID_data__IVI_BS30_A1S1_I_contrl_+-0.15mA_285mK_191103__IVB__T_1p40K[0.000027000],2,up,2443,1.0
D4.2__Fig 2__SQUID_data__IVI_BS30_A1S1_I_contrl_+-0.15mA_285mK_191103__IVB__T_1p40K[0.000027375],0,up,2534,0.9992104224240032
D4.2__Fig 2__SQUID_data__IVI_BS30_A1S1_I_contrl_+-0.15mA_285mK_191103__IVB__T_1p40K[0.000027375],1,down,5023,0.9998008761449622
D4.2__Fig 2__SQUID_data__IVI_BS30_A1S1_I_contrl_+-0.15mA_285mK_191103__IVB__T_1p40K[0.000027375],2,up,2443,1.0
D4.2__Fig 2__SQUID_data__IVI_BS30_A1S1_I_contrl_+-0.15mA_285mK_191103__IVB__T_1p40K[0.000027750],0,up,2536,0.9992110453648915
D4.2__Fig 2__SQUID_data__IVI_BS30_A1S1_I_contrl_+-0.15mA_285mK_191103__IVB__T_1p40K[0.000027750],1,down,5021,0.999601593625498
D4.2__Fig 2__SQUID_data__IVI_BS30_A1S1_I_contrl_+-0.15mA_285mK_191103__IVB__T_1p40K[0.000027750],2,up,2443,1.0
D4.2__Fig 2__SQUID_data__IVI_BS30_A1S1_I_contrl_+-0.15mA_285mK_191103__IVB__T_1p40K[0.000028125],0,up,2537,0.998422712933754
D4.2__Fig 2__SQUID_data__IVI_BS30_A1S1_I_contrl_+-0.15mA_285mK_191103__IVB__T_1p40K[0.000028125],1,down,5020,0.9996015142458657
D4.2__Fig 2__SQUID_data__IVI_BS30_A1S1_I_contrl_+-0.15mA_285mK_191103__IVB__T_1p40K[0.000028125],2,up,2443,1.0
D4.2__Fig 2__SQUID_data__IVI_BS30_A1S1_I_contrl_+-0.15mA_285mK_191103__IVB__T_1p40K[0.000028500],0,up,2536,0.9988165680473373
D4.2__Fig 2__SQUID_data__IVI_BS30_A1S1_I_contrl_+-0.15mA_285mK_191103__IVB__T_1p40K[0.000028500],1,down,5021,0.999402390438247
D4.2__Fig 2__SQUID_data__IVI_BS30_A1S1_I_contrl_+-0.15mA_285mK_191103__IVB__T_1p40K[0.000028500],2,up,2443,1.0
D4.2__Fig 2__SQUID_data__IVI_BS30_A1S1_I_contrl_+-0.15mA_285mK_191103__IVB__T_1p40K[0.000028875],0,up,2535,0.9992107340173638
D4.2__Fig 2__SQUID_data__IVI_BS30_A1S1_I_contrl_+-0.15mA_285mK_191103__IVB__T_1p40K[0.000028875],1,down,5023,0.9994026284348865
D4.2__Fig 2__SQUID_data__IVI_BS30_A1S1_I_contrl_+-0.15mA_285mK_191103__IVB__T_1p40K[0.000028875],2,up,2442,1.0
D4.2__Fig 2__SQUID_data__IVI_BS30_A1S1_I_contrl_+-0.15mA_285mK_191103__IVB__T_1p40K[0.000029250],0,up,2536,0.9992110453648915
D4.2__Fig 2__SQUID_data__IVI_BS30_A1S1_I_contrl_+-0.15mA_285mK_191103__IVB__T_1p40K[0.000029250],1,down,5021,0.999601593625498
D4.2__Fig 2__SQUID_data__IVI_BS30_A1S1_I_contrl_+-0.15mA_285mK_191103__IVB__T_1p40K[0.000029250],2,up,2443,1.0
D4.2__Fig 2__SQUID_data__IVI_BS30_A1S1_I_contrl_+-0.15mA_285mK_191103__IVB__T_1p40K[0.000029625],0,up,2536,0.9988165680473373
D4.2__Fig 2__SQUID_data__IVI_BS30_A1S1_I_contrl_+-0.15mA_285mK_191103__IVB__T_1p40K[0.000029625],1,down,5021,0.999402390438247
D4.2__Fig 2__SQUID_data__IVI_BS30_A1S1_I_contrl_+-0.15mA_285mK_191103__IVB__T_1p40K[0.000029625],2,up,2443,1.0
D4.2__Fig 2__SQUID_data__IVI_BS30_A1S1_I_contrl_+-0.15mA_285mK_191103__IVB__T_1p40K[0.000030000],0,up,2535,0.9992107340173638
D4.2__Fig 2__SQUID_data__IVI_BS30_A1S1_I_contrl_+-0.15mA_285mK_191103__IVB__T_1p40K[0.000030000],1,down,5023,0.9996017522899243
D4.2__Fig 2__SQUID_data__IVI_BS30_A1S1_I_contrl_+-0.15mA_285mK_191103__IVB__T_1p40K[0.000030000],2,up,2442,1.0
D4.2__Fig 2__SQUID_data__IVI_BS30_A1S1_I_contrl_+-0.15mA_285mK_191103__IVB__T_1p40K[0.000030375],0,up,2535,0.9984214680347278
D4.2__Fig 2__SQUID_data__IVI_BS30_A1S1_I_contrl_+-0.15mA_285mK_191103__IVB__T_1p40K[0.000030375],1,down,5023,0.9996017522899243
D4.2__Fig 2__SQUID_data__IVI_BS30_A1S1_I_contrl_+-0.15mA_285mK_191103__IVB__T_1p40K[0.000030375],2,up,2442,1.0
D4.2__Fig 2__SQUID_data__IVI_BS30_A1S1_I_contrl_+-0.15mA_285mK_191103__IVB__T_1p40K[0.000030750],0,up,2535,0.9992107340173638
D4.2__Fig 2__SQUID_data__IVI_BS30_A1S1_I_contrl_+-0.15mA_285mK_191103__IVB__T_1p40K[0.000030750],1,down,5022,0.9996016729735112
D4.2__Fig 2__SQUID_data__IVI_BS30_A1S1_I_contrl_+-0.15mA_285mK_191103__IVB__T_1p40K[0.000030750],2,up,2443,1.0
D4.2__Fig 2__SQUID_data__IVI_BS30_A1S1_I_contrl_+-0.15mA_285mK_191103__IVB__T_1p40K[0.000031125],0,up,2535,0.9988161010260458
D4.2__Fig 2__SQUID_data__IVI_BS30_A1S1_I_contrl_+-0.15mA_285mK_191103__IVB__T_1p40K[0.000031125],1,down,5023,0.9994026284348865
D4.2__Fig 2__SQUID_data__IVI_BS30_A1S1_I_contrl_+-0.15mA_285mK_191103__IVB__T_1p40K[0.000031125],2,up,2442,1.0
D4.2__Fig 2__SQUID_data__IVI_BS30_A1S1_I_contrl_+-0.15mA_285mK_191103__IVB__T_1p40K[0.000031500],0,up,2534,0.9988156336360048
D4.2__Fig 2__SQUID_data__IVI_BS30_A1S1_I_contrl_+-0.15mA_285mK_191103__IVB__T_1p40K[0.000031500],1,down,5024,0.9996018315747561
D4.2__Fig 2__SQUID_data__IVI_BS30_A1S1_I_contrl_+-0.15mA_285mK_191103__IVB__T_1p40K[0.000031500],2,up,2442,1.0
D4.2__Fig 2__SQUID_data__IVI_BS30_A1S1_I_contrl_+-0.15mA_285mK_191103__IVB__T_1p40K[0.000031875],0,up,2536,0.9988165680473373
D4.2__Fig 2__SQUID_data__IVI_BS30_A1S1_I_contrl_+-0.15mA_285mK_191103__IVB__T_1p40K[0.000031875],1,down,5020,0.9998007571229328
D4.2__Fig 2__SQUID_data__IVI_BS30_A1S1_I_contrl_+-0.15mA_285mK_191103__IVB__T_1p40K[0.000031875],2,up,2444,0.9995906672124437
D4.2__Fig 2__SQUID_data__IVI_BS30_A1S1_I_contrl_+-0.15mA_285mK_191103__IVB__T_1p40K[0.000032250],0,up,2536,0.9996055226824457
D4.2__Fig 2__SQUID_data__IVI_BS30_A1S1_I_contrl_+-0.15mA_285mK_191103__IVB__T_1p40K[0.000032250],1,down,5021,0.999203187250996
D4.2__Fig 2__SQUID_data__IVI_BS30_A1S1_I_contrl_+-0.15mA_285mK_191103__IVB__T_1p40K[0.000032250],2,up,2443,1.0
D4.2__Fig 2__SQUID_data__IVI_BS30_A1S1_I_contrl_+-0.15mA_285mK_191103__IVB__T_1p40K[0.000032625],0,up,2534,0.9992104224240032
D4.2__Fig 2__SQUID_data__IVI_BS30_A1S1_I_contrl_+-0.15mA_285mK_191103__IVB__T_1p40K[0.000032625],1,down,5024,0.9994027473621342
D4.2__Fig 2__SQUID_data__IVI_BS30_A1S1_I_contrl_+-0.15mA_285mK_191103__IVB__T_1p40K[0.000032625],2,up,2442,1.0
D4.2__Fig 2__SQUID_data__IVI_BS30_A1S1_I_contrl_+-0.15mA_285mK_191103__IVB__T_1p40K[0.000033000],0,up,2535,0.9988161010260458
D4.2__Fig 2__SQUID_data__IVI_BS30_A1S1_I_contrl_+-0.15mA_285mK_191103__IVB__T_1p40K[0.000033000],1,down,5022,0.9994025094602669
D4.2__Fig 2__SQUID_data__IVI_BS30_A1S1_I_contrl_+-0.15mA_285mK_191103__IVB__T_1p40K[0.000033000],2,up,2443,0.9995904995904996
D4.2__Fig 2__SQUID_data__IVI_BS30_A1S1_I_contrl_+-0.15mA_285mK_191103__IVB__T_1p40K[0.000033375],0,up,2535,0.9988161010260458
D4.2__Fig 2__SQUID_data__IVI_BS30_A1S1_I_contrl_+-0.15mA_285mK_191103__IVB__T_1p40K[0.000033375],1,down,5023,0.9996017522899243
D4.2__Fig 2__SQUID_data__IVI_BS30_A1S1_I_contrl_+-0.15mA_285mK_191103__IVB__T_1p40K[0.000033375],2,up,2442,1.0
D4.2__Fig 2__SQUID_data__IVI_BS30_A1S1_I_contrl_+-0.15mA_285mK_191103__IVB__T_1p40K[0.000033750],0,up,2535,0.9988161010260458
D4.2__Fig 2__SQUID_data__IVI_BS30_A1S1_I_contrl_+-0.15mA_285mK_191103__IVB__T_1p40K[0.000033750],1,down,5022,0.9996016729735112
D4.2__Fig 2__SQUID_data__IVI_BS30_A1S1_I_contrl_+-0.15mA_285mK_191103__IVB__T_1p40K[0.000033750],2,up,2443,1.0
D4.2__Fig 2__SQUID_data__IVI_BS30_A1S1_I_contrl_+-0.15mA_285mK_191103__IVB__T_1p40K[0.000034125],0,up,2534,0.9992104224240032
D4.2__Fig 2__SQUID_data__IVI_BS30_A1S1_I_contrl_+-0.15mA_285mK_191103__IVB__T_1p40K[0.000034125],1,down,5024,0.9996018315747561
D4.2__Fig 2__SQUID_data__IVI_BS30_A1S1_I_contrl_+-0.15mA_285mK_191103__IVB__T_1p40K[0.000034125],2,up,2442,1.0
D4.2__Fig 2__SQUID_data__IVI_BS30_A1S1_I_contrl_+-0.15mA_285mK_191103__IVB__T_1p40K[0.000034500],0,up,2534,0.9988156336360048
D4.2__Fig 2__SQUID_data__IVI_BS30_A1S1_I_contrl_+-0.15mA_285mK_191103__IVB__T_1p40K[0.000034500],1,down,5023,0.9998008761449622
D4.2__Fig 2__SQUID_data__IVI_BS30_A1S1_I_contrl_+-0.15mA_285mK_191103__IVB__T_1p40K[0.000034500],2,up,2443,1.0
D4.2__Fig 2__SQUID_data__IVI_BS30_A1S1_I_contrl_+-0.15mA_285mK_191103__IVB__T_1p40K[0.000034875],0,up,2534,0.9996052112120016
D4.2__Fig 2__SQUID_data__IVI_BS30_A1S1_I_contrl_+-0.15mA_285mK_191103__IVB__T_1p40K[0.000034875],1,down,5023,0.9994026284348865
D4.2__Fig 2__SQUID_data__IVI_BS30_A1S1_I_contrl_+-0.15mA_285mK_191103__IVB__T_1p40K[0.000034875],2,up,2443,1.0
D4.2__Fig 2__SQUID_data__IVI_BS30_A1S1_I_contrl_+-0.15mA_285mK_191103__IVB__T_1p40K[0.000035250],0,up,2535,0.9988161010260458
D4.2__Fig 2__SQUID_data__IVI_BS30_A1S1_I_contrl_+-0.15mA_285mK_191103__IVB__T_1p40K[0.000035250],1,down,5024,0.9994027473621342
D4.2__Fig 2__SQUID_data__IVI_BS30_A1S1_I_contrl_+-0.15mA_285mK_191103__IVB__T_1p40K[0.000035250],2,up,2441,1.0
D4.2__Fig 2__SQUID_data__IVI_BS30_A1S1_I_contrl_+-0.15mA_285mK_191103__IVB__T_1p40K[0.000035625],0,up,2536,0.9988165680473373
D4.2__Fig 2__SQUID_data__IVI_BS30_A1S1_I_contrl_+-0.15mA_285mK_191103__IVB__T_1p40K[0.000035625],1,down,5021,0.999402390438247
D4.2__Fig 2__SQUID_data__IVI_BS30_A1S1_I_contrl_+-0.15mA_285mK_191103__IVB__T_1p40K[0.000035625],2,up,2443,1.0
D4.2__Fig 2__SQUID_data__IVI_BS30_A1S1_I_contrl_+-0.15mA_285mK_191103__IVB__T_1p40K[0.000036000],0,up,2535,0.9992107340173638
D4.2__Fig 2__SQUID_data__IVI_BS30_A1S1_I_contrl_+-0.15mA_285mK_191103__IVB__T_1p40K[0.000036000],1,down,5022,0.9996016729735112
D4.2__Fig 2__SQUID_data__IVI_BS30_A1S1_I_contrl_+-0.15mA_285mK_191103__IVB__T_1p40K[0.000036000],2,up,2443,1.0
D4.2__Fig 2__SQUID_data__IVI_BS30_A1S1_I_contrl_+-0.15mA_285mK_191103__IVB__T_1p40K[0.000036375],0,up,2534,0.9992104224240032
D4.2__Fig 2__SQUID_data__IVI_BS30_A1S1_I_contrl_+-0.15mA_285mK_191103__IVB__T_1p40K[0.000036375],1,down,5024,0.9994027473621342
D4.2__Fig 2__SQUID_data__IVI_BS30_A1S1_I_contrl_+-0.15mA_285mK_191103__IVB__T_1p40K[0.000036375],2,up,2442,1.0
D4.2__Fig 2__SQUID_data__IVI_BS30_A1S1_I_contrl_+-0.15mA_285mK_191103__IVB__T_1p40K[0.000036750],0,up,2534,0.9992104224240032
D4.2__Fig 2__SQUID_data__IVI_BS30_A1S1_I_contrl_+-0.15mA_285mK_191103__IVB__T_1p40K[0.000036750],1,down,5024,0.9994027473621342
D4.2__Fig 2__SQUID_data__IVI_BS30_A1S1_I_contrl_+-0.15mA_285mK_191103__IVB__T_1p40K[0.000036750],2,up,2442,0.9995903318312167
D4.2__Fig 2__SQUID_data__IVI_BS30_A1S1_I_contrl_+-0.15mA_285mK_191103__IVB__T_1p40K[0.000037125],0,up,2535,0.9988161010260458
D4.2__Fig 2__SQUID_data__IVI_BS30_A1S1_I_contrl_+-0.15mA_285mK_191103__IVB__T_1p40K[0.000037125],1,down,5023,0.9994026284348865
D4.2__Fig 2__SQUID_data__IVI_BS30_A1S1_I_contrl_+-0.15mA_285mK_191103__IVB__T_1p40K[0.000037125],2,up,2442,1.0
D4.2__Fig 2__SQUID_data__IVI_BS30_A1S1_I_contrl_+-0.15mA_285mK_191103__IVB__T_1p40K[0.000037500],0,up,2535,0.9992107340173638
D4.2__Fig 2__SQUID_data__IVI_BS30_A1S1_I_contrl_+-0.15mA_285mK_191103__IVB__T_1p40K[0.000037500],1,down,5022,0.9994025094602669
D4.2__Fig 2__SQUID_data__IVI_BS30_A1S1_I_contrl_+-0.15mA_285mK_191103__IVB__T_1p40K[0.000037500],2,up,2443,1.0
D4.2__Fig 2__SQUID_data__IVI_BS30_A1S1_I_contrl_+-0.15mA_285mK_191103__IVB__T_1p40K[0.000037875],0,up,2534,0.9992104224240032
D4.2__Fig 2__SQUID_data__IVI_BS30_A1S1_I_contrl_+-0.15mA_285mK_191103__IVB__T_1p40K[0.000037875],1,down,5023,0.9994026284348865
D4.2__Fig 2__SQUID_data__IVI_BS30_A1S1_I_contrl_+-0.15mA_285mK_191103__IVB__T_1p40K[0.000037875],2,up,2443,1.0
D4.2__Fig 2__SQUID_data__IVI_BS30_A1S1_I_contrl_+-0.15mA_285mK_191103__IVB__T_1p40K[0.000038250],0,up,2534,0.9992104224240032
D4.2__Fig 2__SQUID_data__IVI_BS30_A1S1_I_contrl_+-0.15mA_285mK_191103__IVB__T_1p40K[0.000038250],1,down,5024,0.9994027473621342
D4.2__Fig 2__SQUID_data__IVI_BS30_A1S1_I_contrl_+-0.15mA_285mK_191103__IVB__T_1p40K[0.000038250],2,up,2442,1.0
D4.2__Fig 2__SQUID_data__IVI_BS30_A1S1_I_contrl_+-0.15mA_285mK_191103__IVB__T_1p40K[0.000038625],0,up,2534,0.9992104224240032
D4.2__Fig 2__SQUID_data__IVI_BS30_A1S1_I_contrl_+-0.15mA_285mK_191103__IVB__T_1p40K[0.000038625],1,down,5024,0.9994027473621342
D4.2__Fig 2__SQUID_data__IVI_BS30_A1S1_I_contrl_+-0.15mA_285mK_191103__IVB__T_1p40K[0.000038625],2,up,2442,1.0
D4.2__Fig 2__SQUID_data__IVI_BS30_A1S1_I_contrl_+-0.15mA_285mK_191103__IVB__T_1p40K[0.000039000],0,up,2534,0.9988156336360048
D4.2__Fig 2__SQUID_data__IVI_BS30_A1S1_I_contrl_+-0.15mA_285mK_191103__IVB__T_1p40K[0.000039000],1,down,5025,0.9990047770700637
D4.2__Fig 2__SQUID_data__IVI_BS30_A1S1_I_contrl_+-0.15mA_285mK_191103__IVB__T_1p40K[0.000039000],2,up,2441,1.0
D4.2__Fig 2__SQUID_data__IVI_BS30_A1S1_I_contrl_+-0.15mA_285mK_191103__IVB__T_1p40K[0.000039375],0,up,2535,0.9992107340173638
D4.2__Fig 2__SQUID_data__IVI_BS30_A1S1_I_contrl_+-0.15mA_285mK_191103__IVB__T_1p40K[0.000039375],1,down,5023,0.9994026284348865
D4.2__Fig 2__SQUID_data__IVI_BS30_A1S1_I_contrl_+-0.15mA_285mK_191103__IVB__T_1p40K[0.000039375],2,up,2442,1.0
D4.2__Fig 2__SQUID_data__IVI_BS30_A1S1_I_contrl_+-0.15mA_285mK_191103__IVB__T_1p40K[0.000039750],0,up,2535,0.9992107340173638
D4.2__Fig 2__SQUID_data__IVI_BS30_A1S1_I_contrl_+-0.15mA_285mK_191103__IVB__T_1p40K[0.000039750],1,down,5023,0.9992035045798486
D4.2__Fig 2__SQUID_data__IVI_BS30_A1S1_I_contrl_+-0.15mA_285mK_191103__IVB__T_1p40K[0.000039750],2,up,2442,1.0
D4.2__Fig 2__SQUID_data__IVI_BS30_A1S1_I_contrl_+-0.15mA_285mK_191103__IVB__T_1p40K[0.000040125],0,up,2534,0.9992104224240032
D4.2__Fig 2__SQUID_data__IVI_BS30_A1S1_I_contrl_+-0.15mA_285mK_191103__IVB__T_1p40K[0.000040125],1,down,5024,0.9996018315747561
D4.2__Fig 2__SQUID_data__IVI_BS30_A1S1_I_contrl_+-0.15mA_285mK_191103__IVB__T_1p40K[0.000040125],2,up,2442,0.9995903318312167
D4.2__Fig 2__SQUID_data__IVI_BS30_A1S1_I_contrl_+-0.15mA_285mK_191103__IVB__T_1p40K[0.000040500],0,up,2535,0.9988161010260458
D4.2__Fig 2__SQUID_data__IVI_BS30_A1S1_I_contrl_+-0.15mA_285mK_191103__IVB__T_1p40K[0.000040500],1,down,5023,0.9994026284348865
D4.2__Fig 2__SQUID_data__IVI_BS30_A1S1_I_contrl_+-0.15mA_285mK_191103__IVB__T_1p40K[0.000040500],2,up,2442,0.9995903318312167
D4.2__Fig 2__SQUID_data__IVI_BS30_A1S1_I_contrl_+-0.15mA_285mK_191103__IVB__T_1p40K[0.000040875],0,up,2535,0.9988161010260458
D4.2__Fig 2__SQUID_data__IVI_BS30_A1S1_I_contrl_+-0.15mA_285mK_191103__IVB__T_1p40K[0.000040875],1,down,5023,0.9996017522899243
D4.2__Fig 2__SQUID_data__IVI_BS30_A1S1_I_contrl_+-0.15mA_285mK_191103__IVB__T_1p40K[0.000040875],2,up,2442,1.0
D4.2__Fig 2__SQUID_data__IVI_BS30_A1S1_I_contrl_+-0.15mA_285mK_191103__IVB__T_1p40K[0.000041250],0,up,2534,0.9988156336360048
D4.2__Fig 2__SQUID_data__IVI_BS30_A1S1_I_contrl_+-0.15mA_285mK_191103__IVB__T_1p40K[0.000041250],1,down,5024,0.9994027473621342
D4.2__Fig 2__SQUID_data__IVI_BS30_A1S1_I_contrl_+-0.15mA_285mK_191103__IVB__T_1p40K[0.000041250],2,up,2442,1.0
D4.2__Fig 2__SQUID_data__IVI_BS30_A1S1_I_contrl_+-0.15mA_285mK_191103__IVB__T_1p40K[0.000041625],0,up,2535,0.9992107340173638
D4.2__Fig 2__SQUID_data__IVI_BS30_A1S1_I_contrl_+-0.15mA_285mK_191103__IVB__T_1p40K[0.000041625],1,down,5022,0.9996016729735112
D4.2__Fig 2__SQUID_data__IVI_BS30_A1S1_I_contrl_+-0.15mA_285mK_191103__IVB__T_1p40K[0.000041625],2,up,2443,1.0
D4.2__Fig 2__SQUID_data__IVI_BS30_A1S1_I_contrl_+-0.15mA_285mK_191103__IVB__T_1p40K[0.000042000],0,up,2534,0.9996052112120016
D4.2__Fig 2__SQUID_data__IVI_BS30_A1S1_I_contrl_+-0.15mA_285mK_191103__IVB__T_1p40K[0.000042000],1,down,5023,0.9996017522899243
D4.2__Fig 2__SQUID_data__IVI_BS30_A1S1_I_contrl_+-0.15mA_285mK_191103__IVB__T_1p40K[0.000042000],2,up,2443,1.0
D4.2__Fig 2__SQUID_data__IVI_BS30_A1S1_I_contrl_+-0.15mA_285mK_191103__IVB__T_1p40K[0.000042375],0,up,2534,0.9992104224240032
D4.2__Fig 2__SQUID_data__IVI_BS30_A1S1_I_contrl_+-0.15mA_285mK_191103__IVB__T_1p40K[0.000042375],1,down,5024,0.9996018315747561
D4.2__Fig 2__SQUID_data__IVI_BS30_A1S1_I_contrl_+-0.15mA_285mK_191103__IVB__T_1p40K[0.000042375],2,up,2442,1.0
D4.2__Fig 2__SQUID_data__IVI_BS30_A1S1_I_contrl_+-0.15mA_285mK_191103__IVB__T_1p40K[0.000042750],0,up,2535,0.9992107340173638
D4.2__Fig 2__SQUID_data__IVI_BS30_A1S1_I_contrl_+-0.15mA_285mK_191103__IVB__T_1p40K[0.000042750],1,down,5023,0.9994026284348865
D4.2__Fig 2__SQUID_data__IVI_BS30_A1S1_I_contrl_+-0.15mA_285mK_191103__IVB__T_1p40K[0.000042750],2,up,2442,1.0
D4.2__Fig 2__SQUID_data__IVI_BS30_A1S1_I_contrl_+-0.15mA_285mK_191103__IVB__T_1p40K[0.000043125],0,up,2535,0.9992107340173638
D4.2__Fig 2__SQUID_data__IVI_BS30_A1S1_I_contrl_+-0.15mA_285mK_191103__IVB__T_1p40K[0.000043125],1,down,5022,0.9996016729735112
D4.2__Fig 2__SQUID_data__IVI_BS30_A1S1_I_contrl_+-0.15mA_285mK_191103__IVB__T_1p40K[0.000043125],2,up,2443,1.0
D4.2__Fig 2__SQUID_data__IVI_BS30_A1S1_I_contrl_+-0.15mA_285mK_191103__IVB__T_1p40K[0.000043500],0,up,2535,0.9992107340173638
D4.2__Fig 2__SQUID_data__IVI_BS30_A1S1_I_contrl_+-0.15mA_285mK_191103__IVB__T_1p40K[0.000043500],1,down,5023,0.9992035045798486
D4.2__Fig 2__SQUID_data__IVI_BS30_A1S1_I_contrl_+-0.15mA_285mK_191103__IVB__T_1p40K[0.000043500],2,up,2442,1.0
D4.2__Fig 2__SQUID_data__IVI_BS30_A1S1_I_contrl_+-0.15mA_285mK_191103__IVB__T_1p40K[0.000043875],0,up,2534,0.9992104224240032
D4.2__Fig 2__SQUID_data__IVI_BS30_A1S1_I_contrl_+-0.15mA_285mK_191103__IVB__T_1p40K[0.000043875],1,down,5024,0.9994027473621342
D4.2__Fig 2__SQUID_data__IVI_BS30_A1S1_I_contrl_+-0.15mA_285mK_191103__IVB__T_1p40K[0.000043875],2,up,2442,1.0
D4.2__Fig 2__SQUID_data__IVI_BS30_A1S1_I_contrl_+-0.15mA_285mK_191103__IVB__T_1p40K[0.000044250],0,up,2535,0.9992107340173638
D4.2__Fig 2__SQUID_data__IVI_BS30_A1S1_I_contrl_+-0.15mA_285mK_191103__IVB__T_1p40K[0.000044250],1,down,5021,0.999601593625498
D4.2__Fig 2__SQUID_data__IVI_BS30_A1S1_I_contrl_+-0.15mA_285mK_191103__IVB__T_1p40K[0.000044250],2,up,2444,1.0
D4.2__Fig 2__SQUID_data__IVI_BS30_A1S1_I_contrl_+-0.15mA_285mK_191103__IVB__T_1p40K[0.000044625],0,up,2535,0.9992107340173638
D4.2__Fig 2__SQUID_data__IVI_BS30_A1S1_I_contrl_+-0.15mA_285mK_191103__IVB__T_1p40K[0.000044625],1,down,5022,0.9996016729735112
D4.2__Fig 2__SQUID_data__IVI_BS30_A1S1_I_contrl_+-0.15mA_285mK_191103__IVB__T_1p40K[0.000044625],2,up,2443,1.0
D4.2__Fig 2__SQUID_data__IVI_BS30_A1S1_I_contrl_+-0.15mA_285mK_191103__IVB__T_1p40K[0.000045000],0,up,2533,0.9992101105845181
D4.2__Fig 2__SQUID_data__IVI_BS30_A1S1_I_contrl_+-0.15mA_285mK_191103__IVB__T_1p40K[0.000045000],1,down,5025,0.9996019108280255
D4.2__Fig 2__SQUID_data__IVI_BS30_A1S1_I_contrl_+-0.15mA_285mK_191103__IVB__T_1p40K[0.000045000],2,up,2442,1.0
D4.2__Fig 2__SQUID_data__IVI_BS30_A1S1_I_contrl_+-0.15mA_285mK_191103__IVB__T_1p40K[0.000045375],0,up,2534,0.9992104224240032
D4.2__Fig 2__SQUID_data__IVI_BS30_A1S1_I_contrl_+-0.15mA_285mK_191103__IVB__T_1p40K[0.000045375],1,down,5024,0.9998009157873781
D4.2__Fig 2__SQUID_data__IVI_BS30_A1S1_I_contrl_+-0.15mA_285mK_191103__IVB__T_1p40K[0.000045375],2,up,2442,1.0
D4.2__Fig 2__SQUID_data__IVI_BS30_A1S1_I_contrl_+-0.15mA_285mK_191103__IVB__T_1p40K[0.000045750],0,up,2535,0.9988161010260458
D4.2__Fig 2__SQUID_data__IVI_BS30_A1S1_I_contrl_+-0.15mA_285mK_191103__IVB__T_1p40K[0.000045750],1,down,5024,0.9996018315747561
D4.2__Fig 2__SQUID_data__IVI_BS30_A1S1_I_contrl_+-0.15mA_285mK_191103__IVB__T_1p40K[0.000045750],2,up,2441,1.0
D4.2__Fig 2__SQUID_data__IVI_BS30_A1S1_I_contrl_+-0.15mA_285mK_191103__IVB__T_1p40K[0.000046125],0,up,2534,0.9988156336360048
D4.2__Fig 2__SQUID_data__IVI_BS30_A1S1_I_contrl_+-0.15mA_285mK_191103__IVB__T_1p40K[0.000046125],1,down,5024,0.9992036631495123
D4.2__Fig 2__SQUID_data__IVI_BS30_A1S1_I_contrl_+-0.15mA_285mK_191103__IVB__T_1p40K[0.000046125],2,up,2442,1.0
D4.2__Fig 2__SQUID_data__IVI_BS30_A1S1_I_contrl_+-0.15mA_285mK_191103__IVB__T_1p40K[0.000046500],0,up,2534,0.9992104224240032
D4.2__Fig 2__SQUID_data__IVI_BS30_A1S1_I_contrl_+-0.15mA_285mK_191103__IVB__T_1p40K[0.000046500],1,down,5025,0.9998009554140127
D4.2__Fig 2__SQUID_data__IVI_BS30_A1S1_I_contrl_+-0.15mA_285mK_191103__IVB__T_1p40K[0.000046500],2,up,2441,1.0
D4.2__Fig 2__SQUID_data__IVI_BS30_A1S1_I_contrl_+-0.15mA_285mK_191103__IVB__T_1p40K[0.000046875],0,up,2535,0.999605367008682
D4.2__Fig 2__SQUID_data__IVI_BS30_A1S1_I_contrl_+-0.15mA_285mK_191103__IVB__T_1p40K[0.000046875],1,down,5023,0.9994026284348865
D4.2__Fig 2__SQUID_data__IVI_BS30_A1S1_I_contrl_+-0.15mA_285mK_191103__IVB__T_1p40K[0.000046875],2,up,2442,1.0
D4.2__Fig 2__SQUID_data__IVI_BS30_A1S1_I_contrl_+-0.15mA_285mK_191103__IVB__T_1p40K[0.000047250],0,up,2535,0.9988161010260458
D4.2__Fig 2__SQUID_data__IVI_BS30_A1S1_I_contrl_+-0.15mA_285mK_191103__IVB__T_1p40K[0.000047250],1,down,5022,0.9994025094602669
D4.2__Fig 2__SQUID_data__IVI_BS30_A1S1_I_contrl_+-0.15mA_285mK_191103__IVB__T_1p40K[0.000047250],2,up,2443,1.0
D4.2__Fig 2__SQUID_data__IVI_BS30_A1S1_I_contrl_+-0.15mA_285mK_191103__IVB__T_1p40K[0.000047625],0,up,2535,0.9988161010260458
D4.2__Fig 2__SQUID_data__IVI_BS30_A1S1_I_contrl_+-0.15mA_285mK_191103__IVB__T_1p40K[0.000047625],1,down,5023,0.9996017522899243
D4.2__Fig 2__SQUID_data__IVI_BS30_A1S1_I_contrl_+-0.15mA_285mK_191103__IVB__T_1p40K[0.000047625],2,up,2442,0.9995903318312167
D4.2__Fig 2__SQUID_data__IVI_BS30_A1S1_I_contrl_+-0.15mA_285mK_191103__IVB__T_1p40K[0.000048000],0,up,2535,0.9992107340173638
D4.2__Fig 2__SQUID_data__IVI_BS30_A1S1_I_contrl_+-0.15mA_285mK_191103__IVB__T_1p40K[0.000048000],1,down,5023,0.9992035045798486
D4.2__Fig 2__SQUID_data__IVI_BS30_A1S1_I_contrl_+-0.15mA_285mK_191103__IVB__T_1p40K[0.000048000],2,up,2442,1.0
D4.2__Fig 2__SQUID_data__IVI_BS30_A1S1_I_contrl_+-0.15mA_285mK_191103__IVB__T_1p40K[0.000048375],0,up,2535,0.9988161010260458
D4.2__Fig 2__SQUID_data__IVI_BS30_A1S1_I_contrl_+-0.15mA_285mK_191103__IVB__T_1p40K[0.000048375],1,down,5023,0.9996017522899243
D4.2__Fig 2__SQUID_data__IVI_BS30_A1S1_I_contrl_+-0.15mA_285mK_191103__IVB__T_1p40K[0.000048375],2,up,2442,1.0
D4.2__Fig 2__SQUID_data__IVI_BS30_A1S1_I_contrl_+-0.15mA_285mK_191103__IVB__T_1p40K[0.000048750],0,up,2535,0.9992107340173638
D4.2__Fig 2__SQUID_data__IVI_BS30_A1S1_I_contrl_+-0.15mA_285mK_191103__IVB__T_1p40K[0.000048750],1,down,5022,0.9998008364867557
D4.2__Fig 2__SQUID_data__IVI_BS30_A1S1_I_contrl_+-0.15mA_285mK_191103__IVB__T_1p40K[0.000048750],2,up,2443,1.0
D4.2__Fig 2__SQUID_data__IVI_BS30_A1S1_I_contrl_+-0.15mA_285mK_191103__IVB__T_1p40K[0.000049125],0,up,2534,0.9984208448480063
D4.2__Fig 2__SQUID_data__IVI_BS30_A1S1_I_contrl_+-0.15mA_285mK_191103__IVB__T_1p40K[0.000049125],1,down,5024,0.9994027473621342
D4.2__Fig 2__SQUID_data__IVI_BS30_A1S1_I_contrl_+-0.15mA_285mK_191103__IVB__T_1p40K[0.000049125],2,up,2442,1.0
D4.2__Fig 2__SQUID_data__IVI_BS30_A1S1_I_contrl_+-0.15mA_285mK_191103__IVB__T_1p40K[0.000049500],0,up,2534,0.9984208448480063
D4.2__Fig 2__SQUID_data__IVI_BS30_A1S1_I_contrl_+-0.15mA_285mK_191103__IVB__T_1p40K[0.000049500],1,down,5025,0.9994028662420382
D4.2__Fig 2__SQUID_data__IVI_BS30_A1S1_I_contrl_+-0.15mA_285mK_191103__IVB__T_1p40K[0.000049500],2,up,2441,1.0
D4.2__Fig 2__SQUID_data__IVI_BS30_A1S1_I_contrl_+-0.15mA_285mK_191103__IVB__T_1p40K[0.000049875],0,up,2535,0.9992107340173638
D4.2__Fig 2__SQUID_data__IVI_BS30_A1S1_I_contrl_+-0.15mA_285mK_191103__IVB__T_1p40K[0.000049875],1,down,5023,0.9994026284348865
D4.2__Fig 2__SQUID_data__IVI_BS30_A1S1_I_contrl_+-0.15mA_285mK_191103__IVB__T_1p40K[0.000049875],2,up,2442,1.0
D4.2__Fig 2__SQUID_data__IVI_BS30_A1S1_I_contrl_+-0.15mA_285mK_191103__IVB__T_1p40K[0.000050250],0,up,2534,0.9988156336360048
D4.2__Fig 2__SQUID_data__IVI_BS30_A1S1_I_contrl_+-0.15mA_285mK_191103__IVB__T_1p40K[0.000050250],1,down,5023,0.9996017522899243
D4.2__Fig 2__SQUID_data__IVI_BS30_A1S1_I_contrl_+-0.15mA_285mK_191103__IVB__T_1p40K[0.000050250],2,up,2443,1.0
D4.2__Fig 2__SQUID_data__IVI_BS30_A1S1_I_contrl_+-0.15mA_285mK_191103__IVB__T_1p40K[0.000050625],0,up,2535,0.999605367008682
D4.2__Fig 2__SQUID_data__IVI_BS30_A1S1_I_contrl_+-0.15mA_285mK_191103__IVB__T_1p40K[0.000050625],1,down,5023,0.9996017522899243
D4.2__Fig 2__SQUID_data__IVI_BS30_A1S1_I_contrl_+-0.15mA_285mK_191103__IVB__T_1p40K[0.000050625],2,up,2442,1.0
D4.2__Fig 2__SQUID_data__IVI_BS30_A1S1_I_contrl_+-0.15mA_285mK_191103__IVB__T_1p40K[0.000051000],0,up,2535,0.9988161010260458
D4.2__Fig 2__SQUID_data__IVI_BS30_A1S1_I_contrl_+-0.15mA_285mK_191103__IVB__T_1p40K[0.000051000],1,down,5023,0.9994026284348865
D4.2__Fig 2__SQUID_data__IVI_BS30_A1S1_I_contrl_+-0.15mA_285mK_191103__IVB__T_1p40K[0.000051000],2,up,2442,1.0
D4.2__Fig 2__SQUID_data__IVI_BS30_A1S1_I_contrl_+-0.15mA_285mK_191103__IVB__T_1p40K[0.000051375],0,up,2536,0.9988165680473373
D4.2__Fig 2__SQUID_data__IVI_BS30_A1S1_I_contrl_+-0.15mA_285mK_191103__IVB__T_1p40K[0.000051375],1,down,5023,0.9992035045798486
D4.2__Fig 2__SQUID_data__IVI_BS30_A1S1_I_contrl_+-0.15mA_285mK_191103__IVB__T_1p40K[0.000051375],2,up,2441,1.0
D4.2__Fig 2__SQUID_data__IVI_BS30_A1S1_I_contrl_+-0.15mA_285mK_191103__IVB__T_1p40K[0.000051750],0,up,2536,0.9992110453648915
D4.2__Fig 2__SQUID_data__IVI_BS30_A1S1_I_contrl_+-0.15mA_285mK_191103__IVB__T_1p40K[0.000051750],1,down,5021,0.999402390438247
D4.2__Fig 2__SQUID_data__IVI_BS30_A1S1_I_contrl_+-0.15mA_285mK_191103__IVB__T_1p40K[0.000051750],2,up,2443,1.0
D4.2__Fig 2__SQUID_data__IVI_BS30_A1S1_I_contrl_+-0.15mA_285mK_191103__IVB__T_1p40K[0.000052125],0,up,2535,0.9992107340173638
D4.2__Fig 2__SQUID_data__IVI_BS30_A1S1_I_contrl_+-0.15mA_285mK_191103__IVB__T_1p40K[0.000052125],1,down,5023,0.9994026284348865
D4.2__Fig 2__SQUID_data__IVI_BS30_A1S1_I_contrl_+-0.15mA_285mK_191103__IVB__T_1p40K[0.000052125],2,up,2442,1.0
D4.2__Fig 2__SQUID_data__IVI_BS30_A1S1_I_contrl_+-0.15mA_285mK_191103__IVB__T_1p40K[0.000052500],0,up,2534,0.9992104224240032
D4.2__Fig 2__SQUID_data__IVI_BS30_A1S1_I_contrl_+-0.15mA_285mK_191103__IVB__T_1p40K[0.000052500],1,down,5023,0.9998008761449622
D4.2__Fig 2__SQUID_data__IVI_BS30_A1S1_I_contrl_+-0.15mA_285mK_191103__IVB__T_1p40K[0.000052500],2,up,2443,1.0
D4.2__Fig 2__SQUID_data__IVI_BS30_A1S1_I_contrl_+-0.15mA_285mK_191103__IVB__T_1p40K[0.000052875],0,up,2534,0.9992104224240032
D4.2__Fig 2__SQUID_data__IVI_BS30_A1S1_I_contrl_+-0.15mA_285mK_191103__IVB__T_1p40K[0.000052875],1,down,5023,0.9994026284348865
D4.2__Fig 2__SQUID_data__IVI_BS30_A1S1_I_contrl_+-0.15mA_285mK_191103__IVB__T_1p40K[0.000052875],2,up,2443,1.0
D4.2__Fig 2__SQUID_data__IVI_BS30_A1S1_I_contrl_+-0.15mA_285mK_191103__IVB__T_1p40K[0.000053250],0,up,2534,0.9988156336360048
D4.2__Fig 2__SQUID_data__IVI_BS30_A1S1_I_contrl_+-0.15mA_285mK_191103__IVB__T_1p40K[0.000053250],1,down,5025,0.9994028662420382
D4.2__Fig 2__SQUID_data__IVI_BS30_A1S1_I_contrl_+-0.15mA_285mK_191103__IVB__T_1p40K[0.000053250],2,up,2441,1.0
D4.2__Fig 2__SQUID_data__IVI_BS30_A1S1_I_contrl_+-0.15mA_285mK_191103__IVB__T_1p40K[0.000053625],0,up,2535,0.999605367008682
D4.2__Fig 2__SQUID_data__IVI_BS30_A1S1_I_contrl_+-0.15mA_285mK_191103__IVB__T_1p40K[0.000053625],1,down,5022,0.9992033459470225
D4.2__Fig 2__SQUID_data__IVI_BS30_A1S1_I_contrl_+-0.15mA_285mK_191103__IVB__T_1p40K[0.000053625],2,up,2443,1.0
D4.2__Fig 2__SQUID_data__IVI_BS30_A1S1_I_contrl_+-0.15mA_285mK_191103__IVB__T_1p40K[0.000054000],0,up,2534,0.9992104224240032
D4.2__Fig 2__SQUID_data__IVI_BS30_A1S1_I_contrl_+-0.15mA_285mK_191103__IVB__T_1p40K[0.000054000],1,down,5023,0.9992035045798486
D4.2__Fig 2__SQUID_data__IVI_BS30_A1S1_I_contrl_+-0.15mA_285mK_191103__IVB__T_1p40K[0.000054000],2,up,2443,1.0
D4.2__Fig 2__SQUID_data__IVI_BS30_A1S1_I_contrl_+-0.15mA_285mK_191103__IVB__T_1p40K[0.000054375],0,up,2536,0.9988165680473373
D4.2__Fig 2__SQUID_data__IVI_BS30_A1S1_I_contrl_+-0.15mA_285mK_191103__IVB__T_1p40K[0.000054375],1,down,5021,0.999601593625498
D4.2__Fig 2__SQUID_data__IVI_BS30_A1S1_I_contrl_+-0.15mA_285mK_191103__IVB__T_1p40K[0.000054375],2,up,2443,1.0
D4.2__Fig 2__SQUID_data__IVI_BS30_A1S1_I_contrl_+-0.15mA_285mK_191103__IVB__T_1p40K[0.000054750],0,up,2536,0.9988165680473373
D4.2__Fig 2__SQUID_data__IVI_BS30_A1S1_I_contrl_+-0.15mA_285mK_191103__IVB__T_1p40K[0.000054750],1,down,5021,0.999601593625498
D4.2__Fig 2__SQUID_data__IVI_BS30_A1S1_I_contrl_+-0.15mA_285mK_191103__IVB__T_1p40K[0.000054750],2,up,2443,1.0
D4.2__Fig 2__SQUID_data__IVI_BS30_A1S1_I_contrl_+-0.15mA_285mK_191103__IVB__T_1p40K[0.000055125],0,up,2534,0.9992104224240032
D4.2__Fig 2__SQUID_data__IVI_BS30_A1S1_I_contrl_+-0.15mA_285mK_191103__IVB__T_1p40K[0.000055125],1,down,5024,0.9996018315747561
D4.2__Fig 2__SQUID_data__IVI_BS30_A1S1_I_contrl_+-0.15mA_285mK_191103__IVB__T_1p40K[0.000055125],2,up,2442,0.9995903318312167
D4.2__Fig 2__SQUID_data__IVI_BS30_A1S1_I_contrl_+-0.15mA_285mK_191103__IVB__T_1p40K[0.000055500],0,up,2534,0.9996052112120016
D4.2__Fig 2__SQUID_data__IVI_BS30_A1S1_I_contrl_+-0.15mA_285mK_191103__IVB__T_1p40K[0.000055500],1,down,5024,0.9996018315747561
D4.2__Fig 2__SQUID_data__IVI_BS30_A1S1_I_contrl_+-0.15mA_285mK_191103__IVB__T_1p40K[0.000055500],2,up,2442,0.9995903318312167
D4.2__Fig 2__SQUID_data__IVI_BS30_A1S1_I_contrl_+-0.15mA_285mK_191103__IVB__T_1p40K[0.000055875],0,up,2534,0.9992104224240032
D4.2__Fig 2__SQUID_data__IVI_BS30_A1S1_I_contrl_+-0.15mA_285mK_191103__IVB__T_1p40K[0.000055875],1,down,5024,0.9998009157873781
D4.2__Fig 2__SQUID_data__IVI_BS30_A1S1_I_contrl_+-0.15mA_285mK_191103__IVB__T_1p40K[0.000055875],2,up,2442,1.0
D4.2__Fig 2__SQUID_data__IVI_BS30_A1S1_I_contrl_+-0.15mA_285mK_191103__IVB__T_1p40K[0.000056250],0,up,2534,0.9992104224240032
D4.2__Fig 2__SQUID_data__IVI_BS30_A1S1_I_contrl_+-0.15mA_285mK_191103__IVB__T_1p40K[0.000056250],1,down,5025,0.9994028662420382
D4.2__Fig 2__SQUID_data__IVI_BS30_A1S1_I_contrl_+-0.15mA_285mK_191103__IVB__T_1p40K[0.000056250],2,up,2441,0.9995901639344262
D4.2__Fig 2__SQUID_data__IVI_BS30_A1S1_I_contrl_+-0.15mA_285mK_191103__IVB__T_1p40K[0.000056625],0,up,2535,0.9988161010260458
D4.2__Fig 2__SQUID_data__IVI_BS30_A1S1_I_contrl_+-0.15mA_285mK_191103__IVB__T_1p40K[0.000056625],1,down,5023,0.9994026284348865
D4.2__Fig 2__SQUID_data__IVI_BS30_A1S1_I_contrl_+-0.15mA_285mK_191103__IVB__T_1p40K[0.000056625],2,up,2442,1.0
D4.2__Fig 2__SQUID_data__IVI_BS30_A1S1_I_contrl_+-0.15mA_285mK_191103__IVB__T_1p40K[0.000057000],0,up,2534,0.9992104224240032
D4.2__Fig 2__SQUID_data__IVI_BS30_A1S1_I_contrl_+-0.15mA_285mK_191103__IVB__T_1p40K[0.000057000],1,down,5023,0.9996017522899243
D4.2__Fig 2__SQUID_data__IVI_BS30_A1S1_I_contrl_+-0.15mA_285mK_191103__IVB__T_1p40K[0.000057000],2,up,2443,1.0
D4.2__Fig 2__SQUID_data__IVI_BS30_A1S1_I_contrl_+-0.15mA_285mK_191103__IVB__T_1p40K[0.000057375],0,up,2535,0.9988161010260458
D4.2__Fig 2__SQUID_data__IVI_BS30_A1S1_I_contrl_+-0.15mA_285mK_191103__IVB__T_1p40K[0.000057375],1,down,5022,0.9996016729735112
D4.2__Fig 2__SQUID_data__IVI_BS30_A1S1_I_contrl_+-0.15mA_285mK_191103__IVB__T_1p40K[0.000057375],2,up,2443,1.0
D4.2__Fig 2__SQUID_data__IVI_BS30_A1S1_I_contrl_+-0.15mA_285mK_191103__IVB__T_1p40K[0.000057750],0,up,2534,0.9988156336360048
D4.2__Fig 2__SQUID_data__IVI_BS30_A1S1_I_contrl_+-0.15mA_285mK_191103__IVB__T_1p40K[0.000057750],1,down,5024,0.9994027473621342
D4.2__Fig 2__SQUID_data__IVI_BS30_A1S1_I_contrl_+-0.15mA_285mK_191103__IVB__T_1p40K[0.000057750],2,up,2442,1.0
D4.2__Fig 2__SQUID_data__IVI_BS30_A1S1_I_contrl_+-0.15mA_285mK_191103__IVB__T_1p40K[0.000058125],0,up,2534,0.9988156336360048
D4.2__Fig 2__SQUID_data__IVI_BS30_A1S1_I_contrl_+-0.15mA_285mK_191103__IVB__T_1p40K[0.000058125],1,down,5025,0.9994028662420382
D4.2__Fig 2__SQUID_data__IVI_BS30_A1S1_I_contrl_+-0.15mA_285mK_191103__IVB__T_1p40K[0.000058125],2,up,2441,1.0
D4.2__Fig 2__SQUID_data__IVI_BS30_A1S1_I_contrl_+-0.15mA_285mK_191103__IVB__T_1p40K[0.000058500],0,up,2535,0.9992107340173638
D4.2__Fig 2__SQUID_data__IVI_BS30_A1S1_I_contrl_+-0.15mA_285mK_191103__IVB__T_1p40K[0.000058500],1,down,5023,0.9994026284348865
D4.2__Fig 2__SQUID_data__IVI_BS30_A1S1_I_contrl_+-0.15mA_285mK_191103__IVB__T_1p40K[0.000058500],2,up,2442,1.0
D4.2__Fig 2__SQUID_data__IVI_BS30_A1S1_I_contrl_+-0.15mA_285mK_191103__IVB__T_1p40K[0.000058875],0,up,2535,0.9992107340173638
D4.2__Fig 2__SQUID_data__IVI_BS30_A1S1_I_contrl_+-0.15mA_285mK_191103__IVB__T_1p40K[0.000058875],1,down,5022,0.9994025094602669
D4.2__Fig 2__SQUID_data__IVI_BS30_A1S1_I_contrl_+-0.15mA_285mK_191103__IVB__T_1p40K[0.000058875],2,up,2443,1.0
D4.2__Fig 2__SQUID_data__IVI_BS30_A1S1_I_contrl_+-0.15mA_285mK_191103__IVB__T_1p40K[0.000059250],0,up,2534,0.9988156336360048
D4.2__Fig 2__SQUID_data__IVI_BS30_A1S1_I_contrl_+-0.15mA_285mK_191103__IVB__T_1p40K[0.000059250],1,down,5024,0.9998009157873781
D4.2__Fig 2__SQUID_data__IVI_BS30_A1S1_I_contrl_+-0.15mA_285mK_191103__IVB__T_1p40K[0.000059250],2,up,2442,0.9995903318312167
D4.2__Fig 2__SQUID_data__IVI_BS30_A1S1_I_contrl_+-0.15mA_285mK_191103__IVB__T_1p40K[0.000059625],0,up,2535,0.9988161010260458
D4.2__Fig 2__SQUID_data__IVI_BS30_A1S1_I_contrl_+-0.15mA_285mK_191103__IVB__T_1p40K[0.000059625],1,down,5022,1.0
D4.2__Fig 2__SQUID_data__IVI_BS30_A1S1_I_contrl_+-0.15mA_285mK_191103__IVB__T_1p40K[0.000059625],2,up,2443,1.0
D4.2__Fig 2__SQUID_data__IVI_BS30_A1S1_I_contrl_+-0.15mA_285mK_191103__IVB__T_1p40K[0.000060000],0,up,2534,0.9996052112120016
D4.2__Fig 2__SQUID_data__IVI_BS30_A1S1_I_contrl_+-0.15mA_285mK_191103__IVB__T_1p40K[0.000060000],1,down,5024,0.9992036631495123
D4.2__Fig 2__SQUID_data__IVI_BS30_A1S1_I_contrl_+-0.15mA_285mK_191103__IVB__T_1p40K[0.000060000],2,up,2442,1.0
D4.2__Fig 2__SQUID_data__IVI_BS30_A1S1_I_contrl_+-0.15mA_285mK_191103__IVB__T_1p40K[0.000060375],0,up,2535,0.9992107340173638
D4.2__Fig 2__SQUID_data__IVI_BS30_A1S1_I_contrl_+-0.15mA_285mK_191103__IVB__T_1p40K[0.000060375],1,down,5023,0.9994026284348865
D4.2__Fig 2__SQUID_data__IVI_BS30_A1S1_I_contrl_+-0.15mA_285mK_191103__IVB__T_1p40K[0.000060375],2,up,2442,1.0
D4.2__Fig 2__SQUID_data__IVI_BS30_A1S1_I_contrl_+-0.15mA_285mK_191103__IVB__T_1p40K[0.000060750],0,up,2535,0.9980268350434096
D4.2__Fig 2__SQUID_data__IVI_BS30_A1S1_I_contrl_+-0.15mA_285mK_191103__IVB__T_1p40K[0.000060750],1,down,5023,0.9996017522899243
D4.2__Fig 2__SQUID_data__IVI_BS30_A1S1_I_contrl_+-0.15mA_285mK_191103__IVB__T_1p40K[0.000060750],2,up,2442,1.0
D4.2__Fig 2__SQUID_data__IVI_BS30_A1S1_I_contrl_+-0.15mA_285mK_191103__IVB__T_1p40K[0.000061125],0,up,2535,0.9992107340173638
D4.2__Fig 2__SQUID_data__IVI_BS30_A1S1_I_contrl_+-0.15mA_285mK_191103__IVB__T_1p40K[0.000061125],1,down,5023,0.9994026284348865
D4.2__Fig 2__SQUID_data__IVI_BS30_A1S1_I_contrl_+-0.15mA_285mK_191103__IVB__T_1p40K[0.000061125],2,up,2442,1.0
D4.2__Fig 2__SQUID_data__IVI_BS30_A1S1_I_contrl_+-0.15mA_285mK_191103__IVB__T_1p40K[0.000061500],0,up,2535,0.9988161010260458
D4.2__Fig 2__SQUID_data__IVI_BS30_A1S1_I_contrl_+-0.15mA_285mK_191103__IVB__T_1p40K[0.000061500],1,down,5023,0.9992035045798486
D4.2__Fig 2__SQUID_data__IVI_BS30_A1S1_I_contrl_+-0.15mA_285mK_191103__IVB__T_1p40K[0.000061500],2,up,2442,1.0
D4.2__Fig 2__SQUID_data__IVI_BS30_A1S1_I_contrl_+-0.15mA_285mK_191103__IVB__T_1p40K[0.000061875],0,up,2534,0.9992104224240032
D4.2__Fig 2__SQUID_data__IVI_BS30_A1S1_I_contrl_+-0.15mA_285mK_191103__IVB__T_1p40K[0.000061875],1,down,5025,0.9990047770700637
D4.2__Fig 2__SQUID_data__IVI_BS30_A1S1_I_contrl_+-0.15mA_285mK_191103__IVB__T_1p40K[0.000061875],2,up,2441,0.9995901639344262
D4.2__Fig 2__SQUID_data__IVI_BS30_A1S1_I_contrl_+-0.15mA_285mK_191103__IVB__T_1p40K[0.000062250],0,up,2535,0.9988161010260458
D4.2__Fig 2__SQUID_data__IVI_BS30_A1S1_I_contrl_+-0.15mA_285mK_191103__IVB__T_1p40K[0.000062250],1,down,5023,0.9996017522899243
D4.2__Fig 2__SQUID_data__IVI_BS30_A1S1_I_contrl_+-0.15mA_285mK_191103__IVB__T_1p40K[0.000062250],2,up,2442,1.0
D4.2__Fig 2__SQUID_data__IVI_BS30_A1S1_I_contrl_+-0.15mA_285mK_191103__IVB__T_1p40K[0.000062625],0,up,2535,0.9992107340173638
D4.2__Fig 2__SQUID_data__IVI_BS30_A1S1_I_contrl_+-0.15mA_285mK_191103__IVB__T_1p40K[0.000062625],1,down,5023,0.9992035045798486
D4.2__Fig 2__SQUID_data__IVI_BS30_A1S1_I_contrl_+-0.15mA_285mK_191103__IVB__T_1p40K[0.000062625],2,up,2442,1.0
D4.2__Fig 2__SQUID_data__IVI_BS30_A1S1_I_contrl_+-0.15mA_285mK_191103__IVB__T_1p40K[0.000063000],0,up,2535,0.9992107340173638
D4.2__Fig 2__SQUID_data__IVI_BS30_A1S1_I_contrl_+-0.15mA_285mK_191103__IVB__T_1p40K[0.000063000],1,down,5023,0.9996017522899243
D4.2__Fig 2__SQUID_data__IVI_BS30_A1S1_I_contrl_+-0.15mA_285mK_191103__IVB__T_1p40K[0.000063000],2,up,2442,1.0
D4.2__Fig 2__SQUID_data__IVI_BS30_A1S1_I_contrl_+-0.15mA_285mK_191103__IVB__T_1p40K[0.000063375],0,up,2535,0.9992107340173638
D4.2__Fig 2__SQUID_data__IVI_BS30_A1S1_I_contrl_+-0.15mA_285mK_191103__IVB__T_1p40K[0.000063375],1,down,5023,0.9994026284348865
D4.2__Fig 2__SQUID_data__IVI_BS30_A1S1_I_contrl_+-0.15mA_285mK_191103__IVB__T_1p40K[0.000063375],2,up,2442,1.0
D4.2__Fig 2__SQUID_data__IVI_BS30_A1S1_I_contrl_+-0.15mA_285mK_191103__IVB__T_1p40K[0.000063750],0,up,2534,0.9992104224240032
D4.2__Fig 2__SQUID_data__IVI_BS30_A1S1_I_contrl_+-0.15mA_285mK_191103__IVB__T_1p40K[0.000063750],1,down,5024,0.9994027473621342
D4.2__Fig 2__SQUID_data__IVI_BS30_A1S1_I_contrl_+-0.15mA_285mK_191103__IVB__T_1p40K[0.000063750],2,up,2442,0.9995903318312167
D4.2__Fig 2__SQUID_data__IVI_BS30_A1S1_I_contrl_+-0.15mA_285mK_191103__IVB__T_1p40K[0.000064125],0,up,2535,0.9988161010260458
D4.2__Fig 2__SQUID_data__IVI_BS30_A1S1_I_contrl_+-0.15mA_285mK_191103__IVB__T_1p40K[0.000064125],1,down,5022,0.9996016729735112
D4.2__Fig 2__SQUID_data__IVI_BS30_A1S1_I_contrl_+-0.15mA_285mK_191103__IVB__T_1p40K[0.000064125],2,up,2443,1.0
D4.2__Fig 2__SQUID_data__IVI_BS30_A1S1_I_contrl_+-0.15mA_285mK_191103__IVB__T_1p40K[0.000064500],0,up,2534,0.9992104224240032
D4.2__Fig 2__SQUID_data__IVI_BS30_A1S1_I_contrl_+-0.15mA_285mK_191103__IVB__T_1p40K[0.000064500],1,down,5024,0.9996018315747561
D4.2__Fig 2__SQUID_data__IVI_BS30_A1S1_I_contrl_+-0.15mA_285mK_191103__IVB__T_1p40K[0.000064500],2,up,2442,1.0
D4.2__Fig 2__SQUID_data__IVI_BS30_A1S1_I_contrl_+-0.15mA_285mK_191103__IVB__T_1p40K[0.000064875],0,up,2534,0.9992104224240032
D4.2__Fig 2__SQUID_data__IVI_BS30_A1S1_I_contrl_+-0.15mA_285mK_191103__IVB__T_1p40K[0.000064875],1,down,5023,0.9994026284348865
D4.2__Fig 2__SQUID_data__IVI_BS30_A1S1_I_contrl_+-0.15mA_285mK_191103__IVB__T_1p40K[0.000064875],2,up,2443,1.0
D4.2__Fig 2__SQUID_data__IVI_BS30_A1S1_I_contrl_+-0.15mA_285mK_191103__IVB__T_1p40K[0.000065250],0,up,2534,0.9992104224240032
D4.2__Fig 2__SQUID_data__IVI_BS30_A1S1_I_contrl_+-0.15mA_285mK_191103__IVB__T_1p40K[0.000065250],1,down,5023,0.9992035045798486
D4.2__Fig 2__SQUID_data__IVI_BS30_A1S1_I_contrl_+-0.15mA_285mK_191103__IVB__T_1p40K[0.000065250],2,up,2443,1.0
D4.2__Fig 2__SQUID_data__IVI_BS30_A1S1_I_contrl_+-0.15mA_285mK_191103__IVB__T_1p40K[0.000065625],0,up,2535,0.9992107340173638
D4.2__Fig 2__SQUID_data__IVI_BS30_A1S1_I_contrl_+-0.15mA_285mK_191103__IVB__T_1p40K[0.000065625],1,down,5023,0.9994026284348865
D4.2__Fig 2__SQUID_data__IVI_BS30_A1S1_I_contrl_+-0.15mA_285mK_191103__IVB__T_1p40K[0.000065625],2,up,2442,1.0
D4.2__Fig 2__SQUID_data__IVI_BS30_A1S1_I_contrl_+-0.15mA_285mK_191103__IVB__T_1p40K[0.000066000],0,up,2535,0.9988161010260458
D4.2__Fig 2__SQUID_data__IVI_BS30_A1S1_I_contrl_+-0.15mA_285mK_191103__IVB__T_1p40K[0.000066000],1,down,5023,0.9992035045798486
D4.2__Fig 2__SQUID_data__IVI_BS30_A1S1_I_contrl_+-0.15mA_285mK_191103__IVB__T_1p40K[0.000066000],2,up,2442,1.0
D4.2__Fig 2__SQUID_data__IVI_BS30_A1S1_I_contrl_+-0.15mA_285mK_191103__IVB__T_1p40K[0.000066375],0,up,2534,0.9996052112120016
D4.2__Fig 2__SQUID_data__IVI_BS30_A1S1_I_contrl_+-0.15mA_285mK_191103__IVB__T_1p40K[0.000066375],1,down,5024,0.9990045789368903
D4.2__Fig 2__SQUID_data__IVI_BS30_A1S1_I_contrl_+-0.15mA_285mK_191103__IVB__T_1p40K[0.000066375],2,up,2442,1.0
D4.2__Fig 2__SQUID_data__IVI_BS30_A1S1_I_contrl_+-0.15mA_285mK_191103__IVB__T_1p40K[0.000066750],0,up,2534,0.9992104224240032
D4.2__Fig 2__SQUID_data__IVI_BS30_A1S1_I_contrl_+-0.15mA_285mK_191103__IVB__T_1p40K[0.000066750],1,down,5023,0.9998008761449622
D4.2__Fig 2__SQUID_data__IVI_BS30_A1S1_I_contrl_+-0.15mA_285mK_191103__IVB__T_1p40K[0.000066750],2,up,2443,1.0
D4.2__Fig 2__SQUID_data__IVI_BS30_A1S1_I_contrl_+-0.15mA_285mK_191103__IVB__T_1p40K[0.000067125],0,up,2535,0.9992107340173638
D4.2__Fig 2__SQUID_data__IVI_BS30_A1S1_I_contrl_+-0.15mA_285mK_191103__IVB__T_1p40K[0.000067125],1,down,5023,0.9992035045798486
D4.2__Fig 2__SQUID_data__IVI_BS30_A1S1_I_contrl_+-0.15mA_285mK_191103__IVB__T_1p40K[0.000067125],2,up,2442,1.0
D4.2__Fig 2__SQUID_data__IVI_BS30_A1S1_I_contrl_+-0.15mA_285mK_191103__IVB__T_1p40K[0.000067500],0,up,2535,0.9988161010260458
D4.2__Fig 2__SQUID_data__IVI_BS30_A1S1_I_contrl_+-0.15mA_285mK_191103__IVB__T_1p40K[0.000067500],1,down,5023,0.9994026284348865
D4.2__Fig 2__SQUID_data__IVI_BS30_A1S1_I_contrl_+-0.15mA_285mK_191103__IVB__T_1p40K[0.000067500],2,up,2442,1.0
D4.2__Fig 2__SQUID_data__IVI_BS30_A1S1_I_contrl_+-0.15mA_285mK_191103__IVB__T_1p40K[0.000067875],0,up,2536,0.9988165680473373
D4.2__Fig 2__SQUID_data__IVI_BS30_A1S1_I_contrl_+-0.15mA_285mK_191103__IVB__T_1p40K[0.000067875],1,down,5022,0.9994025094602669
D4.2__Fig 2__SQUID_data__IVI_BS30_A1S1_I_contrl_+-0.15mA_285mK_191103__IVB__T_1p40K[0.000067875],2,up,2442,1.0
D4.2__Fig 2__SQUID_data__IVI_BS30_A1S1_I_contrl_+-0.15mA_285mK_191103__IVB__T_1p40K[0.000068250],0,up,2535,0.9988161010260458
D4.2__Fig 2__SQUID_data__IVI_BS30_A1S1_I_contrl_+-0.15mA_285mK_191103__IVB__T_1p40K[0.000068250],1,down,5022,0.9992033459470225
D4.2__Fig 2__SQUID_data__IVI_BS30_A1S1_I_contrl_+-0.15mA_285mK_191103__IVB__T_1p40K[0.000068250],2,up,2443,1.0
D4.2__Fig 2__SQUID_data__IVI_BS30_A1S1_I_contrl_+-0.15mA_285mK_191103__IVB__T_1p40K[0.000068625],0,up,2535,0.999605367008682
D4.2__Fig 2__SQUID_data__IVI_BS30_A1S1_I_contrl_+-0.15mA_285mK_191103__IVB__T_1p40K[0.000068625],1,down,5022,0.9994025094602669
D4.2__Fig 2__SQUID_data__IVI_BS30_A1S1_I_contrl_+-0.15mA_285mK_191103__IVB__T_1p40K[0.000068625],2,up,2443,1.0
D4.2__Fig 2__SQUID_data__IVI_BS30_A1S1_I_contrl_+-0.15mA_285mK_191103__IVB__T_1p40K[0.000069000],0,up,2534,0.9992104224240032
D4.2__Fig 2__SQUID_data__IVI_BS30_A1S1_I_contrl_+-0.15mA_285mK_191103__IVB__T_1p40K[0.000069000],1,down,5023,0.9998008761449622
D4.2__Fig 2__SQUID_data__IVI_BS30_A1S1_I_contrl_+-0.15mA_285mK_191103__IVB__T_1p40K[0.000069000],2,up,2443,1.0
D4.2__Fig 2__SQUID_data__IVI_BS30_A1S1_I_contrl_+-0.15mA_285mK_191103__IVB__T_1p40K[0.000069375],0,up,2536,0.9988165680473373
D4.2__Fig 2__SQUID_data__IVI_BS30_A1S1_I_contrl_+-0.15mA_285mK_191103__IVB__T_1p40K[0.000069375],1,down,5021,0.999402390438247
D4.2__Fig 2__SQUID_data__IVI_BS30_A1S1_I_contrl_+-0.15mA_285mK_191103__IVB__T_1p40K[0.000069375],2,up,2443,1.0
D4.2__Fig 2__SQUID_data__IVI_BS30_A1S1_I_contrl_+-0.15mA_285mK_191103__IVB__T_1p40K[0.000069750],0,up,2535,0.9988161010260458
D4.2__Fig 2__SQUID_data__IVI_BS30_A1S1_I_contrl_+-0.15mA_285mK_191103__IVB__T_1p40K[0.000069750],1,down,5022,0.9998008364867557
D4.2__Fig 2__SQUID_data__IVI_BS30_A1S1_I_contrl_+-0.15mA_285mK_191103__IVB__T_1p40K[0.000069750],2,up,2443,1.0
D4.2__Fig 2__SQUID_data__IVI_BS30_A1S1_I_contrl_+-0.15mA_285mK_191103__IVB__T_1p40K[0.000070125],0,up,2536,0.9988165680473373
D4.2__Fig 2__SQUID_data__IVI_BS30_A1S1_I_contrl_+-0.15mA_285mK_191103__IVB__T_1p40K[0.000070125],1,down,5021,0.999601593625498
D4.2__Fig 2__SQUID_data__IVI_BS30_A1S1_I_contrl_+-0.15mA_285mK_191103__IVB__T_1p40K[0.000070125],2,up,2443,1.0
D4.2__Fig 2__SQUID_data__IVI_BS30_A1S1_I_contrl_+-0.15mA_285mK_191103__IVB__T_1p40K[0.000070500],0,up,2534,0.9992104224240032
D4.2__Fig 2__SQUID_data__IVI_BS30_A1S1_I_contrl_+-0.15mA_285mK_191103__IVB__T_1p40K[0.000070500],1,down,5025,0.9994028662420382
D4.2__Fig 2__SQUID_data__IVI_BS30_A1S1_I_contrl_+-0.15mA_285mK_191103__IVB__T_1p40K[0.000070500],2,up,2441,1.0
D4.2__Fig 2__SQUID_data__IVI_BS30_A1S1_I_contrl_+-0.15mA_285mK_191103__IVB__T_1p40K[0.000070875],0,up,2536,0.9992110453648915
D4.2__Fig 2__SQUID_data__IVI_BS30_A1S1_I_contrl_+-0.15mA_285mK_191103__IVB__T_1p40K[0.000070875],1,down,5021,0.999601593625498
D4.2__Fig 2__SQUID_data__IVI_BS30_A1S1_I_contrl_+-0.15mA_285mK_191103__IVB__T_1p40K[0.000070875],2,up,2443,1.0
D4.2__Fig 2__SQUID_data__IVI_BS30_A1S1_I_contrl_+-0.15mA_285mK_191103__IVB__T_1p40K[0.000071250],0,up,2535,0.9992107340173638
D4.2__Fig 2__SQUID_data__IVI_BS30_A1S1_I_contrl_+-0.15mA_285mK_191103__IVB__T_1p40K[0.000071250],1,down,5023,0.9990043807248108
D4.2__Fig 2__SQUID_data__IVI_BS30_A1S1_I_contrl_+-0.15mA_285mK_191103__IVB__T_1p40K[0.000071250],2,up,2442,1.0
D4.2__Fig 2__SQUID_data__IVI_BS30_A1S1_I_contrl_+-0.15mA_285mK_191103__IVB__T_1p40K[0.000071625],0,up,2535,0.9992107340173638
D4.2__Fig 2__SQUID_data__IVI_BS30_A1S1_I_contrl_+-0.15mA_285mK_191103__IVB__T_1p40K[0.000071625],1,down,5023,0.9992035045798486
D4.2__Fig 2__SQUID_data__IVI_BS30_A1S1_I_contrl_+-0.15mA_285mK_191103__IVB__T_1p40K[0.000071625],2,up,2442,1.0
D4.2__Fig 2__SQUID_data__IVI_BS30_A1S1_I_contrl_+-0.15mA_285mK_191103__IVB__T_1p40K[0.000072000],0,up,2534,0.9992104224240032
D4.2__Fig 2__SQUID_data__IVI_BS30_A1S1_I_contrl_+-0.15mA_285mK_191103__IVB__T_1p40K[0.000072000],1,down,5024,0.9996018315747561
D4.2__Fig 2__SQUID_data__IVI_BS30_A1S1_I_contrl_+-0.15mA_285mK_191103__IVB__T_1p40K[0.000072000],2,up,2442,1.0
D4.2__Fig 2__SQUID_data__IVI_BS30_A1S1_I_contrl_+-0.15mA_285mK_191103__IVB__T_1p40K[0.000072375],0,up,2535,0.9988161010260458
D4.2__Fig 2__SQUID_data__IVI_BS30_A1S1_I_contrl_+-0.15mA_285mK_191103__IVB__T_1p40K[0.000072375],1,down,5022,0.9996016729735112
D4.2__Fig 2__SQUID_data__IVI_BS30_A1S1_I_contrl_+-0.15mA_285mK_191103__IVB__T_1p40K[0.000072375],2,up,2443,0.9995904995904996
D4.2__Fig 2__SQUID_data__IVI_BS30_A1S1_I_contrl_+-0.15mA_285mK_191103__IVB__T_1p40K[0.000072750],0,up,2535,0.9988161010260458
D4.2__Fig 2__SQUID_data__IVI_BS30_A1S1_I_contrl_+-0.15mA_285mK_191103__IVB__T_1p40K[0.000072750],1,down,5022,0.9998008364867557
D4.2__Fig 2__SQUID_data__IVI_BS30_A1S1_I_contrl_+-0.15mA_285mK_191103__IVB__T_1p40K[0.000072750],2,up,2443,1.0
D4.2__Fig 2__SQUID_data__IVI_BS30_A1S1_I_contrl_+-0.15mA_285mK_191103__IVB__T_1p40K[0.000073125],0,up,2535,0.9988161010260458
D4.2__Fig 2__SQUID_data__IVI_BS30_A1S1_I_contrl_+-0.15mA_285mK_191103__IVB__T_1p40K[0.000073125],1,down,5022,0.9996016729735112
D4.2__Fig 2__SQUID_data__IVI_BS30_A1S1_I_contrl_+-0.15mA_285mK_191103__IVB__T_1p40K[0.000073125],2,up,2443,1.0
D4.2__Fig 2__SQUID_data__IVI_BS30_A1S1_I_contrl_+-0.15mA_285mK_191103__IVB__T_1p40K[0.000073500],0,up,2535,0.9992107340173638
D4.2__Fig 2__SQUID_data__IVI_BS30_A1S1_I_contrl_+-0.15mA_285mK_191103__IVB__T_1p40K[0.000073500],1,down,5023,0.9992035045798486
D4.2__Fig 2__SQUID_data__IVI_BS30_A1S1_I_contrl_+-0.15mA_285mK_191103__IVB__T_1p40K[0.000073500],2,up,2442,1.0
D4.2__Fig 2__SQUID_data__IVI_BS30_A1S1_I_contrl_+-0.15mA_285mK_191103__IVB__T_1p40K[0.000073875],0,up,2535,0.9984214680347278
D4.2__Fig 2__SQUID_data__IVI_BS30_A1S1_I_contrl_+-0.15mA_285mK_191103__IVB__T_1p40K[0.000073875],1,down,5023,0.9996017522899243
D4.2__Fig 2__SQUID_data__IVI_BS30_A1S1_I_contrl_+-0.15mA_285mK_191103__IVB__T_1p40K[0.000073875],2,up,2442,1.0
D4.2__Fig 2__SQUID_data__IVI_BS30_A1S1_I_contrl_+-0.15mA_285mK_191103__IVB__T_1p40K[0.000074250],0,up,2536,0.9992110453648915
D4.2__Fig 2__SQUID_data__IVI_BS30_A1S1_I_contrl_+-0.15mA_285mK_191103__IVB__T_1p40K[0.000074250],1,down,5021,0.999800796812749
D4.2__Fig 2__SQUID_data__IVI_BS30_A1S1_I_contrl_+-0.15mA_285mK_191103__IVB__T_1p40K[0.000074250],2,up,2443,1.0
D4.2__Fig 2__SQUID_data__IVI_BS30_A1S1_I_contrl_+-0.15mA_285mK_191103__IVB__T_1p40K[0.000074625],0,up,2534,0.9988156336360048
D4.2__Fig 2__SQUID_data__IVI_BS30_A1S1_I_contrl_+-0.15mA_285mK_191103__IVB__T_1p40K[0.000074625],1,down,5025,0.9994028662420382
D4.2__Fig 2__SQUID_data__IVI_BS30_A1S1_I_contrl_+-0.15mA_285mK_191103__IVB__T_1p40K[0.000074625],2,up,2441,1.0
D4.2__Fig 2__SQUID_data__IVI_BS30_A1S1_I_contrl_+-0.15mA_285mK_191103__IVB__T_1p40K[0.000075000],0,up,2535,0.9992107340173638
D4.2__Fig 2__SQUID_data__IVI_BS30_A1S1_I_contrl_+-0.15mA_285mK_191103__IVB__T_1p40K[0.000075000],1,down,5023,0.9992035045798486
D4.2__Fig 2__SQUID_data__IVI_BS30_A1S1_I_contrl_+-0.15mA_285mK_191103__IVB__T_1p40K[0.000075000],2,up,2442,1.0
D4.2__Fig 2__SQUID_data__IVI_BS30_A1S1_I_contrl_+-0.15mA_285mK_191103__IVB__T_1p40K[0.000075375],0,up,2535,0.9988161010260458
D4.2__Fig 2__SQUID_data__IVI_BS30_A1S1_I_contrl_+-0.15mA_285mK_191103__IVB__T_1p40K[0.000075375],1,down,5023,0.9994026284348865
D4.2__Fig 2__SQUID_data__IVI_BS30_A1S1_I_contrl_+-0.15mA_285mK_191103__IVB__T_1p40K[0.000075375],2,up,2442,1.0
D4.2__Fig 2__SQUID_data__IVI_BS30_A1S1_I_contrl_+-0.15mA_285mK_191103__IVB__T_1p40K[0.000075750],0,up,2534,0.9992104224240032
D4.2__Fig 2__SQUID_data__IVI_BS30_A1S1_I_contrl_+-0.15mA_285mK_191103__IVB__T_1p40K[0.000075750],1,down,5024,0.9992036631495123
D4.2__Fig 2__SQUID_data__IVI_BS30_A1S1_I_contrl_+-0.15mA_285mK_191103__IVB__T_1p40K[0.000075750],2,up,2442,1.0
D4.2__Fig 2__SQUID_data__IVI_BS30_A1S1_I_contrl_+-0.15mA_285mK_191103__IVB__T_1p40K[0.000076125],0,up,2535,0.9992107340173638
D4.2__Fig 2__SQUID_data__IVI_BS30_A1S1_I_contrl_+-0.15mA_285mK_191103__IVB__T_1p40K[0.000076125],1,down,5023,0.9998008761449622
D4.2__Fig 2__SQUID_data__IVI_BS30_A1S1_I_contrl_+-0.15mA_285mK_191103__IVB__T_1p40K[0.000076125],2,up,2442,1.0
D4.2__Fig 2__SQUID_data__IVI_BS30_A1S1_I_contrl_+-0.15mA_285mK_191103__IVB__T_1p40K[0.000076500],0,up,2534,0.9992104224240032
D4.2__Fig 2__SQUID_data__IVI_BS30_A1S1_I_contrl_+-0.15mA_285mK_191103__IVB__T_1p40K[0.000076500],1,down,5023,0.9996017522899243
D4.2__Fig 2__SQUID_data__IVI_BS30_A1S1_I_contrl_+-0.15mA_285mK_191103__IVB__T_1p40K[0.000076500],2,up,2443,1.0
D4.2__Fig 2__SQUID_data__IVI_BS30_A1S1_I_contrl_+-0.15mA_285mK_191103__IVB__T_1p40K[0.000076875],0,up,2536,0.9988165680473373
D4.2__Fig 2__SQUID_data__IVI_BS30_A1S1_I_contrl_+-0.15mA_285mK_191103__IVB__T_1p40K[0.000076875],1,down,5021,0.999402390438247
D4.2__Fig 2__SQUID_data__IVI_BS30_A1S1_I_contrl_+-0.15mA_285mK_191103__IVB__T_1p40K[0.000076875],2,up,2443,1.0
D4.2__Fig 2__SQUID_data__IVI_BS30_A1S1_I_contrl_+-0.15mA_285mK_191103__IVB__T_1p40K[0.000077250],0,up,2534,0.9992104224240032
D4.2__Fig 2__SQUID_data__IVI_BS30_A1S1_I_contrl_+-0.15mA_285mK_191103__IVB__T_1p40K[0.000077250],1,down,5024,0.9996018315747561
D4.2__Fig 2__SQUID_data__IVI_BS30_A1S1_I_contrl_+-0.15mA_285mK_191103__IVB__T_1p40K[0.000077250],2,up,2442,1.0
D4.2__Fig 2__SQUID_data__IVI_BS30_A1S1_I_contrl_+-0.15mA_285mK_191103__IVB__T_1p40K[0.000077625],0,up,2535,0.9988161010260458
D4.2__Fig 2__SQUID_data__IVI_BS30_A1S1_I_contrl_+-0.15mA_285mK_191103__IVB__T_1p40K[0.000077625],1,down,5023,0.9994026284348865
D4.2__Fig 2__SQUID_data__IVI_BS30_A1S1_I_contrl_+-0.15mA_285mK_191103__IVB__T_1p40K[0.000077625],2,up,2442,0.9995903318312167
D4.2__Fig 2__SQUID_data__IVI_BS30_A1S1_I_contrl_+-0.15mA_285mK_191103__IVB__T_1p40K[0.000078000],0,up,2535,0.9988161010260458
D4.2__Fig 2__SQUID_data__IVI_BS30_A1S1_I_contrl_+-0.15mA_285mK_191103__IVB__T_1p40K[0.000078000],1,down,5024,0.9996018315747561
D4.2__Fig 2__SQUID_data__IVI_BS30_A1S1_I_contrl_+-0.15mA_285mK_191103__IVB__T_1p40K[0.000078000],2,up,2441,1.0
D4.2__Fig 2__SQUID_data__IVI_BS30_A1S1_I_contrl_+-0.15mA_285mK_191103__IVB__T_1p40K[0.000078375],0,up,2536,0.9980276134122288
D4.2__Fig 2__SQUID_data__IVI_BS30_A1S1_I_contrl_+-0.15mA_285mK_191103__IVB__T_1p40K[0.000078375],1,down,5021,0.999601593625498
D4.2__Fig 2__SQUID_data__IVI_BS30_A1S1_I_contrl_+-0.15mA_285mK_191103__IVB__T_1p40K[0.000078375],2,up,2443,1.0
D4.2__Fig 2__SQUID_data__IVI_BS30_A1S1_I_contrl_+-0.15mA_285mK_191103__IVB__T_1p40K[0.000078750],0,up,2535,0.9992107340173638
D4.2__Fig 2__SQUID_data__IVI_BS30_A1S1_I_contrl_+-0.15mA_285mK_191103__IVB__T_1p40K[0.000078750],1,down,5023,0.9998008761449622
D4.2__Fig 2__SQUID_data__IVI_BS30_A1S1_I_contrl_+-0.15mA_285mK_191103__IVB__T_1p40K[0.000078750],2,up,2442,1.0
D4.2__Fig 2__SQUID_data__IVI_BS30_A1S1_I_contrl_+-0.15mA_285mK_191103__IVB__T_1p40K[0.000079125],0,up,2535,0.999605367008682
D4.2__Fig 2__SQUID_data__IVI_BS30_A1S1_I_contrl_+-0.15mA_285mK_191103__IVB__T_1p40K[0.000079125],1,down,5021,0.999800796812749
D4.2__Fig 2__SQUID_data__IVI_BS30_A1S1_I_contrl_+-0.15mA_285mK_191103__IVB__T_1p40K[0.000079125],2,up,2444,1.0
D4.2__Fig 2__SQUID_data__IVI_BS30_A1S1_I_contrl_+-0.15mA_285mK_191103__IVB__T_1p40K[0.000079500],0,up,2535,0.9992107340173638
D4.2__Fig 2__SQUID_data__IVI_BS30_A1S1_I_contrl_+-0.15mA_285mK_191103__IVB__T_1p40K[0.000079500],1,down,5023,0.9992035045798486
D4.2__Fig 2__SQUID_data__IVI_BS30_A1S1_I_contrl_+-0.15mA_285mK_191103__IVB__T_1p40K[0.000079500],2,up,2442,1.0
D4.2__Fig 2__SQUID_data__IVI_BS30_A1S1_I_contrl_+-0.15mA_285mK_191103__IVB__T_1p40K[0.000079875],0,up,2534,0.9996052112120016
D4.2__Fig 2__SQUID_data__IVI_BS30_A1S1_I_contrl_+-0.15mA_285mK_191103__IVB__T_1p40K[0.000079875],1,down,5024,0.9996018315747561
D4.2__Fig 2__SQUID_data__IVI_BS30_A1S1_I_contrl_+-0.15mA_285mK_191103__IVB__T_1p40K[0.000079875],2,up,2442,1.0
D4.2__Fig 2__SQUID_data__IVI_BS30_A1S1_I_contrl_+-0.15mA_285mK_191103__IVB__T_1p40K[0.000080250],0,up,2535,0.9992107340173638
D4.2__Fig 2__SQUID_data__IVI_BS30_A1S1_I_contrl_+-0.15mA_285mK_191103__IVB__T_1p40K[0.000080250],1,down,5023,0.9996017522899243
D4.2__Fig 2__SQUID_data__IVI_BS30_A1S1_I_contrl_+-0.15mA_285mK_191103__IVB__T_1p40K[0.000080250],2,up,2442,1.0
D4.2__Fig 2__SQUID_data__IVI_BS30_A1S1_I_contrl_+-0.15mA_285mK_191103__IVB__T_1p40K[0.000080625],0,up,2534,0.9988156336360048
D4.2__Fig 2__SQUID_data__IVI_BS30_A1S1_I_contrl_+-0.15mA_285mK_191103__IVB__T_1p40K[0.000080625],1,down,5024,0.9994027473621342
D4.2__Fig 2__SQUID_data__IVI_BS30_A1S1_I_contrl_+-0.15mA_285mK_191103__IVB__T_1p40K[0.000080625],2,up,2442,1.0
D4.2__Fig 2__SQUID_data__IVI_BS30_A1S1_I_contrl_+-0.15mA_285mK_191103__IVB__T_1p40K[0.000081000],0,up,2535,0.9992107340173638
D4.2__Fig 2__SQUID_data__IVI_BS30_A1S1_I_contrl_+-0.15mA_285mK_191103__IVB__T_1p40K[0.000081000],1,down,5023,0.9994026284348865
D4.2__Fig 2__SQUID_data__IVI_BS30_A1S1_I_contrl_+-0.15mA_285mK_191103__IVB__T_1p40K[0.000081000],2,up,2442,1.0
D4.2__Fig 2__SQUID_data__IVI_BS30_A1S1_I_contrl_+-0.15mA_285mK_191103__IVB__T_1p40K[0.000081375],0,up,2535,0.9992107340173638
D4.2__Fig 2__SQUID_data__IVI_BS30_A1S1_I_contrl_+-0.15mA_285mK_191103__IVB__T_1p40K[0.000081375],1,down,5023,0.9994026284348865
D4.2__Fig 2__SQUID_data__IVI_BS30_A1S1_I_contrl_+-0.15mA_285mK_191103__IVB__T_1p40K[0.000081375],2,up,2442,1.0
D4.2__Fig 2__SQUID_data__IVI_BS30_A1S1_I_contrl_+-0.15mA_285mK_191103__IVB__T_1p40K[0.000081750],0,up,2536,0.998422090729783
D4.2__Fig 2__SQUID_data__IVI_BS30_A1S1_I_contrl_+-0.15mA_285mK_191103__IVB__T_1p40K[0.000081750],1,down,5021,0.999402390438247
D4.2__Fig 2__SQUID_data__IVI_BS30_A1S1_I_contrl_+-0.15mA_285mK_191103__IVB__T_1p40K[0.000081750],2,up,2443,1.0
D4.2__Fig 2__SQUID_data__IVI_BS30_A1S1_I_contrl_+-0.15mA_285mK_191103__IVB__T_1p40K[0.000082125],0,up,2534,0.9988156336360048
D4.2__Fig 2__SQUID_data__IVI_BS30_A1S1_I_contrl_+-0.15mA_285mK_191103__IVB__T_1p40K[0.000082125],1,down,5024,0.9996018315747561
D4.2__Fig 2__SQUID_data__IVI_BS30_A1S1_I_contrl_+-0.15mA_285mK_191103__IVB__T_1p40K[0.000082125],2,up,2442,1.0
D4.2__Fig 2__SQUID_data__IVI_BS30_A1S1_I_contrl_+-0.15mA_285mK_191103__IVB__T_1p40K[0.000082500],0,up,2536,0.998422090729783
D4.2__Fig 2__SQUID_data__IVI_BS30_A1S1_I_contrl_+-0.15mA_285mK_191103__IVB__T_1p40K[0.000082500],1,down,5022,0.9994025094602669
D4.2__Fig 2__SQUID_data__IVI_BS30_A1S1_I_contrl_+-0.15mA_285mK_191103__IVB__T_1p40K[0.000082500],2,up,2442,1.0
D4.2__Fig 2__SQUID_data__IVI_BS30_A1S1_I_contrl_+-0.15mA_285mK_191103__IVB__T_1p40K[0.000082875],0,up,2535,0.9992107340173638
D4.2__Fig 2__SQUID_data__IVI_BS30_A1S1_I_contrl_+-0.15mA_285mK_191103__IVB__T_1p40K[0.000082875],1,down,5023,0.9994026284348865
D4.2__Fig 2__SQUID_data__IVI_BS30_A1S1_I_contrl_+-0.15mA_285mK_191103__IVB__T_1p40K[0.000082875],2,up,2442,0.9995903318312167
D4.2__Fig 2__SQUID_data__IVI_BS30_A1S1_I_contrl_+-0.15mA_285mK_191103__IVB__T_1p40K[0.000083250],0,up,2534,0.9992104224240032
D4.2__Fig 2__SQUID_data__IVI_BS30_A1S1_I_contrl_+-0.15mA_285mK_191103__IVB__T_1p40K[0.000083250],1,down,5024,0.9996018315747561
D4.2__Fig 2__SQUID_data__IVI_BS30_A1S1_I_contrl_+-0.15mA_285mK_191103__IVB__T_1p40K[0.000083250],2,up,2442,1.0
D4.2__Fig 2__SQUID_data__IVI_BS30_A1S1_I_contrl_+-0.15mA_285mK_191103__IVB__T_1p40K[0.000083625],0,up,2536,0.9988165680473373
D4.2__Fig 2__SQUID_data__IVI_BS30_A1S1_I_contrl_+-0.15mA_285mK_191103__IVB__T_1p40K[0.000083625],1,down,5022,0.9994025094602669
D4.2__Fig 2__SQUID_data__IVI_BS30_A1S1_I_contrl_+-0.15mA_285mK_191103__IVB__T_1p40K[0.000083625],2,up,2442,1.0
D4.2__Fig 2__SQUID_data__IVI_BS30_A1S1_I_contrl_+-0.15mA_285mK_191103__IVB__T_1p40K[0.000084000],0,up,2535,0.9992107340173638
D4.2__Fig 2__SQUID_data__IVI_BS30_A1S1_I_contrl_+-0.15mA_285mK_191103__IVB__T_1p40K[0.000084000],1,down,5022,0.9996016729735112
D4.2__Fig 2__SQUID_data__IVI_BS30_A1S1_I_contrl_+-0.15mA_285mK_191103__IVB__T_1p40K[0.000084000],2,up,2443,0.9995904995904996
D4.2__Fig 2__SQUID_data__IVI_BS30_A1S1_I_contrl_+-0.15mA_285mK_191103__IVB__T_1p40K[0.000084375],0,up,2536,0.9988165680473373
D4.2__Fig 2__SQUID_data__IVI_BS30_A1S1_I_contrl_+-0.15mA_285mK_191103__IVB__T_1p40K[0.000084375],1,down,5023,0.9994026284348865
D4.2__Fig 2__SQUID_data__IVI_BS30_A1S1_I_contrl_+-0.15mA_285mK_191103__IVB__T_1p40K[0.000084375],2,up,2441,1.0
D4.2__Fig 2__SQUID_data__IVI_BS30_A1S1_I_contrl_+-0.15mA_285mK_191103__IVB__T_1p40K[0.000084750],0,up,2535,0.9992107340173638
D4.2__Fig 2__SQUID_data__IVI_BS30_A1S1_I_contrl_+-0.15mA_285mK_191103__IVB__T_1p40K[0.000084750],1,down,5022,0.9994025094602669
D4.2__Fig 2__SQUID_data__IVI_BS30_A1S1_I_contrl_+-0.15mA_285mK_191103__IVB__T_1p40K[0.000084750],2,up,2443,1.0
D4.2__Fig 2__SQUID_data__IVI_BS30_A1S1_I_contrl_+-0.15mA_285mK_191103__IVB__T_1p40K[0.000085125],0,up,2535,0.9988161010260458
D4.2__Fig 2__SQUID_data__IVI_BS30_A1S1_I_contrl_+-0.15mA_285mK_191103__IVB__T_1p40K[0.000085125],1,down,5024,0.9992036631495123
D4.2__Fig 2__SQUID_data__IVI_BS30_A1S1_I_contrl_+-0.15mA_285mK_191103__IVB__T_1p40K[0.000085125],2,up,2441,1.0
D4.2__Fig 2__SQUID_data__IVI_BS30_A1S1_I_contrl_+-0.15mA_285mK_191103__IVB__T_1p40K[0.000085500],0,up,2534,0.9992104224240032
D4.2__Fig 2__SQUID_data__IVI_BS30_A1S1_I_contrl_+-0.15mA_285mK_191103__IVB__T_1p40K[0.000085500],1,down,5024,0.9994027473621342
D4.2__Fig 2__SQUID_data__IVI_BS30_A1S1_I_contrl_+-0.15mA_285mK_191103__IVB__T_1p40K[0.000085500],2,up,2442,1.0
D4.2__Fig 2__SQUID_data__IVI_BS30_A1S1_I_contrl_+-0.15mA_285mK_191103__IVB__T_1p40K[0.000085875],0,up,2534,0.9992104224240032
D4.2__Fig 2__SQUID_data__IVI_BS30_A1S1_I_contrl_+-0.15mA_285mK_191103__IVB__T_1p40K[0.000085875],1,down,5024,0.9994027473621342
D4.2__Fig 2__SQUID_data__IVI_BS30_A1S1_I_contrl_+-0.15mA_285mK_191103__IVB__T_1p40K[0.000085875],2,up,2442,1.0
D4.2__Fig 2__SQUID_data__IVI_BS30_A1S1_I_contrl_+-0.15mA_285mK_191103__IVB__T_1p40K[0.000086250],0,up,2535,0.9992107340173638
D4.2__Fig 2__SQUID_data__IVI_BS30_A1S1_I_contrl_+-0.15mA_285mK_191103__IVB__T_1p40K[0.000086250],1,down,5024,0.9994027473621342
D4.2__Fig 2__SQUID_data__IVI_BS30_A1S1_I_contrl_+-0.15mA_285mK_191103__IVB__T_1p40K[0.000086250],2,up,2441,1.0
D4.2__Fig 2__SQUID_data__IVI_BS30_A1S1_I_contrl_+-0.15mA_285mK_191103__IVB__T_1p40K[0.000086625],0,up,2534,0.9992104224240032
D4.2__Fig 2__SQUID_data__IVI_BS30_A1S1_I_contrl_+-0.15mA_285mK_191103__IVB__T_1p40K[0.000086625],1,down,5023,0.9996017522899243
D4.2__Fig 2__SQUID_data__IVI_BS30_A1S1_I_contrl_+-0.15mA_285mK_191103__IVB__T_1p40K[0.000086625],2,up,2443,1.0
D4.2__Fig 2__SQUID_data__IVI_BS30_A1S1_I_contrl_+-0.15mA_285mK_191103__IVB__T_1p40K[0.000087000],0,up,2535,0.9988161010260458
D4.2__Fig 2__SQUID_data__IVI_BS30_A1S1_I_contrl_+-0.15mA_285mK_191103__IVB__T_1p40K[0.000087000],1,down,5023,0.9996017522899243
D4.2__Fig 2__SQUID_data__IVI_BS30_A1S1_I_contrl_+-0.15mA_285mK_191103__IVB__T_1p40K[0.000087000],2,up,2442,0.9995903318312167
D4.2__Fig 2__SQUID_data__IVI_BS30_A1S1_I_contrl_+-0.15mA_285mK_191103__IVB__T_1p40K[0.000087375],0,up,2535,0.9992107340173638
D4.2__Fig 2__SQUID_data__IVI_BS30_A1S1_I_contrl_+-0.15mA_285mK_191103__IVB__T_1p40K[0.000087375],1,down,5023,0.9994026284348865
D4.2__Fig 2__SQUID_data__IVI_BS30_A1S1_I_contrl_+-0.15mA_285mK_191103__IVB__T_1p40K[0.000087375],2,up,2442,1.0
D4.2__Fig 2__SQUID_data__IVI_BS30_A1S1_I_contrl_+-0.15mA_285mK_191103__IVB__T_1p40K[0.000087750],0,up,2535,0.9992107340173638
D4.2__Fig 2__SQUID_data__IVI_BS30_A1S1_I_contrl_+-0.15mA_285mK_191103__IVB__T_1p40K[0.000087750],1,down,5022,0.9994025094602669
D4.2__Fig 2__SQUID_data__IVI_BS30_A1S1_I_contrl_+-0.15mA_285mK_191103__IVB__T_1p40K[0.000087750],2,up,2443,1.0
D4.2__Fig 2__SQUID_data__IVI_BS30_A1S1_I_contrl_+-0.15mA_285mK_191103__IVB__T_1p40K[0.000088125],0,up,2535,0.9988161010260458
D4.2__Fig 2__SQUID_data__IVI_BS30_A1S1_I_contrl_+-0.15mA_285mK_191103__IVB__T_1p40K[0.000088125],1,down,5023,0.9996017522899243
D4.2__Fig 2__SQUID_data__IVI_BS30_A1S1_I_contrl_+-0.15mA_285mK_191103__IVB__T_1p40K[0.000088125],2,up,2442,1.0
D4.2__Fig 2__SQUID_data__IVI_BS30_A1S1_I_contrl_+-0.15mA_285mK_191103__IVB__T_1p40K[0.000088500],0,up,2535,0.9992107340173638
D4.2__Fig 2__SQUID_data__IVI_BS30_A1S1_I_contrl_+-0.15mA_285mK_191103__IVB__T_1p40K[0.000088500],1,down,5022,0.9996016729735112
D4.2__Fig 2__SQUID_data__IVI_BS30_A1S1_I_contrl_+-0.15mA_285mK_191103__IVB__T_1p40K[0.000088500],2,up,2443,1.0
D4.2__Fig 2__SQUID_data__IVI_BS30_A1S1_I_contrl_+-0.15mA_285mK_191103__IVB__T_1p40K[0.000088875],0,up,2534,1.0
D4.2__Fig 2__SQUID_data__IVI_BS30_A1S1_I_contrl_+-0.15mA_285mK_191103__IVB__T_1p40K[0.000088875],1,down,5024,0.9996018315747561
D4.2__Fig 2__SQUID_data__IVI_BS30_A1S1_I_contrl_+-0.15mA_285mK_191103__IVB__T_1p40K[0.000088875],2,up,2442,0.9995903318312167
D4.2__Fig 2__SQUID_data__IVI_BS30_A1S1_I_contrl_+-0.15mA_285mK_191103__IVB__T_1p40K[0.000089250],0,up,2535,0.9992107340173638
D4.2__Fig 2__SQUID_data__IVI_BS30_A1S1_I_contrl_+-0.15mA_285mK_191103__IVB__T_1p40K[0.000089250],1,down,5023,0.9996017522899243
D4.2__Fig 2__SQUID_data__IVI_BS30_A1S1_I_contrl_+-0.15mA_285mK_191103__IVB__T_1p40K[0.000089250],2,up,2442,1.0
D4.2__Fig 2__SQUID_data__IVI_BS30_A1S1_I_contrl_+-0.15mA_285mK_191103__IVB__T_1p40K[0.000089625],0,up,2534,0.9996052112120016
D4.2__Fig 2__SQUID_data__IVI_BS30_A1S1_I_contrl_+-0.15mA_285mK_191103__IVB__T_1p40K[0.000089625],1,down,5023,0.9996017522899243
D4.2__Fig 2__SQUID_data__IVI_BS30_A1S1_I_contrl_+-0.15mA_285mK_191103__IVB__T_1p40K[0.000089625],2,up,2443,1.0
D4.2__Fig 2__SQUID_data__IVI_BS30_A1S1_I_contrl_+-0.15mA_285mK_191103__IVB__T_1p40K[0.000090000],0,up,2534,0.9996052112120016
D4.2__Fig 2__SQUID_data__IVI_BS30_A1S1_I_contrl_+-0.15mA_285mK_191103__IVB__T_1p40K[0.000090000],1,down,5023,0.9996017522899243
D4.2__Fig 2__SQUID_data__IVI_BS30_A1S1_I_contrl_+-0.15mA_285mK_191103__IVB__T_1p40K[0.000090000],2,up,2443,1.0
D4.2__Fig 2__SQUID_data__IVI_BS30_A1S1_I_contrl_+-0.15mA_285mK_191103__IVB__T_1p40K[0.000090375],0,up,2535,0.9980268350434096
D4.2__Fig 2__SQUID_data__IVI_BS30_A1S1_I_contrl_+-0.15mA_285mK_191103__IVB__T_1p40K[0.000090375],1,down,5022,0.9996016729735112
D4.2__Fig 2__SQUID_data__IVI_BS30_A1S1_I_contrl_+-0.15mA_285mK_191103__IVB__T_1p40K[0.000090375],2,up,2443,1.0
D4.2__Fig 2__SQUID_data__IVI_BS30_A1S1_I_contrl_+-0.15mA_285mK_191103__IVB__T_1p40K[0.000090750],0,up,2536,0.998422090729783
D4.2__Fig 2__SQUID_data__IVI_BS30_A1S1_I_contrl_+-0.15mA_285mK_191103__IVB__T_1p40K[0.000090750],1,down,5023,0.9994026284348865
D4.2__Fig 2__SQUID_data__IVI_BS30_A1S1_I_contrl_+-0.15mA_285mK_191103__IVB__T_1p40K[0.000090750],2,up,2441,1.0
D4.2__Fig 2__SQUID_data__IVI_BS30_A1S1_I_contrl_+-0.15mA_285mK_191103__IVB__T_1p40K[0.000091125],0,up,2536,0.998422090729783
D4.2__Fig 2__SQUID_data__IVI_BS30_A1S1_I_contrl_+-0.15mA_285mK_191103__IVB__T_1p40K[0.000091125],1,down,5021,0.999800796812749
D4.2__Fig 2__SQUID_data__IVI_BS30_A1S1_I_contrl_+-0.15mA_285mK_191103__IVB__T_1p40K[0.000091125],2,up,2443,1.0
D4.2__Fig 2__SQUID_data__IVI_BS30_A1S1_I_contrl_+-0.15mA_285mK_191103__IVB__T_1p40K[0.000091500],0,up,2535,0.9988161010260458
D4.2__Fig 2__SQUID_data__IVI_BS30_A1S1_I_contrl_+-0.15mA_285mK_191103__IVB__T_1p40K[0.000091500],1,down,5023,0.9996017522899243
D4.2__Fig 2__SQUID_data__IVI_BS30_A1S1_I_contrl_+-0.15mA_285mK_191103__IVB__T_1p40K[0.000091500],2,up,2442,1.0
D4.2__Fig 2__SQUID_data__IVI_BS30_A1S1_I_contrl_+-0.15mA_285mK_191103__IVB__T_1p40K[0.000091875],0,up,2535,0.9992107340173638
D4.2__Fig 2__SQUID_data__IVI_BS30_A1S1_I_contrl_+-0.15mA_285mK_191103__IVB__T_1p40K[0.000091875],1,down,5023,0.9996017522899243
D4.2__Fig 2__SQUID_data__IVI_BS30_A1S1_I_contrl_+-0.15mA_285mK_191103__IVB__T_1p40K[0.000091875],2,up,2442,1.0
D4.2__Fig 2__SQUID_data__IVI_BS30_A1S1_I_contrl_+-0.15mA_285mK_191103__IVB__T_1p40K[0.000092250],0,up,2536,0.9988165680473373
D4.2__Fig 2__SQUID_data__IVI_BS30_A1S1_I_contrl_+-0.15mA_285mK_191103__IVB__T_1p40K[0.000092250],1,down,5021,0.999800796812749
D4.2__Fig 2__SQUID_data__IVI_BS30_A1S1_I_contrl_+-0.15mA_285mK_191103__IVB__T_1p40K[0.000092250],2,up,2443,1.0
D4.2__Fig 2__SQUID_data__IVI_BS30_A1S1_I_contrl_+-0.15mA_285mK_191103__IVB__T_1p40K[0.000092625],0,up,2536,0.9980276134122288
D4.2__Fig 2__SQUID_data__IVI_BS30_A1S1_I_contrl_+-0.15mA_285mK_191103__IVB__T_1p40K[0.000092625],1,down,5021,0.999402390438247
D4.2__Fig 2__SQUID_data__IVI_BS30_A1S1_I_contrl_+-0.15mA_285mK_191103__IVB__T_1p40K[0.000092625],2,up,2443,1.0
D4.2__Fig 2__SQUID_data__IVI_BS30_A1S1_I_contrl_+-0.15mA_285mK_191103__IVB__T_1p40K[0.000093000],0,up,2535,0.9992107340173638
D4.2__Fig 2__SQUID_data__IVI_BS30_A1S1_I_contrl_+-0.15mA_285mK_191103__IVB__T_1p40K[0.000093000],1,down,5023,0.9992035045798486
D4.2__Fig 2__SQUID_data__IVI_BS30_A1S1_I_contrl_+-0.15mA_285mK_191103__IVB__T_1p40K[0.000093000],2,up,2442,1.0
D4.2__Fig 2__SQUID_data__IVI_BS30_A1S1_I_contrl_+-0.15mA_285mK_191103__IVB__T_1p40K[0.000093375],0,up,2535,0.9980268350434096
D4.2__Fig 2__SQUID_data__IVI_BS30_A1S1_I_contrl_+-0.15mA_285mK_191103__IVB__T_1p40K[0.000093375],1,down,5021,0.999800796812749
D4.2__Fig 2__SQUID_data__IVI_BS30_A1S1_I_contrl_+-0.15mA_285mK_191103__IVB__T_1p40K[0.000093375],2,up,2444,1.0
D4.2__Fig 2__SQUID_data__IVI_BS30_A1S1_I_contrl_+-0.15mA_285mK_191103__IVB__T_1p40K[0.000093750],0,up,2536,0.9992110453648915
D4.2__Fig 2__SQUID_data__IVI_BS30_A1S1_I_contrl_+-0.15mA_285mK_191103__IVB__T_1p40K[0.000093750],1,down,5022,0.9994025094602669
D4.2__Fig 2__SQUID_data__IVI_BS30_A1S1_I_contrl_+-0.15mA_285mK_191103__IVB__T_1p40K[0.000093750],2,up,2442,0.9995903318312167
D4.2__Fig 2__SQUID_data__IVI_BS30_A1S1_I_contrl_+-0.15mA_285mK_191103__IVB__T_1p40K[0.000094125],0,up,2534,0.9992104224240032
D4.2__Fig 2__SQUID_data__IVI_BS30_A1S1_I_contrl_+-0.15mA_285mK_191103__IVB__T_1p40K[0.000094125],1,down,5023,0.9996017522899243
D4.2__Fig 2__SQUID_data__IVI_BS30_A1S1_I_contrl_+-0.15mA_285mK_191103__IVB__T_1p40K[0.000094125],2,up,2443,1.0
D4.2__Fig 2__SQUID_data__IVI_BS30_A1S1_I_contrl_+-0.15mA_285mK_191103__IVB__T_1p40K[0.000094500],0,up,2536,0.9988165680473373
D4.2__Fig 2__SQUID_data__IVI_BS30_A1S1_I_contrl_+-0.15mA_285mK_191103__IVB__T_1p40K[0.000094500],1,down,5021,0.999402390438247
D4.2__Fig 2__SQUID_data__IVI_BS30_A1S1_I_contrl_+-0.15mA_285mK_191103__IVB__T_1p40K[0.000094500],2,up,2443,0.9995904995904996
D4.2__Fig 2__SQUID_data__IVI_BS30_A1S1_I_contrl_+-0.15mA_285mK_191103__IVB__T_1p40K[0.000094875],0,up,2534,0.9992104224240032
D4.2__Fig 2__SQUID_data__IVI_BS30_A1S1_I_contrl_+-0.15mA_285mK_191103__IVB__T_1p40K[0.000094875],1,down,5024,0.9994027473621342
D4.2__Fig 2__SQUID_data__IVI_BS30_A1S1_I_contrl_+-0.15mA_285mK_191103__IVB__T_1p40K[0.000094875],2,up,2442,1.0
D4.2__Fig 2__SQUID_data__IVI_BS30_A1S1_I_contrl_+-0.15mA_285mK_191103__IVB__T_1p40K[0.000095250],0,up,2535,0.9988161010260458
D4.2__Fig 2__SQUID_data__IVI_BS30_A1S1_I_contrl_+-0.15mA_285mK_191103__IVB__T_1p40K[0.000095250],1,down,5023,0.9996017522899243
D4.2__Fig 2__SQUID_data__IVI_BS30_A1S1_I_contrl_+-0.15mA_285mK_191103__IVB__T_1p40K[0.000095250],2,up,2442,1.0
D4.2__Fig 2__SQUID_data__IVI_BS30_A1S1_I_contrl_+-0.15mA_285mK_191103__IVB__T_1p40K[0.000095625],0,up,2534,0.9984208448480063
D4.2__Fig 2__SQUID_data__IVI_BS30_A1S1_I_contrl_+-0.15mA_285mK_191103__IVB__T_1p40K[0.000095625],1,down,5025,0.9992038216560509
D4.2__Fig 2__SQUID_data__IVI_BS30_A1S1_I_contrl_+-0.15mA_285mK_191103__IVB__T_1p40K[0.000095625],2,up,2441,1.0
D4.2__Fig 2__SQUID_data__IVI_BS30_A1S1_I_contrl_+-0.15mA_285mK_191103__IVB__T_1p40K[0.000096000],0,up,2535,0.9988161010260458
D4.2__Fig 2__SQUID_data__IVI_BS30_A1S1_I_contrl_+-0.15mA_285mK_191103__IVB__T_1p40K[0.000096000],1,down,5023,0.9994026284348865
D4.2__Fig 2__SQUID_data__IVI_BS30_A1S1_I_contrl_+-0.15mA_285mK_191103__IVB__T_1p40K[0.000096000],2,up,2442,1.0
D4.2__Fig 2__SQUID_data__IVI_BS30_A1S1_I_contrl_+-0.15mA_285mK_191103__IVB__T_1p40K[0.000096375],0,up,2535,0.9988161010260458
D4.2__Fig 2__SQUID_data__IVI_BS30_A1S1_I_contrl_+-0.15mA_285mK_191103__IVB__T_1p40K[0.000096375],1,down,5023,0.9996017522899243
D4.2__Fig 2__SQUID_data__IVI_BS30_A1S1_I_contrl_+-0.15mA_285mK_191103__IVB__T_1p40K[0.000096375],2,up,2442,1.0
D4.2__Fig 2__SQUID_data__IVI_BS30_A1S1_I_contrl_+-0.15mA_285mK_191103__IVB__T_1p40K[0.000096750],0,up,2535,0.9984214680347278
D4.2__Fig 2__SQUID_data__IVI_BS30_A1S1_I_contrl_+-0.15mA_285mK_191103__IVB__T_1p40K[0.000096750],1,down,5023,0.9996017522899243
D4.2__Fig 2__SQUID_data__IVI_BS30_A1S1_I_contrl_+-0.15mA_285mK_191103__IVB__T_1p40K[0.000096750],2,up,2442,1.0
D4.2__Fig 2__SQUID_data__IVI_BS30_A1S1_I_contrl_+-0.15mA_285mK_191103__IVB__T_1p40K[0.000097125],0,up,2534,0.9992104224240032
D4.2__Fig 2__SQUID_data__IVI_BS30_A1S1_I_contrl_+-0.15mA_285mK_191103__IVB__T_1p40K[0.000097125],1,down,5024,0.9994027473621342
D4.2__Fig 2__SQUID_data__IVI_BS30_A1S1_I_contrl_+-0.15mA_285mK_191103__IVB__T_1p40K[0.000097125],2,up,2442,1.0
D4.2__Fig 2__SQUID_data__IVI_BS30_A1S1_I_contrl_+-0.15mA_285mK_191103__IVB__T_1p40K[0.000097500],0,up,2534,0.9992104224240032
D4.2__Fig 2__SQUID_data__IVI_BS30_A1S1_I_contrl_+-0.15mA_285mK_191103__IVB__T_1p40K[0.000097500],1,down,5024,0.9996018315747561
D4.2__Fig 2__SQUID_data__IVI_BS30_A1S1_I_contrl_+-0.15mA_285mK_191103__IVB__T_1p40K[0.000097500],2,up,2442,1.0
D4.2__Fig 2__SQUID_data__IVI_BS30_A1S1_I_contrl_+-0.15mA_285mK_191103__IVB__T_1p40K[0.000097875],0,up,2536,0.9988165680473373
D4.2__Fig 2__SQUID_data__IVI_BS30_A1S1_I_contrl_+-0.15mA_285mK_191103__IVB__T_1p40K[0.000097875],1,down,5021,0.999800796812749
D4.2__Fig 2__SQUID_data__IVI_BS30_A1S1_I_contrl_+-0.15mA_285mK_191103__IVB__T_1p40K[0.000097875],2,up,2443,1.0
D4.2__Fig 2__SQUID_data__IVI_BS30_A1S1_I_contrl_+-0.15mA_285mK_191103__IVB__T_1p40K[0.000098250],0,up,2535,0.9992107340173638
D4.2__Fig 2__SQUID_data__IVI_BS30_A1S1_I_contrl_+-0.15mA_285mK_191103__IVB__T_1p40K[0.000098250],1,down,5023,0.9996017522899243
D4.2__Fig 2__SQUID_data__IVI_BS30_A1S1_I_contrl_+-0.15mA_285mK_191103__IVB__T_1p40K[0.000098250],2,up,2442,1.0
D4.2__Fig 2__SQUID_data__IVI_BS30_A1S1_I_contrl_+-0.15mA_285mK_191103__IVB__T_1p40K[0.000098625],0,up,2534,0.9988156336360048
D4.2__Fig 2__SQUID_data__IVI_BS30_A1S1_I_contrl_+-0.15mA_285mK_191103__IVB__T_1p40K[0.000098625],1,down,5025,0.9994028662420382
D4.2__Fig 2__SQUID_data__IVI_BS30_A1S1_I_contrl_+-0.15mA_285mK_191103__IVB__T_1p40K[0.000098625],2,up,2441,0.9995901639344262
D4.2__Fig 2__SQUID_data__IVI_BS30_A1S1_I_contrl_+-0.15mA_285mK_191103__IVB__T_1p40K[0.000099000],0,up,2535,0.9992107340173638
D4.2__Fig 2__SQUID_data__IVI_BS30_A1S1_I_contrl_+-0.15mA_285mK_191103__IVB__T_1p40K[0.000099000],1,down,5023,0.9994026284348865
D4.2__Fig 2__SQUID_data__IVI_BS30_A1S1_I_contrl_+-0.15mA_285mK_191103__IVB__T_1p40K[0.000099000],2,up,2442,1.0
D4.2__Fig 2__SQUID_data__IVI_BS30_A1S1_I_contrl_+-0.15mA_285mK_191103__IVB__T_1p40K[0.000099375],0,up,2535,0.999605367008682
D4.2__Fig 2__SQUID_data__IVI_BS30_A1S1_I_contrl_+-0.15mA_285mK_191103__IVB__T_1p40K[0.000099375],1,down,5022,0.9994025094602669
D4.2__Fig 2__SQUID_data__IVI_BS30_A1S1_I_contrl_+-0.15mA_285mK_191103__IVB__T_1p40K[0.000099375],2,up,2443,0.9995904995904996
D4.2__Fig 2__SQUID_data__IVI_BS30_A1S1_I_contrl_+-0.15mA_285mK_191103__IVB__T_1p40K[0.000099750],0,up,2534,0.9992104224240032
D4.2__Fig 2__SQUID_data__IVI_BS30_A1S1_I_contrl_+-0.15mA_285mK_191103__IVB__T_1p40K[0.000099750],1,down,5024,0.9994027473621342
D4.2__Fig 2__SQUID_data__IVI_BS30_A1S1_I_contrl_+-0.15mA_285mK_191103__IVB__T_1p40K[0.000099750],2,up,2442,0.9995903318312167
D4.2__Fig 2__SQUID_data__IVI_BS30_A1S1_I_contrl_+-0.15mA_285mK_191103__IVB__T_1p40K[0.000100125],0,up,2534,0.9996052112120016
D4.2__Fig 2__SQUID_data__IVI_BS30_A1S1_I_contrl_+-0.15mA_285mK_191103__IVB__T_1p40K[0.000100125],1,down,5024,0.9994027473621342
D4.2__Fig 2__SQUID_data__IVI_BS30_A1S1_I_contrl_+-0.15mA_285mK_191103__IVB__T_1p40K[0.000100125],2,up,2442,1.0
D4.2__Fig 2__SQUID_data__IVI_BS30_A1S1_I_contrl_+-0.15mA_285mK_191103__IVB__T_1p40K[0.000100500],0,up,2535,0.9988161010260458
D4.2__Fig 2__SQUID_data__IVI_BS30_A1S1_I_contrl_+-0.15mA_285mK_191103__IVB__T_1p40K[0.000100500],1,down,5023,0.9994026284348865
D4.2__Fig 2__SQUID_data__IVI_BS30_A1S1_I_contrl_+-0.15mA_285mK_191103__IVB__T_1p40K[0.000100500],2,up,2442,1.0
D4.2__Fig 2__SQUID_data__IVI_BS30_A1S1_I_contrl_+-0.15mA_285mK_191103__IVB__T_1p40K[0.000100875],0,up,2534,0.9996052112120016
D4.2__Fig 2__SQUID_data__IVI_BS30_A1S1_I_contrl_+-0.15mA_285mK_191103__IVB__T_1p40K[0.000100875],1,down,5024,0.9994027473621342
D4.2__Fig 2__SQUID_data__IVI_BS30_A1S1_I_contrl_+-0.15mA_285mK_191103__IVB__T_1p40K[0.000100875],2,up,2442,1.0
D4.2__Fig 2__SQUID_data__IVI_BS30_A1S1_I_contrl_+-0.15mA_285mK_191103__IVB__T_1p40K[0.000101250],0,up,2535,0.9992107340173638
D4.2__Fig 2__SQUID_data__IVI_BS30_A1S1_I_contrl_+-0.15mA_285mK_191103__IVB__T_1p40K[0.000101250],1,down,5022,0.9996016729735112
D4.2__Fig 2__SQUID_data__IVI_BS30_A1S1_I_contrl_+-0.15mA_285mK_191103__IVB__T_1p40K[0.000101250],2,up,2443,1.0
D4.2__Fig 2__SQUID_data__IVI_BS30_A1S1_I_contrl_+-0.15mA_285mK_191103__IVB__T_1p40K[0.000101625],0,up,2534,0.9992104224240032
D4.2__Fig 2__SQUID_data__IVI_BS30_A1S1_I_contrl_+-0.15mA_285mK_191103__IVB__T_1p40K[0.000101625],1,down,5023,0.9994026284348865
D4.2__Fig 2__SQUID_data__IVI_BS30_A1S1_I_contrl_+-0.15mA_285mK_191103__IVB__T_1p40K[0.000101625],2,up,2443,1.0
D4.2__Fig 2__SQUID_data__IVI_BS30_A1S1_I_contrl_+-0.15mA_285mK_191103__IVB__T_1p40K[0.000102000],0,up,2534,0.9992104224240032
D4.2__Fig 2__SQUID_data__IVI_BS30_A1S1_I_contrl_+-0.15mA_285mK_191103__IVB__T_1p40K[0.000102000],1,down,5024,0.9996018315747561
D4.2__Fig 2__SQUID_data__IVI_BS30_A1S1_I_contrl_+-0.15mA_285mK_191103__IVB__T_1p40K[0.000102000],2,up,2442,1.0
D4.2__Fig 2__SQUID_data__IVI_BS30_A1S1_I_contrl_+-0.15mA_285mK_191103__IVB__T_1p40K[0.000102375],0,up,2535,0.9992107340173638
D4.2__Fig 2__SQUID_data__IVI_BS30_A1S1_I_contrl_+-0.15mA_285mK_191103__IVB__T_1p40K[0.000102375],1,down,5023,0.9992035045798486
D4.2__Fig 2__SQUID_data__IVI_BS30_A1S1_I_contrl_+-0.15mA_285mK_191103__IVB__T_1p40K[0.000102375],2,up,2442,1.0
D4.2__Fig 2__SQUID_data__IVI_BS30_A1S1_I_contrl_+-0.15mA_285mK_191103__IVB__T_1p40K[0.000102750],0,up,2534,0.9988156336360048
D4.2__Fig 2__SQUID_data__IVI_BS30_A1S1_I_contrl_+-0.15mA_285mK_191103__IVB__T_1p40K[0.000102750],1,down,5024,0.9994027473621342
D4.2__Fig 2__SQUID_data__IVI_BS30_A1S1_I_contrl_+-0.15mA_285mK_191103__IVB__T_1p40K[0.000102750],2,up,2442,1.0
D4.2__Fig 2__SQUID_data__IVI_BS30_A1S1_I_contrl_+-0.15mA_285mK_191103__IVB__T_1p40K[0.000103125],0,up,2535,0.999605367008682
D4.2__Fig 2__SQUID_data__IVI_BS30_A1S1_I_contrl_+-0.15mA_285mK_191103__IVB__T_1p40K[0.000103125],1,down,5022,0.9996016729735112
D4.2__Fig 2__SQUID_data__IVI_BS30_A1S1_I_contrl_+-0.15mA_285mK_191103__IVB__T_1p40K[0.000103125],2,up,2443,1.0
D4.2__Fig 2__SQUID_data__IVI_BS30_A1S1_I_contrl_+-0.15mA_285mK_191103__IVB__T_1p40K[0.000103500],0,up,2535,0.9992107340173638
D4.2__Fig 2__SQUID_data__IVI_BS30_A1S1_I_contrl_+-0.15mA_285mK_191103__IVB__T_1p40K[0.000103500],1,down,5023,0.9994026284348865
D4.2__Fig 2__SQUID_data__IVI_BS30_A1S1_I_contrl_+-0.15mA_285mK_191103__IVB__T_1p40K[0.000103500],2,up,2442,1.0
D4.2__Fig 2__SQUID_data__IVI_BS30_A1S1_I_contrl_+-0.15mA_285mK_191103__IVB__T_1p40K[0.000103875],0,up,2535,0.9992107340173638
D4.2__Fig 2__SQUID_data__IVI_BS30_A1S1_I_contrl_+-0.15mA_285mK_191103__IVB__T_1p40K[0.000103875],1,down,5023,0.9996017522899243
D4.2__Fig 2__SQUID_data__IVI_BS30_A1S1_I_contrl_+-0.15mA_285mK_191103__IVB__T_1p40K[0.000103875],2,up,2442,1.0
D4.2__Fig 2__SQUID_data__IVI_BS30_A1S1_I_contrl_+-0.15mA_285mK_191103__IVB__T_1p40K[0.000104250],0,up,2535,0.9988161010260458
D4.2__Fig 2__SQUID_data__IVI_BS30_A1S1_I_contrl_+-0.15mA_285mK_191103__IVB__T_1p40K[0.000104250],1,down,5023,0.9996017522899243
D4.2__Fig 2__SQUID_data__IVI_BS30_A1S1_I_contrl_+-0.15mA_285mK_191103__IVB__T_1p40K[0.000104250],2,up,2442,1.0
D4.2__Fig 2__SQUID_data__IVI_BS30_A1S1_I_contrl_+-0.15mA_285mK_191103__IVB__T_1p40K[0.000104625],0,up,2536,0.9980276134122288
D4.2__Fig 2__SQUID_data__IVI_BS30_A1S1_I_contrl_+-0.15mA_285mK_191103__IVB__T_1p40K[0.000104625],1,down,5022,0.9996016729735112
D4.2__Fig 2__SQUID_data__IVI_BS30_A1S1_I_contrl_+-0.15mA_285mK_191103__IVB__T_1p40K[0.000104625],2,up,2442,1.0
D4.2__Fig 2__SQUID_data__IVI_BS30_A1S1_I_contrl_+-0.15mA_285mK_191103__IVB__T_1p40K[0.000105000],0,up,2535,0.9992107340173638
D4.2__Fig 2__SQUID_data__IVI_BS30_A1S1_I_contrl_+-0.15mA_285mK_191103__IVB__T_1p40K[0.000105000],1,down,5023,0.9994026284348865
D4.2__Fig 2__SQUID_data__IVI_BS30_A1S1_I_contrl_+-0.15mA_285mK_191103__IVB__T_1p40K[0.000105000],2,up,2442,1.0
D4.2__Fig 2__SQUID_data__IVI_BS30_A1S1_I_contrl_+-0.15mA_285mK_191103__IVB__T_1p40K[0.000105375],0,up,2534,0.9992104224240032
D4.2__Fig 2__SQUID_data__IVI_BS30_A1S1_I_contrl_+-0.15mA_285mK_191103__IVB__T_1p40K[0.000105375],1,down,5024,0.9996018315747561
D4.2__Fig 2__SQUID_data__IVI_BS30_A1S1_I_contrl_+-0.15mA_285mK_191103__IVB__T_1p40K[0.000105375],2,up,2442,1.0
D4.2__Fig 2__SQUID_data__IVI_BS30_A1S1_I_contrl_+-0.15mA_285mK_191103__IVB__T_1p40K[0.000105750],0,up,2534,0.9988156336360048
D4.2__Fig 2__SQUID_data__IVI_BS30_A1S1_I_contrl_+-0.15mA_285mK_191103__IVB__T_1p40K[0.000105750],1,down,5025,0.9996019108280255
D4.2__Fig 2__SQUID_data__IVI_BS30_A1S1_I_contrl_+-0.15mA_285mK_191103__IVB__T_1p40K[0.000105750],2,up,2441,1.0
D4.2__Fig 2__SQUID_data__IVI_BS30_A1S1_I_contrl_+-0.15mA_285mK_191103__IVB__T_1p40K[0.000106125],0,up,2534,0.9988156336360048
D4.2__Fig 2__SQUID_data__IVI_BS30_A1S1_I_contrl_+-0.15mA_285mK_191103__IVB__T_1p40K[0.000106125],1,down,5024,0.9994027473621342
D4.2__Fig 2__SQUID_data__IVI_BS30_A1S1_I_contrl_+-0.15mA_285mK_191103__IVB__T_1p40K[0.000106125],2,up,2442,1.0
D4.2__Fig 2__SQUID_data__IVI_BS30_A1S1_I_contrl_+-0.15mA_285mK_191103__IVB__T_1p40K[0.000106500],0,up,2536,0.9988165680473373
D4.2__Fig 2__SQUID_data__IVI_BS30_A1S1_I_contrl_+-0.15mA_285mK_191103__IVB__T_1p40K[0.000106500],1,down,5021,0.999601593625498
D4.2__Fig 2__SQUID_data__IVI_BS30_A1S1_I_contrl_+-0.15mA_285mK_191103__IVB__T_1p40K[0.000106500],2,up,2443,1.0
D4.2__Fig 2__SQUID_data__IVI_BS30_A1S1_I_contrl_+-0.15mA_285mK_191103__IVB__T_1p40K[0.000106875],0,up,2535,0.9992107340173638
D4.2__Fig 2__SQUID_data__IVI_BS30_A1S1_I_contrl_+-0.15mA_285mK_191103__IVB__T_1p40K[0.000106875],1,down,5022,0.9992033459470225
D4.2__Fig 2__SQUID_data__IVI_BS30_A1S1_I_contrl_+-0.15mA_285mK_191103__IVB__T_1p40K[0.000106875],2,up,2443,1.0
D4.2__Fig 2__SQUID_data__IVI_BS30_A1S1_I_contrl_+-0.15mA_285mK_191103__IVB__T_1p40K[0.000107250],0,up,2535,0.9988161010260458
D4.2__Fig 2__SQUID_data__IVI_BS30_A1S1_I_contrl_+-0.15mA_285mK_191103__IVB__T_1p40K[0.000107250],1,down,5023,0.9996017522899243
D4.2__Fig 2__SQUID_data__IVI_BS30_A1S1_I_contrl_+-0.15mA_285mK_191103__IVB__T_1p40K[0.000107250],2,up,2442,1.0
D4.2__Fig 2__SQUID_data__IVI_BS30_A1S1_I_contrl_+-0.15mA_285mK_191103__IVB__T_1p40K[0.000107625],0,up,2535,0.9988161010260458
D4.2__Fig 2__SQUID_data__IVI_BS30_A1S1_I_contrl_+-0.15mA_285mK_191103__IVB__T_1p40K[0.000107625],1,down,5024,0.9992036631495123
D4.2__Fig 2__SQUID_data__IVI_BS30_A1S1_I_contrl_+-0.15mA_285mK_191103__IVB__T_1p40K[0.000107625],2,up,2441,1.0
D4.2__Fig 2__SQUID_data__IVI_BS30_A1S1_I_contrl_+-0.15mA_285mK_191103__IVB__T_1p40K[0.000108000],0,up,2535,0.9992107340173638
D4.2__Fig 2__SQUID_data__IVI_BS30_A1S1_I_contrl_+-0.15mA_285mK_191103__IVB__T_1p40K[0.000108000],1,down,5023,0.9994026284348865
D4.2__Fig 2__SQUID_data__IVI_BS30_A1S1_I_contrl_+-0.15mA_285mK_191103__IVB__T_1p40K[0.000108000],2,up,2442,1.0
D4.2__Fig 2__SQUID_data__IVI_BS30_A1S1_I_contrl_+-0.15mA_285mK_191103__IVB__T_1p40K[0.000108375],0,up,2534,0.9992104224240032
D4.2__Fig 2__SQUID_data__IVI_BS30_A1S1_I_contrl_+-0.15mA_285mK_191103__IVB__T_1p40K[0.000108375],1,down,5023,0.9992035045798486
D4.2__Fig 2__SQUID_data__IVI_BS30_A1S1_I_contrl_+-0.15mA_285mK_191103__IVB__T_1p40K[0.000108375],2,up,2443,1.0
D4.2__Fig 2__SQUID_data__IVI_BS30_A1S1_I_contrl_+-0.15mA_285mK_191103__IVB__T_1p40K[0.000108750],0,up,2535,0.999605367008682
D4.2__Fig 2__SQUID_data__IVI_BS30_A1S1_I_contrl_+-0.15mA_285mK_191103__IVB__T_1p40K[0.000108750],1,down,5023,0.9996017522899243
D4.2__Fig 2__SQUID_data__IVI_BS30_A1S1_I_contrl_+-0.15mA_285mK_191103__IVB__T_1p40K[0.000108750],2,up,2442,1.0
D4.2__Fig 2__SQUID_data__IVI_BS30_A1S1_I_contrl_+-0.15mA_285mK_191103__IVB__T_1p40K[0.000109125],0,up,2534,0.9996052112120016
D4.2__Fig 2__SQUID_data__IVI_BS30_A1S1_I_contrl_+-0.15mA_285mK_191103__IVB__T_1p40K[0.000109125],1,down,5024,0.9994027473621342
D4.2__Fig 2__SQUID_data__IVI_BS30_A1S1_I_contrl_+-0.15mA_285mK_191103__IVB__T_1p40K[0.000109125],2,up,2442,1.0
D4.2__Fig 2__SQUID_data__IVI_BS30_A1S1_I_contrl_+-0.15mA_285mK_191103__IVB__T_1p40K[0.000109500],0,up,2535,0.9992107340173638
D4.2__Fig 2__SQUID_data__IVI_BS30_A1S1_I_contrl_+-0.15mA_285mK_191103__IVB__T_1p40K[0.000109500],1,down,5023,0.9992035045798486
D4.2__Fig 2__SQUID_data__IVI_BS30_A1S1_I_contrl_+-0.15mA_285mK_191103__IVB__T_1p40K[0.000109500],2,up,2442,1.0
D4.2__Fig 2__SQUID_data__IVI_BS30_A1S1_I_contrl_+-0.15mA_285mK_191103__IVB__T_1p40K[0.000109875],0,up,2535,0.9984214680347278
D4.2__Fig 2__SQUID_data__IVI_BS30_A1S1_I_contrl_+-0.15mA_285mK_191103__IVB__T_1p40K[0.000109875],1,down,5023,0.9994026284348865
D4.2__Fig 2__SQUID_data__IVI_BS30_A1S1_I_contrl_+-0.15mA_285mK_191103__IVB__T_1p40K[0.000109875],2,up,2442,1.0
D4.2__Fig 2__SQUID_data__IVI_BS30_A1S1_I_contrl_+-0.15mA_285mK_191103__IVB__T_1p40K[0.000110250],0,up,2535,0.9988161010260458
D4.2__Fig 2__SQUID_data__IVI_BS30_A1S1_I_contrl_+-0.15mA_285mK_191103__IVB__T_1p40K[0.000110250],1,down,5023,0.9994026284348865
D4.2__Fig 2__SQUID_data__IVI_BS30_A1S1_I_contrl_+-0.15mA_285mK_191103__IVB__T_1p40K[0.000110250],2,up,2442,1.0
D4.2__Fig 2__SQUID_data__IVI_BS30_A1S1_I_contrl_+-0.15mA_285mK_191103__IVB__T_1p40K[0.000110625],0,up,2534,0.9992104224240032
D4.2__Fig 2__SQUID_data__IVI_BS30_A1S1_I_contrl_+-0.15mA_285mK_191103__IVB__T_1p40K[0.000110625],1,down,5024,0.9994027473621342
D4.2__Fig 2__SQUID_data__IVI_BS30_A1S1_I_contrl_+-0.15mA_285mK_191103__IVB__T_1p40K[0.000110625],2,up,2442,0.9995903318312167
D4.2__Fig 2__SQUID_data__IVI_BS30_A1S1_I_contrl_+-0.15mA_285mK_191103__IVB__T_1p40K[0.000111000],0,up,2534,0.9996052112120016
D4.2__Fig 2__SQUID_data__IVI_BS30_A1S1_I_contrl_+-0.15mA_285mK_191103__IVB__T_1p40K[0.000111000],1,down,5023,0.9996017522899243
D4.2__Fig 2__SQUID_data__IVI_BS30_A1S1_I_contrl_+-0.15mA_285mK_191103__IVB__T_1p40K[0.000111000],2,up,2443,0.9995904995904996
D4.2__Fig 2__SQUID_data__IVI_BS30_A1S1_I_contrl_+-0.15mA_285mK_191103__IVB__T_1p40K[0.000111375],0,up,2535,0.9992107340173638
D4.2__Fig 2__SQUID_data__IVI_BS30_A1S1_I_contrl_+-0.15mA_285mK_191103__IVB__T_1p40K[0.000111375],1,down,5023,0.9994026284348865
D4.2__Fig 2__SQUID_data__IVI_BS30_A1S1_I_contrl_+-0.15mA_285mK_191103__IVB__T_1p40K[0.000111375],2,up,2442,1.0
D4.2__Fig 2__SQUID_data__IVI_BS30_A1S1_I_contrl_+-0.15mA_285mK_191103__IVB__T_1p40K[0.000111750],0,up,2534,0.9996052112120016
D4.2__Fig 2__SQUID_data__IVI_BS30_A1S1_I_contrl_+-0.15mA_285mK_191103__IVB__T_1p40K[0.000111750],1,down,5024,0.9996018315747561
D4.2__Fig 2__SQUID_data__IVI_BS30_A1S1_I_contrl_+-0.15mA_285mK_191103__IVB__T_1p40K[0.000111750],2,up,2442,1.0
D4.2__Fig 2__SQUID_data__IVI_BS30_A1S1_I_contrl_+-0.15mA_285mK_191103__IVB__T_1p40K[0.000112125],0,up,2535,0.9988161010260458
D4.2__Fig 2__SQUID_data__IVI_BS30_A1S1_I_contrl_+-0.15mA_285mK_191103__IVB__T_1p40K[0.000112125],1,down,5023,0.9994026284348865
D4.2__Fig 2__SQUID_data__IVI_BS30_A1S1_I_contrl_+-0.15mA_285mK_191103__IVB__T_1p40K[0.000112125],2,up,2442,1.0
D4.2__Fig 2__SQUID_data__IVI_BS30_A1S1_I_contrl_+-0.15mA_285mK_191103__IVB__T_1p40K[0.000112500],0,up,2534,0.9988156336360048
D4.2__Fig 2__SQUID_data__IVI_BS30_A1S1_I_contrl_+-0.15mA_285mK_191103__IVB__T_1p40K[0.000112500],1,down,5024,0.9994027473621342
D4.2__Fig 2__SQUID_data__IVI_BS30_A1S1_I_contrl_+-0.15mA_285mK_191103__IVB__T_1p40K[0.000112500],2,up,2442,1.0
D4.2__Fig 2__SQUID_data__IVI_BS30_A1S1_I_contrl_+-0.15mA_285mK_191103__IVB__T_1p40K[0.000112875],0,up,2535,0.9984214680347278
D4.2__Fig 2__SQUID_data__IVI_BS30_A1S1_I_contrl_+-0.15mA_285mK_191103__IVB__T_1p40K[0.000112875],1,down,5024,0.9996018315747561
D4.2__Fig 2__SQUID_data__IVI_BS30_A1S1_I_contrl_+-0.15mA_285mK_191103__IVB__T_1p40K[0.000112875],2,up,2441,1.0
D4.2__Fig 2__SQUID_data__IVI_BS30_A1S1_I_contrl_+-0.15mA_285mK_191103__IVB__T_1p40K[0.000113250],0,up,2535,0.9992107340173638
D4.2__Fig 2__SQUID_data__IVI_BS30_A1S1_I_contrl_+-0.15mA_285mK_191103__IVB__T_1p40K[0.000113250],1,down,5022,0.9996016729735112
D4.2__Fig 2__SQUID_data__IVI_BS30_A1S1_I_contrl_+-0.15mA_285mK_191103__IVB__T_1p40K[0.000113250],2,up,2443,1.0
D4.2__Fig 2__SQUID_data__IVI_BS30_A1S1_I_contrl_+-0.15mA_285mK_191103__IVB__T_1p40K[0.000113625],0,up,2535,0.999605367008682
D4.2__Fig 2__SQUID_data__IVI_BS30_A1S1_I_contrl_+-0.15mA_285mK_191103__IVB__T_1p40K[0.000113625],1,down,5024,0.9996018315747561
D4.2__Fig 2__SQUID_data__IVI_BS30_A1S1_I_contrl_+-0.15mA_285mK_191103__IVB__T_1p40K[0.000113625],2,up,2441,1.0
D4.2__Fig 2__SQUID_data__IVI_BS30_A1S1_I_contrl_+-0.15mA_285mK_191103__IVB__T_1p40K[0.000114000],0,up,2534,0.9992104224240032
D4.2__Fig 2__SQUID_data__IVI_BS30_A1S1_I_contrl_+-0.15mA_285mK_191103__IVB__T_1p40K[0.000114000],1,down,5024,0.9998009157873781
D4.2__Fig 2__SQUID_data__IVI_BS30_A1S1_I_contrl_+-0.15mA_285mK_191103__IVB__T_1p40K[0.000114000],2,up,2442,1.0
D4.2__Fig 2__SQUID_data__IVI_BS30_A1S1_I_contrl_+-0.15mA_285mK_191103__IVB__T_1p40K[0.000114375],0,up,2535,0.9988161010260458
D4.2__Fig 2__SQUID_data__IVI_BS30_A1S1_I_contrl_+-0.15mA_285mK_191103__IVB__T_1p40K[0.000114375],1,down,5022,0.9996016729735112
D4.2__Fig 2__SQUID_data__IVI_BS30_A1S1_I_contrl_+-0.15mA_285mK_191103__IVB__T_1p40K[0.000114375],2,up,2443,1.0
D4.2__Fig 2__SQUID_data__IVI_BS30_A1S1_I_contrl_+-0.15mA_285mK_191103__IVB__T_1p40K[0.000114750],0,up,2535,0.9992107340173638
D4.2__Fig 2__SQUID_data__IVI_BS30_A1S1_I_contrl_+-0.15mA_285mK_191103__IVB__T_1p40K[0.000114750],1,down,5022,0.9998008364867557
D4.2__Fig 2__SQUID_data__IVI_BS30_A1S1_I_contrl_+-0.15mA_285mK_191103__IVB__T_1p40K[0.000114750],2,up,2443,0.9995904995904996
D4.2__Fig 2__SQUID_data__IVI_BS30_A1S1_I_contrl_+-0.15mA_285mK_191103__IVB__T_1p40K[0.000115125],0,up,2535,0.9992107340173638
D4.2__Fig 2__SQUID_data__IVI_BS30_A1S1_I_contrl_+-0.15mA_285mK_191103__IVB__T_1p40K[0.000115125],1,down,5022,0.9996016729735112
D4.2__Fig 2__SQUID_data__IVI_BS30_A1S1_I_contrl_+-0.15mA_285mK_191103__IVB__T_1p40K[0.000115125],2,up,2443,1.0
D4.2__Fig 2__SQUID_data__IVI_BS30_A1S1_I_contrl_+-0.15mA_285mK_191103__IVB__T_1p40K[0.000115500],0,up,2535,0.9992107340173638
D4.2__Fig 2__SQUID_data__IVI_BS30_A1S1_I_contrl_+-0.15mA_285mK_191103__IVB__T_1p40K[0.000115500],1,down,5023,0.9994026284348865
D4.2__Fig 2__SQUID_data__IVI_BS30_A1S1_I_contrl_+-0.15mA_285mK_191103__IVB__T_1p40K[0.000115500],2,up,2442,1.0
D4.2__Fig 2__SQUID_data__IVI_BS30_A1S1_I_contrl_+-0.15mA_285mK_191103__IVB__T_1p40K[0.000115875],0,up,2535,0.999605367008682
D4.2__Fig 2__SQUID_data__IVI_BS30_A1S1_I_contrl_+-0.15mA_285mK_191103__IVB__T_1p40K[0.000115875],1,down,5022,0.9994025094602669
D4.2__Fig 2__SQUID_data__IVI_BS30_A1S1_I_contrl_+-0.15mA_285mK_191103__IVB__T_1p40K[0.000115875],2,up,2443,1.0
D4.2__Fig 2__SQUID_data__IVI_BS30_A1S1_I_contrl_+-0.15mA_285mK_191103__IVB__T_1p40K[0.000116250],0,up,2536,0.9988165680473373
D4.2__Fig 2__SQUID_data__IVI_BS30_A1S1_I_contrl_+-0.15mA_285mK_191103__IVB__T_1p40K[0.000116250],1,down,5021,0.999601593625498
D4.2__Fig 2__SQUID_data__IVI_BS30_A1S1_I_contrl_+-0.15mA_285mK_191103__IVB__T_1p40K[0.000116250],2,up,2443,1.0
D4.2__Fig 2__SQUID_data__IVI_BS30_A1S1_I_contrl_+-0.15mA_285mK_191103__IVB__T_1p40K[0.000116625],0,up,2534,0.9992104224240032
D4.2__Fig 2__SQUID_data__IVI_BS30_A1S1_I_contrl_+-0.15mA_285mK_191103__IVB__T_1p40K[0.000116625],1,down,5024,0.9996018315747561
D4.2__Fig 2__SQUID_data__IVI_BS30_A1S1_I_contrl_+-0.15mA_285mK_191103__IVB__T_1p40K[0.000116625],2,up,2442,1.0
D4.2__Fig 2__SQUID_data__IVI_BS30_A1S1_I_contrl_+-0.15mA_285mK_191103__IVB__T_1p40K[0.000117000],0,up,2535,0.9992107340173638
D4.2__Fig 2__SQUID_data__IVI_BS30_A1S1_I_contrl_+-0.15mA_285mK_191103__IVB__T_1p40K[0.000117000],1,down,5022,0.9996016729735112
D4.2__Fig 2__SQUID_data__IVI_BS30_A1S1_I_contrl_+-0.15mA_285mK_191103__IVB__T_1p40K[0.000117000],2,up,2443,1.0
D4.2__Fig 2__SQUID_data__IVI_BS30_A1S1_I_contrl_+-0.15mA_285mK_191103__IVB__T_1p40K[0.000117375],0,up,2535,0.9988161010260458
D4.2__Fig 2__SQUID_data__IVI_BS30_A1S1_I_contrl_+-0.15mA_285mK_191103__IVB__T_1p40K[0.000117375],1,down,5024,0.9988054947242684
D4.2__Fig 2__SQUID_data__IVI_BS30_A1S1_I_contrl_+-0.15mA_285mK_191103__IVB__T_1p40K[0.000117375],2,up,2441,1.0
D4.2__Fig 2__SQUID_data__IVI_BS30_A1S1_I_contrl_+-0.15mA_285mK_191103__IVB__T_1p40K[0.000117750],0,up,2535,0.999605367008682
D4.2__Fig 2__SQUID_data__IVI_BS30_A1S1_I_contrl_+-0.15mA_285mK_191103__IVB__T_1p40K[0.000117750],1,down,5023,0.9994026284348865
D4.2__Fig 2__SQUID_data__IVI_BS30_A1S1_I_contrl_+-0.15mA_285mK_191103__IVB__T_1p40K[0.000117750],2,up,2442,1.0
D4.2__Fig 2__SQUID_data__IVI_BS30_A1S1_I_contrl_+-0.15mA_285mK_191103__IVB__T_1p40K[0.000118125],0,up,2535,0.9992107340173638
D4.2__Fig 2__SQUID_data__IVI_BS30_A1S1_I_contrl_+-0.15mA_285mK_191103__IVB__T_1p40K[0.000118125],1,down,5022,0.9996016729735112
D4.2__Fig 2__SQUID_data__IVI_BS30_A1S1_I_contrl_+-0.15mA_285mK_191103__IVB__T_1p40K[0.000118125],2,up,2443,1.0
D4.2__Fig 2__SQUID_data__IVI_BS30_A1S1_I_contrl_+-0.15mA_285mK_191103__IVB__T_1p40K[0.000118500],0,up,2535,0.9988161010260458
D4.2__Fig 2__SQUID_data__IVI_BS30_A1S1_I_contrl_+-0.15mA_285mK_191103__IVB__T_1p40K[0.000118500],1,down,5023,0.9994026284348865
D4.2__Fig 2__SQUID_data__IVI_BS30_A1S1_I_contrl_+-0.15mA_285mK_191103__IVB__T_1p40K[0.000118500],2,up,2442,1.0
D4.2__Fig 2__SQUID_data__IVI_BS30_A1S1_I_contrl_+-0.15mA_285mK_191103__IVB__T_1p40K[0.000118875],0,up,2535,0.9988161010260458
D4.2__Fig 2__SQUID_data__IVI_BS30_A1S1_I_contrl_+-0.15mA_285mK_191103__IVB__T_1p40K[0.000118875],1,down,5022,0.9994025094602669
D4.2__Fig 2__SQUID_data__IVI_BS30_A1S1_I_contrl_+-0.15mA_285mK_191103__IVB__T_1p40K[0.000118875],2,up,2443,1.0
D4.2__Fig 2__SQUID_data__IVI_BS30_A1S1_I_contrl_+-0.15mA_285mK_191103__IVB__T_1p40K[0.000119250],0,up,2535,0.9988161010260458
D4.2__Fig 2__SQUID_data__IVI_BS30_A1S1_I_contrl_+-0.15mA_285mK_191103__IVB__T_1p40K[0.000119250],1,down,5023,0.9994026284348865
D4.2__Fig 2__SQUID_data__IVI_BS30_A1S1_I_contrl_+-0.15mA_285mK_191103__IVB__T_1p40K[0.000119250],2,up,2442,1.0
D4.2__Fig 2__SQUID_data__IVI_BS30_A1S1_I_contrl_+-0.15mA_285mK_191103__IVB__T_1p40K[0.000119625],0,up,2535,0.9992107340173638
D4.2__Fig 2__SQUID_data__IVI_BS30_A1S1_I_contrl_+-0.15mA_285mK_191103__IVB__T_1p40K[0.000119625],1,down,5023,0.9994026284348865
D4.2__Fig 2__SQUID_data__IVI_BS30_A1S1_I_contrl_+-0.15mA_285mK_191103__IVB__T_1p40K[0.000119625],2,up,2442,1.0
D4.2__Fig 2__SQUID_data__IVI_BS30_A1S1_I_contrl_+-0.15mA_285mK_191103__IVB__T_1p40K[0.000120000],0,up,2535,0.9984214680347278
D4.2__Fig 2__SQUID_data__IVI_BS30_A1S1_I_contrl_+-0.15mA_285mK_191103__IVB__T_1p40K[0.000120000],1,down,5023,0.9996017522899243
D4.2__Fig 2__SQUID_data__IVI_BS30_A1S1_I_contrl_+-0.15mA_285mK_191103__IVB__T_1p40K[0.000120000],2,up,2442,1.0
D4.2__Fig 2__SQUID_data__IVI_BS30_A1S1_I_contrl_+-0.15mA_285mK_191103__IVB__T_1p40K[0.000120375],0,up,2536,0.9988165680473373
D4.2__Fig 2__SQUID_data__IVI_BS30_A1S1_I_contrl_+-0.15mA_285mK_191103__IVB__T_1p40K[0.000120375],1,down,5022,0.9996016729735112
D4.2__Fig 2__SQUID_data__IVI_BS30_A1S1_I_contrl_+-0.15mA_285mK_191103__IVB__T_1p40K[0.000120375],2,up,2442,1.0
D4.2__Fig 2__SQUID_data__IVI_BS30_A1S1_I_contrl_+-0.15mA_285mK_191103__IVB__T_1p40K[0.000120750],0,up,2535,0.9988161010260458
D4.2__Fig 2__SQUID_data__IVI_BS30_A1S1_I_contrl_+-0.15mA_285mK_191103__IVB__T_1p40K[0.000120750],1,down,5023,0.9994026284348865
D4.2__Fig 2__SQUID_data__IVI_BS30_A1S1_I_contrl_+-0.15mA_285mK_191103__IVB__T_1p40K[0.000120750],2,up,2442,1.0
D4.2__Fig 2__SQUID_data__IVI_BS30_A1S1_I_contrl_+-0.15mA_285mK_191103__IVB__T_1p40K[0.000121125],0,up,2535,0.9988161010260458
D4.2__Fig 2__SQUID_data__IVI_BS30_A1S1_I_contrl_+-0.15mA_285mK_191103__IVB__T_1p40K[0.000121125],1,down,5023,0.9996017522899243
D4.2__Fig 2__SQUID_data__IVI_BS30_A1S1_I_contrl_+-0.15mA_285mK_191103__IVB__T_1p40K[0.000121125],2,up,2442,1.0
D4.2__Fig 2__SQUID_data__IVI_BS30_A1S1_I_contrl_+-0.15mA_285mK_191103__IVB__T_1p40K[0.000121500],0,up,2535,0.9992107340173638
D4.2__Fig 2__SQUID_data__IVI_BS30_A1S1_I_contrl_+-0.15mA_285mK_191103__IVB__T_1p40K[0.000121500],1,down,5023,0.9998008761449622
D4.2__Fig 2__SQUID_data__IVI_BS30_A1S1_I_contrl_+-0.15mA_285mK_191103__IVB__T_1p40K[0.000121500],2,up,2442,1.0
D4.2__Fig 2__SQUID_data__IVI_BS30_A1S1_I_contrl_+-0.15mA_285mK_191103__IVB__T_1p40K[0.000121875],0,up,2535,0.9992107340173638
D4.2__Fig 2__SQUID_data__IVI_BS30_A1S1_I_contrl_+-0.15mA_285mK_191103__IVB__T_1p40K[0.000121875],1,down,5022,0.9996016729735112
D4.2__Fig 2__SQUID_data__IVI_BS30_A1S1_I_contrl_+-0.15mA_285mK_191103__IVB__T_1p40K[0.000121875],2,up,2443,1.0
D4.2__Fig 2__SQUID_data__IVI_BS30_A1S1_I_contrl_+-0.15mA_285mK_191103__IVB__T_1p40K[0.000122250],0,up,2534,0.9988156336360048
D4.2__Fig 2__SQUID_data__IVI_BS30_A1S1_I_contrl_+-0.15mA_285mK_191103__IVB__T_1p40K[0.000122250],1,down,5023,0.9994026284348865
D4.2__Fig 2__SQUID_data__IVI_BS30_A1S1_I_contrl_+-0.15mA_285mK_191103__IVB__T_1p40K[0.000122250],2,up,2443,1.0
D4.2__Fig 2__SQUID_data__IVI_BS30_A1S1_I_contrl_+-0.15mA_285mK_191103__IVB__T_1p40K[0.000122625],0,up,2535,0.9984214680347278
D4.2__Fig 2__SQUID_data__IVI_BS30_A1S1_I_contrl_+-0.15mA_285mK_191103__IVB__T_1p40K[0.000122625],1,down,5022,0.9994025094602669
D4.2__Fig 2__SQUID_data__IVI_BS30_A1S1_I_contrl_+-0.15mA_285mK_191103__IVB__T_1p40K[0.000122625],2,up,2443,1.0
D4.2__Fig 2__SQUID_data__IVI_BS30_A1S1_I_contrl_+-0.15mA_285mK_191103__IVB__T_1p40K[0.000123000],0,up,2535,0.9988161010260458
D4.2__Fig 2__SQUID_data__IVI_BS30_A1S1_I_contrl_+-0.15mA_285mK_191103__IVB__T_1p40K[0.000123000],1,down,5023,0.9994026284348865
D4.2__Fig 2__SQUID_data__IVI_BS30_A1S1_I_contrl_+-0.15mA_285mK_191103__IVB__T_1p40K[0.000123000],2,up,2442,1.0
D4.2__Fig 2__SQUID_data__IVI_BS30_A1S1_I_contrl_+-0.15mA_285mK_191103__IVB__T_1p40K[0.000123375],0,up,2536,0.9992110453648915
D4.2__Fig 2__SQUID_data__IVI_BS30_A1S1_I_contrl_+-0.15mA_285mK_191103__IVB__T_1p40K[0.000123375],1,down,5022,0.9994025094602669
D4.2__Fig 2__SQUID_data__IVI_BS30_A1S1_I_contrl_+-0.15mA_285mK_191103__IVB__T_1p40K[0.000123375],2,up,2442,1.0
D4.2__Fig 2__SQUID_data__IVI_BS30_A1S1_I_contrl_+-0.15mA_285mK_191103__IVB__T_1p40K[0.000123750],0,up,2536,0.998422090729783
D4.2__Fig 2__SQUID_data__IVI_BS30_A1S1_I_contrl_+-0.15mA_285mK_191103__IVB__T_1p40K[0.000123750],1,down,5022,0.9994025094602669
D4.2__Fig 2__SQUID_data__IVI_BS30_A1S1_I_contrl_+-0.15mA_285mK_191103__IVB__T_1p40K[0.000123750],2,up,2442,1.0
D4.2__Fig 2__SQUID_data__IVI_BS30_A1S1_I_contrl_+-0.15mA_285mK_191103__IVB__T_1p40K[0.000124125],0,up,2534,0.9996052112120016
D4.2__Fig 2__SQUID_data__IVI_BS30_A1S1_I_contrl_+-0.15mA_285mK_191103__IVB__T_1p40K[0.000124125],1,down,5023,1.0
D4.2__Fig 2__SQUID_data__IVI_BS30_A1S1_I_contrl_+-0.15mA_285mK_191103__IVB__T_1p40K[0.000124125],2,up,2443,1.0
D4.2__Fig 2__SQUID_data__IVI_BS30_A1S1_I_contrl_+-0.15mA_285mK_191103__IVB__T_1p40K[0.000124500],0,up,2534,0.9988156336360048
D4.2__Fig 2__SQUID_data__IVI_BS30_A1S1_I_contrl_+-0.15mA_285mK_191103__IVB__T_1p40K[0.000124500],1,down,5024,0.9994027473621342
D4.2__Fig 2__SQUID_data__IVI_BS30_A1S1_I_contrl_+-0.15mA_285mK_191103__IVB__T_1p40K[0.000124500],2,up,2442,1.0
D4.2__Fig 2__SQUID_data__IVI_BS30_A1S1_I_contrl_+-0.15mA_285mK_191103__IVB__T_1p40K[0.000124875],0,up,2535,0.9988161010260458
D4.2__Fig 2__SQUID_data__IVI_BS30_A1S1_I_contrl_+-0.15mA_285mK_191103__IVB__T_1p40K[0.000124875],1,down,5023,0.9994026284348865
D4.2__Fig 2__SQUID_data__IVI_BS30_A1S1_I_contrl_+-0.15mA_285mK_191103__IVB__T_1p40K[0.000124875],2,up,2442,1.0
D4.2__Fig 2__SQUID_data__IVI_BS30_A1S1_I_contrl_+-0.15mA_285mK_191103__IVB__T_1p40K[0.000125250],0,up,2534,0.9988156336360048
D4.2__Fig 2__SQUID_data__IVI_BS30_A1S1_I_contrl_+-0.15mA_285mK_191103__IVB__T_1p40K[0.000125250],1,down,5023,0.9996017522899243
D4.2__Fig 2__SQUID_data__IVI_BS30_A1S1_I_contrl_+-0.15mA_285mK_191103__IVB__T_1p40K[0.000125250],2,up,2443,1.0
D4.2__Fig 2__SQUID_data__IVI_BS30_A1S1_I_contrl_+-0.15mA_285mK_191103__IVB__T_1p40K[0.000125625],0,up,2536,0.9992110453648915
D4.2__Fig 2__SQUID_data__IVI_BS30_A1S1_I_contrl_+-0.15mA_285mK_191103__IVB__T_1p40K[0.000125625],1,down,5022,0.9994025094602669
D4.2__Fig 2__SQUID_data__IVI_BS30_A1S1_I_contrl_+-0.15mA_285mK_191103__IVB__T_1p40K[0.000125625],2,up,2442,1.0
D4.2__Fig 2__SQUID_data__IVI_BS30_A1S1_I_contrl_+-0.15mA_285mK_191103__IVB__T_1p40K[0.000126000],0,up,2535,0.9988161010260458
D4.2__Fig 2__SQUID_data__IVI_BS30_A1S1_I_contrl_+-0.15mA_285mK_191103__IVB__T_1p40K[0.000126000],1,down,5024,0.9992036631495123
D4.2__Fig 2__SQUID_data__IVI_BS30_A1S1_I_contrl_+-0.15mA_285mK_191103__IVB__T_1p40K[0.000126000],2,up,2441,1.0
D4.2__Fig 2__SQUID_data__IVI_BS30_A1S1_I_contrl_+-0.15mA_285mK_191103__IVB__T_1p40K[0.000126375],0,up,2534,0.9992104224240032
D4.2__Fig 2__SQUID_data__IVI_BS30_A1S1_I_contrl_+-0.15mA_285mK_191103__IVB__T_1p40K[0.000126375],1,down,5023,0.9996017522899243
D4.2__Fig 2__SQUID_data__IVI_BS30_A1S1_I_contrl_+-0.15mA_285mK_191103__IVB__T_1p40K[0.000126375],2,up,2443,1.0
D4.2__Fig 2__SQUID_data__IVI_BS30_A1S1_I_contrl_+-0.15mA_285mK_191103__IVB__T_1p40K[0.000126750],0,up,2535,0.9988161010260458
D4.2__Fig 2__SQUID_data__IVI_BS30_A1S1_I_contrl_+-0.15mA_285mK_191103__IVB__T_1p40K[0.000126750],1,down,5023,0.9996017522899243
D4.2__Fig 2__SQUID_data__IVI_BS30_A1S1_I_contrl_+-0.15mA_285mK_191103__IVB__T_1p40K[0.000126750],2,up,2442,1.0
D4.2__Fig 2__SQUID_data__IVI_BS30_A1S1_I_contrl_+-0.15mA_285mK_191103__IVB__T_1p40K[0.000127125],0,up,2535,0.9984214680347278
D4.2__Fig 2__SQUID_data__IVI_BS30_A1S1_I_contrl_+-0.15mA_285mK_191103__IVB__T_1p40K[0.000127125],1,down,5022,0.9996016729735112
D4.2__Fig 2__SQUID_data__IVI_BS30_A1S1_I_contrl_+-0.15mA_285mK_191103__IVB__T_1p40K[0.000127125],2,up,2443,1.0
D4.2__Fig 2__SQUID_data__IVI_BS30_A1S1_I_contrl_+-0.15mA_285mK_191103__IVB__T_1p40K[0.000127500],0,up,2535,0.9988161010260458
D4.2__Fig 2__SQUID_data__IVI_BS30_A1S1_I_contrl_+-0.15mA_285mK_191103__IVB__T_1p40K[0.000127500],1,down,5023,0.9992035045798486
D4.2__Fig 2__SQUID_data__IVI_BS30_A1S1_I_contrl_+-0.15mA_285mK_191103__IVB__T_1p40K[0.000127500],2,up,2442,1.0
D4.2__Fig 2__SQUID_data__IVI_BS30_A1S1_I_contrl_+-0.15mA_285mK_191103__IVB__T_1p40K[0.000127875],0,up,2535,0.9992107340173638
D4.2__Fig 2__SQUID_data__IVI_BS30_A1S1_I_contrl_+-0.15mA_285mK_191103__IVB__T_1p40K[0.000127875],1,down,5022,0.9996016729735112
D4.2__Fig 2__SQUID_data__IVI_BS30_A1S1_I_contrl_+-0.15mA_285mK_191103__IVB__T_1p40K[0.000127875],2,up,2443,1.0
D4.2__Fig 2__SQUID_data__IVI_BS30_A1S1_I_contrl_+-0.15mA_285mK_191103__IVB__T_1p40K[0.000128250],0,up,2535,0.9988161010260458
D4.2__Fig 2__SQUID_data__IVI_BS30_A1S1_I_contrl_+-0.15mA_285mK_191103__IVB__T_1p40K[0.000128250],1,down,5022,0.9996016729735112
D4.2__Fig 2__SQUID_data__IVI_BS30_A1S1_I_contrl_+-0.15mA_285mK_191103__IVB__T_1p40K[0.000128250],2,up,2443,1.0
D4.2__Fig 2__SQUID_data__IVI_BS30_A1S1_I_contrl_+-0.15mA_285mK_191103__IVB__T_1p40K[0.000128625],0,up,2535,0.9992107340173638
D4.2__Fig 2__SQUID_data__IVI_BS30_A1S1_I_contrl_+-0.15mA_285mK_191103__IVB__T_1p40K[0.000128625],1,down,5023,0.9998008761449622
D4.2__Fig 2__SQUID_data__IVI_BS30_A1S1_I_contrl_+-0.15mA_285mK_191103__IVB__T_1p40K[0.000128625],2,up,2442,1.0
D4.2__Fig 2__SQUID_data__IVI_BS30_A1S1_I_contrl_+-0.15mA_285mK_191103__IVB__T_1p40K[0.000129000],0,up,2534,0.9992104224240032
D4.2__Fig 2__SQUID_data__IVI_BS30_A1S1_I_contrl_+-0.15mA_285mK_191103__IVB__T_1p40K[0.000129000],1,down,5023,0.9994026284348865
D4.2__Fig 2__SQUID_data__IVI_BS30_A1S1_I_contrl_+-0.15mA_285mK_191103__IVB__T_1p40K[0.000129000],2,up,2443,0.9995904995904996
D4.2__Fig 2__SQUID_data__IVI_BS30_A1S1_I_contrl_+-0.15mA_285mK_191103__IVB__T_1p40K[0.000129375],0,up,2535,0.9992107340173638
D4.2__Fig 2__SQUID_data__IVI_BS30_A1S1_I_contrl_+-0.15mA_285mK_191103__IVB__T_1p40K[0.000129375],1,down,5022,0.9996016729735112
D4.2__Fig 2__SQUID_data__IVI_BS30_A1S1_I_contrl_+-0.15mA_285mK_191103__IVB__T_1p40K[0.000129375],2,up,2443,1.0
D4.2__Fig 2__SQUID_data__IVI_BS30_A1S1_I_contrl_+-0.15mA_285mK_191103__IVB__T_1p40K[0.000129750],0,up,2534,0.9988156336360048
D4.2__Fig 2__SQUID_data__IVI_BS30_A1S1_I_contrl_+-0.15mA_285mK_191103__IVB__T_1p40K[0.000129750],1,down,5025,0.9998009554140127
D4.2__Fig 2__SQUID_data__IVI_BS30_A1S1_I_contrl_+-0.15mA_285mK_191103__IVB__T_1p40K[0.000129750],2,up,2441,1.0
D4.2__Fig 2__SQUID_data__IVI_BS30_A1S1_I_contrl_+-0.15mA_285mK_191103__IVB__T_1p40K[0.000130125],0,up,2535,0.9988161010260458
D4.2__Fig 2__SQUID_data__IVI_BS30_A1S1_I_contrl_+-0.15mA_285mK_191103__IVB__T_1p40K[0.000130125],1,down,5022,0.9996016729735112
D4.2__Fig 2__SQUID_data__IVI_BS30_A1S1_I_contrl_+-0.15mA_285mK_191103__IVB__T_1p40K[0.000130125],2,up,2443,0.9995904995904996
D4.2__Fig 2__SQUID_data__IVI_BS30_A1S1_I_contrl_+-0.15mA_285mK_191103__IVB__T_1p40K[0.000130500],0,up,2534,0.9992104224240032
D4.2__Fig 2__SQUID_data__IVI_BS30_A1S1_I_contrl_+-0.15mA_285mK_191103__IVB__T_1p40K[0.000130500],1,down,5024,0.9996018315747561
D4.2__Fig 2__SQUID_data__IVI_BS30_A1S1_I_contrl_+-0.15mA_285mK_191103__IVB__T_1p40K[0.000130500],2,up,2442,1.0
D4.2__Fig 2__SQUID_data__IVI_BS30_A1S1_I_contrl_+-0.15mA_285mK_191103__IVB__T_1p40K[0.000130875],0,up,2534,0.9992104224240032
D4.2__Fig 2__SQUID_data__IVI_BS30_A1S1_I_contrl_+-0.15mA_285mK_191103__IVB__T_1p40K[0.000130875],1,down,5024,0.9996018315747561
D4.2__Fig 2__SQUID_data__IVI_BS30_A1S1_I_contrl_+-0.15mA_285mK_191103__IVB__T_1p40K[0.000130875],2,up,2442,1.0
D4.2__Fig 2__SQUID_data__IVI_BS30_A1S1_I_contrl_+-0.15mA_285mK_191103__IVB__T_1p40K[0.000131250],0,up,2535,0.999605367008682
D4.2__Fig 2__SQUID_data__IVI_BS30_A1S1_I_contrl_+-0.15mA_285mK_191103__IVB__T_1p40K[0.000131250],1,down,5023,0.9994026284348865
D4.2__Fig 2__SQUID_data__IVI_BS30_A1S1_I_contrl_+-0.15mA_285mK_191103__IVB__T_1p40K[0.000131250],2,up,2442,1.0
D4.2__Fig 2__SQUID_data__IVI_BS30_A1S1_I_contrl_+-0.15mA_285mK_191103__IVB__T_1p40K[0.000131625],0,up,2535,0.9988161010260458
D4.2__Fig 2__SQUID_data__IVI_BS30_A1S1_I_contrl_+-0.15mA_285mK_191103__IVB__T_1p40K[0.000131625],1,down,5022,0.9996016729735112
D4.2__Fig 2__SQUID_data__IVI_BS30_A1S1_I_contrl_+-0.15mA_285mK_191103__IVB__T_1p40K[0.000131625],2,up,2443,1.0
D4.2__Fig 2__SQUID_data__IVI_BS30_A1S1_I_contrl_+-0.15mA_285mK_191103__IVB__T_1p40K[0.000132000],0,up,2535,0.9992107340173638
D4.2__Fig 2__SQUID_data__IVI_BS30_A1S1_I_contrl_+-0.15mA_285mK_191103__IVB__T_1p40K[0.000132000],1,down,5022,0.9996016729735112
D4.2__Fig 2__SQUID_data__IVI_BS30_A1S1_I_contrl_+-0.15mA_285mK_191103__IVB__T_1p40K[0.000132000],2,up,2443,1.0
D4.2__Fig 2__SQUID_data__IVI_BS30_A1S1_I_contrl_+-0.15mA_285mK_191103__IVB__T_1p40K[0.000132375],0,up,2535,0.9992107340173638
D4.2__Fig 2__SQUID_data__IVI_BS30_A1S1_I_contrl_+-0.15mA_285mK_191103__IVB__T_1p40K[0.000132375],1,down,5024,0.9994027473621342
D4.2__Fig 2__SQUID_data__IVI_BS30_A1S1_I_contrl_+-0.15mA_285mK_191103__IVB__T_1p40K[0.000132375],2,up,2441,1.0
D4.2__Fig 2__SQUID_data__IVI_BS30_A1S1_I_contrl_+-0.15mA_285mK_191103__IVB__T_1p40K[0.000132750],0,up,2535,0.9992107340173638
D4.2__Fig 2__SQUID_data__IVI_BS30_A1S1_I_contrl_+-0.15mA_285mK_191103__IVB__T_1p40K[0.000132750],1,down,5023,0.9994026284348865
D4.2__Fig 2__SQUID_data__IVI_BS30_A1S1_I_contrl_+-0.15mA_285mK_191103__IVB__T_1p40K[0.000132750],2,up,2442,1.0
D4.2__Fig 2__SQUID_data__IVI_BS30_A1S1_I_contrl_+-0.15mA_285mK_191103__IVB__T_1p40K[0.000133125],0,up,2534,0.9992104224240032
D4.2__Fig 2__SQUID_data__IVI_BS30_A1S1_I_contrl_+-0.15mA_285mK_191103__IVB__T_1p40K[0.000133125],1,down,5024,0.9994027473621342
D4.2__Fig 2__SQUID_data__IVI_BS30_A1S1_I_contrl_+-0.15mA_285mK_191103__IVB__T_1p40K[0.000133125],2,up,2442,1.0
D4.2__Fig 2__SQUID_data__IVI_BS30_A1S1_I_contrl_+-0.15mA_285mK_191103__IVB__T_1p40K[0.000133500],0,up,2535,0.9988161010260458
D4.2__Fig 2__SQUID_data__IVI_BS30_A1S1_I_contrl_+-0.15mA_285mK_191103__IVB__T_1p40K[0.000133500],1,down,5023,0.9996017522899243
D4.2__Fig 2__SQUID_data__IVI_BS30_A1S1_I_contrl_+-0.15mA_285mK_191103__IVB__T_1p40K[0.000133500],2,up,2442,1.0
D4.2__Fig 2__SQUID_data__IVI_BS30_A1S1_I_contrl_+-0.15mA_285mK_191103__IVB__T_1p40K[0.000133875],0,up,2534,0.9992104224240032
D4.2__Fig 2__SQUID_data__IVI_BS30_A1S1_I_contrl_+-0.15mA_285mK_191103__IVB__T_1p40K[0.000133875],1,down,5023,0.9996017522899243
D4.2__Fig 2__SQUID_data__IVI_BS30_A1S1_I_contrl_+-0.15mA_285mK_191103__IVB__T_1p40K[0.000133875],2,up,2443,1.0
D4.2__Fig 2__SQUID_data__IVI_BS30_A1S1_I_contrl_+-0.15mA_285mK_191103__IVB__T_1p40K[0.000134250],0,up,2535,0.9992107340173638
D4.2__Fig 2__SQUID_data__IVI_BS30_A1S1_I_contrl_+-0.15mA_285mK_191103__IVB__T_1p40K[0.000134250],1,down,5023,0.9996017522899243
D4.2__Fig 2__SQUID_data__IVI_BS30_A1S1_I_contrl_+-0.15mA_285mK_191103__IVB__T_1p40K[0.000134250],2,up,2442,1.0
D4.2__Fig 2__SQUID_data__IVI_BS30_A1S1_I_contrl_+-0.15mA_285mK_191103__IVB__T_1p40K[0.000134625],0,up,2535,0.999605367008682
D4.2__Fig 2__SQUID_data__IVI_BS30_A1S1_I_contrl_+-0.15mA_285mK_191103__IVB__T_1p40K[0.000134625],1,down,5022,0.9996016729735112
D4.2__Fig 2__SQUID_data__IVI_BS30_A1S1_I_contrl_+-0.15mA_285mK_191103__IVB__T_1p40K[0.000134625],2,up,2443,0.9995904995904996
D4.2__Fig 2__SQUID_data__IVI_BS30_A1S1_I_contrl_+-0.15mA_285mK_191103__IVB__T_1p40K[0.000135000],0,up,2534,0.9992104224240032
D4.2__Fig 2__SQUID_data__IVI_BS30_A1S1_I_contrl_+-0.15mA_285mK_191103__IVB__T_1p40K[0.000135000],1,down,5024,0.9996018315747561
D4.2__Fig 2__SQUID_data__IVI_BS30_A1S1_I_contrl_+-0.15mA_285mK_191103__IVB__T_1p40K[0.000135000],2,up,2442,1.0
D4.2__Fig 2__SQUID_data__IVI_BS30_A1S1_I_contrl_+-0.15mA_285mK_191103__IVB__T_1p40K[0.000135375],0,up,2535,0.9984214680347278
D4.2__Fig 2__SQUID_data__IVI_BS30_A1S1_I_contrl_+-0.15mA_285mK_191103__IVB__T_1p40K[0.000135375],1,down,5022,0.9996016729735112
D4.2__Fig 2__SQUID_data__IVI_BS30_A1S1_I_contrl_+-0.15mA_285mK_191103__IVB__T_1p40K[0.000135375],2,up,2443,1.0
D4.2__Fig 2__SQUID_data__IVI_BS30_A1S1_I_contrl_+-0.15mA_285mK_191103__IVB__T_1p40K[0.000135750],0,up,2535,0.9992107340173638
D4.2__Fig 2__SQUID_data__IVI_BS30_A1S1_I_contrl_+-0.15mA_285mK_191103__IVB__T_1p40K[0.000135750],1,down,5023,0.9994026284348865
D4.2__Fig 2__SQUID_data__IVI_BS30_A1S1_I_contrl_+-0.15mA_285mK_191103__IVB__T_1p40K[0.000135750],2,up,2442,1.0
D4.2__Fig 2__SQUID_data__IVI_BS30_A1S1_I_contrl_+-0.15mA_285mK_191103__IVB__T_1p40K[0.000136125],0,up,2535,0.9992107340173638
D4.2__Fig 2__SQUID_data__IVI_BS30_A1S1_I_contrl_+-0.15mA_285mK_191103__IVB__T_1p40K[0.000136125],1,down,5022,0.9996016729735112
D4.2__Fig 2__SQUID_data__IVI_BS30_A1S1_I_contrl_+-0.15mA_285mK_191103__IVB__T_1p40K[0.000136125],2,up,2443,1.0
D4.2__Fig 2__SQUID_data__IVI_BS30_A1S1_I_contrl_+-0.15mA_285mK_191103__IVB__T_1p40K[0.000136500],0,up,2535,0.9988161010260458
D4.2__Fig 2__SQUID_data__IVI_BS30_A1S1_I_contrl_+-0.15mA_285mK_191103__IVB__T_1p40K[0.000136500],1,down,5023,0.9994026284348865
D4.2__Fig 2__SQUID_data__IVI_BS30_A1S1_I_contrl_+-0.15mA_285mK_191103__IVB__T_1p40K[0.000136500],2,up,2442,0.9995903318312167
D4.2__Fig 2__SQUID_data__IVI_BS30_A1S1_I_contrl_+-0.15mA_285mK_191103__IVB__T_1p40K[0.000136875],0,up,2534,0.9996052112120016
D4.2__Fig 2__SQUID_data__IVI_BS30_A1S1_I_contrl_+-0.15mA_285mK_191103__IVB__T_1p40K[0.000136875],1,down,5024,0.9994027473621342
D4.2__Fig 2__SQUID_data__IVI_BS30_A1S1_I_contrl_+-0.15mA_285mK_191103__IVB__T_1p40K[0.000136875],2,up,2442,1.0
D4.2__Fig 2__SQUID_data__IVI_BS30_A1S1_I_contrl_+-0.15mA_285mK_191103__IVB__T_1p40K[0.000137250],0,up,2534,0.9992104224240032
D4.2__Fig 2__SQUID_data__IVI_BS30_A1S1_I_contrl_+-0.15mA_285mK_191103__IVB__T_1p40K[0.000137250],1,down,5024,0.9998009157873781
D4.2__Fig 2__SQUID_data__IVI_BS30_A1S1_I_contrl_+-0.15mA_285mK_191103__IVB__T_1p40K[0.000137250],2,up,2442,1.0
D4.2__Fig 2__SQUID_data__IVI_BS30_A1S1_I_contrl_+-0.15mA_285mK_191103__IVB__T_1p40K[0.000137625],0,up,2535,0.999605367008682
D4.2__Fig 2__SQUID_data__IVI_BS30_A1S1_I_contrl_+-0.15mA_285mK_191103__IVB__T_1p40K[0.000137625],1,down,5023,0.9996017522899243
D4.2__Fig 2__SQUID_data__IVI_BS30_A1S1_I_contrl_+-0.15mA_285mK_191103__IVB__T_1p40K[0.000137625],2,up,2442,1.0
D4.2__Fig 2__SQUID_data__IVI_BS30_A1S1_I_contrl_+-0.15mA_285mK_191103__IVB__T_1p40K[0.000138000],0,up,2535,0.9984214680347278
D4.2__Fig 2__SQUID_data__IVI_BS30_A1S1_I_contrl_+-0.15mA_285mK_191103__IVB__T_1p40K[0.000138000],1,down,5023,0.9996017522899243
D4.2__Fig 2__SQUID_data__IVI_BS30_A1S1_I_contrl_+-0.15mA_285mK_191103__IVB__T_1p40K[0.000138000],2,up,2442,0.9995903318312167
D4.2__Fig 2__SQUID_data__IVI_BS30_A1S1_I_contrl_+-0.15mA_285mK_191103__IVB__T_1p40K[0.000138375],0,up,2535,0.9988161010260458
D4.2__Fig 2__SQUID_data__IVI_BS30_A1S1_I_contrl_+-0.15mA_285mK_191103__IVB__T_1p40K[0.000138375],1,down,5023,0.9994026284348865
D4.2__Fig 2__SQUID_data__IVI_BS30_A1S1_I_contrl_+-0.15mA_285mK_191103__IVB__T_1p40K[0.000138375],2,up,2442,0.9995903318312167
D4.2__Fig 2__SQUID_data__IVI_BS30_A1S1_I_contrl_+-0.15mA_285mK_191103__IVB__T_1p40K[0.000138750],0,up,2535,0.9992107340173638
D4.2__Fig 2__SQUID_data__IVI_BS30_A1S1_I_contrl_+-0.15mA_285mK_191103__IVB__T_1p40K[0.000138750],1,down,5022,0.9998008364867557
D4.2__Fig 2__SQUID_data__IVI_BS30_A1S1_I_contrl_+-0.15mA_285mK_191103__IVB__T_1p40K[0.000138750],2,up,2443,1.0
D4.2__Fig 2__SQUID_data__IVI_BS30_A1S1_I_contrl_+-0.15mA_285mK_191103__IVB__T_1p40K[0.000139125],0,up,2534,0.9996052112120016
D4.2__Fig 2__SQUID_data__IVI_BS30_A1S1_I_contrl_+-0.15mA_285mK_191103__IVB__T_1p40K[0.000139125],1,down,5025,0.9992038216560509
D4.2__Fig 2__SQUID_data__IVI_BS30_A1S1_I_contrl_+-0.15mA_285mK_191103__IVB__T_1p40K[0.000139125],2,up,2441,1.0
D4.2__Fig 2__SQUID_data__IVI_BS30_A1S1_I_contrl_+-0.15mA_285mK_191103__IVB__T_1p40K[0.000139500],0,up,2536,0.9992110453648915
D4.2__Fig 2__SQUID_data__IVI_BS30_A1S1_I_contrl_+-0.15mA_285mK_191103__IVB__T_1p40K[0.000139500],1,down,5021,0.999601593625498
D4.2__Fig 2__SQUID_data__IVI_BS30_A1S1_I_contrl_+-0.15mA_285mK_191103__IVB__T_1p40K[0.000139500],2,up,2443,1.0
D4.2__Fig 2__SQUID_data__IVI_BS30_A1S1_I_contrl_+-0.15mA_285mK_191103__IVB__T_1p40K[0.000139875],0,up,2534,0.9992104224240032
D4.2__Fig 2__SQUID_data__IVI_BS30_A1S1_I_contrl_+-0.15mA_285mK_191103__IVB__T_1p40K[0.000139875],1,down,5024,0.9994027473621342
D4.2__Fig 2__SQUID_data__IVI_BS30_A1S1_I_contrl_+-0.15mA_285mK_191103__IVB__T_1p40K[0.000139875],2,up,2442,1.0
D4.2__Fig 2__SQUID_data__IVI_BS30_A1S1_I_contrl_+-0.15mA_285mK_191103__IVB__T_1p40K[0.000140250],0,up,2534,0.9996052112120016
D4.2__Fig 2__SQUID_data__IVI_BS30_A1S1_I_contrl_+-0.15mA_285mK_191103__IVB__T_1p40K[0.000140250],1,down,5024,0.9994027473621342
D4.2__Fig 2__SQUID_data__IVI_BS30_A1S1_I_contrl_+-0.15mA_285mK_191103__IVB__T_1p40K[0.000140250],2,up,2442,1.0
D4.2__Fig 2__SQUID_data__IVI_BS30_A1S1_I_contrl_+-0.15mA_285mK_191103__IVB__T_1p40K[0.000140625],0,up,2534,0.9996052112120016
D4.2__Fig 2__SQUID_data__IVI_BS30_A1S1_I_contrl_+-0.15mA_285mK_191103__IVB__T_1p40K[0.000140625],1,down,5023,0.9998008761449622
D4.2__Fig 2__SQUID_data__IVI_BS30_A1S1_I_contrl_+-0.15mA_285mK_191103__IVB__T_1p40K[0.000140625],2,up,2443,1.0
D4.2__Fig 2__SQUID_data__IVI_BS30_A1S1_I_contrl_+-0.15mA_285mK_191103__IVB__T_1p40K[0.000141000],0,up,2534,0.9992104224240032
D4.2__Fig 2__SQUID_data__IVI_BS30_A1S1_I_contrl_+-0.15mA_285mK_191103__IVB__T_1p40K[0.000141000],1,down,5024,0.9994027473621342
D4.2__Fig 2__SQUID_data__IVI_BS30_A1S1_I_contrl_+-0.15mA_285mK_191103__IVB__T_1p40K[0.000141000],2,up,2442,1.0
D4.2__Fig 2__SQUID_data__IVI_BS30_A1S1_I_contrl_+-0.15mA_285mK_191103__IVB__T_1p40K[0.000141375],0,up,2535,0.9988161010260458
D4.2__Fig 2__SQUID_data__IVI_BS30_A1S1_I_contrl_+-0.15mA_285mK_191103__IVB__T_1p40K[0.000141375],1,down,5023,0.9998008761449622
D4.2__Fig 2__SQUID_data__IVI_BS30_A1S1_I_contrl_+-0.15mA_285mK_191103__IVB__T_1p40K[0.000141375],2,up,2442,1.0
D4.2__Fig 2__SQUID_data__IVI_BS30_A1S1_I_contrl_+-0.15mA_285mK_191103__IVB__T_1p40K[0.000141750],0,up,2534,0.9992104224240032
D4.2__Fig 2__SQUID_data__IVI_BS30_A1S1_I_contrl_+-0.15mA_285mK_191103__IVB__T_1p40K[0.000141750],1,down,5022,0.9998008364867557
D4.2__Fig 2__SQUID_data__IVI_BS30_A1S1_I_contrl_+-0.15mA_285mK_191103__IVB__T_1p40K[0.000141750],2,up,2444,1.0
D4.2__Fig 2__SQUID_data__IVI_BS30_A1S1_I_contrl_+-0.15mA_285mK_191103__IVB__T_1p40K[0.000142125],0,up,2533,0.9996050552922591
D4.2__Fig 2__SQUID_data__IVI_BS30_A1S1_I_contrl_+-0.15mA_285mK_191103__IVB__T_1p40K[0.000142125],1,down,5026,0.9996019900497513
D4.2__Fig 2__SQUID_data__IVI_BS30_A1S1_I_contrl_+-0.15mA_285mK_191103__IVB__T_1p40K[0.000142125],2,up,2441,1.0
D4.2__Fig 2__SQUID_data__IVI_BS30_A1S1_I_contrl_+-0.15mA_285mK_191103__IVB__T_1p40K[0.000142500],0,up,2535,0.9988161010260458
D4.2__Fig 2__SQUID_data__IVI_BS30_A1S1_I_contrl_+-0.15mA_285mK_191103__IVB__T_1p40K[0.000142500],1,down,5023,0.9994026284348865
D4.2__Fig 2__SQUID_data__IVI_BS30_A1S1_I_contrl_+-0.15mA_285mK_191103__IVB__T_1p40K[0.000142500],2,up,2442,1.0
D4.2__Fig 2__SQUID_data__IVI_BS30_A1S1_I_contrl_+-0.15mA_285mK_191103__IVB__T_1p40K[0.000142875],0,up,2535,0.9992107340173638
D4.2__Fig 2__SQUID_data__IVI_BS30_A1S1_I_contrl_+-0.15mA_285mK_191103__IVB__T_1p40K[0.000142875],1,down,5022,0.9996016729735112
D4.2__Fig 2__SQUID_data__IVI_BS30_A1S1_I_contrl_+-0.15mA_285mK_191103__IVB__T_1p40K[0.000142875],2,up,2443,1.0
D4.2__Fig 2__SQUID_data__IVI_BS30_A1S1_I_contrl_+-0.15mA_285mK_191103__IVB__T_1p40K[0.000143250],0,up,2535,0.9988161010260458
D4.2__Fig 2__SQUID_data__IVI_BS30_A1S1_I_contrl_+-0.15mA_285mK_191103__IVB__T_1p40K[0.000143250],1,down,5023,0.9994026284348865
D4.2__Fig 2__SQUID_data__IVI_BS30_A1S1_I_contrl_+-0.15mA_285mK_191103__IVB__T_1p40K[0.000143250],2,up,2442,1.0
D4.2__Fig 2__SQUID_data__IVI_BS30_A1S1_I_contrl_+-0.15mA_285mK_191103__IVB__T_1p40K[0.000143625],0,up,2534,0.9996052112120016
D4.2__Fig 2__SQUID_data__IVI_BS30_A1S1_I_contrl_+-0.15mA_285mK_191103__IVB__T_1p40K[0.000143625],1,down,5024,0.9994027473621342
D4.2__Fig 2__SQUID_data__IVI_BS30_A1S1_I_contrl_+-0.15mA_285mK_191103__IVB__T_1p40K[0.000143625],2,up,2442,1.0
D4.2__Fig 2__SQUID_data__IVI_BS30_A1S1_I_contrl_+-0.15mA_285mK_191103__IVB__T_1p40K[0.000144000],0,up,2534,0.9992104224240032
D4.2__Fig 2__SQUID_data__IVI_BS30_A1S1_I_contrl_+-0.15mA_285mK_191103__IVB__T_1p40K[0.000144000],1,down,5024,0.9996018315747561
D4.2__Fig 2__SQUID_data__IVI_BS30_A1S1_I_contrl_+-0.15mA_285mK_191103__IVB__T_1p40K[0.000144000],2,up,2442,0.9995903318312167
D4.2__Fig 2__SQUID_data__IVI_BS30_A1S1_I_contrl_+-0.15mA_285mK_191103__IVB__T_1p40K[0.000144375],0,up,2535,0.999605367008682
D4.2__Fig 2__SQUID_data__IVI_BS30_A1S1_I_contrl_+-0.15mA_285mK_191103__IVB__T_1p40K[0.000144375],1,down,5023,0.9996017522899243
D4.2__Fig 2__SQUID_data__IVI_BS30_A1S1_I_contrl_+-0.15mA_285mK_191103__IVB__T_1p40K[0.000144375],2,up,2442,1.0
D4.2__Fig 2__SQUID_data__IVI_BS30_A1S1_I_contrl_+-0.15mA_285mK_191103__IVB__T_1p40K[0.000144750],0,up,2535,0.999605367008682
D4.2__Fig 2__SQUID_data__IVI_BS30_A1S1_I_contrl_+-0.15mA_285mK_191103__IVB__T_1p40K[0.000144750],1,down,5022,0.9996016729735112
D4.2__Fig 2__SQUID_data__IVI_BS30_A1S1_I_contrl_+-0.15mA_285mK_191103__IVB__T_1p40K[0.000144750],2,up,2443,1.0
D4.2__Fig 2__SQUID_data__IVI_BS30_A1S1_I_contrl_+-0.15mA_285mK_191103__IVB__T_1p40K[0.000145125],0,up,2535,0.9988161010260458
D4.2__Fig 2__SQUID_data__IVI_BS30_A1S1_I_contrl_+-0.15mA_285mK_191103__IVB__T_1p40K[0.000145125],1,down,5023,0.9994026284348865
D4.2__Fig 2__SQUID_data__IVI_BS30_A1S1_I_contrl_+-0.15mA_285mK_191103__IVB__T_1p40K[0.000145125],2,up,2442,1.0
D4.2__Fig 2__SQUID_data__IVI_BS30_A1S1_I_contrl_+-0.15mA_285mK_191103__IVB__T_1p40K[0.000145500],0,up,2534,0.9988156336360048
D4.2__Fig 2__SQUID_data__IVI_BS30_A1S1_I_contrl_+-0.15mA_285mK_191103__IVB__T_1p40K[0.000145500],1,down,5024,0.9992036631495123
D4.2__Fig 2__SQUID_data__IVI_BS30_A1S1_I_contrl_+-0.15mA_285mK_191103__IVB__T_1p40K[0.000145500],2,up,2442,1.0
D4.2__Fig 2__SQUID_data__IVI_BS30_A1S1_I_contrl_+-0.15mA_285mK_191103__IVB__T_1p40K[0.000145875],0,up,2535,0.9992107340173638
D4.2__Fig 2__SQUID_data__IVI_BS30_A1S1_I_contrl_+-0.15mA_285mK_191103__IVB__T_1p40K[0.000145875],1,down,5022,0.9996016729735112
D4.2__Fig 2__SQUID_data__IVI_BS30_A1S1_I_contrl_+-0.15mA_285mK_191103__IVB__T_1p40K[0.000145875],2,up,2443,1.0
D4.2__Fig 2__SQUID_data__IVI_BS30_A1S1_I_contrl_+-0.15mA_285mK_191103__IVB__T_1p40K[0.000146250],0,up,2535,0.9988161010260458
D4.2__Fig 2__SQUID_data__IVI_BS30_A1S1_I_contrl_+-0.15mA_285mK_191103__IVB__T_1p40K[0.000146250],1,down,5022,0.9996016729735112
D4.2__Fig 2__SQUID_data__IVI_BS30_A1S1_I_contrl_+-0.15mA_285mK_191103__IVB__T_1p40K[0.000146250],2,up,2443,1.0
D4.2__Fig 2__SQUID_data__IVI_BS30_A1S1_I_contrl_+-0.15mA_285mK_191103__IVB__T_1p40K[0.000146625],0,up,2536,0.998422090729783
D4.2__Fig 2__SQUID_data__IVI_BS30_A1S1_I_contrl_+-0.15mA_285mK_191103__IVB__T_1p40K[0.000146625],1,down,5022,0.9996016729735112
D4.2__Fig 2__SQUID_data__IVI_BS30_A1S1_I_contrl_+-0.15mA_285mK_191103__IVB__T_1p40K[0.000146625],2,up,2442,1.0
D4.2__Fig 2__SQUID_data__IVI_BS30_A1S1_I_contrl_+-0.15mA_285mK_191103__IVB__T_1p40K[0.000147000],0,up,2535,0.9988161010260458
D4.2__Fig 2__SQUID_data__IVI_BS30_A1S1_I_contrl_+-0.15mA_285mK_191103__IVB__T_1p40K[0.000147000],1,down,5022,0.9998008364867557
D4.2__Fig 2__SQUID_data__IVI_BS30_A1S1_I_contrl_+-0.15mA_285mK_191103__IVB__T_1p40K[0.000147000],2,up,2443,1.0
D4.2__Fig 2__SQUID_data__IVI_BS30_A1S1_I_contrl_+-0.15mA_285mK_191103__IVB__T_1p40K[0.000147375],0,up,2535,0.9984214680347278
D4.2__Fig 2__SQUID_data__IVI_BS30_A1S1_I_contrl_+-0.15mA_285mK_191103__IVB__T_1p40K[0.000147375],1,down,5022,0.9996016729735112
D4.2__Fig 2__SQUID_data__IVI_BS30_A1S1_I_contrl_+-0.15mA_285mK_191103__IVB__T_1p40K[0.000147375],2,up,2443,1.0
D4.2__Fig 2__SQUID_data__IVI_BS30_A1S1_I_contrl_+-0.15mA_285mK_191103__IVB__T_1p40K[0.000147750],0,up,2535,0.9984214680347278
D4.2__Fig 2__SQUID_data__IVI_BS30_A1S1_I_contrl_+-0.15mA_285mK_191103__IVB__T_1p40K[0.000147750],1,down,5023,0.9996017522899243
D4.2__Fig 2__SQUID_data__IVI_BS30_A1S1_I_contrl_+-0.15mA_285mK_191103__IVB__T_1p40K[0.000147750],2,up,2442,1.0
D4.2__Fig 2__SQUID_data__IVI_BS30_A1S1_I_contrl_+-0.15mA_285mK_191103__IVB__T_1p40K[0.000148125],0,up,2536,0.998422090729783
D4.2__Fig 2__SQUID_data__IVI_BS30_A1S1_I_contrl_+-0.15mA_285mK_191103__IVB__T_1p40K[0.000148125],1,down,5022,0.9996016729735112
D4.2__Fig 2__SQUID_data__IVI_BS30_A1S1_I_contrl_+-0.15mA_285mK_191103__IVB__T_1p40K[0.000148125],2,up,2442,1.0
D4.2__Fig 2__SQUID_data__IVI_BS30_A1S1_I_contrl_+-0.15mA_285mK_191103__IVB__T_1p40K[0.000148500],0,up,2535,0.9992107340173638
D4.2__Fig 2__SQUID_data__IVI_BS30_A1S1_I_contrl_+-0.15mA_285mK_191103__IVB__T_1p40K[0.000148500],1,down,5023,0.9994026284348865
D4.2__Fig 2__SQUID_data__IVI_BS30_A1S1_I_contrl_+-0.15mA_285mK_191103__IVB__T_1p40K[0.000148500],2,up,2442,1.0
D4.2__Fig 2__SQUID_data__IVI_BS30_A1S1_I_contrl_+-0.15mA_285mK_191103__IVB__T_1p40K[0.000148875],0,up,2535,0.9992107340173638
D4.2__Fig 2__SQUID_data__IVI_BS30_A1S1_I_contrl_+-0.15mA_285mK_191103__IVB__T_1p40K[0.000148875],1,down,5022,0.9998008364867557
D4.2__Fig 2__SQUID_data__IVI_BS30_A1S1_I_contrl_+-0.15mA_285mK_191103__IVB__T_1p40K[0.000148875],2,up,2443,1.0
D4.2__Fig 2__SQUID_data__IVI_BS30_A1S1_I_contrl_+-0.15mA_285mK_191103__IVB__T_1p40K[0.000149250],0,up,2535,0.9988161010260458
D4.2__Fig 2__SQUID_data__IVI_BS30_A1S1_I_contrl_+-0.15mA_285mK_191103__IVB__T_1p40K[0.000149250],1,down,5023,0.9994026284348865
D4.2__Fig 2__SQUID_data__IVI_BS30_A1S1_I_contrl_+-0.15mA_285mK_191103__IVB__T_1p40K[0.000149250],2,up,2442,0.9995903318312167
D4.2__Fig 2__SQUID_data__IVI_BS30_A1S1_I_contrl_+-0.15mA_285mK_191103__IVB__T_1p40K[0.000149625],0,up,2533,0.9992101105845181
D4.2__Fig 2__SQUID_data__IVI_BS30_A1S1_I_contrl_+-0.15mA_285mK_191103__IVB__T_1p40K[0.000149625],1,down,5025,0.9996019108280255
D4.2__Fig 2__SQUID_data__IVI_BS30_A1S1_I_contrl_+-0.15mA_285mK_191103__IVB__T_1p40K[0.000149625],2,up,2442,1.0
D4.2__Fig 2__SQUID_data__IVI_BS30_A1S1_I_contrl_+-0.15mA_285mK_191103__IVB__T_1p40K[0.000150000],0,up,2536,0.9988165680473373
D4.2__Fig 2__SQUID_data__IVI_BS30_A1S1_I_contrl_+-0.15mA_285mK_191103__IVB__T_1p40K[0.000150000],1,down,731,0.9986301369863013
D4.2__Fig 2__SQUID_data__IVI_BS30_A1S1_I_contrl_+-0.15mA_285mK_191103__IVB__T_1p40K[0.000150000],2,up,31,0.9333333333333333
D4.2__Fig 2__SQUID_data__IVI_BS30_A1S1_I_contrl_+-0.15mA_285mK_191103__IVB__T_1p40K[0.000150000],3,down,4261,0.9990610328638497
D4.2__Fig 2__SQUID_data__IVI_BS30_A1S1_I_contrl_+-0.15mA_285mK_191103__IVB__T_1p40K[0.000150000],4,up,2441,0.9995901639344262
